2025-09-11 21:07:11,835 [INFO] NorthPitMine: simulation started with dispatcher ShortestTripDispatcher
2025-09-11 21:07:11,835 [INFO] Truck: Time:<0> Truck:[OfficalTruck1] Activated at 0, Target load site is ORDER(4):NorthPitMine-LoadSite5, move distance is 2.1
2025-09-11 21:07:11,835 [INFO] Truck: Time:<0> Truck:[OfficalTruck2] Activated at 0, Target load site is ORDER(4):NorthPitMine-LoadSite5, move distance is 2.1
2025-09-11 21:07:11,835 [INFO] Truck: Time:<0> Truck:[OfficalTruck3] Activated at 0, Target load site is ORDER(4):NorthPitMine-LoadSite5, move distance is 2.1
2025-09-11 21:07:11,839 [INFO] Truck: Time:<0> Truck:[OfficalTruck4] Activated at 0, Target load site is ORDER(4):NorthPitMine-LoadSite5, move distance is 2.1
2025-09-11 21:07:11,839 [INFO] Truck: Time:<0> Truck:[OfficalTruck5] Activated at 0, Target load site is ORDER(4):NorthPitMine-LoadSite5, move distance is 2.1
2025-09-11 21:07:11,840 [INFO] Truck: Time:<0> Truck:[OfficalTruck6] Activated at 0, Target load site is ORDER(4):NorthPitMine-LoadSite5, move distance is 2.1
2025-09-11 21:07:11,840 [INFO] Truck: Time:<0> Truck:[OfficalTruck7] Activated at 0, Target load site is ORDER(2):NorthPitMine-LoadSite3, move distance is 3.14
2025-09-11 21:07:11,840 [INFO] Truck: Time:<0> Truck:[OfficalTruck8] Activated at 0, Target load site is ORDER(2):NorthPitMine-LoadSite3, move distance is 3.14
2025-09-11 21:07:11,840 [INFO] Truck: Time:<0> Truck:[OfficalTruck9] Activated at 0, Target load site is ORDER(2):NorthPitMine-LoadSite3, move distance is 3.14
2025-09-11 21:07:11,841 [INFO] Truck: Time:<0> Truck:[CLTruck1] Activated at 0, Target load site is ORDER(3):NorthPitMine-LoadSite4, move distance is 2.26
2025-09-11 21:07:11,842 [INFO] Truck: Time:<0> Truck:[CLTruck2] Activated at 0, Target load site is ORDER(3):NorthPitMine-LoadSite4, move distance is 2.26
2025-09-11 21:07:11,842 [INFO] Truck: Time:<0> Truck:[CLTruck3] Activated at 0, Target load site is ORDER(3):NorthPitMine-LoadSite4, move distance is 2.26
2025-09-11 21:07:11,842 [INFO] Truck: Time:<0> Truck:[CLTruck4] Activated at 0, Target load site is ORDER(3):NorthPitMine-LoadSite4, move distance is 2.26
2025-09-11 21:07:11,843 [INFO] Truck: Time:<0> Truck:[CLTruck5] Activated at 0, Target load site is ORDER(3):NorthPitMine-LoadSite4, move distance is 2.26
2025-09-11 21:07:11,843 [INFO] Truck: Time:<0> Truck:[CLTruck6] Activated at 0, Target load site is ORDER(3):NorthPitMine-LoadSite4, move distance is 2.26
2025-09-11 21:07:11,843 [INFO] Truck: Time:<0> Truck:[CLTruck7] Activated at 0, Target load site is ORDER(3):NorthPitMine-LoadSite4, move distance is 2.26
2025-09-11 21:07:11,843 [INFO] Truck: Time:<0> Truck:[CLTruck8] Activated at 0, Target load site is ORDER(1):NorthPitMine-LoadSite2, move distance is 4.3
2025-09-11 21:07:11,843 [INFO] Truck: Time:<0> Truck:[CLTruck9] Activated at 0, Target load site is ORDER(1):NorthPitMine-LoadSite2, move distance is 4.3
2025-09-11 21:07:11,843 [INFO] Truck: Time:<0> Truck:[CLTruck10] Activated at 0, Target load site is ORDER(1):NorthPitMine-LoadSite2, move distance is 4.3
2025-09-11 21:07:11,843 [INFO] Truck: Time:<0> Truck:[CLTruck11] Activated at 0, Target load site is ORDER(1):NorthPitMine-LoadSite2, move distance is 4.3
2025-09-11 21:07:11,843 [INFO] Truck: Time:<0> Truck:[CLTruck12] Activated at 0, Target load site is ORDER(1):NorthPitMine-LoadSite2, move distance is 4.3
2025-09-11 21:07:11,843 [INFO] Truck: Time:<0> Truck:[CLTruck13] Activated at 0, Target load site is ORDER(1):NorthPitMine-LoadSite2, move distance is 4.3
2025-09-11 21:07:11,843 [INFO] Truck: Time:<0> Truck:[CLTruck14] Activated at 0, Target load site is ORDER(1):NorthPitMine-LoadSite2, move distance is 4.3
2025-09-11 21:07:11,846 [INFO] Truck: Time:<0> Truck:[CLTruck15] Activated at 0, Target load site is ORDER(2):NorthPitMine-LoadSite3, move distance is 3.14
2025-09-11 21:07:11,846 [INFO] Truck: Time:<0> Truck:[CLTruck16] Activated at 0, Target load site is ORDER(1):NorthPitMine-LoadSite2, move distance is 4.3
2025-09-11 21:07:11,847 [INFO] Truck: Time:<0> Truck:[CLTruck17] Activated at 0, Target load site is ORDER(3):NorthPitMine-LoadSite4, move distance is 2.26
2025-09-11 21:07:11,847 [INFO] Truck: Time:<0> Truck:[CLTruck18] Activated at 0, Target load site is ORDER(4):NorthPitMine-LoadSite5, move distance is 2.1
2025-09-11 21:07:11,848 [INFO] Truck: Time:<0> Truck:[CLTruck19] Activated at 0, Target load site is ORDER(1):NorthPitMine-LoadSite2, move distance is 4.3
2025-09-11 21:07:11,849 [INFO] Truck: Time:<0> Truck:[CLTruck20] Activated at 0, Target load site is ORDER(3):NorthPitMine-LoadSite4, move distance is 2.26
2025-09-11 21:07:11,849 [INFO] Truck: Time:<0> Truck:[CLTruck21] Activated at 0, Target load site is ORDER(2):NorthPitMine-LoadSite3, move distance is 3.14
2025-09-11 21:07:11,849 [INFO] Truck: Time:<0> Truck:[CLTruck22] Activated at 0, Target load site is ORDER(4):NorthPitMine-LoadSite5, move distance is 2.1
2025-09-11 21:07:11,850 [INFO] Truck: Time:<0> Truck:[CLTruck23] Activated at 0, Target load site is ORDER(1):NorthPitMine-LoadSite2, move distance is 4.3
2025-09-11 21:07:11,850 [INFO] Truck: Time:<0> Truck:[CLTruck24] Activated at 0, Target load site is ORDER(3):NorthPitMine-LoadSite4, move distance is 2.26
2025-09-11 21:07:11,850 [INFO] Truck: Time:<0> Truck:[CLTruck25] Activated at 0, Target load site is ORDER(4):NorthPitMine-LoadSite5, move distance is 2.1
2025-09-11 21:07:11,851 [INFO] Truck: Time:<0> Truck:[CLTruck26] Activated at 0, Target load site is ORDER(2):NorthPitMine-LoadSite3, move distance is 3.14
2025-09-11 21:07:11,851 [INFO] Truck: Time:<0> Truck:[CLTruck27] Activated at 0, Target load site is ORDER(0):LoadSite1, move distance is 3.0
2025-09-11 21:07:11,851 [INFO] Truck: Time:<0> Truck:[CLTruck28] Activated at 0, Target load site is ORDER(0):LoadSite1, move distance is 3.0
2025-09-11 21:07:11,852 [INFO] Truck: Time:<0> Truck:[CLTruck29] Activated at 0, Target load site is ORDER(0):LoadSite1, move distance is 3.0
2025-09-11 21:07:11,852 [INFO] Truck: Time:<0> Truck:[XHTruck1] Activated at 0, Target load site is ORDER(4):NorthPitMine-LoadSite5, move distance is 2.1
2025-09-11 21:07:11,852 [INFO] Truck: Time:<0> Truck:[XHTruck2] Activated at 0, Target load site is ORDER(4):NorthPitMine-LoadSite5, move distance is 2.1
2025-09-11 21:07:11,853 [INFO] Truck: Time:<0> Truck:[XHTruck3] Activated at 0, Target load site is ORDER(1):NorthPitMine-LoadSite2, move distance is 4.3
2025-09-11 21:07:11,853 [INFO] Truck: Time:<0> Truck:[XHTruck4] Activated at 0, Target load site is ORDER(3):NorthPitMine-LoadSite4, move distance is 2.26
2025-09-11 21:07:11,854 [INFO] Truck: Time:<0> Truck:[XHTruck5] Activated at 0, Target load site is ORDER(2):NorthPitMine-LoadSite3, move distance is 3.14
2025-09-11 21:07:11,854 [INFO] Truck: Time:<0> Truck:[XHTruck6] Activated at 0, Target load site is ORDER(4):NorthPitMine-LoadSite5, move distance is 2.1
2025-09-11 21:07:11,854 [INFO] Truck: Time:<0> Truck:[XHTruck7] Activated at 0, Target load site is ORDER(1):NorthPitMine-LoadSite2, move distance is 4.3
2025-09-11 21:07:11,854 [INFO] Truck: Time:<0> Truck:[XHTruck8] Activated at 0, Target load site is ORDER(3):NorthPitMine-LoadSite4, move distance is 2.26
2025-09-11 21:07:11,854 [INFO] Truck: Time:<0> Truck:[XHTruck9] Activated at 0, Target load site is ORDER(2):NorthPitMine-LoadSite3, move distance is 3.14
2025-09-11 21:07:11,854 [INFO] Truck: Time:<0> Truck:[XHTruck10] Activated at 0, Target load site is ORDER(4):NorthPitMine-LoadSite5, move distance is 2.1
2025-09-11 21:07:11,854 [INFO] Truck: Time:<0> Truck:[XHTruck11] Activated at 0, Target load site is ORDER(1):NorthPitMine-LoadSite2, move distance is 4.3
2025-09-11 21:07:11,854 [INFO] Truck: Time:<0> Truck:[XHTruck12] Activated at 0, Target load site is ORDER(3):NorthPitMine-LoadSite4, move distance is 2.26
2025-09-11 21:07:11,854 [INFO] Truck: Time:<0> Truck:[XHTruck13] Activated at 0, Target load site is ORDER(4):NorthPitMine-LoadSite5, move distance is 2.1
2025-09-11 21:07:11,854 [INFO] Truck: Time:<0> Truck:[XHTruck14] Activated at 0, Target load site is ORDER(0):LoadSite1, move distance is 3.0
2025-09-11 21:07:11,858 [INFO] Truck: Time:<0> Truck:[XHTruck15] Activated at 0, Target load site is ORDER(2):NorthPitMine-LoadSite3, move distance is 3.14
2025-09-11 21:07:11,860 [INFO] Truck: Time:<0> Truck:[XHTruck16] Activated at 0, Target load site is ORDER(1):NorthPitMine-LoadSite2, move distance is 4.3
2025-09-11 21:07:11,860 [INFO] Truck: Time:<0> Truck:[XHTruck17] Activated at 0, Target load site is ORDER(3):NorthPitMine-LoadSite4, move distance is 2.26
2025-09-11 21:07:11,861 [INFO] Truck: Time:<0> Truck:[XHTruck18] Activated at 0, Target load site is ORDER(4):NorthPitMine-LoadSite5, move distance is 2.1
2025-09-11 21:07:11,861 [INFO] Truck: Time:<0> Truck:[XHTruck19] Activated at 0, Target load site is ORDER(2):NorthPitMine-LoadSite3, move distance is 3.14
2025-09-11 21:07:11,861 [INFO] Truck: Time:<0> Truck:[XHTruck20] Activated at 0, Target load site is ORDER(4):NorthPitMine-LoadSite5, move distance is 2.1
2025-09-11 21:07:11,862 [INFO] Truck: Time:<0> Truck:[XHTruck21] Activated at 0, Target load site is ORDER(1):NorthPitMine-LoadSite2, move distance is 4.3
2025-09-11 21:07:11,863 [INFO] Truck: Time:<0> Truck:[XHTruck22] Activated at 0, Target load site is ORDER(3):NorthPitMine-LoadSite4, move distance is 2.26
2025-09-11 21:07:11,863 [INFO] Truck: Time:<0> Truck:[XHTruck23] Activated at 0, Target load site is ORDER(0):LoadSite1, move distance is 3.0
2025-09-11 21:07:11,863 [INFO] Truck: Time:<0> Truck:[XHTruck24] Activated at 0, Target load site is ORDER(4):NorthPitMine-LoadSite5, move distance is 2.1
2025-09-11 21:07:11,863 [INFO] Truck: Time:<0> Truck:[XHTruck25] Activated at 0, Target load site is ORDER(1):NorthPitMine-LoadSite2, move distance is 4.3
2025-09-11 21:07:11,864 [INFO] Truck: Time:<0> Truck:[XHTruck26] Activated at 0, Target load site is ORDER(3):NorthPitMine-LoadSite4, move distance is 2.26
2025-09-11 21:07:11,864 [INFO] Truck: Time:<0> Truck:[XHTruck27] Activated at 0, Target load site is ORDER(2):NorthPitMine-LoadSite3, move distance is 3.14
2025-09-11 21:07:11,864 [INFO] Truck: Time:<0> Truck:[XHTruck28] Activated at 0, Target load site is ORDER(4):NorthPitMine-LoadSite5, move distance is 2.1
2025-09-11 21:07:11,865 [INFO] Truck: Time:<0> Truck:[XHTruck29] Activated at 0, Target load site is ORDER(1):NorthPitMine-LoadSite2, move distance is 4.3
2025-09-11 21:07:11,866 [INFO] Truck: Time:<0> Truck:[XHTruck30] Activated at 0, Target load site is ORDER(3):NorthPitMine-LoadSite4, move distance is 2.26
2025-09-11 21:07:11,867 [INFO] Truck: Time:<0> Truck:[XHTruck31] Activated at 0, Target load site is ORDER(2):NorthPitMine-LoadSite3, move distance is 3.14
2025-09-11 21:07:11,867 [INFO] Truck: Time:<0> Truck:[XHTruck32] Activated at 0, Target load site is ORDER(4):NorthPitMine-LoadSite5, move distance is 2.1
2025-09-11 21:07:11,868 [INFO] Truck: Time:<0> Truck:[XHTruck33] Activated at 0, Target load site is ORDER(0):LoadSite1, move distance is 3.0
2025-09-11 21:07:11,885 [INFO] Truck: Time:<5.04> Truck:[OfficalTruck1] Arrived at NorthPitMine-LoadSite5 at 5.04
2025-09-11 21:07:11,886 [INFO] Truck: Time:<5.04> Truck:[OfficalTruck2] Arrived at NorthPitMine-LoadSite5 at 5.04
2025-09-11 21:07:11,886 [INFO] Truck: Time:<5.04> Truck:[OfficalTruck3] Arrived at NorthPitMine-LoadSite5 at 5.04
2025-09-11 21:07:11,886 [INFO] Truck: Time:<5.04> Truck:[OfficalTruck4] Arrived at NorthPitMine-LoadSite5 at 5.04
2025-09-11 21:07:11,886 [INFO] Truck: Time:<5.04> Truck:[OfficalTruck5] Arrived at NorthPitMine-LoadSite5 at 5.04
2025-09-11 21:07:11,886 [INFO] Truck: Time:<5.04> Truck:[OfficalTruck6] Arrived at NorthPitMine-LoadSite5 at 5.04
2025-09-11 21:07:11,887 [INFO] Truck: Time:<5.04> Truck:[CLTruck18] Arrived at NorthPitMine-LoadSite5 at 5.04
2025-09-11 21:07:11,887 [INFO] Truck: Time:<5.04> Truck:[CLTruck22] Arrived at NorthPitMine-LoadSite5 at 5.04
2025-09-11 21:07:11,887 [INFO] Truck: Time:<5.04> Truck:[CLTruck25] Arrived at NorthPitMine-LoadSite5 at 5.04
2025-09-11 21:07:11,887 [INFO] Truck: Time:<5.04> Truck:[XHTruck1] Arrived at NorthPitMine-LoadSite5 at 5.04
2025-09-11 21:07:11,887 [INFO] Truck: Time:<5.04> Truck:[XHTruck2] Arrived at NorthPitMine-LoadSite5 at 5.04
2025-09-11 21:07:11,888 [INFO] Truck: Time:<5.04> Truck:[XHTruck6] Arrived at NorthPitMine-LoadSite5 at 5.04
2025-09-11 21:07:11,888 [INFO] Truck: Time:<5.04> Truck:[XHTruck10] Arrived at NorthPitMine-LoadSite5 at 5.04
2025-09-11 21:07:11,888 [INFO] Truck: Time:<5.04> Truck:[XHTruck13] Arrived at NorthPitMine-LoadSite5 at 5.04
2025-09-11 21:07:11,888 [INFO] Truck: Time:<5.04> Truck:[XHTruck18] Arrived at NorthPitMine-LoadSite5 at 5.04
2025-09-11 21:07:11,888 [INFO] Truck: Time:<5.04> Truck:[XHTruck20] Arrived at NorthPitMine-LoadSite5 at 5.04
2025-09-11 21:07:11,888 [INFO] Truck: Time:<5.04> Truck:[XHTruck24] Arrived at NorthPitMine-LoadSite5 at 5.04
2025-09-11 21:07:11,889 [INFO] Truck: Time:<5.04> Truck:[XHTruck28] Arrived at NorthPitMine-LoadSite5 at 5.04
2025-09-11 21:07:11,889 [INFO] Truck: Time:<5.04> Truck:[XHTruck32] Arrived at NorthPitMine-LoadSite5 at 5.04
2025-09-11 21:07:11,889 [INFO] Truck: Time:<5.04> Truck:[OfficalTruck1] Start loading at shovel NorthPitMine-LoadSite5-Shovel-1, load time is 5.684055118110236
2025-09-11 21:07:11,889 [INFO] Truck: Time:<5.04> Truck:[OfficalTruck2] Start loading at shovel NorthPitMine-LoadSite5-Shovel-2, load time is 5.684055118110236
2025-09-11 21:07:11,889 [INFO] Truck: Time:<5.4239999999999995> Truck:[CLTruck1] Arrived at NorthPitMine-LoadSite4 at 5.4239999999999995
2025-09-11 21:07:11,889 [INFO] Truck: Time:<5.4239999999999995> Truck:[CLTruck2] Arrived at NorthPitMine-LoadSite4 at 5.4239999999999995
2025-09-11 21:07:11,890 [INFO] Truck: Time:<5.4239999999999995> Truck:[CLTruck3] Arrived at NorthPitMine-LoadSite4 at 5.4239999999999995
2025-09-11 21:07:11,890 [INFO] Truck: Time:<5.4239999999999995> Truck:[CLTruck4] Arrived at NorthPitMine-LoadSite4 at 5.4239999999999995
2025-09-11 21:07:11,890 [INFO] Truck: Time:<5.4239999999999995> Truck:[CLTruck5] Arrived at NorthPitMine-LoadSite4 at 5.4239999999999995
2025-09-11 21:07:11,890 [INFO] Truck: Time:<5.4239999999999995> Truck:[CLTruck6] Arrived at NorthPitMine-LoadSite4 at 5.4239999999999995
2025-09-11 21:07:11,890 [INFO] Truck: Time:<5.4239999999999995> Truck:[CLTruck7] Arrived at NorthPitMine-LoadSite4 at 5.4239999999999995
2025-09-11 21:07:11,890 [INFO] Truck: Time:<5.4239999999999995> Truck:[CLTruck17] Arrived at NorthPitMine-LoadSite4 at 5.4239999999999995
2025-09-11 21:07:11,890 [INFO] Truck: Time:<5.4239999999999995> Truck:[CLTruck20] Arrived at NorthPitMine-LoadSite4 at 5.4239999999999995
2025-09-11 21:07:11,890 [INFO] Truck: Time:<5.4239999999999995> Truck:[CLTruck24] Arrived at NorthPitMine-LoadSite4 at 5.4239999999999995
2025-09-11 21:07:11,891 [INFO] Truck: Time:<5.4239999999999995> Truck:[XHTruck4] Arrived at NorthPitMine-LoadSite4 at 5.4239999999999995
2025-09-11 21:07:11,891 [INFO] Truck: Time:<5.4239999999999995> Truck:[XHTruck8] Arrived at NorthPitMine-LoadSite4 at 5.4239999999999995
2025-09-11 21:07:11,891 [INFO] Truck: Time:<5.4239999999999995> Truck:[XHTruck12] Arrived at NorthPitMine-LoadSite4 at 5.4239999999999995
2025-09-11 21:07:11,891 [INFO] Truck: Time:<5.4239999999999995> Truck:[XHTruck17] Arrived at NorthPitMine-LoadSite4 at 5.4239999999999995
2025-09-11 21:07:11,891 [INFO] Truck: Time:<5.4239999999999995> Truck:[XHTruck22] Arrived at NorthPitMine-LoadSite4 at 5.4239999999999995
2025-09-11 21:07:11,891 [INFO] Truck: Time:<5.4239999999999995> Truck:[XHTruck26] Arrived at NorthPitMine-LoadSite4 at 5.4239999999999995
2025-09-11 21:07:11,891 [INFO] Truck: Time:<5.4239999999999995> Truck:[XHTruck30] Arrived at NorthPitMine-LoadSite4 at 5.4239999999999995
2025-09-11 21:07:11,892 [INFO] Truck: Time:<5.4239999999999995> Truck:[CLTruck1] Start loading at shovel NorthPitMine-LoadSite4-Shovel-1, load time is 2.5836614173228347
2025-09-11 21:07:11,892 [INFO] Truck: Time:<5.4239999999999995> Truck:[CLTruck2] Start loading at shovel NorthPitMine-LoadSite4-Shovel-2, load time is 15.555555555555555
2025-09-11 21:07:11,892 [INFO] Truck: Time:<5.4239999999999995> Truck:[CLTruck3] Start loading at shovel NorthPitMine-LoadSite4-Shovel-3, load time is 15.555555555555555
2025-09-11 21:07:11,892 [INFO] Truck: Time:<5.4239999999999995> Truck:[CLTruck4] Start loading at shovel NorthPitMine-LoadSite4-Shovel-4, load time is 15.555555555555555
2025-09-11 21:07:11,892 [INFO] Truck: Time:<5.4239999999999995> Truck:[CLTruck5] Start loading at shovel NorthPitMine-LoadSite4-Shovel-5, load time is 15.555555555555555
2025-09-11 21:07:11,899 [INFO] Truck: Time:<7.199999999999999> Truck:[CLTruck27] Arrived at LoadSite1 at 7.199999999999999
2025-09-11 21:07:11,899 [INFO] Truck: Time:<7.199999999999999> Truck:[CLTruck28] Arrived at LoadSite1 at 7.199999999999999
2025-09-11 21:07:11,899 [INFO] Truck: Time:<7.199999999999999> Truck:[CLTruck29] Arrived at LoadSite1 at 7.199999999999999
2025-09-11 21:07:11,899 [INFO] Truck: Time:<7.199999999999999> Truck:[XHTruck14] Arrived at LoadSite1 at 7.199999999999999
2025-09-11 21:07:11,899 [INFO] Truck: Time:<7.199999999999999> Truck:[XHTruck23] Arrived at LoadSite1 at 7.199999999999999
2025-09-11 21:07:11,900 [INFO] Truck: Time:<7.199999999999999> Truck:[XHTruck33] Arrived at LoadSite1 at 7.199999999999999
2025-09-11 21:07:11,900 [INFO] Truck: Time:<7.199999999999999> Truck:[CLTruck27] Start loading at shovel LoadSite1-Shovel-1, load time is 15.555555555555555
2025-09-11 21:07:11,900 [INFO] Truck: Time:<7.199999999999999> Truck:[CLTruck28] Start loading at shovel LoadSite1-Shovel-2, load time is 15.555555555555555
2025-09-11 21:07:11,901 [INFO] Truck: Time:<7.199999999999999> Truck:[CLTruck29] Start loading at shovel LoadSite1-Shovel-3, load time is 15.555555555555555
2025-09-11 21:07:11,901 [INFO] Truck: Time:<7.199999999999999> Truck:[XHTruck14] Start loading at shovel LoadSite1-Shovel-4, load time is 24.444444444444443
2025-09-11 21:07:11,901 [INFO] Truck: Time:<7.199999999999999> Truck:[XHTruck23] Start loading at shovel LoadSite1-Shovel-5, load time is 24.444444444444443
2025-09-11 21:07:11,901 [INFO] Truck: Time:<7.536000000000001> Truck:[OfficalTruck7] Arrived at NorthPitMine-LoadSite3 at 7.536000000000001
2025-09-11 21:07:11,901 [INFO] Truck: Time:<7.536000000000001> Truck:[OfficalTruck8] Arrived at NorthPitMine-LoadSite3 at 7.536000000000001
2025-09-11 21:07:11,902 [INFO] Truck: Time:<7.536000000000001> Truck:[OfficalTruck9] Arrived at NorthPitMine-LoadSite3 at 7.536000000000001
2025-09-11 21:07:11,902 [INFO] Truck: Time:<7.536000000000001> Truck:[CLTruck15] Arrived at NorthPitMine-LoadSite3 at 7.536000000000001
2025-09-11 21:07:11,902 [INFO] Truck: Time:<7.536000000000001> Truck:[CLTruck21] Arrived at NorthPitMine-LoadSite3 at 7.536000000000001
2025-09-11 21:07:11,903 [INFO] Truck: Time:<7.536000000000001> Truck:[CLTruck26] Arrived at NorthPitMine-LoadSite3 at 7.536000000000001
2025-09-11 21:07:11,903 [INFO] Truck: Time:<7.536000000000001> Truck:[XHTruck5] Arrived at NorthPitMine-LoadSite3 at 7.536000000000001
2025-09-11 21:07:11,903 [INFO] Truck: Time:<7.536000000000001> Truck:[XHTruck9] Arrived at NorthPitMine-LoadSite3 at 7.536000000000001
2025-09-11 21:07:11,903 [INFO] Truck: Time:<7.536000000000001> Truck:[XHTruck15] Arrived at NorthPitMine-LoadSite3 at 7.536000000000001
2025-09-11 21:07:11,903 [INFO] Truck: Time:<7.536000000000001> Truck:[XHTruck19] Arrived at NorthPitMine-LoadSite3 at 7.536000000000001
2025-09-11 21:07:11,903 [INFO] Truck: Time:<7.536000000000001> Truck:[XHTruck27] Arrived at NorthPitMine-LoadSite3 at 7.536000000000001
2025-09-11 21:07:11,903 [INFO] Truck: Time:<7.536000000000001> Truck:[XHTruck31] Arrived at NorthPitMine-LoadSite3 at 7.536000000000001
2025-09-11 21:07:11,903 [INFO] Truck: Time:<7.536000000000001> Truck:[OfficalTruck7] Start loading at shovel NorthPitMine-LoadSite3-Shovel-1, load time is 5.684055118110236
2025-09-11 21:07:11,903 [INFO] Truck: Time:<7.536000000000001> Truck:[OfficalTruck8] Start loading at shovel NorthPitMine-LoadSite3-Shovel-2, load time is 34.22222222222222
2025-09-11 21:07:11,903 [INFO] Truck: Time:<7.536000000000001> Truck:[OfficalTruck9] Start loading at shovel NorthPitMine-LoadSite3-Shovel-3, load time is 34.22222222222222
2025-09-11 21:07:11,905 [INFO] Truck: Time:<8.007661417322835> Truck:[CLTruck1] Finish loading at shovel NorthPitMine-LoadSite4-Shovel-1
2025-09-11 21:07:11,905 [DEBUG] Truck: Time:<8.007661417322835> Truck:[CLTruck1] Start moving to ORDER(1): NorthPitMine-DumpSite2, move distance is 1.17, speed: 25
2025-09-11 21:07:11,905 [INFO] Truck: Time:<8.007661417322835> Truck:[CLTruck6] Start loading at shovel NorthPitMine-LoadSite4-Shovel-1, load time is 2.5836614173228347
2025-09-11 21:07:11,910 [INFO] Truck: Time:<10.319999999999999> Truck:[CLTruck8] Arrived at NorthPitMine-LoadSite2 at 10.319999999999999
2025-09-11 21:07:11,911 [INFO] Truck: Time:<10.319999999999999> Truck:[CLTruck9] Arrived at NorthPitMine-LoadSite2 at 10.319999999999999
2025-09-11 21:07:11,911 [INFO] Truck: Time:<10.319999999999999> Truck:[CLTruck10] Arrived at NorthPitMine-LoadSite2 at 10.319999999999999
2025-09-11 21:07:11,911 [INFO] Truck: Time:<10.319999999999999> Truck:[CLTruck11] Arrived at NorthPitMine-LoadSite2 at 10.319999999999999
2025-09-11 21:07:11,911 [INFO] Truck: Time:<10.319999999999999> Truck:[CLTruck12] Arrived at NorthPitMine-LoadSite2 at 10.319999999999999
2025-09-11 21:07:11,911 [INFO] Truck: Time:<10.319999999999999> Truck:[CLTruck13] Arrived at NorthPitMine-LoadSite2 at 10.319999999999999
2025-09-11 21:07:11,911 [INFO] Truck: Time:<10.319999999999999> Truck:[CLTruck14] Arrived at NorthPitMine-LoadSite2 at 10.319999999999999
2025-09-11 21:07:11,912 [INFO] Truck: Time:<10.319999999999999> Truck:[CLTruck16] Arrived at NorthPitMine-LoadSite2 at 10.319999999999999
2025-09-11 21:07:11,912 [INFO] Truck: Time:<10.319999999999999> Truck:[CLTruck19] Arrived at NorthPitMine-LoadSite2 at 10.319999999999999
2025-09-11 21:07:11,912 [INFO] Truck: Time:<10.319999999999999> Truck:[CLTruck23] Arrived at NorthPitMine-LoadSite2 at 10.319999999999999
2025-09-11 21:07:11,912 [INFO] Truck: Time:<10.319999999999999> Truck:[XHTruck3] Arrived at NorthPitMine-LoadSite2 at 10.319999999999999
2025-09-11 21:07:11,913 [INFO] Truck: Time:<10.319999999999999> Truck:[XHTruck7] Arrived at NorthPitMine-LoadSite2 at 10.319999999999999
2025-09-11 21:07:11,913 [INFO] Truck: Time:<10.319999999999999> Truck:[XHTruck11] Arrived at NorthPitMine-LoadSite2 at 10.319999999999999
2025-09-11 21:07:11,913 [INFO] Truck: Time:<10.319999999999999> Truck:[XHTruck16] Arrived at NorthPitMine-LoadSite2 at 10.319999999999999
2025-09-11 21:07:11,913 [INFO] Truck: Time:<10.319999999999999> Truck:[XHTruck21] Arrived at NorthPitMine-LoadSite2 at 10.319999999999999
2025-09-11 21:07:11,913 [INFO] Truck: Time:<10.319999999999999> Truck:[XHTruck25] Arrived at NorthPitMine-LoadSite2 at 10.319999999999999
2025-09-11 21:07:11,913 [INFO] Truck: Time:<10.319999999999999> Truck:[XHTruck29] Arrived at NorthPitMine-LoadSite2 at 10.319999999999999
2025-09-11 21:07:11,913 [INFO] Truck: Time:<10.319999999999999> Truck:[CLTruck8] Start loading at shovel NorthPitMine-LoadSite2-Shovel-1, load time is 2.5836614173228347
2025-09-11 21:07:11,913 [INFO] Truck: Time:<10.319999999999999> Truck:[CLTruck9] Start loading at shovel NorthPitMine-LoadSite2-Shovel-2, load time is 15.555555555555555
2025-09-11 21:07:11,913 [INFO] Truck: Time:<10.319999999999999> Truck:[CLTruck10] Start loading at shovel NorthPitMine-LoadSite2-Shovel-3, load time is 15.555555555555555
2025-09-11 21:07:11,913 [INFO] Truck: Time:<10.319999999999999> Truck:[CLTruck11] Start loading at shovel NorthPitMine-LoadSite2-Shovel-4, load time is 15.555555555555555
2025-09-11 21:07:11,913 [INFO] Truck: Time:<10.319999999999999> Truck:[CLTruck12] Start loading at shovel NorthPitMine-LoadSite2-Shovel-5, load time is 15.555555555555555
2025-09-11 21:07:11,913 [INFO] Truck: Time:<10.59132283464567> Truck:[CLTruck6] Finish loading at shovel NorthPitMine-LoadSite4-Shovel-1
2025-09-11 21:07:11,913 [INFO] Road: [RoadEvent] Road from NorthPitMine-LoadSite4 to NorthPitMine-DumpSite2 is in repair，the repair will last for 44.63 mins, and will end at 55.22, vehicle on this road will have to suffer punish_distance.
2025-09-11 21:07:11,913 [DEBUG] Truck: Time:<10.59132283464567> Truck:[CLTruck6] Start moving to ORDER(1): NorthPitMine-DumpSite2, move distance is 1.6383162921830687, speed: 25
2025-09-11 21:07:11,913 [INFO] Truck: Time:<10.59132283464567> Truck:[XHTruck4] Start loading at shovel NorthPitMine-LoadSite4-Shovel-1, load time is 4.060039370078741
2025-09-11 21:07:11,913 [INFO] Truck: Time:<10.724055118110236> Truck:[OfficalTruck1] Finish loading at shovel NorthPitMine-LoadSite5-Shovel-1
2025-09-11 21:07:11,913 [INFO] Truck: Time:<10.724055118110236> Truck:[OfficalTruck2] Finish loading at shovel NorthPitMine-LoadSite5-Shovel-2
2025-09-11 21:07:11,913 [DEBUG] Truck: Time:<10.724055118110236> Truck:[OfficalTruck1] Start moving to ORDER(0): NorthPitMine-DumpSite1, move distance is 5.15, speed: 25
2025-09-11 21:07:11,918 [DEBUG] Truck: Time:<10.724055118110236> Truck:[OfficalTruck2] Start moving to ORDER(0): NorthPitMine-DumpSite1, move distance is 5.15, speed: 25
2025-09-11 21:07:11,918 [INFO] Truck: Time:<10.724055118110236> Truck:[OfficalTruck3] Start loading at shovel NorthPitMine-LoadSite5-Shovel-1, load time is 5.684055118110236
2025-09-11 21:07:11,918 [INFO] Truck: Time:<10.724055118110236> Truck:[OfficalTruck4] Start loading at shovel NorthPitMine-LoadSite5-Shovel-2, load time is 5.684055118110236
2025-09-11 21:07:11,918 [DEBUG] Truck: Time:<10.815661417322834> Truck:[CLTruck1] Arrived at NorthPitMine-DumpSite2 at 10.815661417322834
2025-09-11 21:07:11,920 [INFO] Truck: Time:<11.815661417322834> Truck:[CLTruck1] Finish unloading at dumper NorthPitMine-DumpSite2-点位0, dumper tons is 33.126174853713856
2025-09-11 21:07:11,920 [DEBUG] Truck: Time:<11.815661417322834> Truck:[CLTruck1] Start moving to ORDER(2):NorthPitMine-LoadSite3, move distance is 3.41, speed: 25
2025-09-11 21:07:11,922 [INFO] Truck: Time:<12.903661417322834> Truck:[CLTruck8] Finish loading at shovel NorthPitMine-LoadSite2-Shovel-1
2025-09-11 21:07:11,922 [DEBUG] Truck: Time:<12.903661417322834> Truck:[CLTruck8] Start moving to ORDER(4): NorthPitMine-DumpSite5, move distance is 3.18, speed: 25
2025-09-11 21:07:11,922 [INFO] Truck: Time:<12.903661417322834> Truck:[CLTruck13] Start loading at shovel NorthPitMine-LoadSite2-Shovel-1, load time is 2.5836614173228347
2025-09-11 21:07:11,924 [INFO] Truck: Time:<13.220055118110238> Truck:[OfficalTruck7] Finish loading at shovel NorthPitMine-LoadSite3-Shovel-1
2025-09-11 21:07:11,924 [DEBUG] Truck: Time:<13.220055118110238> Truck:[OfficalTruck7] Start moving to ORDER(4): NorthPitMine-DumpSite5, move distance is 1.86, speed: 25
2025-09-11 21:07:11,924 [INFO] Truck: Time:<13.220055118110238> Truck:[CLTruck15] Start loading at shovel NorthPitMine-LoadSite3-Shovel-1, load time is 2.5836614173228347
2025-09-11 21:07:11,925 [DEBUG] Truck: Time:<14.523281935885034> Truck:[CLTruck6] Arrived at NorthPitMine-DumpSite2 at 14.523281935885034
2025-09-11 21:07:11,925 [INFO] Truck: Time:<14.65136220472441> Truck:[XHTruck4] Finish loading at shovel NorthPitMine-LoadSite4-Shovel-1
2025-09-11 21:07:11,925 [DEBUG] Truck: Time:<14.65136220472441> Truck:[XHTruck4] Start moving to ORDER(1): NorthPitMine-DumpSite2, move distance is 1.6022998020100658, speed: 25
2025-09-11 21:07:11,925 [INFO] Truck: Time:<14.65136220472441> Truck:[XHTruck26] Start loading at shovel NorthPitMine-LoadSite4-Shovel-1, load time is 4.060039370078741
2025-09-11 21:07:11,925 [INFO] Truck: Time:<15.487322834645669> Truck:[CLTruck13] Finish loading at shovel NorthPitMine-LoadSite2-Shovel-1
2025-09-11 21:07:11,925 [DEBUG] Truck: Time:<15.487322834645669> Truck:[CLTruck13] Start moving to ORDER(4): NorthPitMine-DumpSite5, move distance is 3.18, speed: 25
2025-09-11 21:07:11,925 [INFO] Truck: Time:<15.487322834645669> Truck:[XHTruck3] Start loading at shovel NorthPitMine-LoadSite2-Shovel-1, load time is 4.060039370078741
2025-09-11 21:07:11,925 [INFO] Truck: Time:<15.523281935885034> Truck:[CLTruck6] Finish unloading at dumper NorthPitMine-DumpSite2-点位0, dumper tons is 67.26927619507805
2025-09-11 21:07:11,925 [DEBUG] Truck: Time:<15.523281935885034> Truck:[CLTruck6] Start moving to ORDER(2):NorthPitMine-LoadSite3, move distance is 3.41, speed: 25
2025-09-11 21:07:11,925 [INFO] Truck: Time:<15.803716535433074> Truck:[CLTruck15] Finish loading at shovel NorthPitMine-LoadSite3-Shovel-1
2025-09-11 21:07:11,925 [INFO] Road: [RoadEvent] Road from NorthPitMine-LoadSite3 to NorthPitMine-DumpSite5 is in repair，the repair will last for 57.95 mins, and will end at 73.76, vehicle on this road will have to suffer punish_distance.
2025-09-11 21:07:11,931 [DEBUG] Truck: Time:<15.803716535433074> Truck:[CLTruck15] Start moving to ORDER(4): NorthPitMine-DumpSite5, move distance is 2.673012214126604, speed: 25
2025-09-11 21:07:11,931 [INFO] Truck: Time:<15.803716535433074> Truck:[XHTruck5] Start loading at shovel NorthPitMine-LoadSite3-Shovel-1, load time is 4.060039370078741
2025-09-11 21:07:11,932 [INFO] Truck: Time:<16.408110236220473> Truck:[OfficalTruck3] Finish loading at shovel NorthPitMine-LoadSite5-Shovel-1
2025-09-11 21:07:11,932 [INFO] Truck: Time:<16.408110236220473> Truck:[OfficalTruck4] Finish loading at shovel NorthPitMine-LoadSite5-Shovel-2
2025-09-11 21:07:11,933 [DEBUG] Truck: Time:<16.408110236220473> Truck:[OfficalTruck3] Start moving to ORDER(0): NorthPitMine-DumpSite1, move distance is 5.15, speed: 25
2025-09-11 21:07:11,933 [INFO] Truck: Time:<10> Truck:[OfficalTruck3] breakdown for 6.885128397157356 minutes at 10
2025-09-11 21:07:11,933 [DEBUG] Truck: Time:<16.408110236220473> Truck:[OfficalTruck4] Start moving to ORDER(0): NorthPitMine-DumpSite1, move distance is 5.15, speed: 25
2025-09-11 21:07:11,933 [INFO] Truck: Time:<16.408110236220473> Truck:[OfficalTruck5] Start loading at shovel NorthPitMine-LoadSite5-Shovel-1, load time is 5.684055118110236
2025-09-11 21:07:11,934 [INFO] Truck: Time:<16.408110236220473> Truck:[OfficalTruck6] Start loading at shovel NorthPitMine-LoadSite5-Shovel-2, load time is 5.684055118110236
2025-09-11 21:07:11,935 [DEBUG] Truck: Time:<17.684055118110237> Truck:[OfficalTruck7] Arrived at NorthPitMine-DumpSite5 at 17.684055118110237
2025-09-11 21:07:11,936 [DEBUG] Truck: Time:<18.49688172954857> Truck:[XHTruck4] Arrived at NorthPitMine-DumpSite2 at 18.49688172954857
2025-09-11 21:07:11,936 [INFO] Truck: Time:<18.684055118110237> Truck:[OfficalTruck7] Finish unloading at dumper NorthPitMine-DumpSite5-点位0, dumper tons is 74.12705429839212
2025-09-11 21:07:11,937 [DEBUG] Truck: Time:<18.684055118110237> Truck:[OfficalTruck7] Start moving to ORDER(3):NorthPitMine-LoadSite4, move distance is 5.34, speed: 25
2025-09-11 21:07:11,937 [INFO] Truck: Time:<18.71140157480315> Truck:[XHTruck26] Finish loading at shovel NorthPitMine-LoadSite4-Shovel-1
2025-09-11 21:07:11,937 [DEBUG] Truck: Time:<18.71140157480315> Truck:[XHTruck26] Start moving to ORDER(1): NorthPitMine-DumpSite2, move distance is 1.6659397788337997, speed: 25
2025-09-11 21:07:11,937 [INFO] Truck: Time:<19.49688172954857> Truck:[XHTruck4] Finish unloading at dumper NorthPitMine-DumpSite2-点位0, dumper tons is 123.70707915063332
2025-09-11 21:07:11,937 [DEBUG] Truck: Time:<19.49688172954857> Truck:[XHTruck4] Start moving to ORDER(2):NorthPitMine-LoadSite3, move distance is 3.41, speed: 25
2025-09-11 21:07:11,937 [INFO] Truck: Time:<19.547362204724408> Truck:[XHTruck3] Finish loading at shovel NorthPitMine-LoadSite2-Shovel-1
2025-09-11 21:07:11,937 [DEBUG] Truck: Time:<19.547362204724408> Truck:[XHTruck3] Start moving to ORDER(4): NorthPitMine-DumpSite5, move distance is 3.18, speed: 25
2025-09-11 21:07:11,937 [INFO] Truck: Time:<19.547362204724408> Truck:[XHTruck25] Start loading at shovel NorthPitMine-LoadSite2-Shovel-1, load time is 4.060039370078741
2025-09-11 21:07:11,940 [INFO] Truck: Time:<19.863755905511816> Truck:[XHTruck5] Finish loading at shovel NorthPitMine-LoadSite3-Shovel-1
2025-09-11 21:07:11,940 [DEBUG] Truck: Time:<19.863755905511816> Truck:[XHTruck5] Start moving to ORDER(4): NorthPitMine-DumpSite5, move distance is 2.483421002308989, speed: 25
2025-09-11 21:07:11,940 [INFO] Truck: Time:<19.863755905511816> Truck:[XHTruck19] Start loading at shovel NorthPitMine-LoadSite3-Shovel-1, load time is 4.060039370078741
2025-09-11 21:07:11,940 [INFO] Truck: Time:<19.999661417322834> Truck:[CLTruck1] Arrived at NorthPitMine-LoadSite3 at 19.999661417322834
2025-09-11 21:07:11,942 [DEBUG] Truck: Time:<20.535661417322835> Truck:[CLTruck8] Arrived at NorthPitMine-DumpSite5 at 20.535661417322835
2025-09-11 21:07:11,942 [INFO] Truck: Time:<20.979555555555557> Truck:[CLTruck2] Finish loading at shovel NorthPitMine-LoadSite4-Shovel-2
2025-09-11 21:07:11,942 [INFO] Truck: Time:<20.979555555555557> Truck:[CLTruck3] Finish loading at shovel NorthPitMine-LoadSite4-Shovel-3
2025-09-11 21:07:11,943 [INFO] Truck: Time:<20.979555555555557> Truck:[CLTruck4] Finish loading at shovel NorthPitMine-LoadSite4-Shovel-4
2025-09-11 21:07:11,943 [INFO] Truck: Time:<20.979555555555557> Truck:[CLTruck5] Finish loading at shovel NorthPitMine-LoadSite4-Shovel-5
2025-09-11 21:07:11,943 [DEBUG] Truck: Time:<20.979555555555557> Truck:[CLTruck2] Start moving to ORDER(1): NorthPitMine-DumpSite2, move distance is 1.6066663959331635, speed: 25
2025-09-11 21:07:11,944 [INFO] Truck: Time:<15> Truck:[CLTruck2] breakdown for 7.058413454947949 minutes at 15
2025-09-11 21:07:11,944 [DEBUG] Truck: Time:<20.979555555555557> Truck:[CLTruck3] Start moving to ORDER(1): NorthPitMine-DumpSite2, move distance is 1.855699895782677, speed: 25
2025-09-11 21:07:11,945 [DEBUG] Truck: Time:<20.979555555555557> Truck:[CLTruck4] Start moving to ORDER(1): NorthPitMine-DumpSite2, move distance is 1.4636527896125577, speed: 25
2025-09-11 21:07:11,945 [INFO] Truck: Time:<20> Truck:[CLTruck4] breakdown for 15.42292254901594 minutes at 20
2025-09-11 21:07:11,945 [DEBUG] Truck: Time:<20.979555555555557> Truck:[CLTruck5] Start moving to ORDER(1): NorthPitMine-DumpSite2, move distance is 1.6631163071434139, speed: 25
2025-09-11 21:07:11,945 [INFO] Truck: Time:<13> Truck:[CLTruck5] breakdown for 11.586444955088135 minutes at 13
2025-09-11 21:07:11,945 [INFO] Truck: Time:<20.979555555555557> Truck:[CLTruck7] Start loading at shovel NorthPitMine-LoadSite4-Shovel-2, load time is 15.555555555555555
2025-09-11 21:07:11,945 [INFO] Truck: Time:<20.979555555555557> Truck:[CLTruck17] Start loading at shovel NorthPitMine-LoadSite4-Shovel-3, load time is 15.555555555555555
2025-09-11 21:07:11,945 [INFO] Truck: Time:<20.979555555555557> Truck:[CLTruck20] Start loading at shovel NorthPitMine-LoadSite4-Shovel-4, load time is 15.555555555555555
2025-09-11 21:07:11,945 [INFO] Truck: Time:<20.979555555555557> Truck:[CLTruck24] Start loading at shovel NorthPitMine-LoadSite4-Shovel-5, load time is 15.555555555555555
2025-09-11 21:07:11,945 [INFO] Truck: Time:<21.535661417322835> Truck:[CLTruck8] Finish unloading at dumper NorthPitMine-DumpSite5-点位0, dumper tons is 111.91311396344514
2025-09-11 21:07:11,949 [INFO] Road: [RoadEvent] Road from NorthPitMine-DumpSite5 to NorthPitMine-LoadSite4 is in repair，the repair will last for 58.99 mins, and will end at 80.52, vehicle on this road will have to suffer punish_distance.
2025-09-11 21:07:11,949 [DEBUG] Truck: Time:<21.535661417322835> Truck:[CLTruck8] Start moving to ORDER(3):NorthPitMine-LoadSite4, move distance is 7.371041571009939, speed: 25
2025-09-11 21:07:11,952 [INFO] Truck: Time:<22.09216535433071> Truck:[OfficalTruck5] Finish loading at shovel NorthPitMine-LoadSite5-Shovel-1
2025-09-11 21:07:11,952 [INFO] Truck: Time:<22.09216535433071> Truck:[OfficalTruck6] Finish loading at shovel NorthPitMine-LoadSite5-Shovel-2
2025-09-11 21:07:11,953 [DEBUG] Truck: Time:<22.09216535433071> Truck:[OfficalTruck5] Start moving to ORDER(0): NorthPitMine-DumpSite1, move distance is 5.15, speed: 25
2025-09-11 21:07:11,953 [INFO] Truck: Time:<22.09216535433071> Truck:[OfficalTruck5] is facing 5.557684621085555 mins delay caused by 1 pre-existing jam events on Road from NorthPitMine-LoadSite5 to NorthPitMine-DumpSite1
2025-09-11 21:07:11,954 [INFO] Road: [RoadEvent] Road from NorthPitMine-LoadSite5 to NorthPitMine-DumpSite1 is in repair，the repair will last for 61.60 mins, and will end at 83.70, vehicle on this road will have to suffer punish_distance.
2025-09-11 21:07:11,954 [DEBUG] Truck: Time:<22.09216535433071> Truck:[OfficalTruck6] Start moving to ORDER(0): NorthPitMine-DumpSite1, move distance is 7.001955774356165, speed: 25
2025-09-11 21:07:11,954 [INFO] Truck: Time:<3> Truck:[OfficalTruck6] breakdown for 13.297521679938885 minutes at 3
2025-09-11 21:07:11,954 [INFO] Truck: Time:<22.09216535433071> Truck:[CLTruck18] Start loading at shovel NorthPitMine-LoadSite5-Shovel-1, load time is 2.5836614173228347
2025-09-11 21:07:11,954 [INFO] Truck: Time:<22.09216535433071> Truck:[CLTruck22] Start loading at shovel NorthPitMine-LoadSite5-Shovel-2, load time is 2.5836614173228347
2025-09-11 21:07:11,954 [DEBUG] Truck: Time:<22.218945849336922> Truck:[CLTruck15] Arrived at NorthPitMine-DumpSite5 at 22.218945849336922
2025-09-11 21:07:11,954 [DEBUG] Truck: Time:<22.70965704400427> Truck:[XHTruck26] Arrived at NorthPitMine-DumpSite2 at 22.70965704400427
2025-09-11 21:07:11,955 [INFO] Truck: Time:<22.755555555555553> Truck:[CLTruck27] Finish loading at shovel LoadSite1-Shovel-1
2025-09-11 21:07:11,955 [INFO] Truck: Time:<22.755555555555553> Truck:[CLTruck28] Finish loading at shovel LoadSite1-Shovel-2
2025-09-11 21:07:11,955 [INFO] Truck: Time:<22.755555555555553> Truck:[CLTruck29] Finish loading at shovel LoadSite1-Shovel-3
2025-09-11 21:07:11,955 [DEBUG] Truck: Time:<22.755555555555553> Truck:[CLTruck27] Start moving to ORDER(4): NorthPitMine-DumpSite5, move distance is 3.26, speed: 25
2025-09-11 21:07:11,956 [DEBUG] Truck: Time:<22.755555555555553> Truck:[CLTruck28] Start moving to ORDER(4): NorthPitMine-DumpSite5, move distance is 3.26, speed: 25
2025-09-11 21:07:11,956 [INFO] Truck: Time:<16> Truck:[CLTruck28] breakdown for 8.47568892423707 minutes at 16
2025-09-11 21:07:11,956 [DEBUG] Truck: Time:<22.755555555555553> Truck:[CLTruck29] Start moving to ORDER(4): NorthPitMine-DumpSite5, move distance is 3.26, speed: 25
2025-09-11 21:07:11,956 [INFO] Truck: Time:<22.755555555555553> Truck:[XHTruck33] Start loading at shovel LoadSite1-Shovel-1, load time is 24.444444444444443
2025-09-11 21:07:11,956 [DEBUG] Truck: Time:<23.084055118110236> Truck:[OfficalTruck1] Arrived at NorthPitMine-DumpSite1 at 23.084055118110236
2025-09-11 21:07:11,956 [DEBUG] Truck: Time:<23.084055118110236> Truck:[OfficalTruck2] Arrived at NorthPitMine-DumpSite1 at 23.084055118110236
2025-09-11 21:07:11,956 [DEBUG] Truck: Time:<23.11932283464567> Truck:[CLTruck13] Arrived at NorthPitMine-DumpSite5 at 23.11932283464567
2025-09-11 21:07:11,956 [INFO] Truck: Time:<23.218945849336922> Truck:[CLTruck15] Finish unloading at dumper NorthPitMine-DumpSite5-点位0, dumper tons is 144.60342238595496
2025-09-11 21:07:11,956 [DEBUG] Truck: Time:<23.218945849336922> Truck:[CLTruck15] Start moving to ORDER(3):NorthPitMine-LoadSite4, move distance is 7.536213594272077, speed: 25
2025-09-11 21:07:11,956 [INFO] Truck: Time:<23.29323863337783> Truck:[OfficalTruck3] is facing 4.356611342038436 mins delay caused by 1 pre-existing jam events on Road from NorthPitMine-LoadSite5 to NorthPitMine-DumpSite1
2025-09-11 21:07:11,956 [INFO] Truck: Time:<23.60740157480315> Truck:[XHTruck25] Finish loading at shovel NorthPitMine-LoadSite2-Shovel-1
2025-09-11 21:07:11,956 [DEBUG] Truck: Time:<23.60740157480315> Truck:[XHTruck25] Start moving to ORDER(4): NorthPitMine-DumpSite5, move distance is 3.18, speed: 25
2025-09-11 21:07:11,956 [INFO] Truck: Time:<23> Truck:[XHTruck25] breakdown for 11.988934803411404 minutes at 23
2025-09-11 21:07:11,962 [INFO] Truck: Time:<23.707281935885035> Truck:[CLTruck6] Arrived at NorthPitMine-LoadSite3 at 23.707281935885035
2025-09-11 21:07:11,962 [INFO] Truck: Time:<23.70965704400427> Truck:[XHTruck26] Finish unloading at dumper NorthPitMine-DumpSite2-点位0, dumper tons is 183.47542689465072
2025-09-11 21:07:11,963 [DEBUG] Truck: Time:<23.70965704400427> Truck:[XHTruck26] Start moving to ORDER(2):NorthPitMine-LoadSite3, move distance is 3.41, speed: 25
2025-09-11 21:07:11,963 [INFO] Truck: Time:<23.70965704400427> Truck:[XHTruck26] is facing 11.033913587265115 mins delay caused by 1 pre-existing jam events on Road from NorthPitMine-DumpSite2 to NorthPitMine-LoadSite3
2025-09-11 21:07:11,963 [INFO] Truck: Time:<23.923795275590557> Truck:[XHTruck19] Finish loading at shovel NorthPitMine-LoadSite3-Shovel-1
2025-09-11 21:07:11,964 [DEBUG] Truck: Time:<23.923795275590557> Truck:[XHTruck19] Start moving to ORDER(4): NorthPitMine-DumpSite5, move distance is 2.5374181519275676, speed: 25
2025-09-11 21:07:11,964 [INFO] Truck: Time:<23.923795275590557> Truck:[XHTruck19] is facing 0 mins delay caused by 1 pre-existing jam events on Road from NorthPitMine-LoadSite3 to NorthPitMine-DumpSite5
2025-09-11 21:07:11,964 [INFO] Truck: Time:<23.923795275590557> Truck:[CLTruck1] Start loading at shovel NorthPitMine-LoadSite3-Shovel-1, load time is 2.5836614173228347
2025-09-11 21:07:11,966 [INFO] Truck: Time:<24.084055118110236> Truck:[OfficalTruck1] Finish unloading at dumper NorthPitMine-DumpSite1-点位0, dumper tons is 71.83868494936033
2025-09-11 21:07:11,966 [INFO] Truck: Time:<24.084055118110236> Truck:[OfficalTruck2] Finish unloading at dumper NorthPitMine-DumpSite1-点位1, dumper tons is 82.83606483076439
2025-09-11 21:07:11,966 [INFO] Road: [RoadEvent] Road from NorthPitMine-DumpSite1 to NorthPitMine-LoadSite3 is in repair，the repair will last for 43.70 mins, and will end at 67.78, vehicle on this road will have to suffer punish_distance.
2025-09-11 21:07:11,966 [DEBUG] Truck: Time:<24.084055118110236> Truck:[OfficalTruck1] Start moving to ORDER(2):NorthPitMine-LoadSite3, move distance is 4.235448395150912, speed: 25
2025-09-11 21:07:11,967 [DEBUG] Truck: Time:<24.084055118110236> Truck:[OfficalTruck2] Start moving to ORDER(2):NorthPitMine-LoadSite3, move distance is 4.371297302375618, speed: 25
2025-09-11 21:07:11,967 [INFO] Truck: Time:<22> Truck:[OfficalTruck2] breakdown for 15.232831046766888 minutes at 22
2025-09-11 21:07:11,968 [INFO] Truck: Time:<24.11932283464567> Truck:[CLTruck13] Finish unloading at dumper NorthPitMine-DumpSite5-点位1, dumper tons is 33.34720610150562
2025-09-11 21:07:11,968 [DEBUG] Truck: Time:<24.11932283464567> Truck:[CLTruck13] Start moving to ORDER(3):NorthPitMine-LoadSite4, move distance is 6.860163810798933, speed: 25
2025-09-11 21:07:11,968 [INFO] Truck: Time:<24.675826771653544> Truck:[CLTruck18] Finish loading at shovel NorthPitMine-LoadSite5-Shovel-1
2025-09-11 21:07:11,968 [INFO] Truck: Time:<24.675826771653544> Truck:[CLTruck22] Finish loading at shovel NorthPitMine-LoadSite5-Shovel-2
2025-09-11 21:07:11,969 [DEBUG] Truck: Time:<24.675826771653544> Truck:[CLTruck18] Start moving to ORDER(0): NorthPitMine-DumpSite1, move distance is 6.4994116521946275, speed: 25
2025-09-11 21:07:11,969 [INFO] Truck: Time:<24.675826771653544> Truck:[CLTruck18] is facing 0.5783109852117825 mins delay caused by 1 pre-existing jam events on Road from NorthPitMine-LoadSite5 to NorthPitMine-DumpSite1
2025-09-11 21:07:11,969 [DEBUG] Truck: Time:<24.675826771653544> Truck:[CLTruck22] Start moving to ORDER(0): NorthPitMine-DumpSite1, move distance is 7.422245680183285, speed: 25
2025-09-11 21:07:11,969 [INFO] Truck: Time:<24.675826771653544> Truck:[CLTruck22] is facing 0 mins delay caused by 1 pre-existing jam events on Road from NorthPitMine-LoadSite5 to NorthPitMine-DumpSite1
2025-09-11 21:07:11,969 [INFO] Truck: Time:<24.675826771653544> Truck:[CLTruck25] Start loading at shovel NorthPitMine-LoadSite5-Shovel-1, load time is 2.5836614173228347
2025-09-11 21:07:11,970 [INFO] Truck: Time:<24.675826771653544> Truck:[XHTruck1] Start loading at shovel NorthPitMine-LoadSite5-Shovel-2, load time is 4.060039370078741
2025-09-11 21:07:11,972 [DEBUG] Truck: Time:<25.433235305433982> Truck:[CLTruck3] Arrived at NorthPitMine-DumpSite2 at 25.433235305433982
2025-09-11 21:07:11,972 [DEBUG] Truck: Time:<25.82396631105339> Truck:[XHTruck5] Arrived at NorthPitMine-DumpSite5 at 25.82396631105339
2025-09-11 21:07:11,972 [INFO] Truck: Time:<25.875555555555554> Truck:[CLTruck9] Finish loading at shovel NorthPitMine-LoadSite2-Shovel-2
2025-09-11 21:07:11,972 [INFO] Truck: Time:<25.875555555555554> Truck:[CLTruck10] Finish loading at shovel NorthPitMine-LoadSite2-Shovel-3
2025-09-11 21:07:11,972 [INFO] Truck: Time:<25.875555555555554> Truck:[CLTruck11] Finish loading at shovel NorthPitMine-LoadSite2-Shovel-4
2025-09-11 21:07:11,972 [INFO] Truck: Time:<25.875555555555554> Truck:[CLTruck12] Finish loading at shovel NorthPitMine-LoadSite2-Shovel-5
2025-09-11 21:07:11,973 [DEBUG] Truck: Time:<25.875555555555554> Truck:[CLTruck9] Start moving to ORDER(4): NorthPitMine-DumpSite5, move distance is 3.18, speed: 25
2025-09-11 21:07:11,973 [DEBUG] Truck: Time:<25.875555555555554> Truck:[CLTruck10] Start moving to ORDER(4): NorthPitMine-DumpSite5, move distance is 3.18, speed: 25
2025-09-11 21:07:11,973 [INFO] Truck: Time:<19> Truck:[CLTruck10] breakdown for 6.617069707812202 minutes at 19
2025-09-11 21:07:11,974 [DEBUG] Truck: Time:<25.875555555555554> Truck:[CLTruck11] Start moving to ORDER(4): NorthPitMine-DumpSite5, move distance is 3.18, speed: 25
2025-09-11 21:07:11,974 [INFO] Truck: Time:<20> Truck:[CLTruck11] breakdown for 10.073753325046772 minutes at 20
2025-09-11 21:07:11,975 [DEBUG] Truck: Time:<25.875555555555554> Truck:[CLTruck12] Start moving to ORDER(4): NorthPitMine-DumpSite5, move distance is 3.18, speed: 25
2025-09-11 21:07:11,975 [INFO] Truck: Time:<25.875555555555554> Truck:[CLTruck14] Start loading at shovel NorthPitMine-LoadSite2-Shovel-2, load time is 15.555555555555555
2025-09-11 21:07:11,975 [INFO] Truck: Time:<25.875555555555554> Truck:[CLTruck16] Start loading at shovel NorthPitMine-LoadSite2-Shovel-3, load time is 15.555555555555555
2025-09-11 21:07:11,975 [INFO] Truck: Time:<25.875555555555554> Truck:[CLTruck19] Start loading at shovel NorthPitMine-LoadSite2-Shovel-4, load time is 15.555555555555555
2025-09-11 21:07:11,975 [INFO] Truck: Time:<25.875555555555554> Truck:[CLTruck23] Start loading at shovel NorthPitMine-LoadSite2-Shovel-5, load time is 15.555555555555555
2025-09-11 21:07:11,977 [INFO] Truck: Time:<26.433235305433982> Truck:[CLTruck3] Finish unloading at dumper NorthPitMine-DumpSite2-点位0, dumper tons is 221.8999088226638
2025-09-11 21:07:11,977 [DEBUG] Truck: Time:<26.433235305433982> Truck:[CLTruck3] Start moving to ORDER(2):NorthPitMine-LoadSite3, move distance is 3.41, speed: 25
2025-09-11 21:07:11,977 [INFO] Truck: Time:<26.433235305433982> Truck:[CLTruck3] is facing 8.310335325835403 mins delay caused by 1 pre-existing jam events on Road from NorthPitMine-DumpSite2 to NorthPitMine-LoadSite3
2025-09-11 21:07:11,977 [INFO] Truck: Time:<26.50745669291339> Truck:[CLTruck1] Finish loading at shovel NorthPitMine-LoadSite3-Shovel-1
2025-09-11 21:07:11,978 [DEBUG] Truck: Time:<26.50745669291339> Truck:[CLTruck1] Start moving to ORDER(4): NorthPitMine-DumpSite5, move distance is 2.9177022623717046, speed: 25
2025-09-11 21:07:11,978 [INFO] Truck: Time:<26.50745669291339> Truck:[CLTruck6] Start loading at shovel NorthPitMine-LoadSite3-Shovel-1, load time is 2.5836614173228347
2025-09-11 21:07:11,978 [INFO] Truck: Time:<26.82396631105339> Truck:[XHTruck5] Finish unloading at dumper NorthPitMine-DumpSite5-点位0, dumper tons is 197.49423508838862
2025-09-11 21:07:11,978 [DEBUG] Truck: Time:<26.82396631105339> Truck:[XHTruck5] Start moving to ORDER(3):NorthPitMine-LoadSite4, move distance is 7.555614779768207, speed: 25
2025-09-11 21:07:11,979 [DEBUG] Truck: Time:<27.17936220472441> Truck:[XHTruck3] Arrived at NorthPitMine-DumpSite5 at 27.17936220472441
2025-09-11 21:07:11,979 [INFO] Truck: Time:<27.259488188976377> Truck:[CLTruck25] Finish loading at shovel NorthPitMine-LoadSite5-Shovel-1
2025-09-11 21:07:11,980 [DEBUG] Truck: Time:<27.259488188976377> Truck:[CLTruck25] Start moving to ORDER(0): NorthPitMine-DumpSite1, move distance is 7.4989284484377565, speed: 25
2025-09-11 21:07:11,980 [INFO] Truck: Time:<8> Truck:[CLTruck25] breakdown for 6.910923232671173 minutes at 8
2025-09-11 21:07:11,980 [INFO] Truck: Time:<27.259488188976377> Truck:[XHTruck2] Start loading at shovel NorthPitMine-LoadSite5-Shovel-1, load time is 4.060039370078741
2025-09-11 21:07:11,981 [INFO] Truck: Time:<27.680881729548567> Truck:[XHTruck4] Arrived at NorthPitMine-LoadSite3 at 27.680881729548567
2025-09-11 21:07:11,982 [INFO] Truck: Time:<28.17936220472441> Truck:[XHTruck3] Finish unloading at dumper NorthPitMine-DumpSite5-点位0, dumper tons is 257.015832580689
2025-09-11 21:07:11,983 [DEBUG] Truck: Time:<28.17936220472441> Truck:[XHTruck3] Start moving to ORDER(3):NorthPitMine-LoadSite4, move distance is 7.484437251227359, speed: 25
2025-09-11 21:07:11,983 [INFO] Truck: Time:<25> Truck:[XHTruck3] breakdown for 4.7190010591981455 minutes at 25
2025-09-11 21:07:11,983 [INFO] Truck: Time:<28.735866141732284> Truck:[XHTruck1] Finish loading at shovel NorthPitMine-LoadSite5-Shovel-2
2025-09-11 21:07:11,983 [INFO] Truck: Time:<28.735866141732284> Shovel NorthPitMine-LoadSite5-Shovel-2 under maintenance for 36.47 minutes
2025-09-11 21:07:11,984 [DEBUG] Truck: Time:<28.768110236220473> Truck:[OfficalTruck4] Arrived at NorthPitMine-DumpSite1 at 28.768110236220473
2025-09-11 21:07:11,985 [INFO] Truck: Time:<29.091118110236224> Truck:[CLTruck6] Finish loading at shovel NorthPitMine-LoadSite3-Shovel-1
2025-09-11 21:07:11,985 [DEBUG] Truck: Time:<29.091118110236224> Truck:[CLTruck6] Start moving to ORDER(4): NorthPitMine-DumpSite5, move distance is 2.7865689259032247, speed: 25
2025-09-11 21:07:11,986 [INFO] Truck: Time:<24> Truck:[CLTruck6] breakdown for 11.184256861113065 minutes at 24
2025-09-11 21:07:11,986 [INFO] Truck: Time:<29.091118110236224> Truck:[XHTruck4] Start loading at shovel NorthPitMine-LoadSite3-Shovel-1, load time is 4.060039370078741
2025-09-11 21:07:11,986 [INFO] Truck: Time:<29.768110236220473> Truck:[OfficalTruck4] Finish unloading at dumper NorthPitMine-DumpSite1-点位0, dumper tons is 155.75843855805192
2025-09-11 21:07:11,987 [DEBUG] Truck: Time:<29.768110236220473> Truck:[OfficalTruck4] Start moving to ORDER(2):NorthPitMine-LoadSite3, move distance is 4.62400177643552, speed: 25
2025-09-11 21:07:11,988 [DEBUG] Truck: Time:<30.01359884021672> Truck:[XHTruck19] Arrived at NorthPitMine-DumpSite5 at 30.01359884021672
2025-09-11 21:07:11,990 [DEBUG] Truck: Time:<30.57955555555555> Truck:[CLTruck27] Arrived at NorthPitMine-DumpSite5 at 30.57955555555555
2025-09-11 21:07:11,990 [DEBUG] Truck: Time:<30.57955555555555> Truck:[CLTruck29] Arrived at NorthPitMine-DumpSite5 at 30.57955555555555
2025-09-11 21:07:11,990 [INFO] Truck: Time:<31.01359884021672> Truck:[XHTruck19] Finish unloading at dumper NorthPitMine-DumpSite5-点位0, dumper tons is 309.53418406183437
2025-09-11 21:07:11,992 [DEBUG] Truck: Time:<31.01359884021672> Truck:[XHTruck19] Start moving to ORDER(3):NorthPitMine-LoadSite4, move distance is 7.414784742918857, speed: 25
2025-09-11 21:07:11,992 [INFO] Truck: Time:<24> Truck:[XHTruck19] breakdown for 9.351185426147197 minutes at 24
2025-09-11 21:07:11,992 [INFO] Truck: Time:<31.319527559055118> Truck:[XHTruck2] Finish loading at shovel NorthPitMine-LoadSite5-Shovel-1
2025-09-11 21:07:11,993 [DEBUG] Truck: Time:<31.319527559055118> Truck:[XHTruck2] Start moving to ORDER(0): NorthPitMine-DumpSite1, move distance is 7.751011801772258, speed: 25
2025-09-11 21:07:11,993 [INFO] Truck: Time:<20> Truck:[XHTruck2] breakdown for 7.893604735415183 minutes at 20
2025-09-11 21:07:11,993 [INFO] Truck: Time:<31.319527559055118> Truck:[XHTruck10] Start loading at shovel NorthPitMine-LoadSite5-Shovel-1, load time is 4.060039370078741
2025-09-11 21:07:11,993 [INFO] Truck: Time:<31.500055118110236> Truck:[OfficalTruck7] Arrived at NorthPitMine-LoadSite4 at 31.500055118110236
2025-09-11 21:07:11,994 [INFO] Truck: Time:<31.500055118110236> Truck:[OfficalTruck7] Start loading at shovel NorthPitMine-LoadSite4-Shovel-1, load time is 5.684055118110236
2025-09-11 21:07:11,994 [INFO] Truck: Time:<31.57955555555555> Truck:[CLTruck27] Finish unloading at dumper NorthPitMine-DumpSite5-点位1, dumper tons is 65.60026576822199
2025-09-11 21:07:11,994 [INFO] Truck: Time:<31.57955555555555> Truck:[CLTruck29] Finish unloading at dumper NorthPitMine-DumpSite5-点位2, dumper tons is 34.989505478312815
2025-09-11 21:07:11,994 [DEBUG] Truck: Time:<31.57955555555555> Truck:[CLTruck27] Start moving to ORDER(3):NorthPitMine-LoadSite4, move distance is 8.407834188917397, speed: 25
2025-09-11 21:07:11,995 [DEBUG] Truck: Time:<31.57955555555555> Truck:[CLTruck29] Start moving to ORDER(3):NorthPitMine-LoadSite4, move distance is 7.898172113826035, speed: 25
2025-09-11 21:07:11,995 [INFO] Truck: Time:<31.644444444444442> Truck:[XHTruck14] Finish loading at shovel LoadSite1-Shovel-4
2025-09-11 21:07:11,995 [INFO] Truck: Time:<31.644444444444442> Truck:[XHTruck23] Finish loading at shovel LoadSite1-Shovel-5
2025-09-11 21:07:11,996 [DEBUG] Truck: Time:<31.644444444444442> Truck:[XHTruck14] Start moving to ORDER(4): NorthPitMine-DumpSite5, move distance is 3.26, speed: 25
2025-09-11 21:07:11,996 [DEBUG] Truck: Time:<31.644444444444442> Truck:[XHTruck23] Start moving to ORDER(4): NorthPitMine-DumpSite5, move distance is 3.26, speed: 25
2025-09-11 21:07:11,996 [INFO] Truck: Time:<30> Truck:[XHTruck23] breakdown for 16.197745081337693 minutes at 30
2025-09-11 21:07:11,996 [DEBUG] Truck: Time:<31.8939683607431> Truck:[CLTruck2] Arrived at NorthPitMine-DumpSite2 at 31.8939683607431
2025-09-11 21:07:11,998 [INFO] Truck: Time:<32.8939683607431> Truck:[CLTruck2] Finish unloading at dumper NorthPitMine-DumpSite2-点位0, dumper tons is 257.40510749281583
2025-09-11 21:07:12,000 [DEBUG] Truck: Time:<32.8939683607431> Truck:[CLTruck2] Start moving to ORDER(2):NorthPitMine-LoadSite3, move distance is 3.41, speed: 25
2025-09-11 21:07:12,000 [INFO] Truck: Time:<32.8939683607431> Truck:[CLTruck2] is facing 1.849602270526283 mins delay caused by 1 pre-existing jam events on Road from NorthPitMine-DumpSite2 to NorthPitMine-LoadSite3
2025-09-11 21:07:12,000 [INFO] Truck: Time:<32.898363263922555> Truck:[XHTruck3] is facing 5.786010559774937 mins delay caused by 1 pre-existing jam events on Road from NorthPitMine-DumpSite5 to NorthPitMine-LoadSite4
2025-09-11 21:07:12,000 [INFO] Truck: Time:<33.151157480314964> Truck:[XHTruck4] Finish loading at shovel NorthPitMine-LoadSite3-Shovel-1
2025-09-11 21:07:12,000 [DEBUG] Truck: Time:<33.151157480314964> Truck:[XHTruck4] Start moving to ORDER(4): NorthPitMine-DumpSite5, move distance is 2.6958353030965583, speed: 25
2025-09-11 21:07:12,000 [INFO] Truck: Time:<22> Truck:[XHTruck4] breakdown for 11.81058892116585 minutes at 22
2025-09-11 21:07:12,000 [DEBUG] Truck: Time:<33.507555555555555> Truck:[CLTruck9] Arrived at NorthPitMine-DumpSite5 at 33.507555555555555
2025-09-11 21:07:12,000 [DEBUG] Truck: Time:<33.507555555555555> Truck:[CLTruck12] Arrived at NorthPitMine-DumpSite5 at 33.507555555555555
2025-09-11 21:07:12,000 [DEBUG] Truck: Time:<33.50994212260548> Truck:[CLTruck1] Arrived at NorthPitMine-DumpSite5 at 33.50994212260548
2025-09-11 21:07:12,005 [INFO] Truck: Time:<34.17041142164755> Truck:[CLTruck25] is facing 0 mins delay caused by 1 pre-existing jam events on Road from NorthPitMine-LoadSite5 to NorthPitMine-DumpSite1
2025-09-11 21:07:12,006 [INFO] Truck: Time:<34.249131266472425> Truck:[OfficalTruck1] Arrived at NorthPitMine-LoadSite3 at 34.249131266472425
2025-09-11 21:07:12,006 [INFO] Truck: Time:<34.249131266472425> Truck:[OfficalTruck1] Start loading at shovel NorthPitMine-LoadSite3-Shovel-1, load time is 5.684055118110236
2025-09-11 21:07:12,006 [INFO] Truck: Time:<34.507555555555555> Truck:[CLTruck9] Finish unloading at dumper NorthPitMine-DumpSite5-点位0, dumper tons is 342.2590614376622
2025-09-11 21:07:12,006 [INFO] Truck: Time:<34.507555555555555> Truck:[CLTruck12] Finish unloading at dumper NorthPitMine-DumpSite5-点位1, dumper tons is 99.8111907599912
2025-09-11 21:07:12,008 [DEBUG] Truck: Time:<34.507555555555555> Truck:[CLTruck9] Start moving to ORDER(3):NorthPitMine-LoadSite4, move distance is 7.142460088815297, speed: 25
2025-09-11 21:07:12,008 [INFO] Truck: Time:<34.507555555555555> Truck:[CLTruck9] is facing 4.457794098880495 mins delay caused by 1 pre-existing jam events on Road from NorthPitMine-DumpSite5 to NorthPitMine-LoadSite4
2025-09-11 21:07:12,008 [DEBUG] Truck: Time:<34.507555555555555> Truck:[CLTruck12] Start moving to ORDER(3):NorthPitMine-LoadSite4, move distance is 8.52707843074771, speed: 25
2025-09-11 21:07:12,008 [INFO] Truck: Time:<34.507555555555555> Truck:[CLTruck12] is facing 3.320161731454945 mins delay caused by 1 pre-existing jam events on Road from NorthPitMine-DumpSite5 to NorthPitMine-LoadSite4
2025-09-11 21:07:12,008 [INFO] Truck: Time:<34.50994212260548> Truck:[CLTruck1] Finish unloading at dumper NorthPitMine-DumpSite5-点位2, dumper tons is 71.41100120670012
2025-09-11 21:07:12,010 [DEBUG] Truck: Time:<34.50994212260548> Truck:[CLTruck1] Start moving to ORDER(3):NorthPitMine-LoadSite4, move distance is 7.354050943163393, speed: 25
2025-09-11 21:07:12,010 [INFO] Truck: Time:<31> Truck:[CLTruck1] breakdown for 9.604527617799661 minutes at 31
2025-09-11 21:07:12,012 [INFO] Truck: Time:<35.37956692913386> Truck:[XHTruck10] Finish loading at shovel NorthPitMine-LoadSite5-Shovel-1
2025-09-11 21:07:12,012 [DEBUG] Truck: Time:<35.37956692913386> Truck:[XHTruck10] Start moving to ORDER(0): NorthPitMine-DumpSite1, move distance is 8.000745692960871, speed: 25
2025-09-11 21:07:12,013 [INFO] Truck: Time:<34> Truck:[XHTruck10] breakdown for 11.611601816805425 minutes at 34
2025-09-11 21:07:12,013 [INFO] Truck: Time:<35.37956692913386> Truck:[XHTruck18] Start loading at shovel NorthPitMine-LoadSite5-Shovel-1, load time is 4.060039370078741
2025-09-11 21:07:12,013 [INFO] Truck: Time:<35.3896870342696> Truck:[OfficalTruck6] is facing 0 mins delay caused by 1 pre-existing jam events on Road from NorthPitMine-LoadSite5 to NorthPitMine-DumpSite1
2025-09-11 21:07:12,014 [INFO] Truck: Time:<36.535111111111114> Truck:[CLTruck7] Finish loading at shovel NorthPitMine-LoadSite4-Shovel-2
2025-09-11 21:07:12,015 [INFO] Truck: Time:<36.535111111111114> Truck:[CLTruck17] Finish loading at shovel NorthPitMine-LoadSite4-Shovel-3
2025-09-11 21:07:12,015 [INFO] Truck: Time:<36.535111111111114> Truck:[CLTruck20] Finish loading at shovel NorthPitMine-LoadSite4-Shovel-4
2025-09-11 21:07:12,015 [INFO] Truck: Time:<36.535111111111114> Truck:[CLTruck24] Finish loading at shovel NorthPitMine-LoadSite4-Shovel-5
2025-09-11 21:07:12,016 [DEBUG] Truck: Time:<36.535111111111114> Truck:[CLTruck7] Start moving to ORDER(1): NorthPitMine-DumpSite2, move distance is 1.483838037134341, speed: 25
2025-09-11 21:07:12,016 [INFO] Truck: Time:<6> Truck:[CLTruck7] breakdown for 15.0365981883491 minutes at 6
2025-09-11 21:07:12,017 [DEBUG] Truck: Time:<36.535111111111114> Truck:[CLTruck17] Start moving to ORDER(1): NorthPitMine-DumpSite2, move distance is 1.6156890513373767, speed: 25
2025-09-11 21:07:12,017 [DEBUG] Truck: Time:<36.535111111111114> Truck:[CLTruck20] Start moving to ORDER(1): NorthPitMine-DumpSite2, move distance is 1.6311634662275143, speed: 25
2025-09-11 21:07:12,017 [INFO] Truck: Time:<36> Truck:[CLTruck20] breakdown for 10.204151561451182 minutes at 36
2025-09-11 21:07:12,017 [DEBUG] Truck: Time:<36.535111111111114> Truck:[CLTruck24] Start moving to ORDER(1): NorthPitMine-DumpSite2, move distance is 1.4971958806156793, speed: 25
2025-09-11 21:07:12,019 [INFO] Truck: Time:<29> Truck:[CLTruck24] breakdown for 14.634709958167267 minutes at 29
2025-09-11 21:07:12,019 [INFO] Truck: Time:<36.535111111111114> Truck:[XHTruck8] Start loading at shovel NorthPitMine-LoadSite4-Shovel-2, load time is 24.444444444444443
2025-09-11 21:07:12,019 [INFO] Truck: Time:<36.535111111111114> Truck:[XHTruck12] Start loading at shovel NorthPitMine-LoadSite4-Shovel-3, load time is 24.444444444444443
2025-09-11 21:07:12,019 [INFO] Truck: Time:<36.535111111111114> Truck:[XHTruck17] Start loading at shovel NorthPitMine-LoadSite4-Shovel-4, load time is 24.444444444444443
2025-09-11 21:07:12,020 [INFO] Truck: Time:<36.535111111111114> Truck:[XHTruck22] Start loading at shovel NorthPitMine-LoadSite4-Shovel-5, load time is 24.444444444444443
2025-09-11 21:07:12,020 [DEBUG] Truck: Time:<36.557479647787886> Truck:[CLTruck5] Arrived at NorthPitMine-DumpSite2 at 36.557479647787886
2025-09-11 21:07:12,023 [INFO] Truck: Time:<37.18411023622047> Truck:[OfficalTruck7] Finish loading at shovel NorthPitMine-LoadSite4-Shovel-1
2025-09-11 21:07:12,024 [DEBUG] Truck: Time:<37.18411023622047> Truck:[OfficalTruck7] Start moving to ORDER(1): NorthPitMine-DumpSite2, move distance is 1.8035963224389175, speed: 25
2025-09-11 21:07:12,024 [INFO] Truck: Time:<23> Truck:[OfficalTruck7] breakdown for 11.87634965124325 minutes at 23
2025-09-11 21:07:12,024 [INFO] Truck: Time:<37.557479647787886> Truck:[CLTruck5] Finish unloading at dumper NorthPitMine-DumpSite2-点位0, dumper tons is 291.9292758773594
2025-09-11 21:07:12,025 [DEBUG] Truck: Time:<37.557479647787886> Truck:[CLTruck5] Start moving to ORDER(2):NorthPitMine-LoadSite3, move distance is 3.41, speed: 25
2025-09-11 21:07:12,028 [DEBUG] Truck: Time:<39.05524447979262> Truck:[CLTruck28] Arrived at NorthPitMine-DumpSite5 at 39.05524447979262
2025-09-11 21:07:12,028 [INFO] Truck: Time:<39.2131322944703> Truck:[XHTruck2] is facing 0 mins delay caused by 1 pre-existing jam events on Road from NorthPitMine-LoadSite5 to NorthPitMine-DumpSite1
2025-09-11 21:07:12,028 [INFO] Truck: Time:<39.22616118774668> Truck:[CLTruck8] Arrived at NorthPitMine-LoadSite4 at 39.22616118774668
2025-09-11 21:07:12,028 [INFO] Truck: Time:<39.22616118774668> Truck:[CLTruck8] Start loading at shovel NorthPitMine-LoadSite4-Shovel-1, load time is 2.5836614173228347
2025-09-11 21:07:12,028 [INFO] Truck: Time:<39.316886164877126> Truck:[OfficalTruck2] is facing 0 mins delay caused by 1 pre-existing jam events on Road from NorthPitMine-DumpSite1 to NorthPitMine-LoadSite3
2025-09-11 21:07:12,028 [INFO] Truck: Time:<39.4396062992126> Truck:[XHTruck18] Finish loading at shovel NorthPitMine-LoadSite5-Shovel-1
2025-09-11 21:07:12,028 [DEBUG] Truck: Time:<39.4396062992126> Truck:[XHTruck18] Start moving to ORDER(0): NorthPitMine-DumpSite1, move distance is 7.286199966189435, speed: 25
2025-09-11 21:07:12,028 [INFO] Truck: Time:<25> Truck:[XHTruck18] breakdown for 8.592076665295377 minutes at 25
2025-09-11 21:07:12,028 [INFO] Truck: Time:<39.4396062992126> Truck:[XHTruck24] Start loading at shovel NorthPitMine-LoadSite5-Shovel-1, load time is 4.060039370078741
2025-09-11 21:07:12,028 [DEBUG] Truck: Time:<39.468444444444444> Truck:[XHTruck14] Arrived at NorthPitMine-DumpSite5 at 39.468444444444444
2025-09-11 21:07:12,028 [DEBUG] Truck: Time:<39.91524479964164> Truck:[CLTruck4] Arrived at NorthPitMine-DumpSite2 at 39.91524479964164
2025-09-11 21:07:12,028 [INFO] Truck: Time:<39.93318638458266> Truck:[OfficalTruck1] Finish loading at shovel NorthPitMine-LoadSite3-Shovel-1
2025-09-11 21:07:12,028 [DEBUG] Truck: Time:<39.93318638458266> Truck:[OfficalTruck1] Start moving to ORDER(4): NorthPitMine-DumpSite5, move distance is 2.8747985940987437, speed: 25
2025-09-11 21:07:12,034 [DEBUG] Truck: Time:<40.009849975416266> Truck:[OfficalTruck5] Arrived at NorthPitMine-DumpSite1 at 40.009849975416266
2025-09-11 21:07:12,034 [DEBUG] Truck: Time:<40.009849975416266> Truck:[OfficalTruck3] Arrived at NorthPitMine-DumpSite1 at 40.009849975416266
2025-09-11 21:07:12,034 [INFO] Truck: Time:<40.05524447979262> Truck:[CLTruck28] Finish unloading at dumper NorthPitMine-DumpSite5-点位0, dumper tons is 374.8003296548888
2025-09-11 21:07:12,034 [DEBUG] Truck: Time:<40.05524447979262> Truck:[CLTruck28] Start moving to ORDER(3):NorthPitMine-LoadSite4, move distance is 7.471453175517534, speed: 25
2025-09-11 21:07:12,035 [INFO] Truck: Time:<34> Truck:[CLTruck28] breakdown for 13.334538098826963 minutes at 34
2025-09-11 21:07:12,035 [DEBUG] Truck: Time:<40.124625263367754> Truck:[CLTruck10] Arrived at NorthPitMine-DumpSite5 at 40.124625263367754
2025-09-11 21:07:12,035 [INFO] Truck: Time:<40.36478426636391> Truck:[XHTruck19] is facing 10.108948814799678 mins delay caused by 4 pre-existing jam events on Road from NorthPitMine-DumpSite5 to NorthPitMine-LoadSite4
2025-09-11 21:07:12,035 [DEBUG] Truck: Time:<40.41276483432082> Truck:[CLTruck17] Arrived at NorthPitMine-DumpSite2 at 40.41276483432082
2025-09-11 21:07:12,035 [INFO] Truck: Time:<40.468444444444444> Truck:[XHTruck14] Finish unloading at dumper NorthPitMine-DumpSite5-点位1, dumper tons is 149.79038595965818
2025-09-11 21:07:12,037 [DEBUG] Truck: Time:<40.468444444444444> Truck:[XHTruck14] Start moving to ORDER(3):NorthPitMine-LoadSite4, move distance is 7.450472292662335, speed: 25
2025-09-11 21:07:12,037 [INFO] Truck: Time:<40.468444444444444> Truck:[XHTruck14] is facing 9.708631519398438 mins delay caused by 4 pre-existing jam events on Road from NorthPitMine-DumpSite5 to NorthPitMine-LoadSite4
2025-09-11 21:07:12,037 [INFO] Truck: Time:<40.58371598056311> Truck:[CLTruck13] Arrived at NorthPitMine-LoadSite4 at 40.58371598056311
2025-09-11 21:07:12,037 [DEBUG] Truck: Time:<40.85272572213243> Truck:[CLTruck18] Arrived at NorthPitMine-DumpSite1 at 40.85272572213243
2025-09-11 21:07:12,037 [INFO] Truck: Time:<40.86571449966572> Truck:[OfficalTruck4] Arrived at NorthPitMine-LoadSite3 at 40.86571449966572
2025-09-11 21:07:12,037 [INFO] Truck: Time:<40.86571449966572> Truck:[OfficalTruck4] Start loading at shovel NorthPitMine-LoadSite3-Shovel-1, load time is 5.684055118110236
2025-09-11 21:07:12,037 [INFO] Truck: Time:<40.91524479964164> Truck:[CLTruck4] Finish unloading at dumper NorthPitMine-DumpSite2-点位0, dumper tons is 323.43682308246747
2025-09-11 21:07:12,037 [DEBUG] Truck: Time:<40.91524479964164> Truck:[CLTruck4] Start moving to ORDER(2):NorthPitMine-LoadSite3, move distance is 3.41, speed: 25
2025-09-11 21:07:12,037 [INFO] Truck: Time:<40.91524479964164> Truck:[CLTruck4] is facing 0.6267244175326834 mins delay caused by 1 pre-existing jam events on Road from NorthPitMine-DumpSite2 to NorthPitMine-LoadSite3
2025-09-11 21:07:12,040 [INFO] Truck: Time:<41.009849975416266> Truck:[OfficalTruck5] Finish unloading at dumper NorthPitMine-DumpSite1-点位0, dumper tons is 227.48422358478012
2025-09-11 21:07:12,040 [INFO] Truck: Time:<41.009849975416266> Truck:[OfficalTruck3] Finish unloading at dumper NorthPitMine-DumpSite1-点位1, dumper tons is 156.75633758312406
2025-09-11 21:07:12,041 [DEBUG] Truck: Time:<41.009849975416266> Truck:[OfficalTruck5] Start moving to ORDER(2):NorthPitMine-LoadSite3, move distance is 4.5086945904235725, speed: 25
2025-09-11 21:07:12,041 [INFO] Truck: Time:<25> Truck:[OfficalTruck5] breakdown for 8.678880486827717 minutes at 25
2025-09-11 21:07:12,041 [DEBUG] Truck: Time:<41.009849975416266> Truck:[OfficalTruck3] Start moving to ORDER(2):NorthPitMine-LoadSite3, move distance is 3.6639273911292625, speed: 25
2025-09-11 21:07:12,041 [INFO] Truck: Time:<41.009849975416266> Truck:[OfficalTruck3] is facing 8.188078649994017 mins delay caused by 1 pre-existing jam events on Road from NorthPitMine-DumpSite1 to NorthPitMine-LoadSite3
2025-09-11 21:07:12,042 [INFO] Truck: Time:<41.124625263367754> Truck:[CLTruck10] Finish unloading at dumper NorthPitMine-DumpSite5-点位0, dumper tons is 407.5009535498844
2025-09-11 21:07:12,042 [DEBUG] Truck: Time:<41.124625263367754> Truck:[CLTruck10] Start moving to ORDER(3):NorthPitMine-LoadSite4, move distance is 7.891000658234077, speed: 25
2025-09-11 21:07:12,043 [INFO] Truck: Time:<40> Truck:[CLTruck10] breakdown for 14.21380543285669 minutes at 40
2025-09-11 21:07:12,043 [INFO] Truck: Time:<41.30585847558991> Truck:[CLTruck15] Arrived at NorthPitMine-LoadSite4 at 41.30585847558991
2025-09-11 21:07:12,043 [INFO] Truck: Time:<41.41276483432082> Truck:[CLTruck17] Finish unloading at dumper NorthPitMine-DumpSite2-点位1, dumper tons is 34.49443332054687
2025-09-11 21:07:12,044 [DEBUG] Truck: Time:<41.41276483432082> Truck:[CLTruck17] Start moving to ORDER(2):NorthPitMine-LoadSite3, move distance is 3.41, speed: 25
2025-09-11 21:07:12,044 [INFO] Truck: Time:<41.41276483432082> Truck:[CLTruck17] is facing 0.12920438285350677 mins delay caused by 1 pre-existing jam events on Road from NorthPitMine-DumpSite2 to NorthPitMine-LoadSite3
2025-09-11 21:07:12,044 [INFO] Truck: Time:<41.43111111111111> Truck:[CLTruck14] Finish loading at shovel NorthPitMine-LoadSite2-Shovel-2
2025-09-11 21:07:12,044 [INFO] Truck: Time:<41.43111111111111> Truck:[CLTruck16] Finish loading at shovel NorthPitMine-LoadSite2-Shovel-3
2025-09-11 21:07:12,044 [INFO] Truck: Time:<41.43111111111111> Truck:[CLTruck19] Finish loading at shovel NorthPitMine-LoadSite2-Shovel-4
2025-09-11 21:07:12,044 [INFO] Truck: Time:<41.43111111111111> Truck:[CLTruck23] Finish loading at shovel NorthPitMine-LoadSite2-Shovel-5
2025-09-11 21:07:12,045 [DEBUG] Truck: Time:<41.43111111111111> Truck:[CLTruck14] Start moving to ORDER(4): NorthPitMine-DumpSite5, move distance is 3.18, speed: 25
2025-09-11 21:07:12,045 [INFO] Truck: Time:<15> Truck:[CLTruck14] breakdown for 8.24491855768058 minutes at 15
2025-09-11 21:07:12,045 [INFO] Road: [RoadEvent] Road from NorthPitMine-LoadSite2 to NorthPitMine-DumpSite5 is in repair，the repair will last for 44.59 mins, and will end at 86.02, vehicle on this road will have to suffer punish_distance.
2025-09-11 21:07:12,045 [DEBUG] Truck: Time:<41.43111111111111> Truck:[CLTruck16] Start moving to ORDER(4): NorthPitMine-DumpSite5, move distance is 4.362163130991719, speed: 25
2025-09-11 21:07:12,045 [INFO] Truck: Time:<26> Truck:[CLTruck16] breakdown for 7.266981918395997 minutes at 26
2025-09-11 21:07:12,047 [DEBUG] Truck: Time:<41.43111111111111> Truck:[CLTruck19] Start moving to ORDER(4): NorthPitMine-DumpSite5, move distance is 4.0858813281996715, speed: 25
2025-09-11 21:07:12,047 [INFO] Truck: Time:<33> Truck:[CLTruck19] breakdown for 9.036124657572264 minutes at 33
2025-09-11 21:07:12,047 [DEBUG] Truck: Time:<41.43111111111111> Truck:[CLTruck23] Start moving to ORDER(4): NorthPitMine-DumpSite5, move distance is 4.738264954831639, speed: 25
2025-09-11 21:07:12,047 [INFO] Truck: Time:<36> Truck:[CLTruck23] breakdown for 14.627743259161322 minutes at 36
2025-09-11 21:07:12,047 [INFO] Truck: Time:<41.43111111111111> Truck:[XHTruck7] Start loading at shovel NorthPitMine-LoadSite2-Shovel-2, load time is 24.444444444444443
2025-09-11 21:07:12,047 [INFO] Truck: Time:<41.43111111111111> Truck:[XHTruck11] Start loading at shovel NorthPitMine-LoadSite2-Shovel-3, load time is 24.444444444444443
2025-09-11 21:07:12,047 [INFO] Truck: Time:<41.43111111111111> Truck:[XHTruck16] Start loading at shovel NorthPitMine-LoadSite2-Shovel-4, load time is 24.444444444444443
2025-09-11 21:07:12,047 [INFO] Truck: Time:<41.43111111111111> Truck:[XHTruck21] Start loading at shovel NorthPitMine-LoadSite2-Shovel-5, load time is 24.444444444444443
2025-09-11 21:07:12,047 [INFO] Truck: Time:<41.75822222222222> Truck:[OfficalTruck8] Finish loading at shovel NorthPitMine-LoadSite3-Shovel-2
2025-09-11 21:07:12,047 [INFO] Truck: Time:<41.75822222222222> Truck:[OfficalTruck9] Finish loading at shovel NorthPitMine-LoadSite3-Shovel-3
2025-09-11 21:07:12,047 [DEBUG] Truck: Time:<41.75822222222222> Truck:[OfficalTruck8] Start moving to ORDER(4): NorthPitMine-DumpSite5, move distance is 2.3168893044406036, speed: 25
2025-09-11 21:07:12,047 [INFO] Truck: Time:<30> Truck:[OfficalTruck8] breakdown for 9.699536755218801 minutes at 30
2025-09-11 21:07:12,047 [DEBUG] Truck: Time:<41.75822222222222> Truck:[OfficalTruck9] Start moving to ORDER(4): NorthPitMine-DumpSite5, move distance is 3.1674702808412087, speed: 25
2025-09-11 21:07:12,047 [INFO] Truck: Time:<37> Truck:[OfficalTruck9] breakdown for 5.630196780658515 minutes at 37
2025-09-11 21:07:12,047 [INFO] Truck: Time:<41.75822222222222> Truck:[CLTruck21] Start loading at shovel NorthPitMine-LoadSite3-Shovel-2, load time is 15.555555555555555
2025-09-11 21:07:12,047 [INFO] Truck: Time:<41.75822222222222> Truck:[CLTruck26] Start loading at shovel NorthPitMine-LoadSite3-Shovel-3, load time is 15.555555555555555
2025-09-11 21:07:12,047 [INFO] Truck: Time:<41.80982260506952> Truck:[CLTruck8] Finish loading at shovel NorthPitMine-LoadSite4-Shovel-1
2025-09-11 21:07:12,047 [DEBUG] Truck: Time:<41.80982260506952> Truck:[CLTruck8] Start moving to ORDER(1): NorthPitMine-DumpSite2, move distance is 1.7022502983745722, speed: 25
2025-09-11 21:07:12,047 [INFO] Truck: Time:<22> Truck:[CLTruck8] breakdown for 7.8333165391535395 minutes at 22
2025-09-11 21:07:12,047 [INFO] Truck: Time:<41.80982260506952> Truck:[CLTruck13] Start loading at shovel NorthPitMine-LoadSite4-Shovel-1, load time is 2.5836614173228347
2025-09-11 21:07:12,047 [INFO] Truck: Time:<41.85272572213243> Truck:[CLTruck18] Finish unloading at dumper NorthPitMine-DumpSite1-点位2, dumper tons is 33.87701390417239
2025-09-11 21:07:12,047 [DEBUG] Truck: Time:<41.85272572213243> Truck:[CLTruck18] Start moving to ORDER(2):NorthPitMine-LoadSite3, move distance is 4.403514113064193, speed: 25
2025-09-11 21:07:12,047 [INFO] Truck: Time:<41.85272572213243> Truck:[CLTruck18] is facing 6.144096299006346 mins delay caused by 1 pre-existing jam events on Road from NorthPitMine-DumpSite1 to NorthPitMine-LoadSite3
2025-09-11 21:07:12,053 [DEBUG] Truck: Time:<42.489216404093426> Truck:[CLTruck22] Arrived at NorthPitMine-DumpSite1 at 42.489216404093426
2025-09-11 21:07:12,054 [INFO] Truck: Time:<42.92757063126938> Truck:[CLTruck3] Arrived at NorthPitMine-LoadSite3 at 42.92757063126938
2025-09-11 21:07:12,055 [INFO] Truck: Time:<42.92757063126938> Truck:[CLTruck2] Arrived at NorthPitMine-LoadSite3 at 42.92757063126938
2025-09-11 21:07:12,055 [INFO] Truck: Time:<42.92757063126939> Truck:[XHTruck26] Arrived at NorthPitMine-LoadSite3 at 42.92757063126939
2025-09-11 21:07:12,057 [DEBUG] Truck: Time:<43.22833637821455> Truck:[XHTruck25] Arrived at NorthPitMine-DumpSite5 at 43.22833637821455
2025-09-11 21:07:12,057 [INFO] Truck: Time:<43.489216404093426> Truck:[CLTruck22] Finish unloading at dumper NorthPitMine-DumpSite1-点位0, dumper tons is 259.2514292640973
2025-09-11 21:07:12,057 [DEBUG] Truck: Time:<43.489216404093426> Truck:[CLTruck22] Start moving to ORDER(3):NorthPitMine-LoadSite4, move distance is 3.41, speed: 25
2025-09-11 21:07:12,057 [INFO] Truck: Time:<32> Truck:[CLTruck22] breakdown for 10.041371114710019 minutes at 32
2025-09-11 21:07:12,059 [INFO] Truck: Time:<43.49964566929134> Truck:[XHTruck24] Finish loading at shovel NorthPitMine-LoadSite5-Shovel-1
2025-09-11 21:07:12,059 [DEBUG] Truck: Time:<43.49964566929134> Truck:[XHTruck24] Start moving to ORDER(0): NorthPitMine-DumpSite1, move distance is 7.429510538880923, speed: 25
2025-09-11 21:07:12,059 [INFO] Truck: Time:<31> Truck:[XHTruck24] breakdown for 7.193539677800153 minutes at 31
2025-09-11 21:07:12,059 [INFO] Truck: Time:<43.49964566929134> Truck:[XHTruck32] Start loading at shovel NorthPitMine-LoadSite5-Shovel-1, load time is 4.060039370078741
2025-09-11 21:07:12,060 [DEBUG] Truck: Time:<43.58130888060232> Truck:[CLTruck11] Arrived at NorthPitMine-DumpSite5 at 43.58130888060232
2025-09-11 21:07:12,061 [INFO] Truck: Time:<44.11446974040514> Truck:[CLTruck1] is facing 1.841218829098401 mins delay caused by 4 pre-existing jam events on Road from NorthPitMine-DumpSite5 to NorthPitMine-LoadSite4
2025-09-11 21:07:12,062 [INFO] Truck: Time:<44.22833637821455> Truck:[XHTruck25] Finish unloading at dumper NorthPitMine-DumpSite5-点位0, dumper tons is 462.5356090544605
2025-09-11 21:07:12,062 [DEBUG] Truck: Time:<44.22833637821455> Truck:[XHTruck25] Start moving to ORDER(3):NorthPitMine-LoadSite4, move distance is 7.492965291031669, speed: 25
2025-09-11 21:07:12,062 [INFO] Truck: Time:<44.22833637821455> Truck:[XHTruck25] is facing 1.675624326016722 mins delay caused by 4 pre-existing jam events on Road from NorthPitMine-DumpSite5 to NorthPitMine-LoadSite4
2025-09-11 21:07:12,063 [INFO] Truck: Time:<44.39348402239236> Truck:[CLTruck13] Finish loading at shovel NorthPitMine-LoadSite4-Shovel-1
2025-09-11 21:07:12,063 [DEBUG] Truck: Time:<44.39348402239236> Truck:[CLTruck13] Start moving to ORDER(1): NorthPitMine-DumpSite2, move distance is 1.5184851319960369, speed: 25
2025-09-11 21:07:12,063 [INFO] Truck: Time:<36> Truck:[CLTruck13] breakdown for 8.66449875369381 minutes at 36
2025-09-11 21:07:12,064 [INFO] Truck: Time:<44.58130888060232> Truck:[CLTruck11] Finish unloading at dumper NorthPitMine-DumpSite5-点位1, dumper tons is 185.537954495823
2025-09-11 21:07:12,064 [DEBUG] Truck: Time:<44.58130888060232> Truck:[CLTruck11] Start moving to ORDER(3):NorthPitMine-LoadSite4, move distance is 7.354118666157281, speed: 25
2025-09-11 21:07:12,064 [INFO] Truck: Time:<36> Truck:[CLTruck11] breakdown for 13.280299422110081 minutes at 36
2025-09-11 21:07:12,065 [INFO] Truck: Time:<44.957441782497085> Truck:[XHTruck5] Arrived at NorthPitMine-LoadSite4 at 44.957441782497085
2025-09-11 21:07:12,065 [INFO] Truck: Time:<44.957441782497085> Truck:[XHTruck5] Start loading at shovel NorthPitMine-LoadSite4-Shovel-1, load time is 4.060039370078741
2025-09-11 21:07:12,067 [INFO] Truck: Time:<45.741479647787884> Truck:[CLTruck5] Arrived at NorthPitMine-LoadSite3 at 45.741479647787884
2025-09-11 21:07:12,068 [INFO] Truck: Time:<46.54976961777596> Truck:[OfficalTruck4] Finish loading at shovel NorthPitMine-LoadSite3-Shovel-1
2025-09-11 21:07:12,069 [DEBUG] Truck: Time:<46.54976961777596> Truck:[OfficalTruck4] Start moving to ORDER(4): NorthPitMine-DumpSite5, move distance is 2.7280956894070383, speed: 25
2025-09-11 21:07:12,069 [INFO] Truck: Time:<37> Truck:[OfficalTruck4] breakdown for 5.444601309517644 minutes at 37
2025-09-11 21:07:12,069 [INFO] Truck: Time:<46.54976961777596> Truck:[CLTruck3] Start loading at shovel NorthPitMine-LoadSite3-Shovel-1, load time is 2.5836614173228347
2025-09-11 21:07:12,070 [DEBUG] Truck: Time:<46.83270301041965> Truck:[OfficalTruck1] Arrived at NorthPitMine-DumpSite5 at 46.83270301041965
2025-09-11 21:07:12,070 [DEBUG] Truck: Time:<46.96314039351702> Truck:[CLTruck6] Arrived at NorthPitMine-DumpSite5 at 46.96314039351702
2025-09-11 21:07:12,070 [INFO] Truck: Time:<46.991168745939284> Truck:[XHTruck10] is facing 0 mins delay caused by 1 pre-existing jam events on Road from NorthPitMine-LoadSite5 to NorthPitMine-DumpSite1
2025-09-11 21:07:12,071 [INFO] Truck: Time:<47.199999999999996> Truck:[XHTruck33] Finish loading at shovel LoadSite1-Shovel-1
2025-09-11 21:07:12,072 [DEBUG] Truck: Time:<47.199999999999996> Truck:[XHTruck33] Start moving to ORDER(4): NorthPitMine-DumpSite5, move distance is 3.26, speed: 25
2025-09-11 21:07:12,073 [INFO] Truck: Time:<33> Truck:[XHTruck33] breakdown for 12.066035188098274 minutes at 33
2025-09-11 21:07:12,073 [INFO] Truck: Time:<47.55968503937008> Truck:[XHTruck32] Finish loading at shovel NorthPitMine-LoadSite5-Shovel-1
2025-09-11 21:07:12,073 [DEBUG] Truck: Time:<47.55968503937008> Truck:[XHTruck32] Start moving to ORDER(0): NorthPitMine-DumpSite1, move distance is 8.24078579367042, speed: 25
2025-09-11 21:07:12,073 [INFO] Truck: Time:<40> Truck:[XHTruck32] breakdown for 10.572985031005015 minutes at 40
2025-09-11 21:07:12,073 [INFO] Truck: Time:<47.83270301041965> Truck:[OfficalTruck1] Finish unloading at dumper NorthPitMine-DumpSite5-点位0, dumper tons is 535.3600891908322
2025-09-11 21:07:12,073 [DEBUG] Truck: Time:<47.83270301041965> Truck:[OfficalTruck1] Start moving to ORDER(3):NorthPitMine-LoadSite4, move distance is 8.008653134752484, speed: 25
2025-09-11 21:07:12,073 [INFO] Truck: Time:<42> Truck:[OfficalTruck1] breakdown for 12.063540710583817 minutes at 42
2025-09-11 21:07:12,073 [INFO] Truck: Time:<47.96314039351702> Truck:[CLTruck6] Finish unloading at dumper NorthPitMine-DumpSite5-点位1, dumper tons is 222.7673286802582
2025-09-11 21:07:12,073 [DEBUG] Truck: Time:<47.96314039351702> Truck:[CLTruck6] Start moving to ORDER(3):NorthPitMine-LoadSite4, move distance is 7.354667030355042, speed: 25
2025-09-11 21:07:12,073 [INFO] Truck: Time:<47.96314039351702> Truck:[CLTruck6] is facing 0 mins delay caused by 3 pre-existing jam events on Road from NorthPitMine-DumpSite5 to NorthPitMine-LoadSite4
2025-09-11 21:07:12,078 [INFO] Truck: Time:<48.03168296450798> Truck:[XHTruck18] is facing 0 mins delay caused by 1 pre-existing jam events on Road from NorthPitMine-LoadSite5 to NorthPitMine-DumpSite1
2025-09-11 21:07:12,078 [INFO] Truck: Time:<48.698093029507106> Truck:[CLTruck16] is facing 0 mins delay caused by 1 pre-existing jam events on Road from NorthPitMine-LoadSite2 to NorthPitMine-DumpSite5
2025-09-11 21:07:12,081 [INFO] Truck: Time:<49.017481152575826> Truck:[XHTruck5] Finish loading at shovel NorthPitMine-LoadSite4-Shovel-1
2025-09-11 21:07:12,081 [DEBUG] Truck: Time:<49.017481152575826> Truck:[XHTruck5] Start moving to ORDER(1): NorthPitMine-DumpSite2, move distance is 1.5005313984794904, speed: 25
2025-09-11 21:07:12,081 [INFO] Truck: Time:<47> Truck:[XHTruck5] breakdown for 10.295608146355066 minutes at 47
2025-09-11 21:07:12,081 [INFO] Truck: Time:<49.133431035098795> Truck:[CLTruck3] Finish loading at shovel NorthPitMine-LoadSite3-Shovel-1
2025-09-11 21:07:12,082 [DEBUG] Truck: Time:<49.133431035098795> Truck:[CLTruck3] Start moving to ORDER(4): NorthPitMine-DumpSite5, move distance is 2.855431672951668, speed: 25
2025-09-11 21:07:12,082 [INFO] Truck: Time:<32> Truck:[CLTruck3] breakdown for 8.587162587667006 minutes at 32
2025-09-11 21:07:12,082 [INFO] Truck: Time:<49.133431035098795> Truck:[CLTruck2] Start loading at shovel NorthPitMine-LoadSite3-Shovel-1, load time is 2.5836614173228347
2025-09-11 21:07:12,082 [INFO] Truck: Time:<49.676029668791685> Truck:[CLTruck14] is facing 0 mins delay caused by 1 pre-existing jam events on Road from NorthPitMine-LoadSite2 to NorthPitMine-DumpSite5
2025-09-11 21:07:12,082 [INFO] Truck: Time:<49.68873046224398> Truck:[OfficalTruck5] is facing 0 mins delay caused by 1 pre-existing jam events on Road from NorthPitMine-DumpSite1 to NorthPitMine-LoadSite3
2025-09-11 21:07:12,082 [INFO] Truck: Time:<49.725969217174324> Truck:[CLTruck4] Arrived at NorthPitMine-LoadSite3 at 49.725969217174324
2025-09-11 21:07:12,082 [INFO] Truck: Time:<49.725969217174324> Truck:[CLTruck17] Arrived at NorthPitMine-LoadSite3 at 49.725969217174324
2025-09-11 21:07:12,082 [INFO] Truck: Time:<49.80799969057861> Truck:[OfficalTruck2] Arrived at NorthPitMine-LoadSite3 at 49.80799969057861
2025-09-11 21:07:12,087 [INFO] Truck: Time:<50.46723576868337> Truck:[CLTruck19] is facing 0 mins delay caused by 2 pre-existing jam events on Road from NorthPitMine-LoadSite2 to NorthPitMine-DumpSite5
2025-09-11 21:07:12,087 [INFO] Truck: Time:<50.535168628738035> Truck:[CLTruck29] Arrived at NorthPitMine-LoadSite4 at 50.535168628738035
2025-09-11 21:07:12,087 [INFO] Truck: Time:<50.535168628738035> Truck:[CLTruck29] Start loading at shovel NorthPitMine-LoadSite4-Shovel-1, load time is 2.5836614173228347
2025-09-11 21:07:12,087 [DEBUG] Truck: Time:<50.65405499150833> Truck:[CLTruck20] Arrived at NorthPitMine-DumpSite2 at 50.65405499150833
2025-09-11 21:07:12,088 [INFO] Truck: Time:<50.69318534709149> Truck:[XHTruck24] is facing 0 mins delay caused by 1 pre-existing jam events on Road from NorthPitMine-LoadSite5 to NorthPitMine-DumpSite1
2025-09-11 21:07:12,089 [DEBUG] Truck: Time:<51.43175112891255> Truck:[XHTruck4] Arrived at NorthPitMine-DumpSite5 at 51.43175112891255
2025-09-11 21:07:12,089 [INFO] Truck: Time:<51.457758977441024> Truck:[OfficalTruck8] is facing 11.610865318184793 mins delay caused by 1 pre-existing jam events on Road from NorthPitMine-LoadSite3 to NorthPitMine-DumpSite5
2025-09-11 21:07:12,090 [INFO] Truck: Time:<51.65405499150833> Truck:[CLTruck20] Finish unloading at dumper NorthPitMine-DumpSite2-点位0, dumper tons is 355.8127775437521
2025-09-11 21:07:12,090 [INFO] Road: [RoadEvent] Road from NorthPitMine-DumpSite2 to NorthPitMine-LoadSite3 is in repair，the repair will last for 37.03 mins, and will end at 88.68, vehicle on this road will have to suffer punish_distance.
2025-09-11 21:07:12,091 [DEBUG] Truck: Time:<51.65405499150833> Truck:[CLTruck20] Start moving to ORDER(2):NorthPitMine-LoadSite3, move distance is 4.934074835068881, speed: 25
2025-09-11 21:07:12,091 [INFO] Truck: Time:<51.71709245242163> Truck:[CLTruck2] Finish loading at shovel NorthPitMine-LoadSite3-Shovel-1
2025-09-11 21:07:12,091 [DEBUG] Truck: Time:<51.71709245242163> Truck:[CLTruck2] Start moving to ORDER(4): NorthPitMine-DumpSite5, move distance is 2.7808883645735043, speed: 25
2025-09-11 21:07:12,091 [INFO] Truck: Time:<50> Truck:[CLTruck2] breakdown for 7.914514441117481 minutes at 50
2025-09-11 21:07:12,091 [INFO] Truck: Time:<51.71709245242163> Truck:[XHTruck26] Start loading at shovel NorthPitMine-LoadSite3-Shovel-1, load time is 4.060039370078741
2025-09-11 21:07:12,091 [INFO] Truck: Time:<51.758357608957304> Truck:[CLTruck27] Arrived at NorthPitMine-LoadSite4 at 51.758357608957304
2025-09-11 21:07:12,091 [INFO] Truck: Time:<51.9943709272936> Truck:[OfficalTruck4] is facing 10.093285343655534 mins delay caused by 1 pre-existing jam events on Road from NorthPitMine-LoadSite3 to NorthPitMine-DumpSite5
2025-09-11 21:07:12,091 [DEBUG] Truck: Time:<52.16783969789817> Truck:[CLTruck25] Arrived at NorthPitMine-DumpSite1 at 52.16783969789817
2025-09-11 21:07:12,091 [DEBUG] Truck: Time:<52.194380892724396> Truck:[OfficalTruck6] Arrived at NorthPitMine-DumpSite1 at 52.194380892724396
2025-09-11 21:07:12,091 [INFO] Truck: Time:<52.43175112891255> Truck:[XHTruck4] Finish unloading at dumper NorthPitMine-DumpSite5-点位0, dumper tons is 595.2852963034634
2025-09-11 21:07:12,096 [DEBUG] Truck: Time:<52.43175112891255> Truck:[XHTruck4] Start moving to ORDER(3):NorthPitMine-LoadSite4, move distance is 7.350243420949929, speed: 25
2025-09-11 21:07:12,096 [INFO] Truck: Time:<46> Truck:[XHTruck4] breakdown for 10.668771948712996 minutes at 46
2025-09-11 21:07:12,098 [INFO] Truck: Time:<53.11883004606087> Truck:[CLTruck29] Finish loading at shovel NorthPitMine-LoadSite4-Shovel-1
2025-09-11 21:07:12,099 [DEBUG] Truck: Time:<53.11883004606087> Truck:[CLTruck29] Start moving to ORDER(1): NorthPitMine-DumpSite2, move distance is 1.6979434776994249, speed: 25
2025-09-11 21:07:12,099 [INFO] Truck: Time:<36> Truck:[CLTruck29] breakdown for 13.774450727414004 minutes at 36
2025-09-11 21:07:12,099 [INFO] Truck: Time:<53.11883004606087> Truck:[CLTruck27] Start loading at shovel NorthPitMine-LoadSite4-Shovel-1, load time is 2.5836614173228347
2025-09-11 21:07:12,099 [INFO] Truck: Time:<53.16783969789817> Truck:[CLTruck25] Finish unloading at dumper NorthPitMine-DumpSite1-点位0, dumper tons is 294.6998573835067
2025-09-11 21:07:12,100 [DEBUG] Truck: Time:<53.16783969789817> Truck:[CLTruck25] Start moving to ORDER(2):NorthPitMine-LoadSite3, move distance is 4.432465043711914, speed: 25
2025-09-11 21:07:12,100 [INFO] Truck: Time:<45> Truck:[CLTruck25] breakdown for 11.450856627834106 minutes at 45
2025-09-11 21:07:12,100 [INFO] Truck: Time:<53.194380892724396> Truck:[OfficalTruck6] Finish unloading at dumper NorthPitMine-DumpSite1-点位1, dumper tons is 240.23596775035523
2025-09-11 21:07:12,101 [DEBUG] Truck: Time:<53.194380892724396> Truck:[OfficalTruck6] Start moving to ORDER(2):NorthPitMine-LoadSite3, move distance is 4.217626299277877, speed: 25
2025-09-11 21:07:12,101 [INFO] Truck: Time:<37> Truck:[OfficalTruck6] breakdown for 8.707171208783867 minutes at 37
2025-09-11 21:07:12,101 [DEBUG] Truck: Time:<53.389091061317124> Truck:[OfficalTruck7] Arrived at NorthPitMine-DumpSite2 at 53.389091061317124
2025-09-11 21:07:12,101 [INFO] Truck: Time:<53.38978257861958> Truck:[CLTruck28] is facing 0 mins delay caused by 2 pre-existing jam events on Road from NorthPitMine-DumpSite5 to NorthPitMine-LoadSite4
2025-09-11 21:07:12,101 [DEBUG] Truck: Time:<53.72853986032203> Truck:[CLTruck8] Arrived at NorthPitMine-DumpSite2 at 53.72853986032203
2025-09-11 21:07:12,104 [INFO] Truck: Time:<54.389091061317124> Truck:[OfficalTruck7] Finish unloading at dumper NorthPitMine-DumpSite2-点位0, dumper tons is 427.13081488354396
2025-09-11 21:07:12,104 [INFO] Road: [RoadEvent] Road from NorthPitMine-DumpSite2 to NorthPitMine-LoadSite5 is in repair，the repair will last for 39.12 mins, and will end at 93.51, vehicle on this road will have to suffer punish_distance.
2025-09-11 21:07:12,105 [DEBUG] Truck: Time:<54.389091061317124> Truck:[OfficalTruck7] Start moving to ORDER(4):NorthPitMine-LoadSite5, move distance is 8.527509572206485, speed: 25
2025-09-11 21:07:12,105 [INFO] Truck: Time:<51> Truck:[OfficalTruck7] breakdown for 10.36785242890784 minutes at 51
2025-09-11 21:07:12,105 [INFO] Truck: Time:<54.72853986032203> Truck:[CLTruck8] Finish unloading at dumper NorthPitMine-DumpSite2-点位1, dumper tons is 68.91511628843585
2025-09-11 21:07:12,106 [DEBUG] Truck: Time:<54.72853986032203> Truck:[CLTruck8] Start moving to ORDER(2):NorthPitMine-LoadSite3, move distance is 4.644881901770682, speed: 25
2025-09-11 21:07:12,106 [INFO] Truck: Time:<51> Truck:[CLTruck8] breakdown for 13.18917761567375 minutes at 51
2025-09-11 21:07:12,106 [DEBUG] Truck: Time:<54.763091182756014> Truck:[CLTruck24] Arrived at NorthPitMine-DumpSite2 at 54.763091182756014
2025-09-11 21:07:12,106 [DEBUG] Truck: Time:<54.99034767689964> Truck:[OfficalTruck9] Arrived at NorthPitMine-DumpSite5 at 54.99034767689964
2025-09-11 21:07:12,109 [DEBUG] Truck: Time:<55.13292058858263> Truck:[CLTruck7] Arrived at NorthPitMine-DumpSite2 at 55.13292058858263
2025-09-11 21:07:12,109 [INFO] Truck: Time:<55.33843069622444> Truck:[CLTruck10] is facing 3.551825277064978 mins delay caused by 4 pre-existing jam events on Road from NorthPitMine-DumpSite5 to NorthPitMine-LoadSite4
2025-09-11 21:07:12,109 [DEBUG] Truck: Time:<55.66618952578213> Truck:[XHTruck23] Arrived at NorthPitMine-DumpSite5 at 55.66618952578213
2025-09-11 21:07:12,109 [INFO] Truck: Time:<55.70249146338371> Truck:[CLTruck27] Finish loading at shovel NorthPitMine-LoadSite4-Shovel-1
2025-09-11 21:07:12,111 [DEBUG] Truck: Time:<55.70249146338371> Truck:[CLTruck27] Start moving to ORDER(1): NorthPitMine-DumpSite2, move distance is 1.17, speed: 25
2025-09-11 21:07:12,111 [INFO] Truck: Time:<51> Truck:[CLTruck27] breakdown for 10.39599095348115 minutes at 51
2025-09-11 21:07:12,111 [INFO] Truck: Time:<55.763091182756014> Truck:[CLTruck24] Finish unloading at dumper NorthPitMine-DumpSite2-点位0, dumper tons is 463.4979395797615
2025-09-11 21:07:12,113 [DEBUG] Truck: Time:<55.763091182756014> Truck:[CLTruck24] Start moving to ORDER(2):NorthPitMine-LoadSite3, move distance is 4.802429035174217, speed: 25
2025-09-11 21:07:12,113 [INFO] Truck: Time:<55.77713182250037> Truck:[XHTruck26] Finish loading at shovel NorthPitMine-LoadSite3-Shovel-1
2025-09-11 21:07:12,114 [INFO] Truck: Time:<55.77713182250037> Shovel NorthPitMine-LoadSite3-Shovel-1 under maintenance for 43.55 minutes
2025-09-11 21:07:12,114 [INFO] Truck: Time:<55.99034767689964> Truck:[OfficalTruck9] Finish unloading at dumper NorthPitMine-DumpSite5-点位0, dumper tons is 674.7961432524444
2025-09-11 21:07:12,115 [DEBUG] Truck: Time:<55.99034767689964> Truck:[OfficalTruck9] Start moving to ORDER(3):NorthPitMine-LoadSite4, move distance is 7.749146511039414, speed: 25
2025-09-11 21:07:12,115 [INFO] Truck: Time:<55.99034767689964> Truck:[OfficalTruck9] is facing 3.0921142760121008 mins delay caused by 3 pre-existing jam events on Road from NorthPitMine-DumpSite5 to NorthPitMine-LoadSite4
2025-09-11 21:07:12,117 [INFO] Truck: Time:<56.05885437027243> Truck:[CLTruck23] is facing 0 mins delay caused by 2 pre-existing jam events on Road from NorthPitMine-LoadSite2 to NorthPitMine-DumpSite5
2025-09-11 21:07:12,118 [INFO] Truck: Time:<56.10725386759276> Truck:[CLTruck9] Arrived at NorthPitMine-LoadSite4 at 56.10725386759276
2025-09-11 21:07:12,118 [INFO] Truck: Time:<56.10725386759276> Truck:[CLTruck9] Start loading at shovel NorthPitMine-LoadSite4-Shovel-1, load time is 2.5836614173228347
2025-09-11 21:07:12,119 [INFO] Truck: Time:<56.13292058858263> Truck:[CLTruck7] Finish unloading at dumper NorthPitMine-DumpSite2-点位1, dumper tons is 105.89104643315267
2025-09-11 21:07:12,120 [DEBUG] Truck: Time:<56.13292058858263> Truck:[CLTruck7] Start moving to ORDER(2):NorthPitMine-LoadSite3, move distance is 4.577774603935651, speed: 25
2025-09-11 21:07:12,120 [INFO] Truck: Time:<56.13292058858263> Truck:[CLTruck7] is facing 0.5166872237417568 mins delay caused by 1 pre-existing jam events on Road from NorthPitMine-DumpSite2 to NorthPitMine-LoadSite3
2025-09-11 21:07:12,120 [INFO] Truck: Time:<56.64702322664316> Truck:[XHTruck3] Arrived at NorthPitMine-LoadSite4 at 56.64702322664316
2025-09-11 21:07:12,120 [INFO] Truck: Time:<56.66618952578213> Truck:[XHTruck23] Finish unloading at dumper NorthPitMine-DumpSite5-点位1, dumper tons is 273.3139334280184
2025-09-11 21:07:12,120 [DEBUG] Truck: Time:<56.66618952578213> Truck:[XHTruck23] Start moving to ORDER(3):NorthPitMine-LoadSite4, move distance is 8.582775128156584, speed: 25
2025-09-11 21:07:12,120 [INFO] Truck: Time:<56.66618952578213> Truck:[XHTruck23] is facing 1.2867432017744544 mins delay caused by 3 pre-existing jam events on Road from NorthPitMine-DumpSite5 to NorthPitMine-LoadSite4
2025-09-11 21:07:12,120 [DEBUG] Truck: Time:<56.70234709287665> Truck:[CLTruck13] Arrived at NorthPitMine-DumpSite2 at 56.70234709287665
2025-09-11 21:07:12,125 [DEBUG] Truck: Time:<57.30802966879168> Truck:[CLTruck14] Arrived at NorthPitMine-DumpSite5 at 57.30802966879168
2025-09-11 21:07:12,125 [INFO] Truck: Time:<57.31377777777778> Truck:[CLTruck21] Finish loading at shovel NorthPitMine-LoadSite3-Shovel-2
2025-09-11 21:07:12,125 [INFO] Truck: Time:<57.31377777777778> Truck:[CLTruck26] Finish loading at shovel NorthPitMine-LoadSite3-Shovel-3
2025-09-11 21:07:12,126 [DEBUG] Truck: Time:<57.31377777777778> Truck:[CLTruck21] Start moving to ORDER(4): NorthPitMine-DumpSite5, move distance is 2.6975954378142863, speed: 25
2025-09-11 21:07:12,126 [INFO] Truck: Time:<31> Truck:[CLTruck21] breakdown for 8.209427738920613 minutes at 31
2025-09-11 21:07:12,127 [DEBUG] Truck: Time:<57.31377777777778> Truck:[CLTruck26] Start moving to ORDER(4): NorthPitMine-DumpSite5, move distance is 2.844243127166116, speed: 25
2025-09-11 21:07:12,127 [INFO] Truck: Time:<55> Truck:[CLTruck26] breakdown for 8.17756404458224 minutes at 55
2025-09-11 21:07:12,128 [INFO] Truck: Time:<57.31377777777778> Truck:[XHTruck9] Start loading at shovel NorthPitMine-LoadSite3-Shovel-2, load time is 24.444444444444443
2025-09-11 21:07:12,128 [INFO] Truck: Time:<57.31377777777778> Truck:[XHTruck15] Start loading at shovel NorthPitMine-LoadSite3-Shovel-3, load time is 24.444444444444443
2025-09-11 21:07:12,128 [INFO] Truck: Time:<57.70234709287665> Truck:[CLTruck13] Finish unloading at dumper NorthPitMine-DumpSite2-点位0, dumper tons is 497.6854502123076
2025-09-11 21:07:12,128 [DEBUG] Truck: Time:<57.70234709287665> Truck:[CLTruck13] Start moving to ORDER(2):NorthPitMine-LoadSite3, move distance is 5.098386855321077, speed: 25
2025-09-11 21:07:12,128 [INFO] Truck: Time:<57.70234709287665> Truck:[CLTruck13] is facing 9.608857750061437 mins delay caused by 2 pre-existing jam events on Road from NorthPitMine-DumpSite2 to NorthPitMine-LoadSite3
2025-09-11 21:07:12,128 [INFO] Truck: Time:<57.720593622765804> Truck:[CLTruck3] is facing 4.0632917613128985 mins delay caused by 2 pre-existing jam events on Road from NorthPitMine-LoadSite3 to NorthPitMine-DumpSite5
2025-09-11 21:07:12,128 [DEBUG] Truck: Time:<57.815560618723715> Truck:[XHTruck2] Arrived at NorthPitMine-DumpSite1 at 57.815560618723715
2025-09-11 21:07:12,131 [INFO] Truck: Time:<57.861608302712405> Truck:[CLTruck11] is facing 1.7560985859675569 mins delay caused by 3 pre-existing jam events on Road from NorthPitMine-DumpSite5 to NorthPitMine-LoadSite4
2025-09-11 21:07:12,131 [INFO] Truck: Time:<57.99135436412051> Truck:[OfficalTruck3] Arrived at NorthPitMine-LoadSite3 at 57.99135436412051
2025-09-11 21:07:12,132 [INFO] Truck: Time:<58.1326700703751> Truck:[XHTruck32] is facing 0 mins delay caused by 3 pre-existing jam events on Road from NorthPitMine-LoadSite5 to NorthPitMine-DumpSite1
2025-09-11 21:07:12,133 [INFO] Truck: Time:<58.292705520805> Truck:[CLTruck12] Arrived at NorthPitMine-LoadSite4 at 58.292705520805
2025-09-11 21:07:12,133 [INFO] Truck: Time:<58.30802966879168> Truck:[CLTruck14] Finish unloading at dumper NorthPitMine-DumpSite5-点位0, dumper tons is 706.9459458268898
2025-09-11 21:07:12,134 [DEBUG] Truck: Time:<58.30802966879168> Truck:[CLTruck14] Start moving to ORDER(3):NorthPitMine-LoadSite4, move distance is 8.00616597867998, speed: 25
2025-09-11 21:07:12,134 [INFO] Truck: Time:<58.30802966879168> Truck:[CLTruck14] is facing 0.42618248292058425 mins delay caused by 3 pre-existing jam events on Road from NorthPitMine-DumpSite5 to NorthPitMine-LoadSite4
2025-09-11 21:07:12,134 [INFO] Truck: Time:<58.56525589249284> Truck:[CLTruck18] Arrived at NorthPitMine-LoadSite3 at 58.56525589249284
2025-09-11 21:07:12,134 [INFO] Truck: Time:<58.6909152849156> Truck:[CLTruck9] Finish loading at shovel NorthPitMine-LoadSite4-Shovel-1
2025-09-11 21:07:12,135 [DEBUG] Truck: Time:<58.6909152849156> Truck:[CLTruck9] Start moving to ORDER(1): NorthPitMine-DumpSite2, move distance is 1.17, speed: 25
2025-09-11 21:07:12,135 [INFO] Truck: Time:<54> Truck:[CLTruck9] breakdown for 12.540676067369821 minutes at 54
2025-09-11 21:07:12,135 [INFO] Truck: Time:<58.6909152849156> Truck:[XHTruck3] Start loading at shovel NorthPitMine-LoadSite4-Shovel-1, load time is 4.060039370078741
2025-09-11 21:07:12,135 [INFO] Truck: Time:<58.815560618723715> Truck:[XHTruck2] Finish unloading at dumper NorthPitMine-DumpSite1-点位0, dumper tons is 346.6369483534231
2025-09-11 21:07:12,136 [DEBUG] Truck: Time:<58.815560618723715> Truck:[XHTruck2] Start moving to ORDER(3):NorthPitMine-LoadSite4, move distance is 3.41, speed: 25
2025-09-11 21:07:12,136 [INFO] Truck: Time:<42> Truck:[XHTruck2] breakdown for 10.366860277052915 minutes at 42
2025-09-11 21:07:12,137 [DEBUG] Truck: Time:<59.167284543887234> Truck:[CLTruck16] Arrived at NorthPitMine-DumpSite5 at 59.167284543887234
2025-09-11 21:07:12,137 [INFO] Truck: Time:<59.31308929893089> Truck:[XHTruck5] is facing 5.452320979090785 mins delay caused by 1 pre-existing jam events on Road from NorthPitMine-LoadSite4 to NorthPitMine-DumpSite2
2025-09-11 21:07:12,138 [INFO] Truck: Time:<59.631606893539114> Truck:[CLTruck2] is facing 2.3301079325083967 mins delay caused by 2 pre-existing jam events on Road from NorthPitMine-LoadSite3 to NorthPitMine-DumpSite5
2025-09-11 21:07:12,138 [INFO] Truck: Time:<59.896243721003465> Truck:[OfficalTruck1] is facing 0 mins delay caused by 2 pre-existing jam events on Road from NorthPitMine-DumpSite5 to NorthPitMine-LoadSite4
2025-09-11 21:07:12,140 [INFO] Truck: Time:<60.167284543887234> Truck:[CLTruck16] Finish unloading at dumper NorthPitMine-DumpSite5-点位0, dumper tons is 745.035875790682
2025-09-11 21:07:12,140 [DEBUG] Truck: Time:<60.167284543887234> Truck:[CLTruck16] Start moving to ORDER(3):NorthPitMine-LoadSite4, move distance is 7.187033981003597, speed: 25
2025-09-11 21:07:12,140 [INFO] Truck: Time:<58> Truck:[CLTruck16] breakdown for 10.557888842196359 minutes at 58
2025-09-11 21:07:12,140 [DEBUG] Truck: Time:<60.273350956362584> Truck:[CLTruck19] Arrived at NorthPitMine-DumpSite5 at 60.273350956362584
2025-09-11 21:07:12,140 [INFO] Truck: Time:<60.509597479260556> Truck:[OfficalTruck5] Arrived at NorthPitMine-LoadSite3 at 60.509597479260556
2025-09-11 21:07:12,141 [INFO] Truck: Time:<60.97955555555556> Truck:[XHTruck8] Finish loading at shovel NorthPitMine-LoadSite4-Shovel-2
2025-09-11 21:07:12,141 [INFO] Truck: Time:<60.97955555555556> Truck:[XHTruck12] Finish loading at shovel NorthPitMine-LoadSite4-Shovel-3
2025-09-11 21:07:12,141 [INFO] Truck: Time:<60.97955555555556> Truck:[XHTruck17] Finish loading at shovel NorthPitMine-LoadSite4-Shovel-4
2025-09-11 21:07:12,141 [INFO] Truck: Time:<60.97955555555556> Truck:[XHTruck22] Finish loading at shovel NorthPitMine-LoadSite4-Shovel-5
2025-09-11 21:07:12,142 [DEBUG] Truck: Time:<60.97955555555556> Truck:[XHTruck8] Start moving to ORDER(1): NorthPitMine-DumpSite2, move distance is 1.17, speed: 25
2025-09-11 21:07:12,142 [INFO] Truck: Time:<35> Truck:[XHTruck8] breakdown for 3.286787915084136 minutes at 35
2025-09-11 21:07:12,143 [INFO] Road: [RoadEvent] Road from NorthPitMine-LoadSite4 to NorthPitMine-DumpSite2 is in repair，the repair will last for 57.15 mins, and will end at 118.13, vehicle on this road will have to suffer punish_distance.
2025-09-11 21:07:12,143 [DEBUG] Truck: Time:<60.97955555555556> Truck:[XHTruck12] Start moving to ORDER(1): NorthPitMine-DumpSite2, move distance is 1.5967875649867245, speed: 25
2025-09-11 21:07:12,143 [INFO] Truck: Time:<56> Truck:[XHTruck12] breakdown for 4.975257857825222 minutes at 56
2025-09-11 21:07:12,144 [DEBUG] Truck: Time:<60.97955555555556> Truck:[XHTruck17] Start moving to ORDER(1): NorthPitMine-DumpSite2, move distance is 1.7924229650489791, speed: 25
2025-09-11 21:07:12,144 [INFO] Truck: Time:<36> Truck:[XHTruck17] breakdown for 11.014303237264539 minutes at 36
2025-09-11 21:07:12,145 [DEBUG] Truck: Time:<60.97955555555556> Truck:[XHTruck22] Start moving to ORDER(1): NorthPitMine-DumpSite2, move distance is 1.7003987209298541, speed: 25
2025-09-11 21:07:12,145 [INFO] Truck: Time:<47> Truck:[XHTruck22] breakdown for 7.458651320798413 minutes at 47
2025-09-11 21:07:12,146 [INFO] Truck: Time:<60.97955555555556> Truck:[XHTruck30] Start loading at shovel NorthPitMine-LoadSite4-Shovel-2, load time is 24.444444444444443
2025-09-11 21:07:12,146 [INFO] Truck: Time:<60.97955555555556> Truck:[CLTruck15] Start loading at shovel NorthPitMine-LoadSite4-Shovel-3, load time is 15.555555555555555
2025-09-11 21:07:12,146 [INFO] Truck: Time:<60.97955555555556> Truck:[CLTruck12] Start loading at shovel NorthPitMine-LoadSite4-Shovel-4, load time is 15.555555555555555
2025-09-11 21:07:12,146 [INFO] Truck: Time:<61.273350956362584> Truck:[CLTruck19] Finish unloading at dumper NorthPitMine-DumpSite5-点位0, dumper tons is 779.0018335418486
2025-09-11 21:07:12,149 [DEBUG] Truck: Time:<61.273350956362584> Truck:[CLTruck19] Start moving to ORDER(3):NorthPitMine-LoadSite4, move distance is 6.548415008866422, speed: 25
2025-09-11 21:07:12,149 [INFO] Truck: Time:<54> Truck:[CLTruck19] breakdown for 16.20592426658216 minutes at 54
2025-09-11 21:07:12,149 [INFO] Truck: Time:<61.71458751880344> Truck:[CLTruck22] Arrived at NorthPitMine-LoadSite4 at 61.71458751880344
2025-09-11 21:07:12,149 [INFO] Truck: Time:<61.71458751880344> Truck:[CLTruck22] Start loading at shovel NorthPitMine-LoadSite4-Shovel-5, load time is 15.555555555555555
2025-09-11 21:07:12,149 [INFO] Truck: Time:<61.901552101508265> Truck:[OfficalTruck6] is facing 0 mins delay caused by 2 pre-existing jam events on Road from NorthPitMine-DumpSite1 to NorthPitMine-LoadSite3
2025-09-11 21:07:12,151 [INFO] Truck: Time:<62.75095465499434> Truck:[XHTruck3] Finish loading at shovel NorthPitMine-LoadSite4-Shovel-1
2025-09-11 21:07:12,152 [DEBUG] Truck: Time:<62.75095465499434> Truck:[XHTruck3] Start moving to ORDER(1): NorthPitMine-DumpSite2, move distance is 1.5731985158119346, speed: 25
2025-09-11 21:07:12,152 [INFO] Truck: Time:<40> Truck:[XHTruck3] breakdown for 17.922930905412436 minutes at 40
2025-09-11 21:07:12,154 [INFO] Truck: Time:<63.100523077625546> Truck:[XHTruck4] is facing 0 mins delay caused by 1 pre-existing jam events on Road from NorthPitMine-DumpSite5 to NorthPitMine-LoadSite4
2025-09-11 21:07:12,155 [INFO] Truck: Time:<63.49583459567364> Truck:[CLTruck20] Arrived at NorthPitMine-LoadSite3 at 63.49583459567364
2025-09-11 21:07:12,155 [INFO] Truck: Time:<63.60541083309569> Truck:[CLTruck1] Arrived at NorthPitMine-LoadSite4 at 63.60541083309569
2025-09-11 21:07:12,155 [INFO] Truck: Time:<63.60541083309569> Truck:[CLTruck1] Start loading at shovel NorthPitMine-LoadSite4-Shovel-1, load time is 2.5836614173228347
2025-09-11 21:07:12,155 [INFO] Truck: Time:<63.88707740270728> Truck:[XHTruck25] Arrived at NorthPitMine-LoadSite4 at 63.88707740270728
2025-09-11 21:07:12,156 [INFO] Truck: Time:<64.2663434706397> Truck:[XHTruck8] is facing 1.2558149701470338 mins delay caused by 1 pre-existing jam events on Road from NorthPitMine-LoadSite4 to NorthPitMine-DumpSite2
2025-09-11 21:07:12,156 [INFO] Truck: Time:<64.61869632573227> Truck:[CLTruck25] is facing 0 mins delay caused by 2 pre-existing jam events on Road from NorthPitMine-DumpSite1 to NorthPitMine-LoadSite3
2025-09-11 21:07:12,160 [INFO] Truck: Time:<65.20952394353456> Shovel NorthPitMine-LoadSite5-Shovel-2 maintenance completed
2025-09-11 21:07:12,160 [DEBUG] Truck: Time:<65.20952394353456> Truck:[XHTruck1] Start moving to ORDER(0): NorthPitMine-DumpSite1, move distance is 7.812824518552083, speed: 25
2025-09-11 21:07:12,160 [INFO] Truck: Time:<53> Truck:[XHTruck1] breakdown for 11.33743586949336 minutes at 53
2025-09-11 21:07:12,160 [INFO] Truck: Time:<65.20952394353456> Truck:[XHTruck6] Start loading at shovel NorthPitMine-LoadSite5-Shovel-2, load time is 4.060039370078741
2025-09-11 21:07:12,160 [INFO] Truck: Time:<65.49134182236003> Truck:[CLTruck26] is facing 0 mins delay caused by 2 pre-existing jam events on Road from NorthPitMine-LoadSite3 to NorthPitMine-DumpSite5
2025-09-11 21:07:12,160 [DEBUG] Truck: Time:<65.51856288336262> Truck:[XHTruck18] Arrived at NorthPitMine-DumpSite1 at 65.51856288336262
2025-09-11 21:07:12,161 [INFO] Truck: Time:<65.5232055166984> Truck:[CLTruck21] is facing 0 mins delay caused by 2 pre-existing jam events on Road from NorthPitMine-LoadSite3 to NorthPitMine-DumpSite5
2025-09-11 21:07:12,161 [INFO] Truck: Time:<65.61434126636912> Truck:[CLTruck6] Arrived at NorthPitMine-LoadSite4 at 65.61434126636912
2025-09-11 21:07:12,161 [INFO] Truck: Time:<65.87555555555555> Truck:[XHTruck7] Finish loading at shovel NorthPitMine-LoadSite2-Shovel-2
2025-09-11 21:07:12,161 [INFO] Truck: Time:<65.87555555555555> Truck:[XHTruck11] Finish loading at shovel NorthPitMine-LoadSite2-Shovel-3
2025-09-11 21:07:12,161 [INFO] Truck: Time:<65.87555555555555> Truck:[XHTruck16] Finish loading at shovel NorthPitMine-LoadSite2-Shovel-4
2025-09-11 21:07:12,161 [INFO] Truck: Time:<65.87555555555555> Truck:[XHTruck21] Finish loading at shovel NorthPitMine-LoadSite2-Shovel-5
2025-09-11 21:07:12,163 [DEBUG] Truck: Time:<65.87555555555555> Truck:[XHTruck7] Start moving to ORDER(4): NorthPitMine-DumpSite5, move distance is 4.398652140528072, speed: 25
2025-09-11 21:07:12,163 [INFO] Truck: Time:<59> Truck:[XHTruck7] breakdown for 10.936994987978547 minutes at 59
2025-09-11 21:07:12,163 [DEBUG] Truck: Time:<65.87555555555555> Truck:[XHTruck11] Start moving to ORDER(4): NorthPitMine-DumpSite5, move distance is 4.657525560516263, speed: 25
2025-09-11 21:07:12,164 [INFO] Truck: Time:<57> Truck:[XHTruck11] breakdown for 11.294390369192897 minutes at 57
2025-09-11 21:07:12,164 [DEBUG] Truck: Time:<65.87555555555555> Truck:[XHTruck16] Start moving to ORDER(4): NorthPitMine-DumpSite5, move distance is 4.237317679371126, speed: 25
2025-09-11 21:07:12,164 [INFO] Truck: Time:<45> Truck:[XHTruck16] breakdown for 13.178554622972207 minutes at 45
2025-09-11 21:07:12,164 [DEBUG] Truck: Time:<65.87555555555555> Truck:[XHTruck21] Start moving to ORDER(4): NorthPitMine-DumpSite5, move distance is 4.454742150017369, speed: 25
2025-09-11 21:07:12,164 [INFO] Truck: Time:<56> Truck:[XHTruck21] breakdown for 5.426791194867993 minutes at 56
2025-09-11 21:07:12,164 [INFO] Truck: Time:<65.87555555555555> Truck:[XHTruck29] Start loading at shovel NorthPitMine-LoadSite2-Shovel-2, load time is 24.444444444444443
2025-09-11 21:07:12,164 [INFO] Truck: Time:<65.95481341338078> Truck:[XHTruck12] is facing 0 mins delay caused by 1 pre-existing jam events on Road from NorthPitMine-LoadSite4 to NorthPitMine-DumpSite2
2025-09-11 21:07:12,168 [INFO] Truck: Time:<66.09848241686485> Truck:[CLTruck27] is facing 0 mins delay caused by 1 pre-existing jam events on Road from NorthPitMine-LoadSite4 to NorthPitMine-DumpSite2
2025-09-11 21:07:12,168 [INFO] Truck: Time:<66.18907225041852> Truck:[CLTruck1] Finish loading at shovel NorthPitMine-LoadSite4-Shovel-1
2025-09-11 21:07:12,169 [DEBUG] Truck: Time:<66.18907225041852> Truck:[CLTruck1] Start moving to ORDER(1): NorthPitMine-DumpSite2, move distance is 1.6402358292242107, speed: 25
2025-09-11 21:07:12,169 [INFO] Truck: Time:<53> Truck:[CLTruck1] breakdown for 12.03749522971729 minutes at 53
2025-09-11 21:07:12,169 [INFO] Truck: Time:<66.18907225041852> Truck:[XHTruck25] Start loading at shovel NorthPitMine-LoadSite4-Shovel-1, load time is 4.060039370078741
2025-09-11 21:07:12,169 [DEBUG] Truck: Time:<66.19295840904537> Truck:[XHTruck10] Arrived at NorthPitMine-DumpSite1 at 66.19295840904537
2025-09-11 21:07:12,169 [INFO] Truck: Time:<66.51856288336262> Truck:[XHTruck18] Finish unloading at dumper NorthPitMine-DumpSite1-点位0, dumper tons is 397.33789760818536
2025-09-11 21:07:12,170 [DEBUG] Truck: Time:<66.51856288336262> Truck:[XHTruck18] Start moving to ORDER(2):NorthPitMine-LoadSite3, move distance is 4.033274626303801, speed: 25
2025-09-11 21:07:12,170 [INFO] Truck: Time:<66.51856288336262> Truck:[XHTruck18] is facing 0 mins delay caused by 2 pre-existing jam events on Road from NorthPitMine-DumpSite1 to NorthPitMine-LoadSite3
2025-09-11 21:07:12,170 [INFO] Truck: Time:<66.89328077347487> Truck:[CLTruck29] is facing 0 mins delay caused by 1 pre-existing jam events on Road from NorthPitMine-LoadSite4 to NorthPitMine-DumpSite2
2025-09-11 21:07:12,172 [DEBUG] Truck: Time:<67.09003518809827> Truck:[XHTruck33] Arrived at NorthPitMine-DumpSite5 at 67.09003518809827
2025-09-11 21:07:12,172 [INFO] Truck: Time:<67.19295840904537> Truck:[XHTruck10] Finish unloading at dumper NorthPitMine-DumpSite1-点位1, dumper tons is 289.87186430071995
2025-09-11 21:07:12,172 [DEBUG] Truck: Time:<67.19295840904537> Truck:[XHTruck10] Start moving to ORDER(2):NorthPitMine-LoadSite3, move distance is 3.750651228431095, speed: 25
2025-09-11 21:07:12,173 [INFO] Truck: Time:<67.19295840904537> Truck:[XHTruck10] is facing 0 mins delay caused by 1 pre-existing jam events on Road from NorthPitMine-DumpSite1 to NorthPitMine-LoadSite3
2025-09-11 21:07:12,173 [INFO] Truck: Time:<67.28892086717414> Truck:[CLTruck24] Arrived at NorthPitMine-LoadSite3 at 67.28892086717414
2025-09-11 21:07:12,173 [DEBUG] Truck: Time:<67.43069026186836> Truck:[CLTruck23] Arrived at NorthPitMine-DumpSite5 at 67.43069026186836
2025-09-11 21:07:12,174 [INFO] Truck: Time:<67.63626686176994> Truck:[CLTruck7] Arrived at NorthPitMine-LoadSite3 at 67.63626686176994
2025-09-11 21:07:12,174 [INFO] Truck: Time:<67.91771747599577> Truck:[CLTruck8] is facing 0 mins delay caused by 2 pre-existing jam events on Road from NorthPitMine-DumpSite2 to NorthPitMine-LoadSite3
2025-09-11 21:07:12,176 [INFO] Truck: Time:<68.05820946623248> Truck:[XHTruck14] Arrived at NorthPitMine-LoadSite4 at 68.05820946623248
2025-09-11 21:07:12,177 [INFO] Truck: Time:<68.09003518809827> Truck:[XHTruck33] Finish unloading at dumper NorthPitMine-DumpSite5-点位0, dumper tons is 838.251738867168
2025-09-11 21:07:12,177 [DEBUG] Truck: Time:<68.09003518809827> Truck:[XHTruck33] Start moving to ORDER(3):NorthPitMine-LoadSite4, move distance is 7.437390292054061, speed: 25
2025-09-11 21:07:12,177 [INFO] Truck: Time:<68.09003518809827> Truck:[XHTruck33] is facing 0 mins delay caused by 1 pre-existing jam events on Road from NorthPitMine-DumpSite5 to NorthPitMine-LoadSite4
2025-09-11 21:07:12,178 [INFO] Truck: Time:<68.26921646416885> Truck:[XHTruck19] Arrived at NorthPitMine-LoadSite4 at 68.26921646416885
2025-09-11 21:07:12,178 [DEBUG] Truck: Time:<68.33015844078673> Truck:[XHTruck8] Arrived at NorthPitMine-DumpSite2 at 68.33015844078673
2025-09-11 21:07:12,178 [DEBUG] Truck: Time:<68.36668563437246> Truck:[XHTruck5] Arrived at NorthPitMine-DumpSite2 at 68.36668563437246
2025-09-11 21:07:12,178 [INFO] Truck: Time:<68.43069026186836> Truck:[CLTruck23] Finish unloading at dumper NorthPitMine-DumpSite5-点位1, dumper tons is 308.57779794829776
2025-09-11 21:07:12,179 [DEBUG] Truck: Time:<68.43069026186836> Truck:[CLTruck23] Start moving to ORDER(3):NorthPitMine-LoadSite4, move distance is 8.310421051013476, speed: 25
2025-09-11 21:07:12,179 [INFO] Truck: Time:<68.43069026186836> Truck:[CLTruck23] is facing 0 mins delay caused by 1 pre-existing jam events on Road from NorthPitMine-DumpSite5 to NorthPitMine-LoadSite4
2025-09-11 21:07:12,179 [DEBUG] Truck: Time:<68.5240106404057> Truck:[XHTruck24] Arrived at NorthPitMine-DumpSite1 at 68.5240106404057
2025-09-11 21:07:12,179 [DEBUG] Truck: Time:<68.62915862628327> Truck:[OfficalTruck8] Arrived at NorthPitMine-DumpSite5 at 68.62915862628327
2025-09-11 21:07:12,179 [DEBUG] Truck: Time:<68.63508592552603> Truck:[OfficalTruck4] Arrived at NorthPitMine-DumpSite5 at 68.63508592552603
2025-09-11 21:07:12,179 [DEBUG] Truck: Time:<68.63584690102392> Truck:[CLTruck2] Arrived at NorthPitMine-DumpSite5 at 68.63584690102392
2025-09-11 21:07:12,179 [DEBUG] Truck: Time:<68.6369213991627> Truck:[CLTruck3] Arrived at NorthPitMine-DumpSite5 at 68.6369213991627
2025-09-11 21:07:12,180 [DEBUG] Truck: Time:<68.90648241686486> Truck:[CLTruck27] Arrived at NorthPitMine-DumpSite2 at 68.90648241686486
2025-09-11 21:07:12,181 [INFO] Truck: Time:<69.2695633136133> Truck:[XHTruck6] Finish loading at shovel NorthPitMine-LoadSite5-Shovel-2
2025-09-11 21:07:12,182 [DEBUG] Truck: Time:<69.2695633136133> Truck:[XHTruck6] Start moving to ORDER(0): NorthPitMine-DumpSite1, move distance is 7.871946234583886, speed: 25
2025-09-11 21:07:12,182 [INFO] Truck: Time:<44> Truck:[XHTruck6] breakdown for 14.415423967507841 minutes at 44
2025-09-11 21:07:12,182 [INFO] Truck: Time:<69.2695633136133> Truck:[XHTruck13] Start loading at shovel NorthPitMine-LoadSite5-Shovel-2, load time is 4.060039370078741
2025-09-11 21:07:12,182 [INFO] Truck: Time:<69.33015844078673> Truck:[XHTruck8] Finish unloading at dumper NorthPitMine-DumpSite2-点位0, dumper tons is 557.4133483159026
2025-09-11 21:07:12,185 [DEBUG] Truck: Time:<69.33015844078673> Truck:[XHTruck8] Start moving to ORDER(2):NorthPitMine-LoadSite3, move distance is 4.238440218238204, speed: 25
2025-09-11 21:07:12,185 [INFO] Truck: Time:<69.33015844078673> Truck:[XHTruck8] is facing 0 mins delay caused by 1 pre-existing jam events on Road from NorthPitMine-DumpSite2 to NorthPitMine-LoadSite3
2025-09-11 21:07:12,185 [INFO] Truck: Time:<69.36668563437246> Truck:[XHTruck5] Finish unloading at dumper NorthPitMine-DumpSite2-点位1, dumper tons is 158.87402587272797
2025-09-11 21:07:12,186 [DEBUG] Truck: Time:<69.36668563437246> Truck:[XHTruck5] Start moving to ORDER(2):NorthPitMine-LoadSite3, move distance is 3.8860650653785473, speed: 25
2025-09-11 21:07:12,186 [INFO] Truck: Time:<64> Truck:[XHTruck5] breakdown for 10.442363248756847 minutes at 64
2025-09-11 21:07:12,186 [INFO] Truck: Time:<69.5240106404057> Truck:[XHTruck24] Finish unloading at dumper NorthPitMine-DumpSite1-点位0, dumper tons is 454.72835188352315
2025-09-11 21:07:12,186 [DEBUG] Truck: Time:<69.5240106404057> Truck:[XHTruck24] Start moving to ORDER(2):NorthPitMine-LoadSite3, move distance is 2.98, speed: 25
2025-09-11 21:07:12,187 [INFO] Truck: Time:<59> Truck:[XHTruck24] breakdown for 8.279401197596679 minutes at 59
2025-09-11 21:07:12,187 [INFO] Truck: Time:<69.62915862628327> Truck:[OfficalTruck8] Finish unloading at dumper NorthPitMine-DumpSite5-点位0, dumper tons is 916.5962014883526
2025-09-11 21:07:12,187 [DEBUG] Truck: Time:<69.62915862628327> Truck:[OfficalTruck8] Start moving to ORDER(3):NorthPitMine-LoadSite4, move distance is 7.56595913164353, speed: 25
2025-09-11 21:07:12,188 [INFO] Truck: Time:<68> Truck:[OfficalTruck8] breakdown for 6.258302111242223 minutes at 68
2025-09-11 21:07:12,188 [INFO] Truck: Time:<69.63508592552603> Truck:[OfficalTruck4] Finish unloading at dumper NorthPitMine-DumpSite5-点位1, dumper tons is 389.8467958338892
2025-09-11 21:07:12,189 [DEBUG] Truck: Time:<69.63508592552603> Truck:[OfficalTruck4] Start moving to ORDER(3):NorthPitMine-LoadSite4, move distance is 7.050056132078561, speed: 25
2025-09-11 21:07:12,189 [INFO] Truck: Time:<69.63584690102392> Truck:[CLTruck2] Finish unloading at dumper NorthPitMine-DumpSite5-点位2, dumper tons is 104.36288746188744
2025-09-11 21:07:12,189 [DEBUG] Truck: Time:<69.63584690102392> Truck:[CLTruck2] Start moving to ORDER(3):NorthPitMine-LoadSite4, move distance is 8.208531888773916, speed: 25
2025-09-11 21:07:12,190 [INFO] Truck: Time:<69.6369213991627> Truck:[CLTruck3] Finish unloading at dumper NorthPitMine-DumpSite5-点位3, dumper tons is 36.6137030974064
2025-09-11 21:07:12,190 [DEBUG] Truck: Time:<69.6369213991627> Truck:[CLTruck3] Start moving to ORDER(3):NorthPitMine-LoadSite4, move distance is 7.977473113505814, speed: 25
2025-09-11 21:07:12,190 [INFO] Truck: Time:<60> Truck:[CLTruck3] breakdown for 9.453245904431935 minutes at 60
2025-09-11 21:07:12,191 [DEBUG] Truck: Time:<69.78710356934891> Truck:[XHTruck12] Arrived at NorthPitMine-DumpSite2 at 69.78710356934891
2025-09-11 21:07:12,191 [INFO] Truck: Time:<69.90648241686486> Truck:[CLTruck27] Finish unloading at dumper NorthPitMine-DumpSite2-点位2, dumper tons is 32.27354242971181
2025-09-11 21:07:12,191 [DEBUG] Truck: Time:<69.90648241686486> Truck:[CLTruck27] Start moving to ORDER(2):NorthPitMine-LoadSite3, move distance is 5.190490265855597, speed: 25
2025-09-11 21:07:12,191 [INFO] Truck: Time:<69.90648241686486> Truck:[CLTruck27] is facing 0 mins delay caused by 1 pre-existing jam events on Road from NorthPitMine-DumpSite2 to NorthPitMine-LoadSite3
2025-09-11 21:07:12,195 [INFO] Truck: Time:<70.24911162049726> Truck:[XHTruck25] Finish loading at shovel NorthPitMine-LoadSite4-Shovel-1
2025-09-11 21:07:12,197 [DEBUG] Truck: Time:<70.24911162049726> Truck:[XHTruck25] Start moving to ORDER(1): NorthPitMine-DumpSite2, move distance is 1.5876655171182106, speed: 25
2025-09-11 21:07:12,197 [INFO] Truck: Time:<68> Truck:[XHTruck25] breakdown for 16.403174373596425 minutes at 68
2025-09-11 21:07:12,198 [INFO] Truck: Time:<70.24911162049726> Truck:[XHTruck14] Start loading at shovel NorthPitMine-LoadSite4-Shovel-1, load time is 4.060039370078741
2025-09-11 21:07:12,198 [INFO] Truck: Time:<70.7251733860836> Truck:[CLTruck16] is facing 9.05356591746083 mins delay caused by 1 pre-existing jam events on Road from NorthPitMine-DumpSite5 to NorthPitMine-LoadSite4
2025-09-11 21:07:12,198 [INFO] Truck: Time:<70.78710356934891> Truck:[XHTruck12] Finish unloading at dumper NorthPitMine-DumpSite2-点位0, dumper tons is 616.8268814877424
2025-09-11 21:07:12,199 [DEBUG] Truck: Time:<70.78710356934891> Truck:[XHTruck12] Start moving to ORDER(2):NorthPitMine-LoadSite3, move distance is 4.770446431892944, speed: 25
2025-09-11 21:07:12,199 [INFO] Truck: Time:<70.78710356934891> Truck:[XHTruck12] is facing 1.024416822485315 mins delay caused by 1 pre-existing jam events on Road from NorthPitMine-DumpSite2 to NorthPitMine-LoadSite3
2025-09-11 21:07:12,199 [DEBUG] Truck: Time:<70.96834511995348> Truck:[CLTruck29] Arrived at NorthPitMine-DumpSite2 at 70.96834511995348
2025-09-11 21:07:12,202 [INFO] Truck: Time:<71.32127019986166> Truck:[CLTruck28] Arrived at NorthPitMine-LoadSite4 at 71.32127019986166
2025-09-11 21:07:12,202 [INFO] Truck: Time:<71.96834511995348> Truck:[CLTruck29] Finish unloading at dumper NorthPitMine-DumpSite2-点位0, dumper tons is 649.7336880268222
2025-09-11 21:07:12,203 [DEBUG] Truck: Time:<71.96834511995348> Truck:[CLTruck29] Start moving to ORDER(2):NorthPitMine-LoadSite3, move distance is 4.39923000562819, speed: 25
2025-09-11 21:07:12,203 [INFO] Truck: Time:<68> Truck:[CLTruck29] breakdown for 11.715979720209084 minutes at 68
2025-09-11 21:07:12,203 [DEBUG] Truck: Time:<71.99743456745269> Truck:[CLTruck21] Arrived at NorthPitMine-DumpSite5 at 71.99743456745269
2025-09-11 21:07:12,204 [INFO] Truck: Time:<72.02385521977517> Truck:[OfficalTruck6] Arrived at NorthPitMine-LoadSite3 at 72.02385521977517
2025-09-11 21:07:12,206 [DEBUG] Truck: Time:<72.31752532755871> Truck:[CLTruck26] Arrived at NorthPitMine-DumpSite5 at 72.31752532755871
2025-09-11 21:07:12,206 [DEBUG] Truck: Time:<72.51916380658562> Truck:[XHTruck22] Arrived at NorthPitMine-DumpSite2 at 72.51916380658562
2025-09-11 21:07:12,206 [INFO] Truck: Time:<72.99743456745269> Truck:[CLTruck21] Finish unloading at dumper NorthPitMine-DumpSite5-点位0, dumper tons is 952.7944987322791
2025-09-11 21:07:12,208 [DEBUG] Truck: Time:<72.99743456745269> Truck:[CLTruck21] Start moving to ORDER(3):NorthPitMine-LoadSite4, move distance is 7.029970485985913, speed: 25
2025-09-11 21:07:12,208 [INFO] Truck: Time:<72> Truck:[CLTruck21] breakdown for 15.75518805985072 minutes at 72
2025-09-11 21:07:12,210 [INFO] Truck: Time:<73.31752532755871> Truck:[CLTruck26] Finish unloading at dumper NorthPitMine-DumpSite5-点位1, dumper tons is 425.7844446945677
2025-09-11 21:07:12,211 [DEBUG] Truck: Time:<73.31752532755871> Truck:[CLTruck26] Start moving to ORDER(3):NorthPitMine-LoadSite4, move distance is 7.6405703316476155, speed: 25
2025-09-11 21:07:12,211 [INFO] Truck: Time:<66> Truck:[CLTruck26] breakdown for 5.477538151193497 minutes at 66
2025-09-11 21:07:12,211 [INFO] Truck: Time:<73.32960268369204> Truck:[XHTruck13] Finish loading at shovel NorthPitMine-LoadSite5-Shovel-2
2025-09-11 21:07:12,212 [DEBUG] Truck: Time:<73.32960268369204> Truck:[XHTruck13] Start moving to ORDER(0): NorthPitMine-DumpSite1, move distance is 7.632655763167158, speed: 25
2025-09-11 21:07:12,212 [INFO] Truck: Time:<70> Truck:[XHTruck13] breakdown for 11.344925881336703 minutes at 70
2025-09-11 21:07:12,213 [INFO] Truck: Time:<73.32960268369204> Truck:[XHTruck20] Start loading at shovel NorthPitMine-LoadSite5-Shovel-2, load time is 4.060039370078741
2025-09-11 21:07:12,213 [INFO] Truck: Time:<73.51916380658562> Truck:[XHTruck22] Finish unloading at dumper NorthPitMine-DumpSite2-点位0, dumper tons is 709.0055350075618
2025-09-11 21:07:12,214 [DEBUG] Truck: Time:<73.51916380658562> Truck:[XHTruck22] Start moving to ORDER(2):NorthPitMine-LoadSite3, move distance is 4.6121082286074495, speed: 25
2025-09-11 21:07:12,214 [INFO] Truck: Time:<73.51916380658562> Truck:[XHTruck22] is facing 20.030153461692507 mins delay caused by 3 pre-existing jam events on Road from NorthPitMine-DumpSite2 to NorthPitMine-LoadSite3
2025-09-11 21:07:12,214 [INFO] Truck: Time:<47> Truck:[XHTruck22] is broken down and beyond repair at NorthPitMine-DumpSite2 to NorthPitMine-LoadSite3
2025-09-11 21:07:12,214 [INFO] Truck: Truck XHTruck22 is beyond repair and will no longer participate in operations.
2025-09-11 21:07:12,217 [DEBUG] Truck: Time:<74.03959135228541> Truck:[CLTruck9] Arrived at NorthPitMine-DumpSite2 at 74.03959135228541
2025-09-11 21:07:12,217 [INFO] Truck: Time:<74.309150990576> Truck:[XHTruck14] Finish loading at shovel NorthPitMine-LoadSite4-Shovel-1
2025-09-11 21:07:12,217 [DEBUG] Truck: Time:<74.309150990576> Truck:[XHTruck14] Start moving to ORDER(1): NorthPitMine-DumpSite2, move distance is 1.627871127761242, speed: 25
2025-09-11 21:07:12,218 [INFO] Truck: Time:<66> Truck:[XHTruck14] breakdown for 11.555277815495577 minutes at 66
2025-09-11 21:07:12,218 [INFO] Truck: Time:<74.309150990576> Truck:[CLTruck28] Start loading at shovel NorthPitMine-LoadSite4-Shovel-1, load time is 2.5836614173228347
2025-09-11 21:07:12,220 [INFO] Truck: Time:<75.03959135228541> Truck:[CLTruck9] Finish unloading at dumper NorthPitMine-DumpSite2-点位0, dumper tons is 743.6352544319634
2025-09-11 21:07:12,220 [DEBUG] Truck: Time:<75.03959135228541> Truck:[CLTruck9] Start moving to ORDER(2):NorthPitMine-LoadSite3, move distance is 4.913497664549874, speed: 25
2025-09-11 21:07:12,221 [INFO] Truck: Time:<75.03959135228541> Truck:[CLTruck9] is facing 20.608021429088616 mins delay caused by 4 pre-existing jam events on Road from NorthPitMine-DumpSite2 to NorthPitMine-LoadSite3
2025-09-11 21:07:12,221 [INFO] Truck: Time:<75.25661243064087> Truck:[CLTruck25] Arrived at NorthPitMine-LoadSite3 at 75.25661243064087
2025-09-11 21:07:12,221 [INFO] Truck: Time:<75.88746073752549> Truck:[OfficalTruck8] is facing 19.272264108248752 mins delay caused by 3 pre-existing jam events on Road from NorthPitMine-DumpSite5 to NorthPitMine-LoadSite4
2025-09-11 21:07:12,223 [INFO] Truck: Time:<76.19452135728> Truck:[XHTruck10] Arrived at NorthPitMine-LoadSite3 at 76.19452135728
2025-09-11 21:07:12,224 [INFO] Truck: Time:<76.19842198649174> Truck:[XHTruck18] Arrived at NorthPitMine-LoadSite3 at 76.19842198649174
2025-09-11 21:07:12,224 [DEBUG] Truck: Time:<76.29567390893764> Truck:[XHTruck17] Arrived at NorthPitMine-DumpSite2 at 76.29567390893764
2025-09-11 21:07:12,224 [INFO] Truck: Time:<76.5351111111111> Truck:[CLTruck15] Finish loading at shovel NorthPitMine-LoadSite4-Shovel-3
2025-09-11 21:07:12,224 [INFO] Truck: Time:<76.5351111111111> Truck:[CLTruck12] Finish loading at shovel NorthPitMine-LoadSite4-Shovel-4
2025-09-11 21:07:12,224 [INFO] Truck: Time:<76.5351111111111> Shovel NorthPitMine-LoadSite4-Shovel-3 under maintenance for 39.99 minutes
2025-09-11 21:07:12,225 [DEBUG] Truck: Time:<76.5351111111111> Truck:[CLTruck12] Start moving to ORDER(1): NorthPitMine-DumpSite2, move distance is 1.4877612633177046, speed: 25
2025-09-11 21:07:12,225 [INFO] Truck: Time:<55> Truck:[CLTruck12] breakdown for 11.354882801073924 minutes at 55
2025-09-11 21:07:12,225 [INFO] Truck: Time:<76.89281240789883> Truck:[CLTruck28] Finish loading at shovel NorthPitMine-LoadSite4-Shovel-1
2025-09-11 21:07:12,226 [DEBUG] Truck: Time:<76.89281240789883> Truck:[CLTruck28] Start moving to ORDER(1): NorthPitMine-DumpSite2, move distance is 1.5443486390980938, speed: 25
2025-09-11 21:07:12,226 [INFO] Truck: Time:<76.89281240789883> Truck:[CLTruck28] is facing 4.295883914716702 mins delay caused by 2 pre-existing jam events on Road from NorthPitMine-LoadSite4 to NorthPitMine-DumpSite2
2025-09-11 21:07:12,227 [INFO] Truck: Time:<77.26759168745744> Truck:[CLTruck11] Arrived at NorthPitMine-LoadSite4 at 77.26759168745744
2025-09-11 21:07:12,228 [INFO] Truck: Time:<77.26759168745744> Truck:[CLTruck11] Start loading at shovel NorthPitMine-LoadSite4-Shovel-1, load time is 2.5836614173228347
2025-09-11 21:07:12,228 [INFO] Truck: Time:<77.270143074359> Truck:[CLTruck22] Finish loading at shovel NorthPitMine-LoadSite4-Shovel-5
2025-09-11 21:07:12,228 [DEBUG] Truck: Time:<77.270143074359> Truck:[CLTruck22] Start moving to ORDER(1): NorthPitMine-DumpSite2, move distance is 1.6495571871888417, speed: 25
2025-09-11 21:07:12,229 [INFO] Truck: Time:<66> Truck:[CLTruck22] breakdown for 10.353391323081986 minutes at 66
2025-09-11 21:07:12,229 [INFO] Truck: Time:<77.29567390893764> Truck:[XHTruck17] Finish unloading at dumper NorthPitMine-DumpSite2-点位0, dumper tons is 798.76741909303
2025-09-11 21:07:12,229 [DEBUG] Truck: Time:<77.29567390893764> Truck:[XHTruck17] Start moving to ORDER(2):NorthPitMine-LoadSite3, move distance is 4.606077838239029, speed: 25
2025-09-11 21:07:12,230 [INFO] Truck: Time:<77.29567390893764> Truck:[XHTruck17] is facing 14.500033998704044 mins delay caused by 4 pre-existing jam events on Road from NorthPitMine-DumpSite2 to NorthPitMine-LoadSite3
2025-09-11 21:07:12,230 [INFO] Truck: Time:<77.36642089577663> Truck:[XHTruck2] Arrived at NorthPitMine-LoadSite4 at 77.36642089577663
2025-09-11 21:07:12,231 [INFO] Truck: Time:<77.36642089577663> Truck:[XHTruck2] Start loading at shovel NorthPitMine-LoadSite4-Shovel-4, load time is 24.444444444444443
2025-09-11 21:07:12,231 [INFO] Truck: Time:<77.38964205377079> Truck:[XHTruck20] Finish loading at shovel NorthPitMine-LoadSite5-Shovel-2
2025-09-11 21:07:12,231 [DEBUG] Truck: Time:<77.38964205377079> Truck:[XHTruck20] Start moving to ORDER(0): NorthPitMine-DumpSite1, move distance is 6.871451671976371, speed: 25
2025-09-11 21:07:12,231 [INFO] Truck: Time:<75> Truck:[XHTruck20] breakdown for 10.466492340186017 minutes at 75
2025-09-11 21:07:12,231 [INFO] Truck: Time:<77.38964205377079> Truck:[XHTruck28] Start loading at shovel NorthPitMine-LoadSite5-Shovel-2, load time is 4.060039370078741
2025-09-11 21:07:12,231 [INFO] Truck: Time:<77.47927522294475> Truck:[CLTruck19] is facing 16.836667573613937 mins delay caused by 3 pre-existing jam events on Road from NorthPitMine-DumpSite5 to NorthPitMine-LoadSite4
2025-09-11 21:07:12,231 [INFO] Truck: Time:<77.68041357940633> Truck:[OfficalTruck9] Arrived at NorthPitMine-LoadSite4 at 77.68041357940633
2025-09-11 21:07:12,231 [INFO] Truck: Time:<77.68041357940633> Truck:[OfficalTruck9] Start loading at shovel NorthPitMine-LoadSite4-Shovel-5, load time is 34.22222222222222
2025-09-11 21:07:12,231 [INFO] Truck: Time:<77.80341183800239> Truck:[XHTruck24] is facing 0 mins delay caused by 1 pre-existing jam events on Road from NorthPitMine-DumpSite1 to NorthPitMine-LoadSite3
2025-09-11 21:07:12,231 [INFO] Truck: Time:<77.8286575530512> Truck:[CLTruck10] Arrived at NorthPitMine-LoadSite4 at 77.8286575530512
2025-09-11 21:07:12,231 [DEBUG] Truck: Time:<77.91055597518411> Truck:[XHTruck32] Arrived at NorthPitMine-DumpSite1 at 77.91055597518411
2025-09-11 21:07:12,231 [INFO] Truck: Time:<77.94901050054422> Truck:[CLTruck14] Arrived at NorthPitMine-LoadSite4 at 77.94901050054422
2025-09-11 21:07:12,235 [INFO] Truck: Time:<78.22656748013581> Truck:[CLTruck1] is facing 1.5779745501518403 mins delay caused by 2 pre-existing jam events on Road from NorthPitMine-LoadSite4 to NorthPitMine-DumpSite2
2025-09-11 21:07:12,235 [INFO] Truck: Time:<78.55159303513238> Truck:[XHTruck23] Arrived at NorthPitMine-LoadSite4 at 78.55159303513238
2025-09-11 21:07:12,235 [INFO] Truck: Time:<78.79506347875221> Truck:[CLTruck26] is facing 13.402209311197703 mins delay caused by 3 pre-existing jam events on Road from NorthPitMine-DumpSite5 to NorthPitMine-LoadSite4
2025-09-11 21:07:12,236 [INFO] Truck: Time:<78.91055597518411> Truck:[XHTruck32] Finish unloading at dumper NorthPitMine-DumpSite1-点位0, dumper tons is 507.6372437073501
2025-09-11 21:07:12,237 [DEBUG] Truck: Time:<78.91055597518411> Truck:[XHTruck32] Start moving to ORDER(2):NorthPitMine-LoadSite3, move distance is 2.98, speed: 25
2025-09-11 21:07:12,237 [INFO] Truck: Time:<69> Truck:[XHTruck32] breakdown for 9.69219720114128 minutes at 69
2025-09-11 21:07:12,239 [INFO] Truck: Time:<79.05411017852776> Truck:[XHTruck16] is facing 0 mins delay caused by 1 pre-existing jam events on Road from NorthPitMine-LoadSite2 to NorthPitMine-DumpSite5
2025-09-11 21:07:12,239 [INFO] Truck: Time:<79.0654340402454> Truck:[CLTruck8] Arrived at NorthPitMine-LoadSite3 at 79.0654340402454
2025-09-11 21:07:12,240 [INFO] Truck: Time:<79.09016730359464> Truck:[CLTruck3] is facing 12.564332589444117 mins delay caused by 4 pre-existing jam events on Road from NorthPitMine-DumpSite5 to NorthPitMine-LoadSite4
2025-09-11 21:07:12,240 [INFO] Truck: Time:<79.11701124440943> Truck:[OfficalTruck1] Arrived at NorthPitMine-LoadSite4 at 79.11701124440943
2025-09-11 21:07:12,240 [INFO] Truck: Time:<79.50241496455843> Truck:[XHTruck8] Arrived at NorthPitMine-LoadSite3 at 79.50241496455843
2025-09-11 21:07:12,241 [INFO] Truck: Time:<79.54733329570867> Truck:[CLTruck13] Arrived at NorthPitMine-LoadSite3 at 79.54733329570867
2025-09-11 21:07:12,241 [INFO] Truck: Time:<79.80904888312931> Truck:[XHTruck5] is facing 8.506314887389767 mins delay caused by 4 pre-existing jam events on Road from NorthPitMine-DumpSite2 to NorthPitMine-LoadSite3
2025-09-11 21:07:12,241 [INFO] Truck: Time:<79.85125310478027> Truck:[CLTruck11] Finish loading at shovel NorthPitMine-LoadSite4-Shovel-1
2025-09-11 21:07:12,241 [INFO] Truck: Time:<79.85125310478027> Shovel NorthPitMine-LoadSite4-Shovel-1 under maintenance for 56.95 minutes
2025-09-11 21:07:12,243 [INFO] Truck: Time:<80.67388556040677> Truck:[XHTruck3] is facing 0 mins delay caused by 2 pre-existing jam events on Road from NorthPitMine-LoadSite4 to NorthPitMine-DumpSite2
2025-09-11 21:07:12,243 [INFO] Truck: Time:<80.74110728790538> Truck:[XHTruck4] Arrived at NorthPitMine-LoadSite4 at 80.74110728790538
2025-09-11 21:07:12,246 [INFO] Truck: Time:<81.44968142384953> Truck:[XHTruck28] Finish loading at shovel NorthPitMine-LoadSite5-Shovel-2
2025-09-11 21:07:12,247 [DEBUG] Truck: Time:<81.44968142384953> Truck:[XHTruck28] Start moving to ORDER(0): NorthPitMine-DumpSite1, move distance is 7.827975832182897, speed: 25
2025-09-11 21:07:12,247 [INFO] Truck: Time:<70> Truck:[XHTruck28] breakdown for 11.883278312318977 minutes at 70
2025-09-11 21:07:12,247 [INFO] Truck: Time:<81.75822222222223> Truck:[XHTruck9] Finish loading at shovel NorthPitMine-LoadSite3-Shovel-2
2025-09-11 21:07:12,247 [INFO] Truck: Time:<81.75822222222223> Truck:[XHTruck15] Finish loading at shovel NorthPitMine-LoadSite3-Shovel-3
2025-09-11 21:07:12,248 [INFO] Truck: Time:<81.75822222222223> Shovel NorthPitMine-LoadSite3-Shovel-2 under maintenance for 46.73 minutes
2025-09-11 21:07:12,248 [DEBUG] Truck: Time:<81.75822222222223> Truck:[XHTruck15] Start moving to ORDER(4): NorthPitMine-DumpSite5, move distance is 1.86, speed: 25
2025-09-11 21:07:12,248 [INFO] Truck: Time:<62> Truck:[XHTruck15] breakdown for 13.527850083935757 minutes at 62
2025-09-11 21:07:12,249 [INFO] Truck: Time:<81.75822222222223> Truck:[XHTruck31] Start loading at shovel NorthPitMine-LoadSite3-Shovel-3, load time is 24.444444444444443
2025-09-11 21:07:12,249 [DEBUG] Truck: Time:<81.99372791046522> Truck:[XHTruck21] Arrived at NorthPitMine-DumpSite5 at 81.99372791046522
2025-09-11 21:07:12,249 [INFO] Truck: Time:<82.36365905491829> Truck:[CLTruck27] Arrived at NorthPitMine-LoadSite3 at 82.36365905491829
2025-09-11 21:07:12,249 [INFO] Truck: Time:<82.99372791046522> Truck:[XHTruck21] Finish unloading at dumper NorthPitMine-DumpSite5-点位0, dumper tons is 1005.769334750691
2025-09-11 21:07:12,252 [DEBUG] Truck: Time:<82.99372791046522> Truck:[XHTruck21] Start moving to ORDER(3):NorthPitMine-LoadSite4, move distance is 5.34, speed: 25
2025-09-11 21:07:12,252 [INFO] Truck: Time:<82.99372791046522> Truck:[XHTruck21] is facing 9.139005652385075 mins delay caused by 2 pre-existing jam events on Road from NorthPitMine-DumpSite5 to NorthPitMine-LoadSite4
2025-09-11 21:07:12,254 [INFO] Truck: Time:<83.2605918283773> Truck:[XHTruck12] Arrived at NorthPitMine-LoadSite3 at 83.2605918283773
2025-09-11 21:07:12,254 [INFO] Truck: Time:<83.68432484016256> Truck:[CLTruck29] is facing 0.17795026424880334 mins delay caused by 4 pre-existing jam events on Road from NorthPitMine-DumpSite2 to NorthPitMine-LoadSite3
2025-09-11 21:07:12,254 [DEBUG] Truck: Time:<83.74110802042576> Truck:[CLTruck1] Arrived at NorthPitMine-DumpSite2 at 83.74110802042576
2025-09-11 21:07:12,256 [DEBUG] Truck: Time:<84.44956199835542> Truck:[XHTruck3] Arrived at NorthPitMine-DumpSite2 at 84.44956199835542
2025-09-11 21:07:12,257 [INFO] Truck: Time:<84.74110802042576> Truck:[CLTruck1] Finish unloading at dumper NorthPitMine-DumpSite2-点位0, dumper tons is 831.6136222534934
2025-09-11 21:07:12,257 [DEBUG] Truck: Time:<84.74110802042576> Truck:[CLTruck1] Start moving to ORDER(2):NorthPitMine-LoadSite3, move distance is 4.980564138977497, speed: 25
2025-09-11 21:07:12,257 [INFO] Truck: Time:<84.74110802042576> Truck:[CLTruck1] is facing 8.42583701348132 mins delay caused by 3 pre-existing jam events on Road from NorthPitMine-DumpSite2 to NorthPitMine-LoadSite3
2025-09-11 21:07:12,257 [DEBUG] Truck: Time:<84.89513305645096> Truck:[CLTruck28] Arrived at NorthPitMine-DumpSite2 at 84.89513305645096
2025-09-11 21:07:12,257 [INFO] Truck: Time:<84.95541183800239> Truck:[XHTruck24] Arrived at NorthPitMine-LoadSite3 at 84.95541183800239
2025-09-11 21:07:12,259 [INFO] Truck: Time:<85.22296646352054> Truck:[OfficalTruck7] Arrived at NorthPitMine-LoadSite5 at 85.22296646352054
2025-09-11 21:07:12,262 [INFO] Truck: Time:<85.22296646352054> Truck:[OfficalTruck7] Start loading at shovel NorthPitMine-LoadSite5-Shovel-1, load time is 5.684055118110236
2025-09-11 21:07:12,262 [INFO] Truck: Time:<85.424> Truck:[XHTruck30] Finish loading at shovel NorthPitMine-LoadSite4-Shovel-2
2025-09-11 21:07:12,263 [DEBUG] Truck: Time:<85.424> Truck:[XHTruck30] Start moving to ORDER(1): NorthPitMine-DumpSite2, move distance is 1.6597803264215, speed: 25
2025-09-11 21:07:12,263 [INFO] Truck: Time:<83> Truck:[XHTruck30] breakdown for 9.15749314013842 minutes at 83
2025-09-11 21:07:12,263 [INFO] Truck: Time:<85.424> Truck:[CLTruck6] Start loading at shovel NorthPitMine-LoadSite4-Shovel-2, load time is 15.555555555555555
2025-09-11 21:07:12,263 [INFO] Truck: Time:<85.44956199835542> Truck:[XHTruck3] Finish unloading at dumper NorthPitMine-DumpSite2-点位1, dumper tons is 218.6557319617237
2025-09-11 21:07:12,264 [DEBUG] Truck: Time:<85.44956199835542> Truck:[XHTruck3] Start moving to ORDER(2):NorthPitMine-LoadSite3, move distance is 4.804102693081044, speed: 25
2025-09-11 21:07:12,265 [INFO] Truck: Time:<84> Truck:[XHTruck3] breakdown for 12.257604833975359 minutes at 84
2025-09-11 21:07:12,265 [INFO] Truck: Time:<85.86442880607157> Truck:[XHTruck14] is facing 0.31388950618313105 mins delay caused by 1 pre-existing jam events on Road from NorthPitMine-LoadSite4 to NorthPitMine-DumpSite2
2025-09-11 21:07:12,265 [INFO] Truck: Time:<85.89513305645096> Truck:[CLTruck28] Finish unloading at dumper NorthPitMine-DumpSite2-点位0, dumper tons is 865.7527382471266
2025-09-11 21:07:12,266 [DEBUG] Truck: Time:<85.89513305645096> Truck:[CLTruck28] Start moving to ORDER(2):NorthPitMine-LoadSite3, move distance is 4.029563860908502, speed: 25
2025-09-11 21:07:12,266 [INFO] Truck: Time:<77> Truck:[CLTruck28] breakdown for 9.794413600167669 minutes at 77
2025-09-11 21:07:12,266 [INFO] Truck: Time:<85.93977188902801> Truck:[XHTruck33] Arrived at NorthPitMine-LoadSite4 at 85.93977188902801
2025-09-11 21:07:12,268 [INFO] Truck: Time:<86.55522064251457> Truck:[OfficalTruck4] Arrived at NorthPitMine-LoadSite4 at 86.55522064251457
2025-09-11 21:07:12,271 [INFO] Truck: Time:<86.65228599409369> Truck:[XHTruck25] is facing 0 mins delay caused by 1 pre-existing jam events on Road from NorthPitMine-LoadSite4 to NorthPitMine-DumpSite2
2025-09-11 21:07:12,272 [DEBUG] Truck: Time:<87.36931568080148> Truck:[XHTruck7] Arrived at NorthPitMine-DumpSite5 at 87.36931568080148
2025-09-11 21:07:12,272 [INFO] Truck: Time:<87.62353439744098> Truck:[CLTruck22] is facing 0 mins delay caused by 1 pre-existing jam events on Road from NorthPitMine-LoadSite4 to NorthPitMine-DumpSite2
2025-09-11 21:07:12,273 [INFO] Truck: Time:<87.85613439395681> Truck:[XHTruck20] is facing 0.1771851754522622 mins delay caused by 1 pre-existing jam events on Road from NorthPitMine-LoadSite5 to NorthPitMine-DumpSite1
2025-09-11 21:07:12,273 [INFO] Truck: Time:<87.88999391218503> Truck:[CLTruck12] is facing 0 mins delay caused by 1 pre-existing jam events on Road from NorthPitMine-LoadSite4 to NorthPitMine-DumpSite2
2025-09-11 21:07:12,276 [DEBUG] Truck: Time:<88.34800726998748> Truck:[XHTruck11] Arrived at NorthPitMine-DumpSite5 at 88.34800726998748
2025-09-11 21:07:12,276 [INFO] Truck: Time:<88.36931568080148> Truck:[XHTruck7] Finish unloading at dumper NorthPitMine-DumpSite5-点位0, dumper tons is 1061.511195905893
2025-09-11 21:07:12,277 [DEBUG] Truck: Time:<88.36931568080148> Truck:[XHTruck7] Start moving to ORDER(3):NorthPitMine-LoadSite4, move distance is 5.34, speed: 25
2025-09-11 21:07:12,277 [INFO] Truck: Time:<88.36931568080148> Truck:[XHTruck7] is facing 3.7634178820488224 mins delay caused by 3 pre-existing jam events on Road from NorthPitMine-DumpSite5 to NorthPitMine-LoadSite4
2025-09-11 21:07:12,277 [INFO] Truck: Time:<88.3757007843007> Truck:[CLTruck23] Arrived at NorthPitMine-LoadSite4 at 88.3757007843007
2025-09-11 21:07:12,277 [INFO] Truck: Time:<88.75262262730341> Truck:[CLTruck21] is facing 2.8441923670180236 mins delay caused by 3 pre-existing jam events on Road from NorthPitMine-DumpSite5 to NorthPitMine-LoadSite4
2025-09-11 21:07:12,277 [DEBUG] Truck: Time:<89.22367260901846> Truck:[XHTruck16] Arrived at NorthPitMine-DumpSite5 at 89.22367260901846
2025-09-11 21:07:12,277 [INFO] Truck: Time:<89.33632343408132> Truck:[CLTruck2] Arrived at NorthPitMine-LoadSite4 at 89.33632343408132
2025-09-11 21:07:12,277 [INFO] Truck: Time:<89.34800726998748> Truck:[XHTruck11] Finish unloading at dumper NorthPitMine-DumpSite5-点位1, dumper tons is 479.52203556563427
2025-09-11 21:07:12,277 [INFO] Road: [RoadEvent] Road from NorthPitMine-DumpSite5 to NorthPitMine-LoadSite4 is in repair，the repair will last for 50.24 mins, and will end at 139.59, vehicle on this road will have to suffer punish_distance.
2025-09-11 21:07:12,282 [DEBUG] Truck: Time:<89.34800726998748> Truck:[XHTruck11] Start moving to ORDER(3):NorthPitMine-LoadSite4, move distance is 7.596538499585495, speed: 25
2025-09-11 21:07:12,282 [INFO] Truck: Time:<83> Truck:[XHTruck11] breakdown for 9.508106638513668 minutes at 83
2025-09-11 21:07:12,284 [DEBUG] Truck: Time:<90.08520901888168> Truck:[XHTruck14] Arrived at NorthPitMine-DumpSite2 at 90.08520901888168
2025-09-11 21:07:12,285 [INFO] Truck: Time:<90.22367260901846> Truck:[XHTruck16] Finish unloading at dumper NorthPitMine-DumpSite5-点位0, dumper tons is 1121.6837502924388
2025-09-11 21:07:12,286 [DEBUG] Truck: Time:<90.22367260901846> Truck:[XHTruck16] Start moving to ORDER(3):NorthPitMine-LoadSite4, move distance is 7.920544768182417, speed: 25
2025-09-11 21:07:12,286 [INFO] Truck: Time:<83> Truck:[XHTruck16] breakdown for 11.49965265984841 minutes at 83
2025-09-11 21:07:12,286 [INFO] Truck: Time:<90.32> Truck:[XHTruck29] Finish loading at shovel NorthPitMine-LoadSite2-Shovel-2
2025-09-11 21:07:12,286 [DEBUG] Truck: Time:<90.32> Truck:[XHTruck29] Start moving to ORDER(4): NorthPitMine-DumpSite5, move distance is 3.18, speed: 25
2025-09-11 21:07:12,286 [INFO] Truck: Time:<79> Truck:[XHTruck29] breakdown for 9.960648862711121 minutes at 79
2025-09-11 21:07:12,286 [DEBUG] Truck: Time:<90.4626832351774> Truck:[XHTruck25] Arrived at NorthPitMine-DumpSite2 at 90.4626832351774
2025-09-11 21:07:12,289 [INFO] Truck: Time:<90.90702158163077> Truck:[OfficalTruck7] Finish loading at shovel NorthPitMine-LoadSite5-Shovel-1
2025-09-11 21:07:12,289 [DEBUG] Truck: Time:<90.90702158163077> Truck:[OfficalTruck7] Start moving to ORDER(0): NorthPitMine-DumpSite1, move distance is 5.15, speed: 25
2025-09-11 21:07:12,289 [INFO] Truck: Time:<89> Truck:[OfficalTruck7] breakdown for 7.174816544560974 minutes at 89
2025-09-11 21:07:12,292 [INFO] Truck: Time:<91.08520901888168> Truck:[XHTruck14] Finish unloading at dumper NorthPitMine-DumpSite2-点位0, dumper tons is 918.5534299053611
2025-09-11 21:07:12,292 [DEBUG] Truck: Time:<91.08520901888168> Truck:[XHTruck14] Start moving to ORDER(2):NorthPitMine-LoadSite3, move distance is 3.41, speed: 25
2025-09-11 21:07:12,293 [INFO] Truck: Time:<91.08520901888168> Truck:[XHTruck14] is facing 8.48844870430975 mins delay caused by 5 pre-existing jam events on Road from NorthPitMine-DumpSite2 to NorthPitMine-LoadSite3
2025-09-11 21:07:12,293 [DEBUG] Truck: Time:<91.46062094414752> Truck:[CLTruck12] Arrived at NorthPitMine-DumpSite2 at 91.46062094414752
2025-09-11 21:07:12,293 [INFO] Truck: Time:<91.4626832351774> Truck:[XHTruck25] Finish unloading at dumper NorthPitMine-DumpSite2-点位1, dumper tons is 278.77446233030565
2025-09-11 21:07:12,293 [DEBUG] Truck: Time:<91.4626832351774> Truck:[XHTruck25] Start moving to ORDER(2):NorthPitMine-LoadSite3, move distance is 3.41, speed: 25
2025-09-11 21:07:12,293 [INFO] Truck: Time:<89> Truck:[XHTruck25] breakdown for 13.023008573687747 minutes at 89
2025-09-11 21:07:12,293 [DEBUG] Truck: Time:<91.5824716466942> Truck:[CLTruck22] Arrived at NorthPitMine-DumpSite2 at 91.5824716466942
2025-09-11 21:07:12,295 [INFO] Truck: Time:<92.46062094414752> Truck:[CLTruck12] Finish unloading at dumper NorthPitMine-DumpSite2-点位0, dumper tons is 953.3541598069396
2025-09-11 21:07:12,295 [DEBUG] Truck: Time:<92.46062094414752> Truck:[CLTruck12] Start moving to ORDER(2):NorthPitMine-LoadSite3, move distance is 3.41, speed: 25
2025-09-11 21:07:12,295 [INFO] Truck: Time:<92.46062094414752> Truck:[CLTruck12] is facing 23.226330777465893 mins delay caused by 5 pre-existing jam events on Road from NorthPitMine-DumpSite2 to NorthPitMine-LoadSite3
2025-09-11 21:07:12,295 [INFO] Truck: Time:<92.5824716466942> Truck:[CLTruck22] Finish unloading at dumper NorthPitMine-DumpSite2-点位1, dumper tons is 311.9188415703293
2025-09-11 21:07:12,295 [DEBUG] Truck: Time:<92.5824716466942> Truck:[CLTruck22] Start moving to ORDER(2):NorthPitMine-LoadSite3, move distance is 3.41, speed: 25
2025-09-11 21:07:12,295 [INFO] Truck: Time:<92.5824716466942> Truck:[CLTruck22] is facing 22.86077866982585 mins delay caused by 5 pre-existing jam events on Road from NorthPitMine-DumpSite2 to NorthPitMine-LoadSite3
2025-09-11 21:07:12,295 [INFO] Truck: Time:<93.3329597361685> Truck:[XHTruck28] is facing 0 mins delay caused by 1 pre-existing jam events on Road from NorthPitMine-LoadSite5 to NorthPitMine-DumpSite1
2025-09-11 21:07:12,302 [INFO] Truck: Time:<94.42042711791902> Truck:[CLTruck29] Arrived at NorthPitMine-LoadSite3 at 94.42042711791902
2025-09-11 21:07:12,302 [INFO] Truck: Time:<94.58149314013843> Truck:[XHTruck30] is facing 1.7416537717398382 mins delay caused by 1 pre-existing jam events on Road from NorthPitMine-LoadSite4 to NorthPitMine-DumpSite2
2025-09-11 21:07:12,304 [DEBUG] Truck: Time:<95.29773865755293> Truck:[XHTruck1] Arrived at NorthPitMine-DumpSite1 at 95.29773865755293
2025-09-11 21:07:12,304 [INFO] Truck: Time:<95.68954665661863> Truck:[CLTruck28] is facing 14.519471487441546 mins delay caused by 5 pre-existing jam events on Road from NorthPitMine-DumpSite2 to NorthPitMine-LoadSite3
2025-09-11 21:07:12,304 [INFO] Truck: Time:<95.7547531763254> Truck:[XHTruck32] Arrived at NorthPitMine-LoadSite3 at 95.7547531763254
2025-09-11 21:07:12,307 [INFO] Truck: Time:<96.29773865755293> Truck:[XHTruck1] Finish unloading at dumper NorthPitMine-DumpSite1-点位0, dumper tons is 563.9065742255665
2025-09-11 21:07:12,307 [DEBUG] Truck: Time:<96.29773865755293> Truck:[XHTruck1] Start moving to ORDER(2):NorthPitMine-LoadSite3, move distance is 2.98, speed: 25
2025-09-11 21:07:12,307 [INFO] Truck: Time:<95> Truck:[XHTruck1] breakdown for 17.39735446207979 minutes at 95
2025-09-11 21:07:12,310 [INFO] Truck: Time:<97.02762085795305> Truck:[CLTruck16] Arrived at NorthPitMine-LoadSite4 at 97.02762085795305
2025-09-11 21:07:12,311 [INFO] Truck: Time:<97.64191992742758> Truck:[XHTruck5] Arrived at NorthPitMine-LoadSite3 at 97.64191992742758
2025-09-11 21:07:12,311 [INFO] Truck: Time:<97.70716683233078> Truck:[XHTruck3] is facing 11.22621603113592 mins delay caused by 4 pre-existing jam events on Road from NorthPitMine-DumpSite2 to NorthPitMine-LoadSite3
2025-09-11 21:07:12,313 [INFO] Truck: Time:<98.08183812619174> Truck:[OfficalTruck7] is facing 0 mins delay caused by 2 pre-existing jam events on Road from NorthPitMine-LoadSite5 to NorthPitMine-DumpSite1
2025-09-11 21:07:12,313 [INFO] Truck: Time:<98.85611390850114> Truck:[XHTruck11] is facing 0 mins delay caused by 3 pre-existing jam events on Road from NorthPitMine-DumpSite5 to NorthPitMine-LoadSite4
2025-09-11 21:07:12,315 [INFO] Truck: Time:<99.32303412289568> Shovel NorthPitMine-LoadSite3-Shovel-1 maintenance completed
2025-09-11 21:07:12,315 [INFO] Road: [RoadEvent] Road from NorthPitMine-LoadSite3 to NorthPitMine-DumpSite5 is in repair，the repair will last for 46.05 mins, and will end at 145.37, vehicle on this road will have to suffer punish_distance.
2025-09-11 21:07:12,315 [DEBUG] Truck: Time:<99.32303412289568> Truck:[XHTruck26] Start moving to ORDER(4): NorthPitMine-DumpSite5, move distance is 2.5798298501943027, speed: 25
2025-09-11 21:07:12,315 [INFO] Truck: Time:<96> Truck:[XHTruck26] breakdown for 5.739797733397113 minutes at 96
2025-09-11 21:07:12,319 [INFO] Truck: Time:<99.32303412289568> Truck:[CLTruck4] Start loading at shovel NorthPitMine-LoadSite3-Shovel-1, load time is 2.5836614173228347
2025-09-11 21:07:12,319 [DEBUG] Truck: Time:<99.75007230615799> Truck:[XHTruck15] Arrived at NorthPitMine-DumpSite5 at 99.75007230615799
2025-09-11 21:07:12,322 [DEBUG] Truck: Time:<100.30661969528987> Truck:[XHTruck30] Arrived at NorthPitMine-DumpSite2 at 100.30661969528987
2025-09-11 21:07:12,322 [INFO] Truck: Time:<100.75007230615799> Truck:[XHTruck15] Finish unloading at dumper NorthPitMine-DumpSite5-点位0, dumper tons is 1176.141803898718
2025-09-11 21:07:12,323 [DEBUG] Truck: Time:<100.75007230615799> Truck:[XHTruck15] Start moving to ORDER(3):NorthPitMine-LoadSite4, move distance is 7.951276704232835, speed: 25
2025-09-11 21:07:12,323 [INFO] Truck: Time:<99> Truck:[XHTruck15] breakdown for 9.828516138207867 minutes at 99
2025-09-11 21:07:12,323 [INFO] Truck: Time:<100.97955555555556> Truck:[CLTruck6] Finish loading at shovel NorthPitMine-LoadSite4-Shovel-2
2025-09-11 21:07:12,324 [DEBUG] Truck: Time:<100.97955555555556> Truck:[CLTruck6] Start moving to ORDER(1): NorthPitMine-DumpSite2, move distance is 1.5897589219320465, speed: 25
2025-09-11 21:07:12,325 [INFO] Truck: Time:<92> Truck:[CLTruck6] breakdown for 8.542602613560685 minutes at 92
2025-09-11 21:07:12,325 [INFO] Truck: Time:<100.97955555555556> Truck:[XHTruck4] Start loading at shovel NorthPitMine-LoadSite4-Shovel-2, load time is 24.444444444444443
2025-09-11 21:07:12,328 [INFO] Truck: Time:<101.30661969528987> Truck:[XHTruck30] Finish unloading at dumper NorthPitMine-DumpSite2-点位0, dumper tons is 1006.8136035267313
2025-09-11 21:07:12,329 [DEBUG] Truck: Time:<101.30661969528987> Truck:[XHTruck30] Start moving to ORDER(4):NorthPitMine-LoadSite5, move distance is 5.59, speed: 25
2025-09-11 21:07:12,330 [INFO] Truck: Time:<101.72332526886687> Truck:[XHTruck16] is facing 0 mins delay caused by 3 pre-existing jam events on Road from NorthPitMine-DumpSite5 to NorthPitMine-LoadSite4
2025-09-11 21:07:12,330 [INFO] Truck: Time:<101.81086534022107> Truck:[XHTruck2] Finish loading at shovel NorthPitMine-LoadSite4-Shovel-4
2025-09-11 21:07:12,331 [DEBUG] Truck: Time:<101.81086534022107> Truck:[XHTruck2] Start moving to ORDER(1): NorthPitMine-DumpSite2, move distance is 1.8921160582788863, speed: 25
2025-09-11 21:07:12,331 [INFO] Truck: Time:<101.81086534022107> Truck:[CLTruck14] Start loading at shovel NorthPitMine-LoadSite4-Shovel-4, load time is 15.555555555555555
2025-09-11 21:07:12,331 [INFO] Truck: Time:<101.90669554021851> Truck:[CLTruck4] Finish loading at shovel NorthPitMine-LoadSite3-Shovel-1
2025-09-11 21:07:12,332 [DEBUG] Truck: Time:<101.90669554021851> Truck:[CLTruck4] Start moving to ORDER(4): NorthPitMine-DumpSite5, move distance is 2.730699767731194, speed: 25
2025-09-11 21:07:12,332 [INFO] Truck: Time:<74> Truck:[CLTruck4] breakdown for 9.08759840180518 minutes at 74
2025-09-11 21:07:12,332 [INFO] Truck: Time:<101.90669554021851> Truck:[CLTruck17] Start loading at shovel NorthPitMine-LoadSite3-Shovel-1, load time is 2.5836614173228347
2025-09-11 21:07:12,334 [DEBUG] Truck: Time:<102.57765824412247> Truck:[XHTruck6] Arrived at NorthPitMine-DumpSite1 at 102.57765824412247
2025-09-11 21:07:12,334 [INFO] Truck: Time:<102.85029471941536> Truck:[XHTruck17] Arrived at NorthPitMine-LoadSite3 at 102.85029471941536
2025-09-11 21:07:12,334 [DEBUG] Truck: Time:<102.99290239662993> Truck:[XHTruck13] Arrived at NorthPitMine-DumpSite1 at 102.99290239662993
2025-09-11 21:07:12,337 [INFO] Truck: Time:<103.57765824412247> Truck:[XHTruck6] Finish unloading at dumper NorthPitMine-DumpSite1-点位0, dumper tons is 618.0414688888886
2025-09-11 21:07:12,338 [DEBUG] Truck: Time:<103.57765824412247> Truck:[XHTruck6] Start moving to ORDER(3):NorthPitMine-LoadSite4, move distance is 3.41, speed: 25
2025-09-11 21:07:12,338 [INFO] Truck: Time:<103.99290239662993> Truck:[XHTruck13] Finish unloading at dumper NorthPitMine-DumpSite1-点位1, dumper tons is 348.01690646381616
2025-09-11 21:07:12,339 [INFO] Road: [RoadEvent] Road from NorthPitMine-DumpSite1 to NorthPitMine-LoadSite4 is in repair，the repair will last for 44.27 mins, and will end at 148.26, vehicle on this road will have to suffer punish_distance.
2025-09-11 21:07:12,339 [DEBUG] Truck: Time:<103.99290239662993> Truck:[XHTruck13] Start moving to ORDER(3):NorthPitMine-LoadSite4, move distance is 4.614553308331628, speed: 25
2025-09-11 21:07:12,339 [INFO] Truck: Time:<99> Truck:[XHTruck13] breakdown for 4.371133800868645 minutes at 99
2025-09-11 21:07:12,341 [INFO] Truck: Time:<104.48569180886514> Truck:[XHTruck25] is facing 6.343731124642369 mins delay caused by 3 pre-existing jam events on Road from NorthPitMine-DumpSite2 to NorthPitMine-LoadSite3
2025-09-11 21:07:12,342 [INFO] Truck: Time:<104.49035695754134> Truck:[CLTruck17] Finish loading at shovel NorthPitMine-LoadSite3-Shovel-1
2025-09-11 21:07:12,343 [DEBUG] Truck: Time:<104.49035695754134> Truck:[CLTruck17] Start moving to ORDER(4): NorthPitMine-DumpSite5, move distance is 2.8539657592212397, speed: 25
2025-09-11 21:07:12,343 [INFO] Truck: Time:<68> Truck:[CLTruck17] breakdown for 15.558105741531781 minutes at 68
2025-09-11 21:07:12,344 [INFO] Truck: Time:<104.49035695754134> Truck:[OfficalTruck3] Start loading at shovel NorthPitMine-LoadSite3-Shovel-1, load time is 5.684055118110236
2025-09-11 21:07:12,344 [DEBUG] Truck: Time:<104.52480358215236> Truck:[XHTruck20] Arrived at NorthPitMine-DumpSite1 at 104.52480358215236
2025-09-11 21:07:12,344 [INFO] Truck: Time:<104.9487335628503> Truck:[XHTruck21] Arrived at NorthPitMine-LoadSite4 at 104.9487335628503
2025-09-11 21:07:12,344 [INFO] Truck: Time:<104.9487335628503> Truck:[XHTruck7] Arrived at NorthPitMine-LoadSite4 at 104.9487335628503
2025-09-11 21:07:12,347 [INFO] Truck: Time:<105.12029896745307> Truck:[CLTruck1] Arrived at NorthPitMine-LoadSite3 at 105.12029896745307
2025-09-11 21:07:12,347 [INFO] Truck: Time:<105.52480358215236> Truck:[XHTruck20] Finish unloading at dumper NorthPitMine-DumpSite1-点位0, dumper tons is 672.5224983370294
2025-09-11 21:07:12,348 [DEBUG] Truck: Time:<105.52480358215236> Truck:[XHTruck20] Start moving to ORDER(3):NorthPitMine-LoadSite4, move distance is 4.502165234419928, speed: 25
2025-09-11 21:07:12,348 [INFO] Truck: Time:<105> Truck:[XHTruck20] breakdown for 10.622938390940716 minutes at 105
2025-09-11 21:07:12,351 [INFO] Truck: Time:<106.20266666666667> Truck:[XHTruck31] Finish loading at shovel NorthPitMine-LoadSite3-Shovel-3
2025-09-11 21:07:12,352 [DEBUG] Truck: Time:<106.20266666666667> Truck:[XHTruck31] Start moving to ORDER(4): NorthPitMine-DumpSite5, move distance is 2.3739565812601557, speed: 25
2025-09-11 21:07:12,352 [INFO] Truck: Time:<80> Truck:[XHTruck31] breakdown for 11.316763451876117 minutes at 80
2025-09-11 21:07:12,352 [INFO] Truck: Time:<106.20266666666667> Truck:[OfficalTruck2] Start loading at shovel NorthPitMine-LoadSite3-Shovel-3, load time is 34.22222222222222
2025-09-11 21:07:12,352 [DEBUG] Truck: Time:<106.3519438800904> Truck:[XHTruck2] Arrived at NorthPitMine-DumpSite2 at 106.3519438800904
2025-09-11 21:07:12,355 [INFO] Truck: Time:<107.3519438800904> Truck:[XHTruck2] Finish unloading at dumper NorthPitMine-DumpSite2-点位0, dumper tons is 1063.3194286709563
2025-09-11 21:07:12,357 [DEBUG] Truck: Time:<107.3519438800904> Truck:[XHTruck2] Start moving to ORDER(4):NorthPitMine-LoadSite5, move distance is 5.59, speed: 25
2025-09-11 21:07:12,357 [INFO] Truck: Time:<107.44000717629373> Truck:[CLTruck9] Arrived at NorthPitMine-LoadSite3 at 107.44000717629373
2025-09-11 21:07:12,358 [INFO] Truck: Time:<107.75765772319144> Truck:[XHTruck14] Arrived at NorthPitMine-LoadSite3 at 107.75765772319144
2025-09-11 21:07:12,358 [DEBUG] Truck: Time:<107.91264886271112> Truck:[XHTruck29] Arrived at NorthPitMine-DumpSite5 at 107.91264886271112
2025-09-11 21:07:12,359 [INFO] Truck: Time:<108.46874416068763> Truck:[CLTruck21] Arrived at NorthPitMine-LoadSite4 at 108.46874416068763
2025-09-11 21:07:12,359 [INFO] Truck: Time:<108.91264886271112> Truck:[XHTruck29] Finish unloading at dumper NorthPitMine-DumpSite5-点位0, dumper tons is 1236.6233532839838
2025-09-11 21:07:12,360 [DEBUG] Truck: Time:<108.91264886271112> Truck:[XHTruck29] Start moving to ORDER(3):NorthPitMine-LoadSite4, move distance is 7.813087430334731, speed: 25
2025-09-11 21:07:12,360 [INFO] Truck: Time:<108.91264886271112> Truck:[XHTruck29] is facing 0 mins delay caused by 3 pre-existing jam events on Road from NorthPitMine-DumpSite5 to NorthPitMine-LoadSite4
2025-09-11 21:07:12,364 [INFO] Truck: Time:<110.0321388178381> Truck:[CLTruck19] Arrived at NorthPitMine-LoadSite4 at 110.0321388178381
2025-09-11 21:07:12,364 [INFO] Truck: Time:<110.17441207565157> Truck:[OfficalTruck3] Finish loading at shovel NorthPitMine-LoadSite3-Shovel-1
2025-09-11 21:07:12,367 [DEBUG] Truck: Time:<110.17441207565157> Truck:[OfficalTruck3] Start moving to ORDER(4): NorthPitMine-DumpSite5, move distance is 2.727504581431878, speed: 25
2025-09-11 21:07:12,367 [INFO] Truck: Time:<106> Truck:[OfficalTruck3] breakdown for 8.518558704147512 minutes at 106
2025-09-11 21:07:12,367 [INFO] Truck: Time:<110.17441207565157> Truck:[CLTruck20] Start loading at shovel NorthPitMine-LoadSite3-Shovel-1, load time is 2.5836614173228347
2025-09-11 21:07:12,368 [DEBUG] Truck: Time:<110.44183812619174> Truck:[OfficalTruck7] Arrived at NorthPitMine-DumpSite1 at 110.44183812619174
2025-09-11 21:07:12,368 [INFO] Truck: Time:<110.53464158590418> Truck:[CLTruck26] Arrived at NorthPitMine-LoadSite4 at 110.53464158590418
2025-09-11 21:07:12,368 [INFO] Truck: Time:<110.57858844436586> Truck:[XHTruck15] is facing 2.514010254595218 mins delay caused by 5 pre-existing jam events on Road from NorthPitMine-DumpSite5 to NorthPitMine-LoadSite4
2025-09-11 21:07:12,368 [INFO] Truck: Time:<110.80043536545271> Truck:[CLTruck3] Arrived at NorthPitMine-LoadSite4 at 110.80043536545271
2025-09-11 21:07:12,370 [DEBUG] Truck: Time:<111.25442349675912> Truck:[XHTruck26] Arrived at NorthPitMine-DumpSite5 at 111.25442349675912
2025-09-11 21:07:12,370 [INFO] Truck: Time:<111.44183812619174> Truck:[OfficalTruck7] Finish unloading at dumper NorthPitMine-DumpSite1-点位0, dumper tons is 753.0754899674808
2025-09-11 21:07:12,370 [DEBUG] Truck: Time:<111.44183812619174> Truck:[OfficalTruck7] Start moving to ORDER(3):NorthPitMine-LoadSite4, move distance is 5.23399340933429, speed: 25
2025-09-11 21:07:12,370 [INFO] Truck: Time:<111.44183812619174> Truck:[OfficalTruck7] is facing 0 mins delay caused by 1 pre-existing jam events on Road from NorthPitMine-DumpSite1 to NorthPitMine-LoadSite4
2025-09-11 21:07:12,370 [INFO] Truck: Time:<111.76165824412247> Truck:[XHTruck6] Arrived at NorthPitMine-LoadSite4 at 111.76165824412247
2025-09-11 21:07:12,370 [INFO] Truck: Time:<111.90263580162855> Truck:[OfficalTruck9] Finish loading at shovel NorthPitMine-LoadSite4-Shovel-5
2025-09-11 21:07:12,370 [DEBUG] Truck: Time:<111.90263580162855> Truck:[OfficalTruck9] Start moving to ORDER(1): NorthPitMine-DumpSite2, move distance is 1.8753647050816868, speed: 25
2025-09-11 21:07:12,370 [INFO] Truck: Time:<104> Truck:[OfficalTruck9] breakdown for 7.383820733682059 minutes at 104
2025-09-11 21:07:12,370 [INFO] Truck: Time:<111.90263580162855> Truck:[XHTruck23] Start loading at shovel NorthPitMine-LoadSite4-Shovel-5, load time is 24.444444444444443
2025-09-11 21:07:12,373 [DEBUG] Truck: Time:<112.12010173340747> Truck:[XHTruck28] Arrived at NorthPitMine-DumpSite1 at 112.12010173340747
2025-09-11 21:07:12,373 [INFO] Truck: Time:<112.25442349675912> Truck:[XHTruck26] Finish unloading at dumper NorthPitMine-DumpSite5-点位0, dumper tons is 1292.132479843813
2025-09-11 21:07:12,374 [DEBUG] Truck: Time:<112.25442349675912> Truck:[XHTruck26] Start moving to ORDER(3):NorthPitMine-LoadSite4, move distance is 6.32211886785269, speed: 25
2025-09-11 21:07:12,374 [INFO] Truck: Time:<109> Truck:[XHTruck26] breakdown for 7.650843379095406 minutes at 109
2025-09-11 21:07:12,374 [INFO] Truck: Time:<112.7580734929744> Truck:[CLTruck20] Finish loading at shovel NorthPitMine-LoadSite3-Shovel-1
2025-09-11 21:07:12,375 [DEBUG] Truck: Time:<112.7580734929744> Truck:[CLTruck20] Start moving to ORDER(4): NorthPitMine-DumpSite5, move distance is 2.822180062580896, speed: 25
2025-09-11 21:07:12,375 [INFO] Truck: Time:<104> Truck:[CLTruck20] breakdown for 7.5252537371680965 minutes at 104
2025-09-11 21:07:12,376 [INFO] Truck: Time:<112.7580734929744> Truck:[OfficalTruck6] Start loading at shovel NorthPitMine-LoadSite3-Shovel-1, load time is 5.684055118110236
2025-09-11 21:07:12,377 [INFO] Truck: Time:<113.12010173340747> Truck:[XHTruck28] Finish unloading at dumper NorthPitMine-DumpSite1-点位0, dumper tons is 802.701363691858
2025-09-11 21:07:12,378 [DEBUG] Truck: Time:<113.12010173340747> Truck:[XHTruck28] Start moving to ORDER(3):NorthPitMine-LoadSite4, move distance is 4.504217747961322, speed: 25
2025-09-11 21:07:12,378 [INFO] Truck: Time:<100> Truck:[XHTruck28] breakdown for 10.672340626324578 minutes at 100
2025-09-11 21:07:12,378 [INFO] Truck: Time:<113.31802676171871> Truck:[OfficalTruck8] Arrived at NorthPitMine-LoadSite4 at 113.31802676171871
2025-09-11 21:07:12,378 [DEBUG] Truck: Time:<113.33757958175316> Truck:[CLTruck6] Arrived at NorthPitMine-DumpSite2 at 113.33757958175316
2025-09-11 21:07:12,380 [INFO] Truck: Time:<114.33757958175316> Truck:[CLTruck6] Finish unloading at dumper NorthPitMine-DumpSite2-点位0, dumper tons is 1100.431251256147
2025-09-11 21:07:12,380 [DEBUG] Truck: Time:<114.33757958175316> Truck:[CLTruck6] Start moving to ORDER(4):NorthPitMine-LoadSite5, move distance is 5.59, speed: 25
2025-09-11 21:07:12,380 [INFO] Truck: Time:<114.33757958175316> Truck:[CLTruck6] is facing 5.761416990335811 mins delay caused by 1 pre-existing jam events on Road from NorthPitMine-DumpSite2 to NorthPitMine-LoadSite5
2025-09-11 21:07:12,380 [INFO] Truck: Time:<114.72261969528986> Truck:[XHTruck30] Arrived at NorthPitMine-LoadSite5 at 114.72261969528986
2025-09-11 21:07:12,380 [INFO] Truck: Time:<114.72261969528986> Truck:[XHTruck30] Start loading at shovel NorthPitMine-LoadSite5-Shovel-1, load time is 4.060039370078741
2025-09-11 21:07:12,384 [INFO] Truck: Time:<116.14774197309308> Truck:[XHTruck20] is facing 0 mins delay caused by 2 pre-existing jam events on Road from NorthPitMine-DumpSite1 to NorthPitMine-LoadSite4
2025-09-11 21:07:12,385 [INFO] Truck: Time:<116.52221896824815> Shovel NorthPitMine-LoadSite4-Shovel-3 maintenance completed
2025-09-11 21:07:12,385 [DEBUG] Truck: Time:<116.52221896824815> Truck:[CLTruck15] Start moving to ORDER(1): NorthPitMine-DumpSite2, move distance is 1.6541522797254329, speed: 25
2025-09-11 21:07:12,385 [INFO] Truck: Time:<106> Truck:[CLTruck15] breakdown for 10.187418780680677 minutes at 106
2025-09-11 21:07:12,387 [INFO] Truck: Time:<116.52221896824815> Truck:[XHTruck19] Start loading at shovel NorthPitMine-LoadSite4-Shovel-3, load time is 24.444444444444443
2025-09-11 21:07:12,389 [INFO] Truck: Time:<117.08780630750633> Truck:[XHTruck11] Arrived at NorthPitMine-LoadSite4 at 117.08780630750633
2025-09-11 21:07:12,390 [INFO] Truck: Time:<117.36642089577663> Truck:[CLTruck14] Finish loading at shovel NorthPitMine-LoadSite4-Shovel-4
2025-09-11 21:07:12,390 [INFO] Truck: Time:<117.36642089577663> Shovel NorthPitMine-LoadSite4-Shovel-4 under maintenance for 49.35 minutes
2025-09-11 21:07:12,390 [DEBUG] Truck: Time:<117.54797338457855> Truck:[CLTruck4] Arrived at NorthPitMine-DumpSite5 at 117.54797338457855
2025-09-11 21:07:12,392 [INFO] Truck: Time:<118.44212861108464> Truck:[OfficalTruck6] Finish loading at shovel NorthPitMine-LoadSite3-Shovel-1
2025-09-11 21:07:12,393 [DEBUG] Truck: Time:<118.44212861108464> Truck:[OfficalTruck6] Start moving to ORDER(4): NorthPitMine-DumpSite5, move distance is 2.5805250863589557, speed: 25
2025-09-11 21:07:12,393 [INFO] Truck: Time:<87> Truck:[OfficalTruck6] breakdown for 10.170697095601966 minutes at 87
2025-09-11 21:07:12,393 [INFO] Truck: Time:<118.44212861108464> Truck:[XHTruck18] Start loading at shovel NorthPitMine-LoadSite3-Shovel-1, load time is 4.060039370078741
2025-09-11 21:07:12,394 [INFO] Truck: Time:<118.54797338457855> Truck:[CLTruck4] Finish unloading at dumper NorthPitMine-DumpSite5-点位0, dumper tons is 1325.4472529194113
2025-09-11 21:07:12,394 [DEBUG] Truck: Time:<118.54797338457855> Truck:[CLTruck4] Start moving to ORDER(3):NorthPitMine-LoadSite4, move distance is 7.204933406836154, speed: 25
2025-09-11 21:07:12,395 [INFO] Truck: Time:<115> Truck:[CLTruck4] breakdown for 11.038638665765273 minutes at 115
2025-09-11 21:07:12,395 [INFO] Truck: Time:<118.7826590653686> Truck:[XHTruck30] Finish loading at shovel NorthPitMine-LoadSite5-Shovel-1
2025-09-11 21:07:12,396 [DEBUG] Truck: Time:<118.7826590653686> Truck:[XHTruck30] Start moving to ORDER(0): NorthPitMine-DumpSite1, move distance is 5.15, speed: 25
2025-09-11 21:07:12,397 [INFO] Truck: Time:<119.01342293350751> Truck:[XHTruck25] Arrived at NorthPitMine-LoadSite3 at 119.01342293350751
2025-09-11 21:07:12,397 [INFO] Truck: Time:<119.43896413749448> Truck:[XHTruck13] Arrived at NorthPitMine-LoadSite4 at 119.43896413749448
2025-09-11 21:07:12,397 [INFO] Truck: Time:<119.87997141024059> Truck:[CLTruck28] Arrived at NorthPitMine-LoadSite3 at 119.87997141024059
2025-09-11 21:07:12,397 [INFO] Truck: Time:<119.90526687585452> Truck:[XHTruck26] is facing 0.40147094144158224 mins delay caused by 2 pre-existing jam events on Road from NorthPitMine-DumpSite5 to NorthPitMine-LoadSite4
2025-09-11 21:07:12,398 [INFO] Truck: Time:<120.46322932686121> Truck:[XHTruck3] Arrived at NorthPitMine-LoadSite3 at 120.46322932686121
2025-09-11 21:07:12,398 [INFO] Truck: Time:<120.73263271250467> Truck:[XHTruck16] Arrived at NorthPitMine-LoadSite4 at 120.73263271250467
2025-09-11 21:07:12,398 [INFO] Truck: Time:<120.7679438800904> Truck:[XHTruck2] Arrived at NorthPitMine-LoadSite5 at 120.7679438800904
2025-09-11 21:07:12,398 [INFO] Truck: Time:<120.7679438800904> Truck:[XHTruck2] Start loading at shovel NorthPitMine-LoadSite5-Shovel-1, load time is 4.060039370078741
2025-09-11 21:07:12,402 [INFO] Truck: Time:<120.84709311963272> Truck:[XHTruck1] Arrived at NorthPitMine-LoadSite3 at 120.84709311963272
2025-09-11 21:07:12,405 [INFO] Truck: Time:<122.50216798116338> Truck:[XHTruck18] Finish loading at shovel NorthPitMine-LoadSite3-Shovel-1
2025-09-11 21:07:12,406 [DEBUG] Truck: Time:<122.50216798116338> Truck:[XHTruck18] Start moving to ORDER(4): NorthPitMine-DumpSite5, move distance is 2.917095827800533, speed: 25
2025-09-11 21:07:12,406 [INFO] Truck: Time:<91> Truck:[XHTruck18] breakdown for 14.479886873102313 minutes at 91
2025-09-11 21:07:12,406 [INFO] Truck: Time:<122.50216798116338> Truck:[CLTruck13] Start loading at shovel NorthPitMine-LoadSite3-Shovel-1, load time is 2.5836614173228347
2025-09-11 21:07:12,409 [DEBUG] Truck: Time:<123.21692591356717> Truck:[XHTruck31] Arrived at NorthPitMine-DumpSite5 at 123.21692591356717
2025-09-11 21:07:12,409 [INFO] Truck: Time:<123.62725031652005> Truck:[CLTruck22] Arrived at NorthPitMine-LoadSite3 at 123.62725031652005
2025-09-11 21:07:12,410 [DEBUG] Truck: Time:<123.78733182750665> Truck:[OfficalTruck9] Arrived at NorthPitMine-DumpSite2 at 123.78733182750665
2025-09-11 21:07:12,410 [INFO] Truck: Time:<123.79244235973205> Truck:[XHTruck28] is facing 0 mins delay caused by 2 pre-existing jam events on Road from NorthPitMine-DumpSite1 to NorthPitMine-LoadSite4
2025-09-11 21:07:12,410 [INFO] Truck: Time:<123.87095172161341> Truck:[CLTruck12] Arrived at NorthPitMine-LoadSite3 at 123.87095172161341
2025-09-11 21:07:12,412 [INFO] Truck: Time:<124.00342230859404> Truck:[OfficalTruck7] Arrived at NorthPitMine-LoadSite4 at 124.00342230859404
2025-09-11 21:07:12,412 [INFO] Truck: Time:<124.21692591356717> Truck:[XHTruck31] Finish unloading at dumper NorthPitMine-DumpSite5-点位0, dumper tons is 1378.2432234139533
2025-09-11 21:07:12,413 [DEBUG] Truck: Time:<124.21692591356717> Truck:[XHTruck31] Start moving to ORDER(3):NorthPitMine-LoadSite4, move distance is 7.833227945229385, speed: 25
2025-09-11 21:07:12,413 [INFO] Truck: Time:<121> Truck:[XHTruck31] breakdown for 13.386421273441313 minutes at 121
2025-09-11 21:07:12,413 [INFO] Truck: Time:<124.78733182750665> Truck:[OfficalTruck9] Finish unloading at dumper NorthPitMine-DumpSite2-点位0, dumper tons is 1182.0369016034922
2025-09-11 21:07:12,414 [DEBUG] Truck: Time:<124.78733182750665> Truck:[OfficalTruck9] Start moving to ORDER(4):NorthPitMine-LoadSite5, move distance is 5.59, speed: 25
2025-09-11 21:07:12,414 [INFO] Truck: Time:<124.82798325016914> Truck:[XHTruck2] Finish loading at shovel NorthPitMine-LoadSite5-Shovel-1
2025-09-11 21:07:12,415 [INFO] Road: [RoadEvent] Road from NorthPitMine-LoadSite5 to NorthPitMine-DumpSite1 is in repair，the repair will last for 49.89 mins, and will end at 174.71, vehicle on this road will have to suffer punish_distance.
2025-09-11 21:07:12,415 [DEBUG] Truck: Time:<124.82798325016914> Truck:[XHTruck2] Start moving to ORDER(0): NorthPitMine-DumpSite1, move distance is 6.807682696027609, speed: 25
2025-09-11 21:07:12,415 [INFO] Truck: Time:<121> Truck:[XHTruck2] breakdown for 2.8007575492232153 minutes at 121
2025-09-11 21:07:12,417 [INFO] Truck: Time:<125.08582939848621> Truck:[CLTruck13] Finish loading at shovel NorthPitMine-LoadSite3-Shovel-1
2025-09-11 21:07:12,417 [DEBUG] Truck: Time:<125.08582939848621> Truck:[CLTruck13] Start moving to ORDER(4): NorthPitMine-DumpSite5, move distance is 2.322857889935163, speed: 25
2025-09-11 21:07:12,417 [INFO] Truck: Time:<111> Truck:[CLTruck13] breakdown for 10.32009911908743 minutes at 111
2025-09-11 21:07:12,417 [INFO] Truck: Time:<125.08582939848621> Truck:[CLTruck29] Start loading at shovel NorthPitMine-LoadSite3-Shovel-1, load time is 2.5836614173228347
2025-09-11 21:07:12,419 [DEBUG] Truck: Time:<125.23898177523559> Truck:[OfficalTruck3] Arrived at NorthPitMine-DumpSite5 at 125.23898177523559
2025-09-11 21:07:12,419 [INFO] Truck: Time:<125.424> Truck:[XHTruck4] Finish loading at shovel NorthPitMine-LoadSite4-Shovel-2
2025-09-11 21:07:12,419 [DEBUG] Truck: Time:<125.424> Truck:[XHTruck4] Start moving to ORDER(1): NorthPitMine-DumpSite2, move distance is 1.17, speed: 25
2025-09-11 21:07:12,419 [INFO] Truck: Time:<102> Truck:[XHTruck4] breakdown for 5.389921430175775 minutes at 102
2025-09-11 21:07:12,419 [INFO] Truck: Time:<125.424> Truck:[XHTruck33] Start loading at shovel NorthPitMine-LoadSite4-Shovel-2, load time is 24.444444444444443
2025-09-11 21:07:12,421 [INFO] Truck: Time:<126.23898177523559> Truck:[OfficalTruck3] Finish unloading at dumper NorthPitMine-DumpSite5-点位0, dumper tons is 1449.4381480793015
2025-09-11 21:07:12,422 [DEBUG] Truck: Time:<126.23898177523559> Truck:[OfficalTruck3] Start moving to ORDER(3):NorthPitMine-LoadSite4, move distance is 7.642419309733825, speed: 25
2025-09-11 21:07:12,422 [INFO] Truck: Time:<126.23898177523559> Truck:[OfficalTruck3] is facing 0 mins delay caused by 1 pre-existing jam events on Road from NorthPitMine-DumpSite5 to NorthPitMine-LoadSite4
2025-09-11 21:07:12,423 [DEBUG] Truck: Time:<126.89798052120409> Truck:[CLTruck17] Arrived at NorthPitMine-DumpSite5 at 126.89798052120409
2025-09-11 21:07:12,423 [INFO] Truck: Time:<126.9529385357009> Truck:[XHTruck20] Arrived at NorthPitMine-LoadSite4 at 126.9529385357009
2025-09-11 21:07:12,425 [DEBUG] Truck: Time:<127.05655938033665> Truck:[CLTruck20] Arrived at NorthPitMine-DumpSite5 at 127.05655938033665
2025-09-11 21:07:12,425 [INFO] Truck: Time:<127.66405869551448> Truck:[XHTruck29] Arrived at NorthPitMine-LoadSite4 at 127.66405869551448
2025-09-11 21:07:12,425 [INFO] Truck: Time:<127.66949081580904> Truck:[CLTruck29] Finish loading at shovel NorthPitMine-LoadSite3-Shovel-1
2025-09-11 21:07:12,427 [DEBUG] Truck: Time:<127.66949081580904> Truck:[CLTruck29] Start moving to ORDER(4): NorthPitMine-DumpSite5, move distance is 2.8250988979163387, speed: 25
2025-09-11 21:07:12,427 [INFO] Truck: Time:<96> Truck:[CLTruck29] breakdown for 14.025051590238867 minutes at 96
2025-09-11 21:07:12,427 [INFO] Truck: Time:<127.66949081580904> Truck:[XHTruck17] Start loading at shovel NorthPitMine-LoadSite3-Shovel-1, load time is 4.060039370078741
2025-09-11 21:07:12,427 [INFO] Truck: Time:<127.89798052120409> Truck:[CLTruck17] Finish unloading at dumper NorthPitMine-DumpSite5-点位0, dumper tons is 1482.1200119660718
2025-09-11 21:07:12,428 [DEBUG] Truck: Time:<127.89798052120409> Truck:[CLTruck17] Start moving to ORDER(3):NorthPitMine-LoadSite4, move distance is 7.891755583136094, speed: 25
2025-09-11 21:07:12,428 [INFO] Truck: Time:<127.89798052120409> Truck:[CLTruck17] is facing 3.902958038364993 mins delay caused by 1 pre-existing jam events on Road from NorthPitMine-DumpSite5 to NorthPitMine-LoadSite4
2025-09-11 21:07:12,428 [INFO] Truck: Time:<128.05655938033664> Truck:[CLTruck20] Finish unloading at dumper NorthPitMine-DumpSite5-点位1, dumper tons is 515.9632037288391
2025-09-11 21:07:12,433 [DEBUG] Truck: Time:<128.05655938033664> Truck:[CLTruck20] Start moving to ORDER(3):NorthPitMine-LoadSite4, move distance is 7.513617035000742, speed: 25
2025-09-11 21:07:12,433 [INFO] Truck: Time:<124> Truck:[CLTruck20] breakdown for 9.666874414112856 minutes at 124
2025-09-11 21:07:12,433 [INFO] Truck: Time:<128.48517077499085> Shovel NorthPitMine-LoadSite3-Shovel-2 maintenance completed
2025-09-11 21:07:12,434 [DEBUG] Truck: Time:<128.48517077499085> Truck:[XHTruck9] Start moving to ORDER(4): NorthPitMine-DumpSite5, move distance is 2.753499443480032, speed: 25
2025-09-11 21:07:12,434 [INFO] Truck: Time:<104> Truck:[XHTruck9] breakdown for 9.28595649256887 minutes at 104
2025-09-11 21:07:12,435 [INFO] Truck: Time:<128.48517077499085> Truck:[XHTruck27] Start loading at shovel NorthPitMine-LoadSite3-Shovel-2, load time is 24.444444444444443
2025-09-11 21:07:12,435 [INFO] Truck: Time:<128.6128257066866> Truck:[OfficalTruck6] is facing 0 mins delay caused by 1 pre-existing jam events on Road from NorthPitMine-LoadSite3 to NorthPitMine-DumpSite5
2025-09-11 21:07:12,438 [INFO] Truck: Time:<129.58661205034383> Truck:[CLTruck4] is facing 2.3677786711373106 mins delay caused by 1 pre-existing jam events on Road from NorthPitMine-DumpSite5 to NorthPitMine-LoadSite4
2025-09-11 21:07:12,440 [DEBUG] Truck: Time:<130.67960322026985> Truck:[CLTruck15] Arrived at NorthPitMine-DumpSite2 at 130.67960322026985
2025-09-11 21:07:12,443 [DEBUG] Truck: Time:<131.1426590653686> Truck:[XHTruck30] Arrived at NorthPitMine-DumpSite1 at 131.1426590653686
2025-09-11 21:07:12,444 [INFO] Truck: Time:<131.67960322026985> Truck:[CLTruck15] Finish unloading at dumper NorthPitMine-DumpSite2-点位0, dumper tons is 1213.582452145979
2025-09-11 21:07:12,445 [DEBUG] Truck: Time:<131.67960322026985> Truck:[CLTruck15] Start moving to ORDER(4):NorthPitMine-LoadSite5, move distance is 5.59, speed: 25
2025-09-11 21:07:12,446 [INFO] Truck: Time:<131.72953018588777> Truck:[XHTruck17] Finish loading at shovel NorthPitMine-LoadSite3-Shovel-1
2025-09-11 21:07:12,446 [DEBUG] Truck: Time:<131.72953018588777> Truck:[XHTruck17] Start moving to ORDER(4): NorthPitMine-DumpSite5, move distance is 2.258605042602698, speed: 25
2025-09-11 21:07:12,446 [INFO] Truck: Time:<131> Truck:[XHTruck17] breakdown for 14.159203103532711 minutes at 131
2025-09-11 21:07:12,446 [INFO] Truck: Time:<131.72953018588777> Truck:[CLTruck1] Start loading at shovel NorthPitMine-LoadSite3-Shovel-1, load time is 2.5836614173228347
2025-09-11 21:07:12,449 [INFO] Truck: Time:<132.1426590653686> Truck:[XHTruck30] Finish unloading at dumper NorthPitMine-DumpSite1-点位0, dumper tons is 858.0022491978357
2025-09-11 21:07:12,449 [DEBUG] Truck: Time:<132.1426590653686> Truck:[XHTruck30] Start moving to ORDER(3):NorthPitMine-LoadSite4, move distance is 5.314366221311273, speed: 25
2025-09-11 21:07:12,449 [INFO] Truck: Time:<119> Truck:[XHTruck30] breakdown for 14.994425484211913 minutes at 119
2025-09-11 21:07:12,449 [INFO] Truck: Time:<132.17566278911988> Truck:[XHTruck15] Arrived at NorthPitMine-LoadSite4 at 132.17566278911988
2025-09-11 21:07:12,453 [INFO] Truck: Time:<133.51499657208896> Truck:[CLTruck6] Arrived at NorthPitMine-LoadSite5 at 133.51499657208896
2025-09-11 21:07:12,453 [INFO] Truck: Time:<133.51499657208896> Truck:[CLTruck6] Start loading at shovel NorthPitMine-LoadSite5-Shovel-1, load time is 2.5836614173228347
2025-09-11 21:07:12,453 [DEBUG] Truck: Time:<133.62192143017577> Truck:[XHTruck4] Arrived at NorthPitMine-DumpSite2 at 133.62192143017577
2025-09-11 21:07:12,455 [INFO] Truck: Time:<134.3131916032106> Truck:[CLTruck1] Finish loading at shovel NorthPitMine-LoadSite3-Shovel-1
2025-09-11 21:07:12,455 [DEBUG] Truck: Time:<134.3131916032106> Truck:[CLTruck1] Start moving to ORDER(4): NorthPitMine-DumpSite5, move distance is 2.685308948057143, speed: 25
2025-09-11 21:07:12,455 [INFO] Truck: Time:<110> Truck:[CLTruck1] breakdown for 8.521138194025506 minutes at 110
2025-09-11 21:07:12,455 [INFO] Truck: Time:<134.3131916032106> Truck:[CLTruck9] Start loading at shovel NorthPitMine-LoadSite3-Shovel-1, load time is 2.5836614173228347
2025-09-11 21:07:12,457 [INFO] Truck: Time:<134.6025649548392> Truck:[XHTruck28] Arrived at NorthPitMine-LoadSite4 at 134.6025649548392
2025-09-11 21:07:12,457 [INFO] Truck: Time:<134.62192143017577> Truck:[XHTruck4] Finish unloading at dumper NorthPitMine-DumpSite2-点位0, dumper tons is 1270.1346243638943
2025-09-11 21:07:12,457 [DEBUG] Truck: Time:<134.62192143017577> Truck:[XHTruck4] Start moving to ORDER(4):NorthPitMine-LoadSite5, move distance is 5.59, speed: 25
2025-09-11 21:07:12,457 [INFO] Truck: Time:<132> Truck:[XHTruck4] breakdown for 11.276179752338177 minutes at 132
2025-09-11 21:07:12,458 [DEBUG] Truck: Time:<134.8060859139481> Truck:[OfficalTruck6] Arrived at NorthPitMine-DumpSite5 at 134.8060859139481
2025-09-11 21:07:12,459 [INFO] Truck: Time:<135.47982310014257> Truck:[XHTruck26] Arrived at NorthPitMine-LoadSite4 at 135.47982310014257
2025-09-11 21:07:12,459 [INFO] Truck: Time:<135.8060859139481> Truck:[OfficalTruck6] Finish unloading at dumper NorthPitMine-DumpSite5-点位0, dumper tons is 1561.2868248682666
2025-09-11 21:07:12,460 [DEBUG] Truck: Time:<135.8060859139481> Truck:[OfficalTruck6] Start moving to ORDER(3):NorthPitMine-LoadSite4, move distance is 7.996781537565694, speed: 25
2025-09-11 21:07:12,460 [INFO] Truck: Time:<135.8060859139481> Truck:[OfficalTruck6] is facing 0 mins delay caused by 2 pre-existing jam events on Road from NorthPitMine-DumpSite5 to NorthPitMine-LoadSite4
2025-09-11 21:07:12,462 [INFO] Truck: Time:<136.0986579894118> Truck:[CLTruck6] Finish loading at shovel NorthPitMine-LoadSite5-Shovel-1
2025-09-11 21:07:12,463 [DEBUG] Truck: Time:<136.0986579894118> Truck:[CLTruck6] Start moving to ORDER(0): NorthPitMine-DumpSite1, move distance is 7.2313256234148895, speed: 25
2025-09-11 21:07:12,463 [INFO] Truck: Time:<130> Truck:[CLTruck6] breakdown for 15.051308915996234 minutes at 130
2025-09-11 21:07:12,463 [INFO] Truck: Time:<136.347080246073> Truck:[XHTruck23] Finish loading at shovel NorthPitMine-LoadSite4-Shovel-5
2025-09-11 21:07:12,463 [INFO] Road: [RoadEvent] Road from NorthPitMine-LoadSite4 to NorthPitMine-DumpSite2 is in repair，the repair will last for 53.44 mins, and will end at 189.79, vehicle on this road will have to suffer punish_distance.
2025-09-11 21:07:12,463 [DEBUG] Truck: Time:<136.347080246073> Truck:[XHTruck23] Start moving to ORDER(1): NorthPitMine-DumpSite2, move distance is 1.8312946847634017, speed: 25
2025-09-11 21:07:12,463 [INFO] Truck: Time:<131> Truck:[XHTruck23] breakdown for 5.657150378799528 minutes at 131
2025-09-11 21:07:12,464 [INFO] Truck: Time:<136.347080246073> Truck:[CLTruck2] Start loading at shovel NorthPitMine-LoadSite4-Shovel-5, load time is 15.555555555555555
2025-09-11 21:07:12,464 [INFO] Truck: Time:<136.7987692705392> Shovel NorthPitMine-LoadSite4-Shovel-1 maintenance completed
2025-09-11 21:07:12,464 [DEBUG] Truck: Time:<136.7987692705392> Truck:[CLTruck11] Start moving to ORDER(1): NorthPitMine-DumpSite2, move distance is 1.910583297118695, speed: 25
2025-09-11 21:07:12,464 [INFO] Truck: Time:<118> Truck:[CLTruck11] breakdown for 9.547342960875083 minutes at 118
2025-09-11 21:07:12,464 [INFO] Truck: Time:<136.7987692705392> Truck:[CLTruck10] Start loading at shovel NorthPitMine-LoadSite4-Shovel-1, load time is 2.5836614173228347
2025-09-11 21:07:12,464 [INFO] Truck: Time:<136.89685302053346> Truck:[CLTruck9] Finish loading at shovel NorthPitMine-LoadSite3-Shovel-1
2025-09-11 21:07:12,464 [DEBUG] Truck: Time:<136.89685302053346> Truck:[CLTruck9] Start moving to ORDER(4): NorthPitMine-DumpSite5, move distance is 2.331674194783625, speed: 25
2025-09-11 21:07:12,464 [INFO] Truck: Time:<113> Truck:[CLTruck9] breakdown for 6.324721398567429 minutes at 113
2025-09-11 21:07:12,464 [INFO] Truck: Time:<136.89685302053346> Truck:[XHTruck25] Start loading at shovel NorthPitMine-LoadSite3-Shovel-1, load time is 4.060039370078741
2025-09-11 21:07:12,469 [INFO] Truck: Time:<137.60334718700847> Truck:[XHTruck31] is facing 0 mins delay caused by 1 pre-existing jam events on Road from NorthPitMine-DumpSite5 to NorthPitMine-LoadSite4
2025-09-11 21:07:12,469 [INFO] Truck: Time:<137.7234337944495> Truck:[CLTruck20] is facing 0 mins delay caused by 1 pre-existing jam events on Road from NorthPitMine-DumpSite5 to NorthPitMine-LoadSite4
2025-09-11 21:07:12,471 [INFO] Truck: Time:<138.20333182750664> Truck:[OfficalTruck9] Arrived at NorthPitMine-LoadSite5 at 138.20333182750664
2025-09-11 21:07:12,471 [INFO] Truck: Time:<138.20333182750664> Truck:[OfficalTruck9] Start loading at shovel NorthPitMine-LoadSite5-Shovel-1, load time is 5.684055118110236
2025-09-11 21:07:12,474 [INFO] Truck: Time:<139.38243068786204> Truck:[CLTruck10] Finish loading at shovel NorthPitMine-LoadSite4-Shovel-1
2025-09-11 21:07:12,475 [DEBUG] Truck: Time:<139.38243068786204> Truck:[CLTruck10] Start moving to ORDER(1): NorthPitMine-DumpSite2, move distance is 1.51066803604054, speed: 25
2025-09-11 21:07:12,475 [INFO] Truck: Time:<132> Truck:[CLTruck10] breakdown for 8.117264807921082 minutes at 132
2025-09-11 21:07:12,475 [INFO] Truck: Time:<139.38243068786204> Truck:[OfficalTruck1] Start loading at shovel NorthPitMine-LoadSite4-Shovel-1, load time is 5.684055118110236
2025-09-11 21:07:12,478 [INFO] Truck: Time:<140.4248888888889> Truck:[OfficalTruck2] Finish loading at shovel NorthPitMine-LoadSite3-Shovel-3
2025-09-11 21:07:12,479 [DEBUG] Truck: Time:<140.4248888888889> Truck:[OfficalTruck2] Start moving to ORDER(4): NorthPitMine-DumpSite5, move distance is 2.6921898168665033, speed: 25
2025-09-11 21:07:12,479 [INFO] Truck: Time:<132> Truck:[OfficalTruck2] breakdown for 7.920033719870089 minutes at 132
2025-09-11 21:07:12,480 [INFO] Truck: Time:<140.4248888888889> Truck:[OfficalTruck5] Start loading at shovel NorthPitMine-LoadSite3-Shovel-3, load time is 34.22222222222222
2025-09-11 21:07:12,480 [INFO] Truck: Time:<140.9568923906122> Truck:[XHTruck25] Finish loading at shovel NorthPitMine-LoadSite3-Shovel-1
2025-09-11 21:07:12,480 [DEBUG] Truck: Time:<140.9568923906122> Truck:[XHTruck25] Start moving to ORDER(4): NorthPitMine-DumpSite5, move distance is 2.4977615082941553, speed: 25
2025-09-11 21:07:12,480 [INFO] Truck: Time:<123> Truck:[XHTruck25] breakdown for 4.325297819750094 minutes at 123
2025-09-11 21:07:12,481 [INFO] Truck: Time:<140.9568923906122> Truck:[CLTruck28] Start loading at shovel NorthPitMine-LoadSite3-Shovel-1, load time is 2.5836614173228347
2025-09-11 21:07:12,481 [INFO] Truck: Time:<140.96666341269258> Truck:[XHTruck19] Finish loading at shovel NorthPitMine-LoadSite4-Shovel-3
2025-09-11 21:07:12,481 [DEBUG] Truck: Time:<140.96666341269258> Truck:[XHTruck19] Start moving to ORDER(1): NorthPitMine-DumpSite2, move distance is 1.8379429217410816, speed: 25
2025-09-11 21:07:12,481 [INFO] Truck: Time:<132> Truck:[XHTruck19] breakdown for 8.47543583816057 minutes at 132
2025-09-11 21:07:12,482 [INFO] Truck: Time:<140.96666341269258> Truck:[OfficalTruck4] Start loading at shovel NorthPitMine-LoadSite4-Shovel-3, load time is 34.22222222222222
2025-09-11 21:07:12,482 [DEBUG] Truck: Time:<140.98078745341803> Truck:[CLTruck13] Arrived at NorthPitMine-DumpSite5 at 140.98078745341803
2025-09-11 21:07:12,483 [INFO] Truck: Time:<141.98078745341803> Truck:[CLTruck13] Finish unloading at dumper NorthPitMine-DumpSite5-点位0, dumper tons is 1597.852479059794
2025-09-11 21:07:12,483 [DEBUG] Truck: Time:<141.98078745341803> Truck:[CLTruck13] Start moving to ORDER(3):NorthPitMine-LoadSite4, move distance is 5.34, speed: 25
2025-09-11 21:07:12,483 [INFO] Truck: Time:<141.98078745341803> Truck:[CLTruck13] is facing 0 mins delay caused by 2 pre-existing jam events on Road from NorthPitMine-DumpSite5 to NorthPitMine-LoadSite4
2025-09-11 21:07:12,489 [INFO] Truck: Time:<143.54055380793505> Truck:[CLTruck28] Finish loading at shovel NorthPitMine-LoadSite3-Shovel-1
2025-09-11 21:07:12,489 [DEBUG] Truck: Time:<143.54055380793505> Truck:[CLTruck28] Start moving to ORDER(4): NorthPitMine-DumpSite5, move distance is 2.454748020243773, speed: 25
2025-09-11 21:07:12,490 [INFO] Truck: Time:<126> Truck:[CLTruck28] breakdown for 10.848114634770788 minutes at 126
2025-09-11 21:07:12,490 [INFO] Truck: Time:<143.54055380793505> Truck:[XHTruck3] Start loading at shovel NorthPitMine-LoadSite3-Shovel-1, load time is 4.060039370078741
2025-09-11 21:07:12,490 [INFO] Truck: Time:<143.88738694561687> Truck:[OfficalTruck9] Finish loading at shovel NorthPitMine-LoadSite5-Shovel-1
2025-09-11 21:07:12,491 [DEBUG] Truck: Time:<143.88738694561687> Truck:[OfficalTruck9] Start moving to ORDER(0): NorthPitMine-DumpSite1, move distance is 7.6561874802023295, speed: 25
2025-09-11 21:07:12,491 [INFO] Truck: Time:<126> Truck:[OfficalTruck9] breakdown for 10.293314396224291 minutes at 126
2025-09-11 21:07:12,492 [DEBUG] Truck: Time:<143.96717926985863> Truck:[XHTruck2] Arrived at NorthPitMine-DumpSite1 at 143.96717926985863
2025-09-11 21:07:12,492 [DEBUG] Truck: Time:<143.98308484098698> Truck:[XHTruck18] Arrived at NorthPitMine-DumpSite5 at 143.98308484098698
2025-09-11 21:07:12,492 [DEBUG] Truck: Time:<144.3795259319118> Truck:[XHTruck9] Arrived at NorthPitMine-DumpSite5 at 144.3795259319118
2025-09-11 21:07:12,495 [INFO] Truck: Time:<144.58078811859676> Truck:[OfficalTruck3] Arrived at NorthPitMine-LoadSite4 at 144.58078811859676
2025-09-11 21:07:12,495 [INFO] Truck: Time:<144.96717926985863> Truck:[XHTruck2] Finish unloading at dumper NorthPitMine-DumpSite1-点位0, dumper tons is 911.8562420921223
2025-09-11 21:07:12,496 [DEBUG] Truck: Time:<144.96717926985863> Truck:[XHTruck2] Start moving to ORDER(2):NorthPitMine-LoadSite3, move distance is 2.98, speed: 25
2025-09-11 21:07:12,496 [INFO] Truck: Time:<141> Truck:[XHTruck2] breakdown for 14.086736866740305 minutes at 141
2025-09-11 21:07:12,496 [INFO] Truck: Time:<144.98308484098698> Truck:[XHTruck18] Finish unloading at dumper NorthPitMine-DumpSite5-点位0, dumper tons is 1652.755609778225
2025-09-11 21:07:12,496 [DEBUG] Truck: Time:<144.98308484098698> Truck:[XHTruck18] Start moving to ORDER(3):NorthPitMine-LoadSite4, move distance is 5.34, speed: 25
2025-09-11 21:07:12,497 [INFO] Truck: Time:<144.98308484098698> Truck:[XHTruck18] is facing 4.9840206312648725 mins delay caused by 3 pre-existing jam events on Road from NorthPitMine-DumpSite5 to NorthPitMine-LoadSite4
2025-09-11 21:07:12,499 [INFO] Truck: Time:<145.06648580597226> Truck:[OfficalTruck1] Finish loading at shovel NorthPitMine-LoadSite4-Shovel-1
2025-09-11 21:07:12,499 [DEBUG] Truck: Time:<145.06648580597226> Truck:[OfficalTruck1] Start moving to ORDER(1): NorthPitMine-DumpSite2, move distance is 1.8244989450220102, speed: 25
2025-09-11 21:07:12,500 [INFO] Truck: Time:<128> Truck:[OfficalTruck1] breakdown for 12.901942229718571 minutes at 128
2025-09-11 21:07:12,500 [INFO] Truck: Time:<145.06648580597226> Truck:[CLTruck16] Start loading at shovel NorthPitMine-LoadSite4-Shovel-1, load time is 2.5836614173228347
2025-09-11 21:07:12,500 [INFO] Truck: Time:<145.09560322026985> Truck:[CLTruck15] Arrived at NorthPitMine-LoadSite5 at 145.09560322026985
2025-09-11 21:07:12,500 [INFO] Truck: Time:<145.09560322026985> Truck:[CLTruck15] Start loading at shovel NorthPitMine-LoadSite5-Shovel-1, load time is 2.5836614173228347
2025-09-11 21:07:12,500 [INFO] Truck: Time:<145.3795259319118> Truck:[XHTruck9] Finish unloading at dumper NorthPitMine-DumpSite5-点位1, dumper tons is 569.8299192022574
2025-09-11 21:07:12,501 [DEBUG] Truck: Time:<145.3795259319118> Truck:[XHTruck9] Start moving to ORDER(3):NorthPitMine-LoadSite4, move distance is 5.34, speed: 25
2025-09-11 21:07:12,501 [INFO] Truck: Time:<145.3795259319118> Truck:[XHTruck9] is facing 11.260396798151739 mins delay caused by 4 pre-existing jam events on Road from NorthPitMine-DumpSite5 to NorthPitMine-LoadSite4
2025-09-11 21:07:12,501 [DEBUG] Truck: Time:<146.3993378683047> Truck:[XHTruck23] Arrived at NorthPitMine-DumpSite2 at 146.3993378683047
2025-09-11 21:07:12,503 [INFO] Truck: Time:<147.3993378683047> Truck:[XHTruck23] Finish unloading at dumper NorthPitMine-DumpSite2-点位0, dumper tons is 1326.2140892437103
2025-09-11 21:07:12,503 [DEBUG] Truck: Time:<147.3993378683047> Truck:[XHTruck23] Start moving to ORDER(2):NorthPitMine-LoadSite3, move distance is 3.41, speed: 25
2025-09-11 21:07:12,503 [INFO] Truck: Time:<147.6005931780138> Truck:[XHTruck3] Finish loading at shovel NorthPitMine-LoadSite3-Shovel-1
2025-09-11 21:07:12,507 [DEBUG] Truck: Time:<147.6005931780138> Truck:[XHTruck3] Start moving to ORDER(4): NorthPitMine-DumpSite5, move distance is 1.86, speed: 25
2025-09-11 21:07:12,507 [INFO] Truck: Time:<109> Truck:[XHTruck3] breakdown for 13.04001873913546 minutes at 109
2025-09-11 21:07:12,507 [INFO] Truck: Time:<147.6005931780138> Truck:[XHTruck1] Start loading at shovel NorthPitMine-LoadSite3-Shovel-1, load time is 4.060039370078741
2025-09-11 21:07:12,508 [INFO] Truck: Time:<147.6501472232951> Truck:[CLTruck16] Finish loading at shovel NorthPitMine-LoadSite4-Shovel-1
2025-09-11 21:07:12,508 [DEBUG] Truck: Time:<147.6501472232951> Truck:[CLTruck16] Start moving to ORDER(1): NorthPitMine-DumpSite2, move distance is 1.6222050827972812, speed: 25
2025-09-11 21:07:12,508 [INFO] Truck: Time:<147> Truck:[CLTruck16] breakdown for 5.470171957002107 minutes at 147
2025-09-11 21:07:12,509 [INFO] Truck: Time:<147.6501472232951> Truck:[XHTruck6] Start loading at shovel NorthPitMine-LoadSite4-Shovel-1, load time is 4.060039370078741
2025-09-11 21:07:12,509 [INFO] Truck: Time:<147.6792646375927> Truck:[CLTruck15] Finish loading at shovel NorthPitMine-LoadSite5-Shovel-1
2025-09-11 21:07:12,510 [DEBUG] Truck: Time:<147.6792646375927> Truck:[CLTruck15] Start moving to ORDER(0): NorthPitMine-DumpSite1, move distance is 6.2756021733793075, speed: 25
2025-09-11 21:07:12,510 [INFO] Truck: Time:<135> Truck:[CLTruck15] breakdown for 10.243231201465303 minutes at 135
2025-09-11 21:07:12,513 [DEBUG] Truck: Time:<148.4747797610471> Truck:[CLTruck29] Arrived at NorthPitMine-DumpSite5 at 148.4747797610471
2025-09-11 21:07:12,513 [DEBUG] Truck: Time:<148.8175924865816> Truck:[CLTruck9] Arrived at NorthPitMine-DumpSite5 at 148.8175924865816
2025-09-11 21:07:12,514 [INFO] Truck: Time:<149.24623089788793> Truck:[CLTruck4] Arrived at NorthPitMine-LoadSite4 at 149.24623089788793
2025-09-11 21:07:12,515 [DEBUG] Truck: Time:<149.27907127257325> Truck:[CLTruck1] Arrived at NorthPitMine-DumpSite5 at 149.27907127257325
2025-09-11 21:07:12,515 [INFO] Truck: Time:<149.4747797610471> Truck:[CLTruck29] Finish unloading at dumper NorthPitMine-DumpSite5-点位0, dumper tons is 1684.2732546281668
2025-09-11 21:07:12,516 [DEBUG] Truck: Time:<149.4747797610471> Truck:[CLTruck29] Start moving to ORDER(3):NorthPitMine-LoadSite4, move distance is 5.34, speed: 25
2025-09-11 21:07:12,516 [INFO] Truck: Time:<146> Truck:[CLTruck29] breakdown for 8.489670182031682 minutes at 146
2025-09-11 21:07:12,516 [INFO] Truck: Time:<149.8175924865816> Truck:[CLTruck9] Finish unloading at dumper NorthPitMine-DumpSite5-点位1, dumper tons is 608.290897462505
2025-09-11 21:07:12,517 [DEBUG] Truck: Time:<149.8175924865816> Truck:[CLTruck9] Start moving to ORDER(3):NorthPitMine-LoadSite4, move distance is 5.34, speed: 25
2025-09-11 21:07:12,517 [INFO] Truck: Time:<149.8175924865816> Truck:[CLTruck9] is facing 2.3842636888121342 mins delay caused by 5 pre-existing jam events on Road from NorthPitMine-DumpSite5 to NorthPitMine-LoadSite4
2025-09-11 21:07:12,517 [INFO] Truck: Time:<149.86844444444444> Truck:[XHTruck33] Finish loading at shovel NorthPitMine-LoadSite4-Shovel-2
2025-09-11 21:07:12,518 [DEBUG] Truck: Time:<149.86844444444444> Truck:[XHTruck33] Start moving to ORDER(1): NorthPitMine-DumpSite2, move distance is 1.593138933306128, speed: 25
2025-09-11 21:07:12,518 [INFO] Truck: Time:<138> Truck:[XHTruck33] breakdown for 10.032852424427011 minutes at 138
2025-09-11 21:07:12,518 [INFO] Truck: Time:<149.86844444444444> Truck:[XHTruck21] Start loading at shovel NorthPitMine-LoadSite4-Shovel-2, load time is 24.444444444444443
2025-09-11 21:07:12,520 [INFO] Truck: Time:<150.27907127257325> Truck:[CLTruck1] Finish unloading at dumper NorthPitMine-DumpSite5-点位2, dumper tons is 137.6519947090921
2025-09-11 21:07:12,520 [DEBUG] Truck: Time:<150.27907127257325> Truck:[CLTruck1] Start moving to ORDER(3):NorthPitMine-LoadSite4, move distance is 5.34, speed: 25
2025-09-11 21:07:12,520 [INFO] Truck: Time:<145> Truck:[CLTruck1] breakdown for 7.367976201415572 minutes at 145
2025-09-11 21:07:12,520 [INFO] Truck: Time:<150.7411519590957> Truck:[CLTruck17] Arrived at NorthPitMine-LoadSite4 at 150.7411519590957
2025-09-11 21:07:12,520 [DEBUG] Truck: Time:<150.93151214449915> Truck:[CLTruck11] Arrived at NorthPitMine-DumpSite2 at 150.93151214449915
2025-09-11 21:07:12,524 [DEBUG] Truck: Time:<151.12529878228042> Truck:[CLTruck10] Arrived at NorthPitMine-DumpSite2 at 151.12529878228042
2025-09-11 21:07:12,524 [DEBUG] Truck: Time:<151.27681783026827> Truck:[XHTruck25] Arrived at NorthPitMine-DumpSite5 at 151.27681783026827
2025-09-11 21:07:12,524 [DEBUG] Truck: Time:<151.30938539166695> Truck:[XHTruck17] Arrived at NorthPitMine-DumpSite5 at 151.30938539166695
2025-09-11 21:07:12,525 [INFO] Truck: Time:<151.66063254809256> Truck:[XHTruck1] Finish loading at shovel NorthPitMine-LoadSite3-Shovel-1
2025-09-11 21:07:12,525 [DEBUG] Truck: Time:<151.66063254809256> Truck:[XHTruck1] Start moving to ORDER(4): NorthPitMine-DumpSite5, move distance is 1.86, speed: 25
2025-09-11 21:07:12,526 [INFO] Truck: Time:<120> Truck:[XHTruck1] breakdown for 6.941938934696385 minutes at 120
2025-09-11 21:07:12,526 [INFO] Truck: Time:<151.66063254809256> Truck:[CLTruck22] Start loading at shovel NorthPitMine-LoadSite3-Shovel-1, load time is 2.5836614173228347
2025-09-11 21:07:12,526 [INFO] Truck: Time:<151.71018659337386> Truck:[XHTruck6] Finish loading at shovel NorthPitMine-LoadSite4-Shovel-1
2025-09-11 21:07:12,527 [DEBUG] Truck: Time:<151.71018659337386> Truck:[XHTruck6] Start moving to ORDER(1): NorthPitMine-DumpSite2, move distance is 1.4185337053536, speed: 25
2025-09-11 21:07:12,527 [INFO] Truck: Time:<151> Truck:[XHTruck6] breakdown for 7.407171623715306 minutes at 151
2025-09-11 21:07:12,527 [INFO] Truck: Time:<151.71018659337386> Truck:[XHTruck15] Start loading at shovel NorthPitMine-LoadSite4-Shovel-1, load time is 4.060039370078741
2025-09-11 21:07:12,527 [INFO] Truck: Time:<151.90263580162855> Truck:[CLTruck2] Finish loading at shovel NorthPitMine-LoadSite4-Shovel-5
2025-09-11 21:07:12,528 [DEBUG] Truck: Time:<151.90263580162855> Truck:[CLTruck2] Start moving to ORDER(1): NorthPitMine-DumpSite2, move distance is 1.5755967540348281, speed: 25
2025-09-11 21:07:12,528 [INFO] Truck: Time:<118> Truck:[CLTruck2] breakdown for 1.60909577311436 minutes at 118
2025-09-11 21:07:12,528 [INFO] Truck: Time:<151.90263580162855> Truck:[CLTruck3] Start loading at shovel NorthPitMine-LoadSite4-Shovel-5, load time is 15.555555555555555
2025-09-11 21:07:12,529 [INFO] Truck: Time:<151.93151214449915> Truck:[CLTruck11] Finish unloading at dumper NorthPitMine-DumpSite2-点位0, dumper tons is 1360.8114016411405
2025-09-11 21:07:12,529 [INFO] Road: [RoadEvent] Road from NorthPitMine-DumpSite2 to NorthPitMine-LoadSite3 is in repair，the repair will last for 44.03 mins, and will end at 195.96, vehicle on this road will have to suffer punish_distance.
2025-09-11 21:07:12,529 [DEBUG] Truck: Time:<151.93151214449915> Truck:[CLTruck11] Start moving to ORDER(2):NorthPitMine-LoadSite3, move distance is 4.768773646123556, speed: 25
2025-09-11 21:07:12,531 [INFO] Truck: Time:<152.12529878228042> Truck:[CLTruck10] Finish unloading at dumper NorthPitMine-DumpSite2-点位1, dumper tons is 344.22971188675433
2025-09-11 21:07:12,531 [DEBUG] Truck: Time:<152.12529878228042> Truck:[CLTruck10] Start moving to ORDER(2):NorthPitMine-LoadSite3, move distance is 4.661363370296995, speed: 25
2025-09-11 21:07:12,531 [INFO] Truck: Time:<152.12529878228042> Truck:[CLTruck10] is facing 4.894220859288178 mins delay caused by 1 pre-existing jam events on Road from NorthPitMine-DumpSite2 to NorthPitMine-LoadSite3
2025-09-11 21:07:12,531 [INFO] Truck: Time:<152.27681783026827> Truck:[XHTruck25] Finish unloading at dumper NorthPitMine-DumpSite5-点位0, dumper tons is 1743.9927455576858
2025-09-11 21:07:12,531 [DEBUG] Truck: Time:<152.27681783026827> Truck:[XHTruck25] Start moving to ORDER(3):NorthPitMine-LoadSite4, move distance is 5.34, speed: 25
2025-09-11 21:07:12,531 [INFO] Truck: Time:<152.27681783026827> Truck:[XHTruck25] is facing 0 mins delay caused by 4 pre-existing jam events on Road from NorthPitMine-DumpSite5 to NorthPitMine-LoadSite4
2025-09-11 21:07:12,531 [INFO] Truck: Time:<152.30938539166695> Truck:[XHTruck17] Finish unloading at dumper NorthPitMine-DumpSite5-点位1, dumper tons is 668.1342838794756
2025-09-11 21:07:12,535 [DEBUG] Truck: Time:<152.30938539166695> Truck:[XHTruck17] Start moving to ORDER(3):NorthPitMine-LoadSite4, move distance is 5.34, speed: 25
2025-09-11 21:07:12,535 [INFO] Truck: Time:<151> Truck:[XHTruck17] breakdown for 6.792921701146411 minutes at 151
2025-09-11 21:07:12,535 [INFO] Truck: Time:<152.92961521943528> Truck:[XHTruck27] Finish loading at shovel NorthPitMine-LoadSite3-Shovel-2
2025-09-11 21:07:12,536 [DEBUG] Truck: Time:<152.92961521943528> Truck:[XHTruck27] Start moving to ORDER(4): NorthPitMine-DumpSite5, move distance is 1.86, speed: 25
2025-09-11 21:07:12,536 [INFO] Truck: Time:<151> Truck:[XHTruck27] breakdown for 5.621956606996866 minutes at 151
2025-09-11 21:07:12,536 [INFO] Truck: Time:<152.92961521943528> Truck:[CLTruck5] Start loading at shovel NorthPitMine-LoadSite3-Shovel-2, load time is 15.555555555555555
2025-09-11 21:07:12,538 [INFO] Truck: Time:<153.1203191802972> Truck:[CLTruck16] is facing 9.201452005051499 mins delay caused by 1 pre-existing jam events on Road from NorthPitMine-LoadSite4 to NorthPitMine-DumpSite2
2025-09-11 21:07:12,538 [INFO] Truck: Time:<153.5117315747429> Truck:[CLTruck2] is facing 8.921003823947764 mins delay caused by 1 pre-existing jam events on Road from NorthPitMine-LoadSite4 to NorthPitMine-DumpSite2
2025-09-11 21:07:12,538 [DEBUG] Truck: Time:<153.85316226303175> Truck:[XHTruck19] Arrived at NorthPitMine-DumpSite2 at 153.85316226303175
2025-09-11 21:07:12,540 [INFO] Truck: Time:<154.2442939654154> Truck:[CLTruck22] Finish loading at shovel NorthPitMine-LoadSite3-Shovel-1
2025-09-11 21:07:12,540 [DEBUG] Truck: Time:<154.2442939654154> Truck:[CLTruck22] Start moving to ORDER(4): NorthPitMine-DumpSite5, move distance is 1.86, speed: 25
2025-09-11 21:07:12,540 [INFO] Truck: Time:<122> Truck:[CLTruck22] breakdown for 12.1733822939218 minutes at 122
2025-09-11 21:07:12,540 [INFO] Truck: Time:<154.79678745341803> Truck:[CLTruck13] Arrived at NorthPitMine-LoadSite4 at 154.79678745341803
2025-09-11 21:07:12,540 [DEBUG] Truck: Time:<154.80617816923856> Truck:[OfficalTruck2] Arrived at NorthPitMine-DumpSite5 at 154.80617816923856
2025-09-11 21:07:12,540 [INFO] Truck: Time:<154.85316226303175> Truck:[XHTruck19] Finish unloading at dumper NorthPitMine-DumpSite2-点位0, dumper tons is 1418.6893684660752
2025-09-11 21:07:12,543 [DEBUG] Truck: Time:<154.85316226303175> Truck:[XHTruck19] Start moving to ORDER(2):NorthPitMine-LoadSite3, move distance is 5.062987039746046, speed: 25
2025-09-11 21:07:12,543 [INFO] Truck: Time:<153> Truck:[XHTruck19] breakdown for 9.736590773346508 minutes at 153
2025-09-11 21:07:12,543 [INFO] Truck: Time:<154.99836160410575> Truck:[OfficalTruck6] Arrived at NorthPitMine-LoadSite4 at 154.99836160410575
2025-09-11 21:07:12,545 [INFO] Truck: Time:<155.5833378683047> Truck:[XHTruck23] Arrived at NorthPitMine-LoadSite3 at 155.5833378683047
2025-09-11 21:07:12,546 [INFO] Truck: Time:<155.5833378683047> Truck:[XHTruck23] Start loading at shovel NorthPitMine-LoadSite3-Shovel-1, load time is 4.060039370078741
2025-09-11 21:07:12,546 [INFO] Truck: Time:<155.7561146784513> Truck:[CLTruck20] Arrived at NorthPitMine-LoadSite4 at 155.7561146784513
2025-09-11 21:07:12,546 [INFO] Truck: Time:<155.77022596345262> Truck:[XHTruck15] Finish loading at shovel NorthPitMine-LoadSite4-Shovel-1
2025-09-11 21:07:12,547 [DEBUG] Truck: Time:<155.77022596345262> Truck:[XHTruck15] Start moving to ORDER(1): NorthPitMine-DumpSite2, move distance is 1.6356635491723743, speed: 25
2025-09-11 21:07:12,547 [INFO] Truck: Time:<130> Truck:[XHTruck15] breakdown for 7.07575840462035 minutes at 130
2025-09-11 21:07:12,547 [INFO] Truck: Time:<155.77022596345262> Truck:[OfficalTruck3] Start loading at shovel NorthPitMine-LoadSite4-Shovel-1, load time is 5.684055118110236
2025-09-11 21:07:12,547 [INFO] Truck: Time:<155.80617816923856> Truck:[OfficalTruck2] Finish unloading at dumper NorthPitMine-DumpSite5-点位0, dumper tons is 1813.864306143539
2025-09-11 21:07:12,547 [DEBUG] Truck: Time:<155.80617816923856> Truck:[OfficalTruck2] Start moving to ORDER(3):NorthPitMine-LoadSite4, move distance is 5.34, speed: 25
2025-09-11 21:07:12,548 [INFO] Truck: Time:<155.80617816923856> Truck:[OfficalTruck2] is facing 9.79684396016038 mins delay caused by 3 pre-existing jam events on Road from NorthPitMine-DumpSite5 to NorthPitMine-LoadSite4
2025-09-11 21:07:12,549 [INFO] Truck: Time:<156.40309425555898> Truck:[XHTruck31] Arrived at NorthPitMine-LoadSite4 at 156.40309425555898
2025-09-11 21:07:12,552 [INFO] Truck: Time:<157.6470474739888> Truck:[CLTruck1] is facing 7.955974655410139 mins delay caused by 2 pre-existing jam events on Road from NorthPitMine-DumpSite5 to NorthPitMine-LoadSite4
2025-09-11 21:07:12,552 [INFO] Truck: Time:<157.922495839058> Truck:[CLTruck15] is facing 0 mins delay caused by 1 pre-existing jam events on Road from NorthPitMine-LoadSite5 to NorthPitMine-DumpSite1
2025-09-11 21:07:12,552 [INFO] Truck: Time:<157.9644499430788> Truck:[CLTruck29] is facing 7.638572186320155 mins delay caused by 2 pre-existing jam events on Road from NorthPitMine-DumpSite5 to NorthPitMine-LoadSite4
2025-09-11 21:07:12,553 [INFO] Truck: Time:<157.96842803569083> Truck:[OfficalTruck1] is facing 10.941081041200267 mins delay caused by 2 pre-existing jam events on Road from NorthPitMine-LoadSite4 to NorthPitMine-DumpSite2
2025-09-11 21:07:12,557 [INFO] Truck: Time:<159.10230709281336> Truck:[XHTruck17] is facing 10.23912455120691 mins delay caused by 3 pre-existing jam events on Road from NorthPitMine-DumpSite5 to NorthPitMine-LoadSite4
2025-09-11 21:07:12,557 [INFO] Truck: Time:<159.11735821708916> Truck:[XHTruck6] is facing 10.097380852206854 mins delay caused by 2 pre-existing jam events on Road from NorthPitMine-LoadSite4 to NorthPitMine-DumpSite2
2025-09-11 21:07:12,557 [INFO] Truck: Time:<159.31410118251395> Truck:[XHTruck4] Arrived at NorthPitMine-LoadSite5 at 159.31410118251395
2025-09-11 21:07:12,557 [INFO] Truck: Time:<159.31410118251395> Truck:[XHTruck4] Start loading at shovel NorthPitMine-LoadSite5-Shovel-1, load time is 4.060039370078741
2025-09-11 21:07:12,557 [INFO] Truck: Time:<159.64337723838344> Truck:[XHTruck23] Finish loading at shovel NorthPitMine-LoadSite3-Shovel-1
2025-09-11 21:07:12,557 [DEBUG] Truck: Time:<159.64337723838344> Truck:[XHTruck23] Start moving to ORDER(4): NorthPitMine-DumpSite5, move distance is 1.86, speed: 25
2025-09-11 21:07:12,557 [INFO] Truck: Time:<159.89156348072757> Truck:[XHTruck30] Arrived at NorthPitMine-LoadSite4 at 159.89156348072757
2025-09-11 21:07:12,557 [INFO] Truck: Time:<159.90129686887144> Truck:[XHTruck33] is facing 7.904070768156483 mins delay caused by 2 pre-existing jam events on Road from NorthPitMine-LoadSite4 to NorthPitMine-DumpSite2
2025-09-11 21:07:12,563 [DEBUG] Truck: Time:<160.28006369129088> Truck:[CLTruck28] Arrived at NorthPitMine-DumpSite5 at 160.28006369129088
2025-09-11 21:07:12,565 [INFO] Truck: Time:<161.28006369129088> Truck:[CLTruck28] Finish unloading at dumper NorthPitMine-DumpSite5-点位0, dumper tons is 1849.109831270338
2025-09-11 21:07:12,566 [DEBUG] Truck: Time:<161.28006369129088> Truck:[CLTruck28] Start moving to ORDER(3):NorthPitMine-LoadSite4, move distance is 5.34, speed: 25
2025-09-11 21:07:12,566 [INFO] Truck: Time:<161.28006369129088> Truck:[CLTruck28] is facing 15.094457419373136 mins delay caused by 4 pre-existing jam events on Road from NorthPitMine-DumpSite5 to NorthPitMine-LoadSite4
2025-09-11 21:07:12,567 [INFO] Truck: Time:<161.45428108156284> Truck:[OfficalTruck3] Finish loading at shovel NorthPitMine-LoadSite4-Shovel-1
2025-09-11 21:07:12,567 [DEBUG] Truck: Time:<161.45428108156284> Truck:[OfficalTruck3] Start moving to ORDER(1): NorthPitMine-DumpSite2, move distance is 1.8651736742574925, speed: 25
2025-09-11 21:07:12,567 [INFO] Truck: Time:<144> Truck:[OfficalTruck3] breakdown for 10.907722310598007 minutes at 144
2025-09-11 21:07:12,567 [INFO] Truck: Time:<161.45428108156284> Truck:[CLTruck4] Start loading at shovel NorthPitMine-LoadSite4-Shovel-1, load time is 2.5836614173228347
2025-09-11 21:07:12,570 [INFO] Truck: Time:<162.78310547225186> Truck:[XHTruck18] Arrived at NorthPitMine-LoadSite4 at 162.78310547225186
2025-09-11 21:07:12,570 [INFO] Truck: Time:<162.84598436807298> Truck:[XHTruck15] is facing 2.418628202738696 mins delay caused by 2 pre-existing jam events on Road from NorthPitMine-LoadSite4 to NorthPitMine-DumpSite2
2025-09-11 21:07:12,572 [DEBUG] Truck: Time:<163.01557182643214> Truck:[XHTruck27] Arrived at NorthPitMine-DumpSite5 at 163.01557182643214
2025-09-11 21:07:12,573 [DEBUG] Truck: Time:<163.06657148278896> Truck:[XHTruck1] Arrived at NorthPitMine-DumpSite5 at 163.06657148278896
2025-09-11 21:07:12,573 [INFO] Truck: Time:<163.37414055259268> Truck:[XHTruck4] Finish loading at shovel NorthPitMine-LoadSite5-Shovel-1
2025-09-11 21:07:12,574 [INFO] Truck: Time:<163.37414055259268> Shovel NorthPitMine-LoadSite5-Shovel-1 under maintenance for 43.15 minutes
2025-09-11 21:07:12,574 [INFO] Truck: Time:<163.37656889519567> Truck:[CLTruck11] Arrived at NorthPitMine-LoadSite3 at 163.37656889519567
2025-09-11 21:07:12,574 [INFO] Truck: Time:<163.37656889519567> Truck:[CLTruck11] Start loading at shovel NorthPitMine-LoadSite3-Shovel-1, load time is 2.5836614173228347
2025-09-11 21:07:12,577 [INFO] Truck: Time:<164.01557182643214> Truck:[XHTruck27] Finish unloading at dumper NorthPitMine-DumpSite5-点位0, dumper tons is 1902.0295066321517
2025-09-11 21:07:12,578 [DEBUG] Truck: Time:<164.01557182643214> Truck:[XHTruck27] Start moving to ORDER(3):NorthPitMine-LoadSite4, move distance is 5.34, speed: 25
2025-09-11 21:07:12,578 [INFO] Truck: Time:<164.01557182643214> Truck:[XHTruck27] is facing 7.886203356960361 mins delay caused by 6 pre-existing jam events on Road from NorthPitMine-DumpSite5 to NorthPitMine-LoadSite4
2025-09-11 21:07:12,578 [INFO] Truck: Time:<164.03794249888568> Truck:[CLTruck4] Finish loading at shovel NorthPitMine-LoadSite4-Shovel-1
2025-09-11 21:07:12,579 [DEBUG] Truck: Time:<164.03794249888568> Truck:[CLTruck4] Start moving to ORDER(1): NorthPitMine-DumpSite2, move distance is 1.6970905314576896, speed: 25
2025-09-11 21:07:12,579 [INFO] Truck: Time:<161> Truck:[CLTruck4] breakdown for 8.1999942318512 minutes at 161
2025-09-11 21:07:12,579 [INFO] Truck: Time:<164.03794249888568> Truck:[CLTruck17] Start loading at shovel NorthPitMine-LoadSite4-Shovel-1, load time is 2.5836614173228347
2025-09-11 21:07:12,579 [INFO] Truck: Time:<164.06657148278896> Truck:[XHTruck1] Finish unloading at dumper NorthPitMine-DumpSite5-点位1, dumper tons is 725.6696612796591
2025-09-11 21:07:12,579 [DEBUG] Truck: Time:<164.06657148278896> Truck:[XHTruck1] Start moving to ORDER(3):NorthPitMine-LoadSite4, move distance is 5.34, speed: 25
2025-09-11 21:07:12,579 [INFO] Truck: Time:<164.06657148278896> Truck:[XHTruck1] is facing 7.733204387889894 mins delay caused by 6 pre-existing jam events on Road from NorthPitMine-DumpSite5 to NorthPitMine-LoadSite4
2025-09-11 21:07:12,579 [DEBUG] Truck: Time:<164.10737723838344> Truck:[XHTruck23] Arrived at NorthPitMine-DumpSite5 at 164.10737723838344
2025-09-11 21:07:12,581 [INFO] Truck: Time:<165.01785617539372> Truck:[CLTruck9] Arrived at NorthPitMine-LoadSite4 at 165.01785617539372
2025-09-11 21:07:12,583 [INFO] Truck: Time:<165.09281783026827> Truck:[XHTruck25] Arrived at NorthPitMine-LoadSite4 at 165.09281783026827
2025-09-11 21:07:12,583 [DEBUG] Truck: Time:<165.10461191714927> Truck:[XHTruck3] Arrived at NorthPitMine-DumpSite5 at 165.10461191714927
2025-09-11 21:07:12,583 [INFO] Truck: Time:<165.10737723838344> Truck:[XHTruck23] Finish unloading at dumper NorthPitMine-DumpSite5-点位0, dumper tons is 1959.693797014955
2025-09-11 21:07:12,583 [DEBUG] Truck: Time:<165.10737723838344> Truck:[XHTruck23] Start moving to ORDER(3):NorthPitMine-LoadSite4, move distance is 5.34, speed: 25
2025-09-11 21:07:12,584 [INFO] Truck: Time:<165.10737723838344> Truck:[XHTruck23] is facing 5.177394635990135 mins delay caused by 6 pre-existing jam events on Road from NorthPitMine-DumpSite5 to NorthPitMine-LoadSite4
2025-09-11 21:07:12,584 [INFO] Truck: Time:<165.96023031251852> Truck:[CLTruck11] Finish loading at shovel NorthPitMine-LoadSite3-Shovel-1
2025-09-11 21:07:12,584 [INFO] Truck: Time:<165.96023031251852> Shovel NorthPitMine-LoadSite3-Shovel-1 under maintenance for 35.81 minutes
2025-09-11 21:07:12,586 [INFO] Truck: Time:<166.10461191714927> Truck:[XHTruck3] Finish unloading at dumper NorthPitMine-DumpSite5-点位1, dumper tons is 782.2130630419464
2025-09-11 21:07:12,588 [DEBUG] Truck: Time:<166.10461191714927> Truck:[XHTruck3] Start moving to ORDER(3):NorthPitMine-LoadSite4, move distance is 5.34, speed: 25
2025-09-11 21:07:12,588 [INFO] Truck: Time:<166.10461191714927> Truck:[XHTruck3] is facing 3.6845150662087898 mins delay caused by 7 pre-existing jam events on Road from NorthPitMine-DumpSite5 to NorthPitMine-LoadSite4
2025-09-11 21:07:12,588 [INFO] Truck: Time:<166.20591613659892> Truck:[XHTruck2] Arrived at NorthPitMine-LoadSite3 at 166.20591613659892
2025-09-11 21:07:12,588 [DEBUG] Truck: Time:<166.21416760837425> Truck:[CLTruck2] Arrived at NorthPitMine-DumpSite2 at 166.21416760837425
2025-09-11 21:07:12,588 [DEBUG] Truck: Time:<166.21506338406218> Truck:[CLTruck16] Arrived at NorthPitMine-DumpSite2 at 166.21506338406218
2025-09-11 21:07:12,588 [INFO] Truck: Time:<166.4176762593372> Truck:[CLTruck22] is facing 0 mins delay caused by 1 pre-existing jam events on Road from NorthPitMine-LoadSite3 to NorthPitMine-DumpSite5
2025-09-11 21:07:12,588 [INFO] Truck: Time:<166.62160391620853> Truck:[CLTruck17] Finish loading at shovel NorthPitMine-LoadSite4-Shovel-1
2025-09-11 21:07:12,590 [DEBUG] Truck: Time:<166.62160391620853> Truck:[CLTruck17] Start moving to ORDER(1): NorthPitMine-DumpSite2, move distance is 1.50448195176462, speed: 25
2025-09-11 21:07:12,590 [INFO] Truck: Time:<139> Truck:[CLTruck17] breakdown for 8.72172011598125 minutes at 139
2025-09-11 21:07:12,590 [INFO] Truck: Time:<166.62160391620853> Truck:[OfficalTruck6] Start loading at shovel NorthPitMine-LoadSite4-Shovel-1, load time is 5.684055118110236
2025-09-11 21:07:12,590 [INFO] Truck: Time:<166.71927815586702> Shovel NorthPitMine-LoadSite4-Shovel-4 maintenance completed
2025-09-11 21:07:12,591 [DEBUG] Truck: Time:<166.71927815586702> Truck:[CLTruck14] Start moving to ORDER(1): NorthPitMine-DumpSite2, move distance is 1.5943269902331523, speed: 25
2025-09-11 21:07:12,591 [INFO] Truck: Time:<156> Truck:[CLTruck14] breakdown for 7.231736407355175 minutes at 156
2025-09-11 21:07:12,591 [INFO] Truck: Time:<166.71927815586702> Truck:[CLTruck23] Start loading at shovel NorthPitMine-LoadSite4-Shovel-4, load time is 15.555555555555555
2025-09-11 21:07:12,593 [INFO] Truck: Time:<167.21416760837425> Truck:[CLTruck2] Finish unloading at dumper NorthPitMine-DumpSite2-点位0, dumper tons is 1451.8428652835194
2025-09-11 21:07:12,594 [DEBUG] Truck: Time:<167.21416760837425> Truck:[CLTruck2] Start moving to ORDER(2):NorthPitMine-LoadSite3, move distance is 4.4043328569844835, speed: 25
2025-09-11 21:07:12,594 [INFO] Truck: Time:<167> Truck:[CLTruck2] breakdown for 3.215487497299648 minutes at 167
2025-09-11 21:07:12,594 [INFO] Truck: Time:<167.21506338406218> Truck:[CLTruck16] Finish unloading at dumper NorthPitMine-DumpSite2-点位1, dumper tons is 382.0522234241805
2025-09-11 21:07:12,595 [DEBUG] Truck: Time:<167.21506338406218> Truck:[CLTruck16] Start moving to ORDER(2):NorthPitMine-LoadSite3, move distance is 4.500736962548129, speed: 25
2025-09-11 21:07:12,595 [INFO] Truck: Time:<163> Truck:[CLTruck16] breakdown for 11.249183931179058 minutes at 163
2025-09-11 21:07:12,595 [INFO] Truck: Time:<167.4581913571841> Truck:[CLTruck3] Finish loading at shovel NorthPitMine-LoadSite4-Shovel-5
2025-09-11 21:07:12,596 [DEBUG] Truck: Time:<167.4581913571841> Truck:[CLTruck3] Start moving to ORDER(1): NorthPitMine-DumpSite2, move distance is 1.7186086347758016, speed: 25
2025-09-11 21:07:12,596 [INFO] Truck: Time:<154> Truck:[CLTruck3] breakdown for 10.99343553652113 minutes at 154
2025-09-11 21:07:12,596 [INFO] Truck: Time:<167.4581913571841> Truck:[OfficalTruck8] Start loading at shovel NorthPitMine-LoadSite4-Shovel-5, load time is 34.22222222222222
2025-09-11 21:07:12,598 [INFO] Truck: Time:<168.2067917302814> Truck:[CLTruck10] Arrived at NorthPitMine-LoadSite3 at 168.2067917302814
2025-09-11 21:07:12,598 [INFO] Truck: Time:<168.48517077499082> Truck:[CLTruck5] Finish loading at shovel NorthPitMine-LoadSite3-Shovel-2
2025-09-11 21:07:12,598 [DEBUG] Truck: Time:<168.48517077499082> Truck:[CLTruck5] Start moving to ORDER(4): NorthPitMine-DumpSite5, move distance is 1.86, speed: 25
2025-09-11 21:07:12,598 [INFO] Truck: Time:<150> Truck:[CLTruck5] breakdown for 3.204636029196303 minutes at 150
2025-09-11 21:07:12,598 [INFO] Truck: Time:<168.48517077499082> Truck:[CLTruck18] Start loading at shovel NorthPitMine-LoadSite3-Shovel-2, load time is 15.555555555555555
2025-09-11 21:07:12,598 [DEBUG] Truck: Time:<168.50514840160378> Truck:[CLTruck6] Arrived at NorthPitMine-DumpSite1 at 168.50514840160378
2025-09-11 21:07:12,602 [DEBUG] Truck: Time:<169.19020508882537> Truck:[XHTruck15] Arrived at NorthPitMine-DumpSite2 at 169.19020508882537
2025-09-11 21:07:12,602 [INFO] Truck: Time:<169.45592273006352> Truck:[XHTruck9] Arrived at NorthPitMine-LoadSite4 at 169.45592273006352
2025-09-11 21:07:12,602 [INFO] Truck: Time:<169.50514840160378> Truck:[CLTruck6] Finish unloading at dumper NorthPitMine-DumpSite1-点位0, dumper tons is 944.6001003625031
2025-09-11 21:07:12,603 [INFO] Road: [RoadEvent] Road from NorthPitMine-DumpSite1 to NorthPitMine-LoadSite3 is in repair，the repair will last for 71.00 mins, and will end at 240.50, vehicle on this road will have to suffer punish_distance.
2025-09-11 21:07:12,603 [DEBUG] Truck: Time:<169.50514840160378> Truck:[CLTruck6] Start moving to ORDER(2):NorthPitMine-LoadSite3, move distance is 4.622921573228882, speed: 25
2025-09-11 21:07:12,603 [INFO] Truck: Time:<153> Truck:[CLTruck6] breakdown for 11.230256661855515 minutes at 153
2025-09-11 21:07:12,606 [INFO] Truck: Time:<170.19020508882537> Truck:[XHTruck15] Finish unloading at dumper NorthPitMine-DumpSite2-点位0, dumper tons is 1502.850381557086
2025-09-11 21:07:12,606 [DEBUG] Truck: Time:<170.19020508882537> Truck:[XHTruck15] Start moving to ORDER(2):NorthPitMine-LoadSite3, move distance is 4.965903186266854, speed: 25
2025-09-11 21:07:12,606 [INFO] Truck: Time:<170.19020508882537> Truck:[XHTruck15] is facing 0 mins delay caused by 1 pre-existing jam events on Road from NorthPitMine-DumpSite2 to NorthPitMine-LoadSite3
2025-09-11 21:07:12,606 [INFO] Truck: Time:<170.4296551056739> Truck:[CLTruck2] is facing 0 mins delay caused by 1 pre-existing jam events on Road from NorthPitMine-DumpSite2 to NorthPitMine-LoadSite3
2025-09-11 21:07:12,606 [DEBUG] Truck: Time:<170.8816762593372> Truck:[CLTruck22] Arrived at NorthPitMine-DumpSite5 at 170.8816762593372
2025-09-11 21:07:12,611 [DEBUG] Truck: Time:<171.62890107696262> Truck:[XHTruck33] Arrived at NorthPitMine-DumpSite2 at 171.62890107696262
2025-09-11 21:07:12,611 [INFO] Truck: Time:<171.8816762593372> Truck:[CLTruck22] Finish unloading at dumper NorthPitMine-DumpSite5-点位0, dumper tons is 1991.211655588081
2025-09-11 21:07:12,612 [DEBUG] Truck: Time:<171.8816762593372> Truck:[CLTruck22] Start moving to ORDER(3):NorthPitMine-LoadSite4, move distance is 5.34, speed: 25
2025-09-11 21:07:12,612 [INFO] Truck: Time:<171.8816762593372> Truck:[CLTruck22] is facing 5.0120922388127 mins delay caused by 3 pre-existing jam events on Road from NorthPitMine-DumpSite5 to NorthPitMine-LoadSite4
2025-09-11 21:07:12,614 [INFO] Truck: Time:<172.2379367307369> Truck:[CLTruck4] is facing 6.496207518911117 mins delay caused by 1 pre-existing jam events on Road from NorthPitMine-LoadSite4 to NorthPitMine-DumpSite2
2025-09-11 21:07:12,615 [INFO] Truck: Time:<172.30565903431875> Truck:[OfficalTruck6] Finish loading at shovel NorthPitMine-LoadSite4-Shovel-1
2025-09-11 21:07:12,615 [DEBUG] Truck: Time:<172.30565903431875> Truck:[OfficalTruck6] Start moving to ORDER(1): NorthPitMine-DumpSite2, move distance is 1.4361760141255906, speed: 25
2025-09-11 21:07:12,615 [INFO] Truck: Time:<139> Truck:[OfficalTruck6] breakdown for 8.325140792338386 minutes at 139
2025-09-11 21:07:12,616 [INFO] Truck: Time:<172.30565903431875> Truck:[XHTruck31] Start loading at shovel NorthPitMine-LoadSite4-Shovel-1, load time is 4.060039370078741
2025-09-11 21:07:12,616 [INFO] Truck: Time:<172.36200339216086> Truck:[OfficalTruck3] is facing 6.1084572725063175 mins delay caused by 1 pre-existing jam events on Road from NorthPitMine-LoadSite4 to NorthPitMine-DumpSite2
2025-09-11 21:07:12,617 [DEBUG] Truck: Time:<172.55555129432676> Truck:[OfficalTruck9] Arrived at NorthPitMine-DumpSite1 at 172.55555129432676
2025-09-11 21:07:12,617 [DEBUG] Truck: Time:<172.61921996214465> Truck:[XHTruck6] Arrived at NorthPitMine-DumpSite2 at 172.61921996214465
2025-09-11 21:07:12,617 [INFO] Truck: Time:<172.62890107696262> Truck:[XHTruck33] Finish unloading at dumper NorthPitMine-DumpSite2-点位0, dumper tons is 1553.783398158622
2025-09-11 21:07:12,617 [DEBUG] Truck: Time:<172.62890107696262> Truck:[XHTruck33] Start moving to ORDER(2):NorthPitMine-LoadSite3, move distance is 4.683903764969561, speed: 25
2025-09-11 21:07:12,617 [INFO] Truck: Time:<164> Truck:[XHTruck33] breakdown for 12.588877676684335 minutes at 164
2025-09-11 21:07:12,617 [DEBUG] Truck: Time:<172.98394105516834> Truck:[CLTruck15] Arrived at NorthPitMine-DumpSite1 at 172.98394105516834
2025-09-11 21:07:12,619 [DEBUG] Truck: Time:<173.28830654494394> Truck:[OfficalTruck1] Arrived at NorthPitMine-DumpSite2 at 173.28830654494394
2025-09-11 21:07:12,619 [INFO] Truck: Time:<173.55555129432676> Truck:[OfficalTruck9] Finish unloading at dumper NorthPitMine-DumpSite1-点位0, dumper tons is 1026.294139068343
2025-09-11 21:07:12,619 [DEBUG] Truck: Time:<173.55555129432676> Truck:[OfficalTruck9] Start moving to ORDER(2):NorthPitMine-LoadSite3, move distance is 4.05801174119498, speed: 25
2025-09-11 21:07:12,619 [INFO] Truck: Time:<171> Truck:[OfficalTruck9] breakdown for 6.557761786872499 minutes at 171
2025-09-11 21:07:12,622 [INFO] Truck: Time:<173.61921996214465> Truck:[XHTruck6] Finish unloading at dumper NorthPitMine-DumpSite2-点位1, dumper tons is 431.9738957323314
2025-09-11 21:07:12,622 [DEBUG] Truck: Time:<173.61921996214465> Truck:[XHTruck6] Start moving to ORDER(2):NorthPitMine-LoadSite3, move distance is 4.776537319868248, speed: 25
2025-09-11 21:07:12,622 [INFO] Truck: Time:<167> Truck:[XHTruck6] breakdown for 14.621795389434471 minutes at 167
2025-09-11 21:07:12,623 [INFO] Truck: Time:<173.9510145632222> Truck:[CLTruck14] is facing 8.055573007344185 mins delay caused by 2 pre-existing jam events on Road from NorthPitMine-LoadSite4 to NorthPitMine-DumpSite2
2025-09-11 21:07:12,623 [INFO] Truck: Time:<173.98394105516834> Truck:[CLTruck15] Finish unloading at dumper NorthPitMine-DumpSite1-点位1, dumper tons is 385.01946170215297
2025-09-11 21:07:12,624 [DEBUG] Truck: Time:<173.98394105516834> Truck:[CLTruck15] Start moving to ORDER(2):NorthPitMine-LoadSite3, move distance is 4.32200400478506, speed: 25
2025-09-11 21:07:12,624 [INFO] Truck: Time:<166> Truck:[CLTruck15] breakdown for 11.916021208806832 minutes at 166
2025-09-11 21:07:12,626 [INFO] Truck: Time:<174.28830654494394> Truck:[OfficalTruck1] Finish unloading at dumper NorthPitMine-DumpSite2-点位0, dumper tons is 1634.9856940860286
2025-09-11 21:07:12,627 [DEBUG] Truck: Time:<174.28830654494394> Truck:[OfficalTruck1] Start moving to ORDER(4):NorthPitMine-LoadSite5, move distance is 5.59, speed: 25
2025-09-11 21:07:12,627 [INFO] Truck: Time:<165> Truck:[OfficalTruck1] breakdown for 9.796795310364711 minutes at 165
2025-09-11 21:07:12,628 [INFO] Truck: Time:<174.3128888888889> Truck:[XHTruck21] Finish loading at shovel NorthPitMine-LoadSite4-Shovel-2
2025-09-11 21:07:12,628 [DEBUG] Truck: Time:<174.3128888888889> Truck:[XHTruck21] Start moving to ORDER(1): NorthPitMine-DumpSite2, move distance is 1.7290629956133265, speed: 25
2025-09-11 21:07:12,628 [INFO] Truck: Time:<135> Truck:[XHTruck21] breakdown for 11.009144432925046 minutes at 135
2025-09-11 21:07:12,629 [INFO] Truck: Time:<174.3128888888889> Truck:[CLTruck21] Start loading at shovel NorthPitMine-LoadSite4-Shovel-2, load time is 15.555555555555555
2025-09-11 21:07:12,629 [INFO] Truck: Time:<174.64711111111112> Truck:[OfficalTruck5] Finish loading at shovel NorthPitMine-LoadSite3-Shovel-3
2025-09-11 21:07:12,629 [DEBUG] Truck: Time:<174.64711111111112> Truck:[OfficalTruck5] Start moving to ORDER(4): NorthPitMine-DumpSite5, move distance is 1.86, speed: 25
2025-09-11 21:07:12,629 [INFO] Truck: Time:<166> Truck:[OfficalTruck5] breakdown for 11.345618789073935 minutes at 166
2025-09-11 21:07:12,629 [INFO] Truck: Time:<174.64711111111112> Truck:[CLTruck7] Start loading at shovel NorthPitMine-LoadSite3-Shovel-3, load time is 15.555555555555555
2025-09-11 21:07:12,633 [INFO] Truck: Time:<175.1888856349148> Truck:[OfficalTruck4] Finish loading at shovel NorthPitMine-LoadSite4-Shovel-3
2025-09-11 21:07:12,634 [DEBUG] Truck: Time:<175.1888856349148> Truck:[OfficalTruck4] Start moving to ORDER(1): NorthPitMine-DumpSite2, move distance is 1.553640059648891, speed: 25
2025-09-11 21:07:12,634 [INFO] Truck: Time:<158> Truck:[OfficalTruck4] breakdown for 10.83222274710745 minutes at 158
2025-09-11 21:07:12,634 [INFO] Truck: Time:<175.1888856349148> Truck:[CLTruck19] Start loading at shovel NorthPitMine-LoadSite4-Shovel-3, load time is 15.555555555555555
2025-09-11 21:07:12,634 [INFO] Truck: Time:<175.34332403218977> Truck:[CLTruck17] is facing 5.6031378873143245 mins delay caused by 2 pre-existing jam events on Road from NorthPitMine-LoadSite4 to NorthPitMine-DumpSite2
2025-09-11 21:07:12,638 [DEBUG] Truck: Time:<176.15380680418713> Truck:[CLTruck5] Arrived at NorthPitMine-DumpSite5 at 176.15380680418713
2025-09-11 21:07:12,638 [INFO] Truck: Time:<176.3656984043975> Truck:[XHTruck31] Finish loading at shovel NorthPitMine-LoadSite4-Shovel-1
2025-09-11 21:07:12,639 [DEBUG] Truck: Time:<176.3656984043975> Truck:[XHTruck31] Start moving to ORDER(1): NorthPitMine-DumpSite2, move distance is 1.8230239062229414, speed: 25
2025-09-11 21:07:12,639 [INFO] Truck: Time:<169> Truck:[XHTruck31] breakdown for 7.322450863544606 minutes at 169
2025-09-11 21:07:12,639 [INFO] Truck: Time:<176.3656984043975> Truck:[XHTruck30] Start loading at shovel NorthPitMine-LoadSite4-Shovel-1, load time is 4.060039370078741
2025-09-11 21:07:12,640 [INFO] Truck: Time:<176.74092193176875> Truck:[XHTruck19] Arrived at NorthPitMine-LoadSite3 at 176.74092193176875
2025-09-11 21:07:12,642 [INFO] Truck: Time:<177.15380680418713> Truck:[CLTruck5] Finish unloading at dumper NorthPitMine-DumpSite5-点位0, dumper tons is 2029.1724914717083
2025-09-11 21:07:12,643 [INFO] Road: [RoadEvent] Road from NorthPitMine-DumpSite5 to NorthPitMine-LoadSite4 is in repair，the repair will last for 40.51 mins, and will end at 217.66, vehicle on this road will have to suffer punish_distance.
2025-09-11 21:07:12,643 [DEBUG] Truck: Time:<177.15380680418713> Truck:[CLTruck5] Start moving to ORDER(3):NorthPitMine-LoadSite4, move distance is 8.255751891440749, speed: 25
2025-09-11 21:07:12,643 [INFO] Truck: Time:<177.15380680418713> Truck:[CLTruck5] is facing 17.74741723753789 mins delay caused by 4 pre-existing jam events on Road from NorthPitMine-DumpSite5 to NorthPitMine-LoadSite4
2025-09-11 21:07:12,645 [INFO] Truck: Time:<178.41902212939894> Truck:[OfficalTruck2] Arrived at NorthPitMine-LoadSite4 at 178.41902212939894
2025-09-11 21:07:12,646 [INFO] Truck: Time:<178.41902212939894> Truck:[CLTruck1] Arrived at NorthPitMine-LoadSite4 at 178.41902212939894
2025-09-11 21:07:12,646 [INFO] Truck: Time:<178.41902212939894> Truck:[CLTruck29] Arrived at NorthPitMine-LoadSite4 at 178.41902212939894
2025-09-11 21:07:12,646 [INFO] Truck: Time:<178.45162689370522> Truck:[CLTruck3] is facing 8.703777143020993 mins delay caused by 3 pre-existing jam events on Road from NorthPitMine-LoadSite4 to NorthPitMine-DumpSite2
2025-09-11 21:07:12,646 [INFO] Truck: Time:<178.46424731524124> Truck:[CLTruck16] is facing 0 mins delay caused by 1 pre-existing jam events on Road from NorthPitMine-DumpSite2 to NorthPitMine-LoadSite3
2025-09-11 21:07:12,650 [INFO] Truck: Time:<180.42573777447626> Truck:[XHTruck30] Finish loading at shovel NorthPitMine-LoadSite4-Shovel-1
2025-09-11 21:07:12,651 [DEBUG] Truck: Time:<180.42573777447626> Truck:[XHTruck30] Start moving to ORDER(1): NorthPitMine-DumpSite2, move distance is 1.6176216741135556, speed: 25
2025-09-11 21:07:12,651 [INFO] Truck: Time:<172> Truck:[XHTruck30] breakdown for 11.904125352160552 minutes at 172
2025-09-11 21:07:12,652 [INFO] Truck: Time:<180.42573777447626> Truck:[XHTruck18] Start loading at shovel NorthPitMine-LoadSite4-Shovel-1, load time is 4.060039370078741
2025-09-11 21:07:12,652 [INFO] Truck: Time:<180.63079982665712> Truck:[OfficalTruck6] is facing 6.942147286427174 mins delay caused by 2 pre-existing jam events on Road from NorthPitMine-LoadSite4 to NorthPitMine-DumpSite2
2025-09-11 21:07:12,654 [INFO] Truck: Time:<181.00005396243665> Truck:[CLTruck2] Arrived at NorthPitMine-LoadSite3 at 181.00005396243665
2025-09-11 21:07:12,656 [INFO] Truck: Time:<182.10837273586583> Truck:[XHTruck15] Arrived at NorthPitMine-LoadSite3 at 182.10837273586583
2025-09-11 21:07:12,656 [INFO] Truck: Time:<182.15743164402028> Truck:[XHTruck17] Arrived at NorthPitMine-LoadSite4 at 182.15743164402028
2025-09-11 21:07:12,658 [INFO] Truck: Time:<182.27483371142256> Truck:[CLTruck23] Finish loading at shovel NorthPitMine-LoadSite4-Shovel-4
2025-09-11 21:07:12,658 [DEBUG] Truck: Time:<182.27483371142256> Truck:[CLTruck23] Start moving to ORDER(1): NorthPitMine-DumpSite2, move distance is 1.58958350881171, speed: 25
2025-09-11 21:07:12,658 [INFO] Truck: Time:<143> Truck:[CLTruck23] breakdown for 3.7130576558308928 minutes at 143
2025-09-11 21:07:12,660 [INFO] Truck: Time:<182.27483371142256> Truck:[XHTruck7] Start loading at shovel NorthPitMine-LoadSite4-Shovel-4, load time is 24.444444444444443
2025-09-11 21:07:12,660 [INFO] Truck: Time:<182.60512698335805> Truck:[XHTruck3] Arrived at NorthPitMine-LoadSite4 at 182.60512698335805
2025-09-11 21:07:12,660 [DEBUG] Truck: Time:<182.80716152514646> Truck:[CLTruck4] Arrived at NorthPitMine-DumpSite2 at 182.80716152514646
2025-09-11 21:07:12,660 [DEBUG] Truck: Time:<182.94687748288516> Truck:[OfficalTruck3] Arrived at NorthPitMine-DumpSite2 at 182.94687748288516
2025-09-11 21:07:12,663 [INFO] Truck: Time:<183.10077187437358> Truck:[XHTruck23] Arrived at NorthPitMine-LoadSite4 at 183.10077187437358
2025-09-11 21:07:12,663 [INFO] Truck: Time:<183.68814926794212> Truck:[XHTruck31] is facing 2.9721620972992957 mins delay caused by 1 pre-existing jam events on Road from NorthPitMine-LoadSite4 to NorthPitMine-DumpSite2
2025-09-11 21:07:12,663 [INFO] Truck: Time:<183.80716152514646> Truck:[CLTruck4] Finish unloading at dumper NorthPitMine-DumpSite2-点位0, dumper tons is 1667.242993701531
2025-09-11 21:07:12,663 [DEBUG] Truck: Time:<183.80716152514646> Truck:[CLTruck4] Start moving to ORDER(2):NorthPitMine-LoadSite3, move distance is 5.013153927108285, speed: 25
2025-09-11 21:07:12,663 [INFO] Truck: Time:<178> Truck:[CLTruck4] breakdown for 13.047825185204335 minutes at 178
2025-09-11 21:07:12,664 [INFO] Truck: Time:<183.94687748288516> Truck:[OfficalTruck3] Finish unloading at dumper NorthPitMine-DumpSite2-点位1, dumper tons is 512.315441328503
2025-09-11 21:07:12,665 [DEBUG] Truck: Time:<183.94687748288516> Truck:[OfficalTruck3] Start moving to ORDER(4):NorthPitMine-LoadSite5, move distance is 5.59, speed: 25
2025-09-11 21:07:12,667 [INFO] Truck: Time:<184.04072633054636> Truck:[CLTruck18] Finish loading at shovel NorthPitMine-LoadSite3-Shovel-2
2025-09-11 21:07:12,668 [DEBUG] Truck: Time:<184.04072633054636> Truck:[CLTruck18] Start moving to ORDER(4): NorthPitMine-DumpSite5, move distance is 1.86, speed: 25
2025-09-11 21:07:12,668 [INFO] Truck: Time:<184> Truck:[CLTruck18] breakdown for 11.028015466375868 minutes at 184
2025-09-11 21:07:12,668 [INFO] Truck: Time:<184.04072633054636> Truck:[CLTruck24] Start loading at shovel NorthPitMine-LoadSite3-Shovel-2, load time is 15.555555555555555
2025-09-11 21:07:12,668 [INFO] Truck: Time:<184.48577714455502> Truck:[XHTruck18] Finish loading at shovel NorthPitMine-LoadSite4-Shovel-1
2025-09-11 21:07:12,669 [DEBUG] Truck: Time:<184.48577714455502> Truck:[XHTruck18] Start moving to ORDER(1): NorthPitMine-DumpSite2, move distance is 1.64461600834298, speed: 25
2025-09-11 21:07:12,669 [INFO] Truck: Time:<181> Truck:[XHTruck18] breakdown for 7.065096089391684 minutes at 181
2025-09-11 21:07:12,669 [INFO] Truck: Time:<184.48577714455502> Truck:[CLTruck9] Start loading at shovel NorthPitMine-LoadSite4-Shovel-1, load time is 2.5836614173228347
2025-09-11 21:07:12,670 [DEBUG] Truck: Time:<184.5572186037392> Truck:[CLTruck17] Arrived at NorthPitMine-DumpSite2 at 184.5572186037392
2025-09-11 21:07:12,670 [INFO] Truck: Time:<184.61577587067885> Truck:[XHTruck1] Arrived at NorthPitMine-LoadSite4 at 184.61577587067885
2025-09-11 21:07:12,670 [INFO] Truck: Time:<184.7177751833925> Truck:[XHTruck27] Arrived at NorthPitMine-LoadSite4 at 184.7177751833925
2025-09-11 21:07:12,674 [INFO] Truck: Time:<185.32203332181393> Truck:[XHTruck21] is facing 4.320866476648522 mins delay caused by 2 pre-existing jam events on Road from NorthPitMine-LoadSite4 to NorthPitMine-DumpSite2
2025-09-11 21:07:12,674 [INFO] Truck: Time:<185.5572186037392> Truck:[CLTruck17] Finish unloading at dumper NorthPitMine-DumpSite2-点位0, dumper tons is 1701.3974808149114
2025-09-11 21:07:12,676 [DEBUG] Truck: Time:<185.5572186037392> Truck:[CLTruck17] Start moving to ORDER(2):NorthPitMine-LoadSite3, move distance is 5.319686005814924, speed: 25
2025-09-11 21:07:12,676 [DEBUG] Truck: Time:<185.83297234712595> Truck:[CLTruck14] Arrived at NorthPitMine-DumpSite2 at 185.83297234712595
2025-09-11 21:07:12,676 [INFO] Truck: Time:<185.98789136725344> Truck:[CLTruck23] is facing 3.627488937978707 mins delay caused by 2 pre-existing jam events on Road from NorthPitMine-LoadSite4 to NorthPitMine-DumpSite2
2025-09-11 21:07:12,678 [INFO] Truck: Time:<186.02110838202225> Truck:[OfficalTruck4] is facing 3.7255528559610185 mins delay caused by 2 pre-existing jam events on Road from NorthPitMine-LoadSite4 to NorthPitMine-DumpSite2
2025-09-11 21:07:12,678 [INFO] Truck: Time:<186.83297234712595> Truck:[CLTruck14] Finish unloading at dumper NorthPitMine-DumpSite2-点位0, dumper tons is 1735.87074330131
2025-09-11 21:07:12,678 [DEBUG] Truck: Time:<186.83297234712595> Truck:[CLTruck14] Start moving to ORDER(2):NorthPitMine-LoadSite3, move distance is 3.9842722876074723, speed: 25
2025-09-11 21:07:12,679 [INFO] Truck: Time:<187.06943856187786> Truck:[CLTruck9] Finish loading at shovel NorthPitMine-LoadSite4-Shovel-1
2025-09-11 21:07:12,680 [DEBUG] Truck: Time:<187.06943856187786> Truck:[CLTruck9] Start moving to ORDER(1): NorthPitMine-DumpSite2, move distance is 1.7226958454553198, speed: 25
2025-09-11 21:07:12,680 [INFO] Truck: Time:<158> Truck:[CLTruck9] breakdown for 10.864599112770128 minutes at 158
2025-09-11 21:07:12,680 [INFO] Truck: Time:<187.06943856187786> Truck:[OfficalTruck2] Start loading at shovel NorthPitMine-LoadSite4-Shovel-1, load time is 5.684055118110236
2025-09-11 21:07:12,683 [INFO] Truck: Time:<189.190521110664> Truck:[CLTruck28] Arrived at NorthPitMine-LoadSite4 at 189.190521110664
2025-09-11 21:07:12,683 [INFO] Truck: Time:<189.26601602535675> Truck:[CLTruck16] Arrived at NorthPitMine-LoadSite3 at 189.26601602535675
2025-09-11 21:07:12,683 [INFO] Truck: Time:<189.7097684981499> Truck:[CLTruck22] Arrived at NorthPitMine-LoadSite4 at 189.7097684981499
2025-09-11 21:07:12,685 [INFO] Truck: Time:<189.85254126006723> Truck:[OfficalTruck9] Arrived at NorthPitMine-LoadSite3 at 189.85254126006723
2025-09-11 21:07:12,685 [INFO] Truck: Time:<189.86844444444444> Truck:[CLTruck21] Finish loading at shovel NorthPitMine-LoadSite4-Shovel-2
2025-09-11 21:07:12,686 [DEBUG] Truck: Time:<189.86844444444444> Truck:[CLTruck21] Start moving to ORDER(1): NorthPitMine-DumpSite2, move distance is 1.17, speed: 25
2025-09-11 21:07:12,686 [INFO] Truck: Time:<189> Truck:[CLTruck21] breakdown for 8.28942390868284 minutes at 189
2025-09-11 21:07:12,687 [INFO] Truck: Time:<189.86844444444444> Truck:[XHTruck13] Start loading at shovel NorthPitMine-LoadSite4-Shovel-2, load time is 24.444444444444443
2025-09-11 21:07:12,688 [INFO] Truck: Time:<190.20266666666666> Truck:[CLTruck7] Finish loading at shovel NorthPitMine-LoadSite3-Shovel-3
2025-09-11 21:07:12,689 [DEBUG] Truck: Time:<190.20266666666666> Truck:[CLTruck7] Start moving to ORDER(4): NorthPitMine-DumpSite5, move distance is 1.86, speed: 25
2025-09-11 21:07:12,689 [INFO] Truck: Time:<174> Truck:[CLTruck7] breakdown for 9.565643521824141 minutes at 174
2025-09-11 21:07:12,690 [INFO] Truck: Time:<190.20266666666666> Truck:[XHTruck10] Start loading at shovel NorthPitMine-LoadSite3-Shovel-3, load time is 24.444444444444443
2025-09-11 21:07:12,690 [DEBUG] Truck: Time:<190.45672990018505> Truck:[OfficalTruck5] Arrived at NorthPitMine-DumpSite5 at 190.45672990018505
2025-09-11 21:07:12,690 [INFO] Truck: Time:<190.74444119047035> Truck:[CLTruck19] Finish loading at shovel NorthPitMine-LoadSite4-Shovel-3
2025-09-11 21:07:12,691 [DEBUG] Truck: Time:<190.74444119047035> Truck:[CLTruck19] Start moving to ORDER(1): NorthPitMine-DumpSite2, move distance is 1.17, speed: 25
2025-09-11 21:07:12,691 [INFO] Truck: Time:<177> Truck:[CLTruck19] breakdown for 15.199103774771357 minutes at 177
2025-09-11 21:07:12,692 [INFO] Truck: Time:<190.74444119047035> Truck:[XHTruck11] Start loading at shovel NorthPitMine-LoadSite4-Shovel-3, load time is 24.444444444444443
2025-09-11 21:07:12,692 [DEBUG] Truck: Time:<191.0197695469857> Truck:[OfficalTruck6] Arrived at NorthPitMine-DumpSite2 at 191.0197695469857
2025-09-11 21:07:12,692 [DEBUG] Truck: Time:<191.03556874017647> Truck:[XHTruck31] Arrived at NorthPitMine-DumpSite2 at 191.03556874017647
2025-09-11 21:07:12,695 [DEBUG] Truck: Time:<191.28006476018814> Truck:[CLTruck3] Arrived at NorthPitMine-DumpSite2 at 191.28006476018814
2025-09-11 21:07:12,695 [INFO] Truck: Time:<191.45672990018505> Truck:[OfficalTruck5] Finish unloading at dumper NorthPitMine-DumpSite5-点位0, dumper tons is 2103.3434246177576
2025-09-11 21:07:12,695 [DEBUG] Truck: Time:<191.45672990018505> Truck:[OfficalTruck5] Start moving to ORDER(3):NorthPitMine-LoadSite4, move distance is 7.325295338898253, speed: 25
2025-09-11 21:07:12,696 [INFO] Truck: Time:<191.45672990018505> Truck:[OfficalTruck5] is facing 0.957404544707007 mins delay caused by 3 pre-existing jam events on Road from NorthPitMine-DumpSite5 to NorthPitMine-LoadSite4
2025-09-11 21:07:12,696 [INFO] Truck: Time:<191.5508732339467> Truck:[XHTruck18] is facing 0 mins delay caused by 1 pre-existing jam events on Road from NorthPitMine-LoadSite4 to NorthPitMine-DumpSite2
2025-09-11 21:07:12,696 [INFO] Truck: Time:<191.83041683920862> Truck:[CLTruck6] Arrived at NorthPitMine-LoadSite3 at 191.83041683920862
2025-09-11 21:07:12,698 [INFO] Truck: Time:<192.0197695469857> Truck:[OfficalTruck6] Finish unloading at dumper NorthPitMine-DumpSite2-点位0, dumper tons is 1813.537742170253
2025-09-11 21:07:12,699 [INFO] Road: [RoadEvent] Road from NorthPitMine-DumpSite2 to NorthPitMine-LoadSite5 is in repair，the repair will last for 55.76 mins, and will end at 247.78, vehicle on this road will have to suffer punish_distance.
2025-09-11 21:07:12,699 [DEBUG] Truck: Time:<192.0197695469857> Truck:[OfficalTruck6] Start moving to ORDER(4):NorthPitMine-LoadSite5, move distance is 8.177156321217472, speed: 25
2025-09-11 21:07:12,699 [INFO] Truck: Time:<192.0197695469857> Truck:[OfficalTruck6] is facing 0 mins delay caused by 1 pre-existing jam events on Road from NorthPitMine-DumpSite2 to NorthPitMine-LoadSite5
2025-09-11 21:07:12,699 [INFO] Truck: Time:<192.03556874017647> Truck:[XHTruck31] Finish unloading at dumper NorthPitMine-DumpSite2-点位1, dumper tons is 572.64913583378
2025-09-11 21:07:12,700 [DEBUG] Truck: Time:<192.03556874017647> Truck:[XHTruck31] Start moving to ORDER(2):NorthPitMine-LoadSite3, move distance is 4.497011681883951, speed: 25
2025-09-11 21:07:12,700 [INFO] Truck: Time:<192.28006476018814> Truck:[CLTruck3] Finish unloading at dumper NorthPitMine-DumpSite2-点位2, dumper tons is 68.94433788224778
2025-09-11 21:07:12,701 [DEBUG] Truck: Time:<192.28006476018814> Truck:[CLTruck3] Start moving to ORDER(2):NorthPitMine-LoadSite3, move distance is 4.880680832343216, speed: 25
2025-09-11 21:07:12,701 [INFO] Truck: Time:<192.75349367998808> Truck:[OfficalTruck2] Finish loading at shovel NorthPitMine-LoadSite4-Shovel-1
2025-09-11 21:07:12,702 [DEBUG] Truck: Time:<192.75349367998808> Truck:[OfficalTruck2] Start moving to ORDER(1): NorthPitMine-DumpSite2, move distance is 1.17, speed: 25
2025-09-11 21:07:12,702 [INFO] Truck: Time:<166> Truck:[OfficalTruck2] breakdown for 9.8678669828151 minutes at 166
2025-09-11 21:07:12,702 [INFO] Truck: Time:<192.75349367998808> Truck:[CLTruck1] Start loading at shovel NorthPitMine-LoadSite4-Shovel-1, load time is 2.5836614173228347
2025-09-11 21:07:12,705 [DEBUG] Truck: Time:<193.43038072638026> Truck:[CLTruck23] Arrived at NorthPitMine-DumpSite2 at 193.43038072638026
2025-09-11 21:07:12,705 [DEBUG] Truck: Time:<193.4753973811406> Truck:[OfficalTruck4] Arrived at NorthPitMine-DumpSite2 at 193.4753973811406
2025-09-11 21:07:12,705 [DEBUG] Truck: Time:<193.79265098793445> Truck:[XHTruck21] Arrived at NorthPitMine-DumpSite2 at 193.79265098793445
2025-09-11 21:07:12,706 [INFO] Truck: Time:<194.43038072638026> Truck:[CLTruck23] Finish unloading at dumper NorthPitMine-DumpSite2-点位0, dumper tons is 1850.7212250070347
2025-09-11 21:07:12,708 [DEBUG] Truck: Time:<194.43038072638026> Truck:[CLTruck23] Start moving to ORDER(2):NorthPitMine-LoadSite3, move distance is 4.628210994789687, speed: 25
2025-09-11 21:07:12,708 [INFO] Truck: Time:<186> Truck:[CLTruck23] breakdown for 8.582041256290806 minutes at 186
2025-09-11 21:07:12,709 [INFO] Truck: Time:<194.4753973811406> Truck:[OfficalTruck4] Finish unloading at dumper NorthPitMine-DumpSite2-点位1, dumper tons is 655.5825664831087
2025-09-11 21:07:12,709 [DEBUG] Truck: Time:<194.4753973811406> Truck:[OfficalTruck4] Start moving to ORDER(4):NorthPitMine-LoadSite5, move distance is 7.23593643663003, speed: 25
2025-09-11 21:07:12,709 [INFO] Truck: Time:<194.4753973811406> Truck:[OfficalTruck4] is facing 0 mins delay caused by 1 pre-existing jam events on Road from NorthPitMine-DumpSite2 to NorthPitMine-LoadSite5
2025-09-11 21:07:12,709 [INFO] Truck: Time:<194.79265098793445> Truck:[XHTruck21] Finish unloading at dumper NorthPitMine-DumpSite2-点位2, dumper tons is 127.18851348935846
2025-09-11 21:07:12,711 [DEBUG] Truck: Time:<194.79265098793445> Truck:[XHTruck21] Start moving to ORDER(2):NorthPitMine-LoadSite3, move distance is 4.9799769912273675, speed: 25
2025-09-11 21:07:12,711 [INFO] Truck: Time:<194.79265098793445> Truck:[XHTruck21] is facing 0 mins delay caused by 1 pre-existing jam events on Road from NorthPitMine-DumpSite2 to NorthPitMine-LoadSite3
2025-09-11 21:07:12,715 [INFO] Truck: Time:<195.33715509731093> Truck:[CLTruck1] Finish loading at shovel NorthPitMine-LoadSite4-Shovel-1
2025-09-11 21:07:12,716 [DEBUG] Truck: Time:<195.33715509731093> Truck:[CLTruck1] Start moving to ORDER(1): NorthPitMine-DumpSite2, move distance is 1.17, speed: 25
2025-09-11 21:07:12,716 [INFO] Truck: Time:<171> Truck:[CLTruck1] breakdown for 9.751220240937434 minutes at 171
2025-09-11 21:07:12,717 [INFO] Truck: Time:<195.33715509731093> Truck:[XHTruck17] Start loading at shovel NorthPitMine-LoadSite4-Shovel-1, load time is 4.060039370078741
2025-09-11 21:07:12,717 [DEBUG] Truck: Time:<195.49795165396986> Truck:[XHTruck18] Arrived at NorthPitMine-DumpSite2 at 195.49795165396986
2025-09-11 21:07:12,719 [DEBUG] Truck: Time:<196.21215514450935> Truck:[XHTruck30] Arrived at NorthPitMine-DumpSite2 at 196.21215514450935
2025-09-11 21:07:12,719 [INFO] Truck: Time:<196.2727718754593> Truck:[CLTruck15] Arrived at NorthPitMine-LoadSite3 at 196.2727718754593
2025-09-11 21:07:12,719 [INFO] Truck: Time:<196.3952258373839> Truck:[CLTruck14] Arrived at NorthPitMine-LoadSite3 at 196.3952258373839
2025-09-11 21:07:12,719 [INFO] Truck: Time:<196.4591477895739> Truck:[XHTruck33] Arrived at NorthPitMine-LoadSite3 at 196.4591477895739
2025-09-11 21:07:12,719 [INFO] Truck: Time:<196.49795165396986> Truck:[XHTruck18] Finish unloading at dumper NorthPitMine-DumpSite2-点位0, dumper tons is 1904.9254753662228
2025-09-11 21:07:12,719 [DEBUG] Truck: Time:<196.49795165396986> Truck:[XHTruck18] Start moving to ORDER(2):NorthPitMine-LoadSite3, move distance is 3.41, speed: 25
2025-09-11 21:07:12,719 [INFO] Truck: Time:<196.49795165396986> Truck:[XHTruck18] is facing 8.765768708451947 mins delay caused by 3 pre-existing jam events on Road from NorthPitMine-DumpSite2 to NorthPitMine-LoadSite3
2025-09-11 21:07:12,719 [INFO] Truck: Time:<196.8549867103508> Truck:[CLTruck4] is facing 2.5095039984316374 mins delay caused by 3 pre-existing jam events on Road from NorthPitMine-DumpSite2 to NorthPitMine-LoadSite3
2025-09-11 21:07:12,725 [INFO] Truck: Time:<197.21215514450935> Truck:[XHTruck30] Finish unloading at dumper NorthPitMine-DumpSite2-点位1, dumper tons is 715.9606720625635
2025-09-11 21:07:12,726 [DEBUG] Truck: Time:<197.21215514450935> Truck:[XHTruck30] Start moving to ORDER(2):NorthPitMine-LoadSite3, move distance is 3.41, speed: 25
2025-09-11 21:07:12,726 [INFO] Truck: Time:<196> Truck:[XHTruck30] breakdown for 12.389705284985194 minutes at 196
2025-09-11 21:07:12,726 [INFO] Truck: Time:<197.36287748288515> Truck:[OfficalTruck3] Arrived at NorthPitMine-LoadSite5 at 197.36287748288515
2025-09-11 21:07:12,726 [INFO] Truck: Time:<197.36287748288515> Truck:[OfficalTruck3] Start loading at shovel NorthPitMine-LoadSite5-Shovel-2, load time is 5.684055118110236
2025-09-11 21:07:12,726 [INFO] Truck: Time:<197.50110185530863> Truck:[OfficalTruck1] Arrived at NorthPitMine-LoadSite5 at 197.50110185530863
2025-09-11 21:07:12,727 [INFO] Truck: Time:<197.93403767464798> Truck:[CLTruck9] is facing 0 mins delay caused by 1 pre-existing jam events on Road from NorthPitMine-LoadSite4 to NorthPitMine-DumpSite2
2025-09-11 21:07:12,728 [INFO] Truck: Time:<198.15786835312727> Truck:[CLTruck21] is facing 0 mins delay caused by 1 pre-existing jam events on Road from NorthPitMine-LoadSite4 to NorthPitMine-DumpSite2
2025-09-11 21:07:12,728 [INFO] Truck: Time:<198.324465017695> Truck:[CLTruck17] Arrived at NorthPitMine-LoadSite3 at 198.324465017695
2025-09-11 21:07:12,730 [INFO] Truck: Time:<199.39719446738968> Truck:[XHTruck17] Finish loading at shovel NorthPitMine-LoadSite4-Shovel-1
2025-09-11 21:07:12,731 [DEBUG] Truck: Time:<199.39719446738968> Truck:[XHTruck17] Start moving to ORDER(1): NorthPitMine-DumpSite2, move distance is 1.17, speed: 25
2025-09-11 21:07:12,731 [INFO] Truck: Time:<190> Truck:[XHTruck17] breakdown for 11.111961743372023 minutes at 190
2025-09-11 21:07:12,731 [INFO] Truck: Time:<199.39719446738968> Truck:[XHTruck1] Start loading at shovel NorthPitMine-LoadSite4-Shovel-1, load time is 4.060039370078741
2025-09-11 21:07:12,732 [DEBUG] Truck: Time:<199.53274179692224> Truck:[CLTruck18] Arrived at NorthPitMine-DumpSite5 at 199.53274179692224
2025-09-11 21:07:12,732 [INFO] Truck: Time:<199.5962818861019> Truck:[CLTruck24] Finish loading at shovel NorthPitMine-LoadSite3-Shovel-2
2025-09-11 21:07:12,733 [INFO] Road: [RoadEvent] Road from NorthPitMine-LoadSite3 to NorthPitMine-DumpSite5 is in repair，the repair will last for 46.24 mins, and will end at 245.83, vehicle on this road will have to suffer punish_distance.
2025-09-11 21:07:12,733 [DEBUG] Truck: Time:<199.5962818861019> Truck:[CLTruck24] Start moving to ORDER(4): NorthPitMine-DumpSite5, move distance is 2.7300980244981963, speed: 25
2025-09-11 21:07:12,733 [INFO] Truck: Time:<189> Truck:[CLTruck24] breakdown for 8.965364967089657 minutes at 189
2025-09-11 21:07:12,733 [INFO] Truck: Time:<199.5962818861019> Truck:[CLTruck25] Start loading at shovel NorthPitMine-LoadSite3-Shovel-2, load time is 15.555555555555555
2025-09-11 21:07:12,733 [INFO] Truck: Time:<199.70470491926292> Truck:[XHTruck6] Arrived at NorthPitMine-LoadSite3 at 199.70470491926292
2025-09-11 21:07:12,737 [INFO] Truck: Time:<200.53274179692224> Truck:[CLTruck18] Finish unloading at dumper NorthPitMine-DumpSite5-点位0, dumper tons is 2135.26200880763
2025-09-11 21:07:12,737 [DEBUG] Truck: Time:<200.53274179692224> Truck:[CLTruck18] Start moving to ORDER(3):NorthPitMine-LoadSite4, move distance is 7.78082758775283, speed: 25
2025-09-11 21:07:12,737 [INFO] Truck: Time:<200.53274179692224> Truck:[CLTruck18] is facing 0 mins delay caused by 2 pre-existing jam events on Road from NorthPitMine-DumpSite5 to NorthPitMine-LoadSite4
2025-09-11 21:07:12,737 [DEBUG] Truck: Time:<200.96586835312726> Truck:[CLTruck21] Arrived at NorthPitMine-DumpSite2 at 200.96586835312726
2025-09-11 21:07:12,740 [INFO] Truck: Time:<201.68041357940632> Truck:[OfficalTruck8] Finish loading at shovel NorthPitMine-LoadSite4-Shovel-5
2025-09-11 21:07:12,740 [DEBUG] Truck: Time:<201.68041357940632> Truck:[OfficalTruck8] Start moving to ORDER(1): NorthPitMine-DumpSite2, move distance is 1.17, speed: 25
2025-09-11 21:07:12,740 [INFO] Truck: Time:<196> Truck:[OfficalTruck8] breakdown for 8.491941192486422 minutes at 196
2025-09-11 21:07:12,740 [INFO] Truck: Time:<201.68041357940632> Truck:[XHTruck29] Start loading at shovel NorthPitMine-LoadSite4-Shovel-5, load time is 24.444444444444443
2025-09-11 21:07:12,740 [INFO] Truck: Time:<201.7744952722466> Shovel NorthPitMine-LoadSite3-Shovel-1 maintenance completed
2025-09-11 21:07:12,742 [DEBUG] Truck: Time:<201.7744952722466> Truck:[CLTruck11] Start moving to ORDER(4): NorthPitMine-DumpSite5, move distance is 2.6800207877546107, speed: 25
2025-09-11 21:07:12,742 [INFO] Truck: Time:<195> Truck:[CLTruck11] breakdown for 15.280122116434322 minutes at 195
2025-09-11 21:07:12,742 [INFO] Truck: Time:<201.7744952722466> Truck:[XHTruck2] Start loading at shovel NorthPitMine-LoadSite3-Shovel-1, load time is 4.060039370078741
2025-09-11 21:07:12,743 [INFO] Truck: Time:<201.96586835312726> Truck:[CLTruck21] Finish unloading at dumper NorthPitMine-DumpSite2-点位0, dumper tons is 1940.5509731945097
2025-09-11 21:07:12,743 [DEBUG] Truck: Time:<201.96586835312726> Truck:[CLTruck21] Start moving to ORDER(4):NorthPitMine-LoadSite5, move distance is 7.647755263856167, speed: 25
2025-09-11 21:07:12,743 [INFO] Truck: Time:<201.96586835312726> Truck:[CLTruck21] is facing 0 mins delay caused by 1 pre-existing jam events on Road from NorthPitMine-DumpSite2 to NorthPitMine-LoadSite5
2025-09-11 21:07:12,746 [DEBUG] Truck: Time:<202.06850770374075> Truck:[CLTruck9] Arrived at NorthPitMine-DumpSite2 at 202.06850770374075
2025-09-11 21:07:12,746 [INFO] Truck: Time:<202.62136066280317> Truck:[OfficalTruck2] is facing 2.381489580897209 mins delay caused by 1 pre-existing jam events on Road from NorthPitMine-LoadSite4 to NorthPitMine-DumpSite2
2025-09-11 21:07:12,746 [INFO] Truck: Time:<202.82839677669796> Truck:[XHTruck31] Arrived at NorthPitMine-LoadSite3 at 202.82839677669796
2025-09-11 21:07:12,747 [INFO] Truck: Time:<203.01242198267107> Truck:[CLTruck23] is facing 0 mins delay caused by 3 pre-existing jam events on Road from NorthPitMine-DumpSite2 to NorthPitMine-LoadSite3
2025-09-11 21:07:12,748 [INFO] Truck: Time:<203.04693260099538> Truck:[OfficalTruck3] Finish loading at shovel NorthPitMine-LoadSite5-Shovel-2
2025-09-11 21:07:12,749 [DEBUG] Truck: Time:<203.04693260099538> Truck:[OfficalTruck3] Start moving to ORDER(0): NorthPitMine-DumpSite1, move distance is 5.15, speed: 25
2025-09-11 21:07:12,749 [INFO] Truck: Time:<201> Truck:[OfficalTruck3] breakdown for 10.496704252721518 minutes at 201
2025-09-11 21:07:12,749 [INFO] Truck: Time:<203.06850770374075> Truck:[CLTruck9] Finish unloading at dumper NorthPitMine-DumpSite2-点位0, dumper tons is 1972.5067649853006
2025-09-11 21:07:12,750 [DEBUG] Truck: Time:<203.06850770374075> Truck:[CLTruck9] Start moving to ORDER(4):NorthPitMine-LoadSite5, move distance is 8.266514580177217, speed: 25
2025-09-11 21:07:12,750 [INFO] Truck: Time:<203.06850770374075> Truck:[CLTruck9] is facing 0 mins delay caused by 2 pre-existing jam events on Road from NorthPitMine-DumpSite2 to NorthPitMine-LoadSite5
2025-09-11 21:07:12,751 [INFO] Truck: Time:<203.45723383746844> Truck:[XHTruck1] Finish loading at shovel NorthPitMine-LoadSite4-Shovel-1
2025-09-11 21:07:12,752 [DEBUG] Truck: Time:<203.45723383746844> Truck:[XHTruck1] Start moving to ORDER(1): NorthPitMine-DumpSite2, move distance is 1.17, speed: 25
2025-09-11 21:07:12,752 [INFO] Truck: Time:<202> Truck:[XHTruck1] breakdown for 11.279206913173391 minutes at 202
2025-09-11 21:07:12,752 [INFO] Truck: Time:<203.45723383746844> Truck:[XHTruck27] Start loading at shovel NorthPitMine-LoadSite4-Shovel-1, load time is 4.060039370078741
2025-09-11 21:07:12,752 [INFO] Truck: Time:<203.99369875781184> Truck:[CLTruck3] Arrived at NorthPitMine-LoadSite3 at 203.99369875781184
2025-09-11 21:07:12,754 [DEBUG] Truck: Time:<204.2323101884908> Truck:[CLTruck7] Arrived at NorthPitMine-DumpSite5 at 204.2323101884908
2025-09-11 21:07:12,756 [INFO] Truck: Time:<205.08837533824837> Truck:[CLTruck1] is facing 0 mins delay caused by 1 pre-existing jam events on Road from NorthPitMine-LoadSite4 to NorthPitMine-DumpSite2
2025-09-11 21:07:12,756 [INFO] Truck: Time:<205.2323101884908> Truck:[CLTruck7] Finish unloading at dumper NorthPitMine-DumpSite5-点位0, dumper tons is 2169.473173494759
2025-09-11 21:07:12,757 [DEBUG] Truck: Time:<205.2323101884908> Truck:[CLTruck7] Start moving to ORDER(3):NorthPitMine-LoadSite4, move distance is 7.575916847919752, speed: 25
2025-09-11 21:07:12,757 [INFO] Truck: Time:<205.83453464232537> Truck:[XHTruck2] Finish loading at shovel NorthPitMine-LoadSite3-Shovel-1
2025-09-11 21:07:12,758 [DEBUG] Truck: Time:<205.83453464232537> Truck:[XHTruck2] Start moving to ORDER(4): NorthPitMine-DumpSite5, move distance is 2.698254826030789, speed: 25
2025-09-11 21:07:12,758 [INFO] Truck: Time:<205> Truck:[XHTruck2] breakdown for 9.448783494723337 minutes at 205
2025-09-11 21:07:12,758 [INFO] Truck: Time:<205.83453464232537> Truck:[CLTruck10] Start loading at shovel NorthPitMine-LoadSite3-Shovel-1, load time is 2.5836614173228347
2025-09-11 21:07:12,759 [INFO] Truck: Time:<205.9435449652417> Truck:[CLTruck19] is facing 0 mins delay caused by 1 pre-existing jam events on Road from NorthPitMine-LoadSite4 to NorthPitMine-DumpSite2
2025-09-11 21:07:12,761 [INFO] Truck: Time:<206.52069058036736> Shovel NorthPitMine-LoadSite5-Shovel-1 maintenance completed
2025-09-11 21:07:12,761 [INFO] Road: [RoadEvent] Road from NorthPitMine-LoadSite5 to NorthPitMine-DumpSite1 is in repair，the repair will last for 57.99 mins, and will end at 264.51, vehicle on this road will have to suffer punish_distance.
2025-09-11 21:07:12,761 [DEBUG] Truck: Time:<206.52069058036736> Truck:[XHTruck4] Start moving to ORDER(0): NorthPitMine-DumpSite1, move distance is 6.318201694785076, speed: 25
2025-09-11 21:07:12,761 [INFO] Truck: Time:<197> Truck:[XHTruck4] breakdown for 8.762329718259885 minutes at 197
2025-09-11 21:07:12,761 [INFO] Truck: Time:<206.52069058036736> Truck:[OfficalTruck1] Start loading at shovel NorthPitMine-LoadSite5-Shovel-1, load time is 5.684055118110236
2025-09-11 21:07:12,761 [INFO] Truck: Time:<206.71927815586702> Truck:[XHTruck7] Finish loading at shovel NorthPitMine-LoadSite4-Shovel-4
2025-09-11 21:07:12,761 [INFO] Road: [RoadEvent] Road from NorthPitMine-LoadSite4 to NorthPitMine-DumpSite2 is in repair，the repair will last for 23.88 mins, and will end at 230.60, vehicle on this road will have to suffer punish_distance.
2025-09-11 21:07:12,761 [DEBUG] Truck: Time:<206.71927815586702> Truck:[XHTruck7] Start moving to ORDER(1): NorthPitMine-DumpSite2, move distance is 1.632463641630471, speed: 25
2025-09-11 21:07:12,761 [INFO] Truck: Time:<203> Truck:[XHTruck7] breakdown for 19.379744172103713 minutes at 203
2025-09-11 21:07:12,765 [INFO] Truck: Time:<206.71927815586702> Truck:[CLTruck26] Start loading at shovel NorthPitMine-LoadSite4-Shovel-4, load time is 15.555555555555555
2025-09-11 21:07:12,765 [INFO] Truck: Time:<206.74459576688014> Truck:[XHTruck21] Arrived at NorthPitMine-LoadSite3 at 206.74459576688014
2025-09-11 21:07:12,767 [INFO] Truck: Time:<207.5172732075472> Truck:[XHTruck27] Finish loading at shovel NorthPitMine-LoadSite4-Shovel-1
2025-09-11 21:07:12,768 [DEBUG] Truck: Time:<207.5172732075472> Truck:[XHTruck27] Start moving to ORDER(1): NorthPitMine-DumpSite2, move distance is 1.8607895726520969, speed: 25
2025-09-11 21:07:12,768 [INFO] Truck: Time:<204> Truck:[XHTruck27] breakdown for 7.9021197522419495 minutes at 204
2025-09-11 21:07:12,768 [INFO] Truck: Time:<207.5172732075472> Truck:[CLTruck28] Start loading at shovel NorthPitMine-LoadSite4-Shovel-1, load time is 2.5836614173228347
2025-09-11 21:07:12,769 [DEBUG] Truck: Time:<207.81085024370037> Truck:[OfficalTruck2] Arrived at NorthPitMine-DumpSite2 at 207.81085024370037
2025-09-11 21:07:12,769 [DEBUG] Truck: Time:<207.89637533824836> Truck:[CLTruck1] Arrived at NorthPitMine-DumpSite2 at 207.89637533824836
2025-09-11 21:07:12,771 [INFO] Truck: Time:<208.4181960596482> Truck:[CLTruck10] Finish loading at shovel NorthPitMine-LoadSite3-Shovel-1
2025-09-11 21:07:12,771 [DEBUG] Truck: Time:<208.4181960596482> Truck:[CLTruck10] Start moving to ORDER(4): NorthPitMine-DumpSite5, move distance is 2.8168976940447434, speed: 25
2025-09-11 21:07:12,771 [INFO] Truck: Time:<173> Truck:[CLTruck10] breakdown for 5.640887701752331 minutes at 173
2025-09-11 21:07:12,773 [INFO] Truck: Time:<208.4181960596482> Truck:[XHTruck19] Start loading at shovel NorthPitMine-LoadSite3-Shovel-1, load time is 4.060039370078741
2025-09-11 21:07:12,773 [DEBUG] Truck: Time:<208.7515449652417> Truck:[CLTruck19] Arrived at NorthPitMine-DumpSite2 at 208.7515449652417
2025-09-11 21:07:12,773 [INFO] Truck: Time:<208.81085024370037> Truck:[OfficalTruck2] Finish unloading at dumper NorthPitMine-DumpSite2-点位0, dumper tons is 2046.7877726720435
2025-09-11 21:07:12,773 [DEBUG] Truck: Time:<208.81085024370037> Truck:[OfficalTruck2] Start moving to ORDER(4):NorthPitMine-LoadSite5, move distance is 8.08405442175166, speed: 25
2025-09-11 21:07:12,773 [INFO] Truck: Time:<208> Truck:[OfficalTruck2] breakdown for 8.19319614986555 minutes at 208
2025-09-11 21:07:12,773 [INFO] Truck: Time:<208.89637533824836> Truck:[CLTruck1] Finish unloading at dumper NorthPitMine-DumpSite2-点位1, dumper tons is 749.1697166296458
2025-09-11 21:07:12,773 [DEBUG] Truck: Time:<208.89637533824836> Truck:[CLTruck1] Start moving to ORDER(4):NorthPitMine-LoadSite5, move distance is 7.783692630906582, speed: 25
2025-09-11 21:07:12,773 [INFO] Truck: Time:<208.89637533824836> Truck:[CLTruck1] is facing 5.333767472526199 mins delay caused by 3 pre-existing jam events on Road from NorthPitMine-DumpSite2 to NorthPitMine-LoadSite5
2025-09-11 21:07:12,778 [INFO] Truck: Time:<209.60186042949454> Truck:[XHTruck30] is facing 2.890960515720434 mins delay caused by 2 pre-existing jam events on Road from NorthPitMine-DumpSite2 to NorthPitMine-LoadSite3
2025-09-11 21:07:12,778 [INFO] Truck: Time:<209.7515449652417> Truck:[CLTruck19] Finish unloading at dumper NorthPitMine-DumpSite2-点位2, dumper tons is 161.2262392372624
2025-09-11 21:07:12,779 [DEBUG] Truck: Time:<209.7515449652417> Truck:[CLTruck19] Start moving to ORDER(4):NorthPitMine-LoadSite5, move distance is 8.098420507509283, speed: 25
2025-09-11 21:07:12,779 [INFO] Truck: Time:<209.7515449652417> Truck:[CLTruck19] is facing 4.0521557496675875 mins delay caused by 3 pre-existing jam events on Road from NorthPitMine-DumpSite2 to NorthPitMine-LoadSite5
2025-09-11 21:07:12,779 [INFO] Truck: Time:<209.99484325824787> Truck:[OfficalTruck5] Arrived at NorthPitMine-LoadSite4 at 209.99484325824787
2025-09-11 21:07:12,782 [INFO] Truck: Time:<210.10093462487004> Truck:[CLTruck28] Finish loading at shovel NorthPitMine-LoadSite4-Shovel-1
2025-09-11 21:07:12,783 [DEBUG] Truck: Time:<210.10093462487004> Truck:[CLTruck28] Start moving to ORDER(1): NorthPitMine-DumpSite2, move distance is 1.4086147830811109, speed: 25
2025-09-11 21:07:12,783 [INFO] Truck: Time:<206> Truck:[CLTruck28] breakdown for 9.80478736617503 minutes at 206
2025-09-11 21:07:12,783 [INFO] Truck: Time:<210.10093462487004> Truck:[OfficalTruck5] Start loading at shovel NorthPitMine-LoadSite4-Shovel-1, load time is 5.684055118110236
2025-09-11 21:07:12,786 [INFO] Truck: Time:<211.39606013384233> Truck:[CLTruck4] Arrived at NorthPitMine-LoadSite3 at 211.39606013384233
2025-09-11 21:07:12,787 [INFO] Truck: Time:<211.64494471790766> Truck:[OfficalTruck6] Arrived at NorthPitMine-LoadSite5 at 211.64494471790766
2025-09-11 21:07:12,787 [INFO] Truck: Time:<211.64494471790766> Truck:[OfficalTruck6] Start loading at shovel NorthPitMine-LoadSite5-Shovel-2, load time is 5.684055118110236
2025-09-11 21:07:12,788 [INFO] Truck: Time:<211.84164482905265> Truck:[OfficalTruck4] Arrived at NorthPitMine-LoadSite5 at 211.84164482905265
2025-09-11 21:07:12,790 [INFO] Truck: Time:<212.20474569847758> Truck:[OfficalTruck1] Finish loading at shovel NorthPitMine-LoadSite5-Shovel-1
2025-09-11 21:07:12,790 [DEBUG] Truck: Time:<212.20474569847758> Truck:[OfficalTruck1] Start moving to ORDER(0): NorthPitMine-DumpSite1, move distance is 7.343467894719578, speed: 25
2025-09-11 21:07:12,791 [INFO] Truck: Time:<204> Truck:[OfficalTruck1] breakdown for 8.996497665472583 minutes at 204
2025-09-11 21:07:12,791 [INFO] Truck: Time:<212.20474569847758> Truck:[OfficalTruck4] Start loading at shovel NorthPitMine-LoadSite5-Shovel-1, load time is 5.684055118110236
2025-09-11 21:07:12,791 [INFO] Truck: Time:<212.47823542972696> Truck:[XHTruck19] Finish loading at shovel NorthPitMine-LoadSite3-Shovel-1
2025-09-11 21:07:12,792 [DEBUG] Truck: Time:<212.47823542972696> Truck:[XHTruck19] Start moving to ORDER(4): NorthPitMine-DumpSite5, move distance is 2.3584854153322454, speed: 25
2025-09-11 21:07:12,792 [INFO] Truck: Time:<208> Truck:[XHTruck19] breakdown for 10.842174842615936 minutes at 208
2025-09-11 21:07:12,792 [INFO] Truck: Time:<212.47823542972696> Truck:[CLTruck2] Start loading at shovel NorthPitMine-LoadSite3-Shovel-1, load time is 2.5836614173228347
2025-09-11 21:07:12,793 [DEBUG] Truck: Time:<212.98035477189273> Truck:[OfficalTruck8] Arrived at NorthPitMine-DumpSite2 at 212.98035477189273
2025-09-11 21:07:12,794 [DEBUG] Truck: Time:<213.3171562107617> Truck:[XHTruck17] Arrived at NorthPitMine-DumpSite2 at 213.3171562107617
2025-09-11 21:07:12,795 [INFO] Truck: Time:<213.44772036242182> Truck:[XHTruck18] Arrived at NorthPitMine-LoadSite3 at 213.44772036242182
2025-09-11 21:07:12,795 [INFO] Truck: Time:<213.98035477189273> Truck:[OfficalTruck8] Finish unloading at dumper NorthPitMine-DumpSite2-点位0, dumper tons is 2130.454838340259
2025-09-11 21:07:12,796 [DEBUG] Truck: Time:<213.98035477189273> Truck:[OfficalTruck8] Start moving to ORDER(4):NorthPitMine-LoadSite5, move distance is 8.264458459216444, speed: 25
2025-09-11 21:07:12,796 [INFO] Truck: Time:<213.98035477189273> Truck:[OfficalTruck8] is facing 0 mins delay caused by 4 pre-existing jam events on Road from NorthPitMine-DumpSite2 to NorthPitMine-LoadSite5
2025-09-11 21:07:12,798 [INFO] Truck: Time:<214.12012837016633> Truck:[CLTruck23] Arrived at NorthPitMine-LoadSite3 at 214.12012837016633
2025-09-11 21:07:12,799 [INFO] Truck: Time:<214.3128888888889> Truck:[XHTruck13] Finish loading at shovel NorthPitMine-LoadSite4-Shovel-2
2025-09-11 21:07:12,800 [DEBUG] Truck: Time:<214.3128888888889> Truck:[XHTruck13] Start moving to ORDER(1): NorthPitMine-DumpSite2, move distance is 1.6002945271641562, speed: 25
2025-09-11 21:07:12,800 [INFO] Truck: Time:<184> Truck:[XHTruck13] breakdown for 11.9316284042156 minutes at 184
2025-09-11 21:07:12,800 [INFO] Truck: Time:<214.3128888888889> Truck:[XHTruck20] Start loading at shovel NorthPitMine-LoadSite4-Shovel-2, load time is 24.444444444444443
2025-09-11 21:07:12,800 [INFO] Truck: Time:<214.3171562107617> Truck:[XHTruck17] Finish unloading at dumper NorthPitMine-DumpSite2-点位1, dumper tons is 800.7968349675247
2025-09-11 21:07:12,800 [DEBUG] Truck: Time:<214.3171562107617> Truck:[XHTruck17] Start moving to ORDER(4):NorthPitMine-LoadSite5, move distance is 7.683454165324508, speed: 25
2025-09-11 21:07:12,800 [INFO] Truck: Time:<214.3171562107617> Truck:[XHTruck17] is facing 0.04880520563036583 mins delay caused by 4 pre-existing jam events on Road from NorthPitMine-DumpSite2 to NorthPitMine-LoadSite5
2025-09-11 21:07:12,800 [INFO] Truck: Time:<214.6471111111111> Truck:[XHTruck10] Finish loading at shovel NorthPitMine-LoadSite3-Shovel-3
2025-09-11 21:07:12,802 [DEBUG] Truck: Time:<214.6471111111111> Truck:[XHTruck10] Start moving to ORDER(4): NorthPitMine-DumpSite5, move distance is 2.323623450498988, speed: 25
2025-09-11 21:07:12,802 [INFO] Truck: Time:<210> Truck:[XHTruck10] breakdown for 10.115693269022351 minutes at 210
2025-09-11 21:07:12,803 [INFO] Truck: Time:<214.6471111111111> Truck:[XHTruck8] Start loading at shovel NorthPitMine-LoadSite3-Shovel-3, load time is 24.444444444444443
2025-09-11 21:07:12,803 [INFO] Truck: Time:<214.71502858118282> Truck:[CLTruck5] Arrived at NorthPitMine-LoadSite4 at 214.71502858118282
2025-09-11 21:07:12,805 [INFO] Truck: Time:<215.0618968470498> Truck:[CLTruck2] Finish loading at shovel NorthPitMine-LoadSite3-Shovel-1
2025-09-11 21:07:12,806 [DEBUG] Truck: Time:<215.0618968470498> Truck:[CLTruck2] Start moving to ORDER(4): NorthPitMine-DumpSite5, move distance is 2.625734396229624, speed: 25
2025-09-11 21:07:12,806 [INFO] Truck: Time:<206> Truck:[CLTruck2] breakdown for 10.255163922080616 minutes at 206
2025-09-11 21:07:12,806 [INFO] Truck: Time:<215.0618968470498> Truck:[XHTruck15] Start loading at shovel NorthPitMine-LoadSite3-Shovel-1, load time is 4.060039370078741
2025-09-11 21:07:12,806 [DEBUG] Truck: Time:<215.11388211198724> Truck:[CLTruck24] Arrived at NorthPitMine-DumpSite5 at 215.11388211198724
2025-09-11 21:07:12,807 [INFO] Truck: Time:<215.15183744165745> Truck:[CLTruck25] Finish loading at shovel NorthPitMine-LoadSite3-Shovel-2
2025-09-11 21:07:12,807 [DEBUG] Truck: Time:<215.15183744165745> Truck:[CLTruck25] Start moving to ORDER(4): NorthPitMine-DumpSite5, move distance is 2.6143040419891976, speed: 25
2025-09-11 21:07:12,807 [INFO] Truck: Time:<211> Truck:[CLTruck25] breakdown for 9.28084660898859 minutes at 211
2025-09-11 21:07:12,808 [INFO] Truck: Time:<215.15183744165745> Truck:[CLTruck8] Start loading at shovel NorthPitMine-LoadSite3-Shovel-2, load time is 15.555555555555555
2025-09-11 21:07:12,808 [INFO] Truck: Time:<215.1888856349148> Truck:[XHTruck11] Finish loading at shovel NorthPitMine-LoadSite4-Shovel-3
2025-09-11 21:07:12,808 [DEBUG] Truck: Time:<215.1888856349148> Truck:[XHTruck11] Start moving to ORDER(1): NorthPitMine-DumpSite2, move distance is 1.8820767332879735, speed: 25
2025-09-11 21:07:12,809 [INFO] Truck: Time:<191> Truck:[XHTruck11] breakdown for 9.338302067626751 minutes at 191
2025-09-11 21:07:12,809 [INFO] Truck: Time:<215.1888856349148> Truck:[XHTruck16] Start loading at shovel NorthPitMine-LoadSite4-Shovel-3, load time is 24.444444444444443
2025-09-11 21:07:12,809 [INFO] Truck: Time:<215.78498974298026> Truck:[OfficalTruck5] Finish loading at shovel NorthPitMine-LoadSite4-Shovel-1
2025-09-11 21:07:12,810 [DEBUG] Truck: Time:<215.78498974298026> Truck:[OfficalTruck5] Start moving to ORDER(1): NorthPitMine-DumpSite2, move distance is 1.6484063732819803, speed: 25
2025-09-11 21:07:12,810 [INFO] Truck: Time:<215.78498974298026> Truck:[CLTruck5] Start loading at shovel NorthPitMine-LoadSite4-Shovel-1, load time is 2.5836614173228347
2025-09-11 21:07:12,810 [INFO] Truck: Time:<216.11388211198724> Truck:[CLTruck24] Finish unloading at dumper NorthPitMine-DumpSite5-点位0, dumper tons is 2207.063180122081
2025-09-11 21:07:12,810 [DEBUG] Truck: Time:<216.11388211198724> Truck:[CLTruck24] Start moving to ORDER(3):NorthPitMine-LoadSite4, move distance is 8.085359050145163, speed: 25
2025-09-11 21:07:12,814 [INFO] Truck: Time:<212> Truck:[CLTruck24] breakdown for 10.546804902565874 minutes at 212
2025-09-11 21:07:12,815 [INFO] Truck: Time:<217.00404639356591> Truck:[OfficalTruck2] is facing 0 mins delay caused by 3 pre-existing jam events on Road from NorthPitMine-DumpSite2 to NorthPitMine-LoadSite5
2025-09-11 21:07:12,815 [INFO] Truck: Time:<217.32899983601789> Truck:[OfficalTruck6] Finish loading at shovel NorthPitMine-LoadSite5-Shovel-2
2025-09-11 21:07:12,816 [DEBUG] Truck: Time:<217.32899983601789> Truck:[OfficalTruck6] Start moving to ORDER(0): NorthPitMine-DumpSite1, move distance is 7.2858346890713355, speed: 25
2025-09-11 21:07:12,816 [INFO] Truck: Time:<206> Truck:[OfficalTruck6] breakdown for 15.017456313830827 minutes at 206
2025-09-11 21:07:12,816 [DEBUG] Truck: Time:<217.54444075064183> Truck:[XHTruck1] Arrived at NorthPitMine-DumpSite2 at 217.54444075064183
2025-09-11 21:07:12,817 [INFO] Truck: Time:<217.8888008165878> Truck:[OfficalTruck4] Finish loading at shovel NorthPitMine-LoadSite5-Shovel-1
2025-09-11 21:07:12,817 [DEBUG] Truck: Time:<217.8888008165878> Truck:[OfficalTruck4] Start moving to ORDER(0): NorthPitMine-DumpSite1, move distance is 6.333624455199376, speed: 25
2025-09-11 21:07:12,817 [INFO] Truck: Time:<198> Truck:[OfficalTruck4] breakdown for 7.01383247528271 minutes at 198
2025-09-11 21:07:12,820 [INFO] Truck: Time:<218.3686511603031> Truck:[CLTruck5] Finish loading at shovel NorthPitMine-LoadSite4-Shovel-1
2025-09-11 21:07:12,822 [DEBUG] Truck: Time:<218.3686511603031> Truck:[CLTruck5] Start moving to ORDER(1): NorthPitMine-DumpSite2, move distance is 1.7268739847050592, speed: 25
2025-09-11 21:07:12,822 [INFO] Truck: Time:<197> Truck:[CLTruck5] breakdown for 12.241196416816233 minutes at 197
2025-09-11 21:07:12,822 [INFO] Truck: Time:<218.54444075064183> Truck:[XHTruck1] Finish unloading at dumper NorthPitMine-DumpSite2-点位0, dumper tons is 2182.1992501267137
2025-09-11 21:07:12,823 [DEBUG] Truck: Time:<218.54444075064183> Truck:[XHTruck1] Start moving to ORDER(4):NorthPitMine-LoadSite5, move distance is 7.384995443443947, speed: 25
2025-09-11 21:07:12,823 [INFO] Truck: Time:<218.54444075064183> Truck:[XHTruck1] is facing 0 mins delay caused by 3 pre-existing jam events on Road from NorthPitMine-DumpSite2 to NorthPitMine-LoadSite5
2025-09-11 21:07:12,826 [INFO] Truck: Time:<219.12193621712856> Truck:[XHTruck15] Finish loading at shovel NorthPitMine-LoadSite3-Shovel-1
2025-09-11 21:07:12,827 [DEBUG] Truck: Time:<219.12193621712856> Truck:[XHTruck15] Start moving to ORDER(4): NorthPitMine-DumpSite5, move distance is 2.3910478972712266, speed: 25
2025-09-11 21:07:12,827 [INFO] Truck: Time:<214> Truck:[XHTruck15] breakdown for 12.640040043523893 minutes at 214
2025-09-11 21:07:12,827 [INFO] Truck: Time:<219.12193621712856> Truck:[CLTruck16] Start loading at shovel NorthPitMine-LoadSite3-Shovel-1, load time is 2.5836614173228347
2025-09-11 21:07:12,827 [INFO] Truck: Time:<219.20672800752902> Truck:[CLTruck18] Arrived at NorthPitMine-LoadSite4 at 219.20672800752902
2025-09-11 21:07:12,828 [INFO] Truck: Time:<219.20672800752902> Truck:[CLTruck18] Start loading at shovel NorthPitMine-LoadSite4-Shovel-1, load time is 2.5836614173228347
2025-09-11 21:07:12,828 [DEBUG] Truck: Time:<219.74116503885702> Truck:[OfficalTruck5] Arrived at NorthPitMine-DumpSite2 at 219.74116503885702
2025-09-11 21:07:12,828 [DEBUG] Truck: Time:<219.88528793415418> Truck:[XHTruck27] Arrived at NorthPitMine-DumpSite2 at 219.88528793415418
2025-09-11 21:07:12,828 [INFO] Truck: Time:<219.90572199104506> Truck:[CLTruck28] is facing 2.6712017060094646 mins delay caused by 1 pre-existing jam events on Road from NorthPitMine-LoadSite4 to NorthPitMine-DumpSite2
2025-09-11 21:07:12,828 [INFO] Truck: Time:<220.32048098638205> Truck:[CLTruck21] Arrived at NorthPitMine-LoadSite5 at 220.32048098638205
2025-09-11 21:07:12,832 [INFO] Truck: Time:<220.32048098638205> Truck:[CLTruck21] Start loading at shovel NorthPitMine-LoadSite5-Shovel-1, load time is 2.5836614173228347
2025-09-11 21:07:12,832 [INFO] Truck: Time:<220.67682094521496> Truck:[XHTruck30] Arrived at NorthPitMine-LoadSite3 at 220.67682094521496
2025-09-11 21:07:12,832 [INFO] Truck: Time:<220.74116503885702> Truck:[OfficalTruck5] Finish unloading at dumper NorthPitMine-DumpSite2-点位0, dumper tons is 2252.504928865023
2025-09-11 21:07:12,834 [DEBUG] Truck: Time:<220.74116503885702> Truck:[OfficalTruck5] Start moving to ORDER(4):NorthPitMine-LoadSite5, move distance is 7.082496555534388, speed: 25
2025-09-11 21:07:12,834 [INFO] Truck: Time:<220.74116503885702> Truck:[OfficalTruck5] is facing 0 mins delay caused by 4 pre-existing jam events on Road from NorthPitMine-DumpSite2 to NorthPitMine-LoadSite5
2025-09-11 21:07:12,834 [DEBUG] Truck: Time:<220.8196382271079> Truck:[CLTruck10] Arrived at NorthPitMine-DumpSite5 at 220.8196382271079
2025-09-11 21:07:12,835 [INFO] Truck: Time:<220.88528793415418> Truck:[XHTruck27] Finish unloading at dumper NorthPitMine-DumpSite2-点位1, dumper tons is 851.1557447644095
2025-09-11 21:07:12,835 [DEBUG] Truck: Time:<220.88528793415418> Truck:[XHTruck27] Start moving to ORDER(4):NorthPitMine-LoadSite5, move distance is 8.656462343298251, speed: 25
2025-09-11 21:07:12,835 [INFO] Truck: Time:<220.88528793415418> Truck:[XHTruck27] is facing 0 mins delay caused by 4 pre-existing jam events on Road from NorthPitMine-DumpSite2 to NorthPitMine-LoadSite5
2025-09-11 21:07:12,837 [INFO] Truck: Time:<221.7055976344514> Truck:[CLTruck16] Finish loading at shovel NorthPitMine-LoadSite3-Shovel-1
2025-09-11 21:07:12,837 [DEBUG] Truck: Time:<221.7055976344514> Truck:[CLTruck16] Start moving to ORDER(4): NorthPitMine-DumpSite5, move distance is 2.826584137899335, speed: 25
2025-09-11 21:07:12,837 [INFO] Truck: Time:<214> Truck:[CLTruck16] breakdown for 9.48326897022517 minutes at 214
2025-09-11 21:07:12,837 [INFO] Truck: Time:<221.7055976344514> Truck:[CLTruck15] Start loading at shovel NorthPitMine-LoadSite3-Shovel-1, load time is 2.5836614173228347
2025-09-11 21:07:12,840 [DEBUG] Truck: Time:<221.75912971952258> Truck:[XHTruck2] Arrived at NorthPitMine-DumpSite5 at 221.75912971952258
2025-09-11 21:07:12,840 [INFO] Truck: Time:<221.79038942485187> Truck:[CLTruck18] Finish loading at shovel NorthPitMine-LoadSite4-Shovel-1
2025-09-11 21:07:12,840 [DEBUG] Truck: Time:<221.79038942485187> Truck:[CLTruck18] Start moving to ORDER(1): NorthPitMine-DumpSite2, move distance is 1.4263252807714695, speed: 25
2025-09-11 21:07:12,840 [INFO] Truck: Time:<209> Truck:[CLTruck18] breakdown for 13.21343270345986 minutes at 209
2025-09-11 21:07:12,841 [INFO] Truck: Time:<221.8196382271079> Truck:[CLTruck10] Finish unloading at dumper NorthPitMine-DumpSite5-点位0, dumper tons is 2238.7721261807883
2025-09-11 21:07:12,841 [DEBUG] Truck: Time:<221.8196382271079> Truck:[CLTruck10] Start moving to ORDER(3):NorthPitMine-LoadSite4, move distance is 5.34, speed: 25
2025-09-11 21:07:12,841 [INFO] Truck: Time:<216> Truck:[CLTruck10] breakdown for 12.576529676504133 minutes at 216
2025-09-11 21:07:12,843 [INFO] Truck: Time:<222.27483371142256> Truck:[CLTruck26] Finish loading at shovel NorthPitMine-LoadSite4-Shovel-4
2025-09-11 21:07:12,844 [DEBUG] Truck: Time:<222.27483371142256> Truck:[CLTruck26] Start moving to ORDER(1): NorthPitMine-DumpSite2, move distance is 1.6827568811662907, speed: 25
2025-09-11 21:07:12,844 [INFO] Truck: Time:<199> Truck:[CLTruck26] breakdown for 9.567709259490135 minutes at 199
2025-09-11 21:07:12,844 [INFO] Truck: Time:<222.27483371142256> Truck:[OfficalTruck7] Start loading at shovel NorthPitMine-LoadSite4-Shovel-4, load time is 34.22222222222222
2025-09-11 21:07:12,845 [INFO] Truck: Time:<222.75912971952258> Truck:[XHTruck2] Finish unloading at dumper NorthPitMine-DumpSite5-点位1, dumper tons is 840.5605762027028
2025-09-11 21:07:12,846 [DEBUG] Truck: Time:<222.75912971952258> Truck:[XHTruck2] Start moving to ORDER(3):NorthPitMine-LoadSite4, move distance is 5.34, speed: 25
2025-09-11 21:07:12,846 [INFO] Truck: Time:<222.9041424037049> Truck:[CLTruck21] Finish loading at shovel NorthPitMine-LoadSite5-Shovel-1
2025-09-11 21:07:12,847 [DEBUG] Truck: Time:<222.9041424037049> Truck:[CLTruck21] Start moving to ORDER(0): NorthPitMine-DumpSite1, move distance is 6.936892568889293, speed: 25
2025-09-11 21:07:12,847 [INFO] Truck: Time:<203> Truck:[CLTruck21] breakdown for 12.19736436494363 minutes at 203
2025-09-11 21:07:12,847 [INFO] Truck: Time:<222.90814269616607> Truck:[CLTruck9] Arrived at NorthPitMine-LoadSite5 at 222.90814269616607
2025-09-11 21:07:12,848 [INFO] Truck: Time:<222.90814269616607> Truck:[CLTruck9] Start loading at shovel NorthPitMine-LoadSite5-Shovel-1, load time is 2.5836614173228347
2025-09-11 21:07:12,850 [INFO] Truck: Time:<223.4145106234982> Truck:[CLTruck7] Arrived at NorthPitMine-LoadSite4 at 223.4145106234982
2025-09-11 21:07:12,850 [INFO] Truck: Time:<223.4145106234982> Truck:[CLTruck7] Start loading at shovel NorthPitMine-LoadSite4-Shovel-1, load time is 2.5836614173228347
2025-09-11 21:07:12,850 [DEBUG] Truck: Time:<223.486667279292> Truck:[CLTruck11] Arrived at NorthPitMine-DumpSite5 at 223.486667279292
2025-09-11 21:07:12,852 [INFO] Truck: Time:<224.28925905177425> Truck:[CLTruck15] Finish loading at shovel NorthPitMine-LoadSite3-Shovel-1
2025-09-11 21:07:12,853 [DEBUG] Truck: Time:<224.28925905177425> Truck:[CLTruck15] Start moving to ORDER(4): NorthPitMine-DumpSite5, move distance is 2.6158241028755578, speed: 25
2025-09-11 21:07:12,853 [INFO] Truck: Time:<213> Truck:[CLTruck15] breakdown for 12.167799217854 minutes at 213
2025-09-11 21:07:12,853 [INFO] Truck: Time:<224.28925905177425> Truck:[CLTruck17] Start loading at shovel NorthPitMine-LoadSite3-Shovel-1, load time is 2.5836614173228347
2025-09-11 21:07:12,854 [INFO] Truck: Time:<224.486667279292> Truck:[CLTruck11] Finish unloading at dumper NorthPitMine-DumpSite5-点位0, dumper tons is 2270.9480465732854
2025-09-11 21:07:12,855 [DEBUG] Truck: Time:<224.486667279292> Truck:[CLTruck11] Start moving to ORDER(3):NorthPitMine-LoadSite4, move distance is 5.34, speed: 25
2025-09-11 21:07:12,855 [INFO] Truck: Time:<224.52718770254157> Truck:[XHTruck11] is facing 0 mins delay caused by 1 pre-existing jam events on Road from NorthPitMine-LoadSite4 to NorthPitMine-DumpSite2
2025-09-11 21:07:12,856 [INFO] Truck: Time:<224.9026332918705> Truck:[OfficalTruck4] is facing 0 mins delay caused by 1 pre-existing jam events on Road from NorthPitMine-LoadSite5 to NorthPitMine-DumpSite1
2025-09-11 21:07:12,859 [INFO] Truck: Time:<225.31706076913042> Truck:[CLTruck2] is facing 3.911185044562063 mins delay caused by 1 pre-existing jam events on Road from NorthPitMine-LoadSite3 to NorthPitMine-DumpSite5
2025-09-11 21:07:12,860 [INFO] Truck: Time:<225.4918041134889> Truck:[CLTruck9] Finish loading at shovel NorthPitMine-LoadSite5-Shovel-1
2025-09-11 21:07:12,860 [DEBUG] Truck: Time:<225.4918041134889> Truck:[CLTruck9] Start moving to ORDER(0): NorthPitMine-DumpSite1, move distance is 6.639335459937615, speed: 25
2025-09-11 21:07:12,860 [INFO] Truck: Time:<225.4918041134889> Truck:[CLTruck9] is facing 0 mins delay caused by 1 pre-existing jam events on Road from NorthPitMine-LoadSite5 to NorthPitMine-DumpSite1
2025-09-11 21:07:12,861 [DEBUG] Truck: Time:<225.9036368537169> Truck:[OfficalTruck3] Arrived at NorthPitMine-DumpSite1 at 225.9036368537169
2025-09-11 21:07:12,861 [DEBUG] Truck: Time:<225.95759917644918> Truck:[CLTruck28] Arrived at NorthPitMine-DumpSite2 at 225.95759917644918
2025-09-11 21:07:12,861 [INFO] Truck: Time:<225.99817204082103> Truck:[CLTruck7] Finish loading at shovel NorthPitMine-LoadSite4-Shovel-1
2025-09-11 21:07:12,862 [DEBUG] Truck: Time:<225.99817204082103> Truck:[CLTruck7] Start moving to ORDER(1): NorthPitMine-DumpSite2, move distance is 1.679954424938979, speed: 25
2025-09-11 21:07:12,862 [INFO] Truck: Time:<217> Truck:[CLTruck7] breakdown for 6.63659518898797 minutes at 217
2025-09-11 21:07:12,863 [INFO] Truck: Time:<226.12485802385078> Truck:[XHTruck29] Finish loading at shovel NorthPitMine-LoadSite4-Shovel-5
2025-09-11 21:07:12,864 [DEBUG] Truck: Time:<226.12485802385078> Truck:[XHTruck29] Start moving to ORDER(1): NorthPitMine-DumpSite2, move distance is 1.6290532532893354, speed: 25
2025-09-11 21:07:12,864 [INFO] Truck: Time:<203> Truck:[XHTruck29] breakdown for 10.149326361320908 minutes at 203
2025-09-11 21:07:12,865 [INFO] Truck: Time:<226.12485802385078> Truck:[CLTruck13] Start loading at shovel NorthPitMine-LoadSite4-Shovel-5, load time is 15.555555555555555
2025-09-11 21:07:12,865 [INFO] Truck: Time:<226.8729204690971> Truck:[CLTruck17] Finish loading at shovel NorthPitMine-LoadSite3-Shovel-1
2025-09-11 21:07:12,865 [DEBUG] Truck: Time:<226.8729204690971> Truck:[CLTruck17] Start moving to ORDER(4): NorthPitMine-DumpSite5, move distance is 2.3608917978695474, speed: 25
2025-09-11 21:07:12,865 [INFO] Truck: Time:<201> Truck:[CLTruck17] breakdown for 5.091046563832391 minutes at 201
2025-09-11 21:07:12,865 [INFO] Truck: Time:<226.8729204690971> Truck:[XHTruck31] Start loading at shovel NorthPitMine-LoadSite3-Shovel-1, load time is 4.060039370078741
2025-09-11 21:07:12,865 [INFO] Truck: Time:<226.9036368537169> Truck:[OfficalTruck3] Finish unloading at dumper NorthPitMine-DumpSite1-点位0, dumper tons is 1103.6388641968488
2025-09-11 21:07:12,865 [INFO] Road: [RoadEvent] Road from NorthPitMine-DumpSite1 to NorthPitMine-LoadSite4 is in repair，the repair will last for 32.23 mins, and will end at 259.13, vehicle on this road will have to suffer punish_distance.
2025-09-11 21:07:12,865 [DEBUG] Truck: Time:<226.9036368537169> Truck:[OfficalTruck3] Start moving to ORDER(3):NorthPitMine-LoadSite4, move distance is 4.992903761920985, speed: 25
2025-09-11 21:07:12,865 [INFO] Truck: Time:<226> Truck:[OfficalTruck3] breakdown for 8.178263344210485 minutes at 226
2025-09-11 21:07:12,865 [INFO] Truck: Time:<226.95759917644918> Truck:[CLTruck28] Finish unloading at dumper NorthPitMine-DumpSite2-点位0, dumper tons is 2286.465978756334
2025-09-11 21:07:12,868 [DEBUG] Truck: Time:<226.95759917644918> Truck:[CLTruck28] Start moving to ORDER(4):NorthPitMine-LoadSite5, move distance is 8.029913787958941, speed: 25
2025-09-11 21:07:12,868 [INFO] Truck: Time:<226.95759917644918> Truck:[CLTruck28] is facing 1.5139591334337617 mins delay caused by 1 pre-existing jam events on Road from NorthPitMine-DumpSite2 to NorthPitMine-LoadSite5
2025-09-11 21:07:12,873 [DEBUG] Truck: Time:<228.9807752691403> Truck:[XHTruck19] Arrived at NorthPitMine-DumpSite5 at 228.9807752691403
2025-09-11 21:07:12,876 [DEBUG] Truck: Time:<229.0441718624327> Truck:[XHTruck11] Arrived at NorthPitMine-DumpSite2 at 229.0441718624327
2025-09-11 21:07:12,876 [INFO] Truck: Time:<229.9807752691403> Truck:[XHTruck19] Finish unloading at dumper NorthPitMine-DumpSite5-点位0, dumper tons is 2330.28874018043
2025-09-11 21:07:12,878 [DEBUG] Truck: Time:<229.9807752691403> Truck:[XHTruck19] Start moving to ORDER(3):NorthPitMine-LoadSite4, move distance is 5.34, speed: 25
2025-09-11 21:07:12,880 [DEBUG] Truck: Time:<230.01693506788385> Truck:[XHTruck7] Arrived at NorthPitMine-DumpSite2 at 230.01693506788385
2025-09-11 21:07:12,880 [INFO] Truck: Time:<230.0441718624327> Truck:[XHTruck11] Finish unloading at dumper NorthPitMine-DumpSite2-点位0, dumper tons is 2339.7845075861696
2025-09-11 21:07:12,882 [DEBUG] Truck: Time:<230.0441718624327> Truck:[XHTruck11] Start moving to ORDER(4):NorthPitMine-LoadSite5, move distance is 8.38275260148397, speed: 25
2025-09-11 21:07:12,882 [INFO] Truck: Time:<230.0441718624327> Truck:[XHTruck11] is facing 0 mins delay caused by 4 pre-existing jam events on Road from NorthPitMine-DumpSite2 to NorthPitMine-LoadSite5
2025-09-11 21:07:12,882 [DEBUG] Truck: Time:<230.08522415829844> Truck:[XHTruck13] Arrived at NorthPitMine-DumpSite2 at 230.08522415829844
2025-09-11 21:07:12,882 [DEBUG] Truck: Time:<230.33950066133102> Truck:[XHTruck10] Arrived at NorthPitMine-DumpSite5 at 230.33950066133102
2025-09-11 21:07:12,882 [DEBUG] Truck: Time:<230.44670436611142> Truck:[XHTruck4] Arrived at NorthPitMine-DumpSite1 at 230.44670436611142
2025-09-11 21:07:12,882 [INFO] Truck: Time:<230.60984757711933> Truck:[CLTruck5] is facing 0 mins delay caused by 1 pre-existing jam events on Road from NorthPitMine-LoadSite4 to NorthPitMine-DumpSite2
2025-09-11 21:07:12,882 [DEBUG] Truck: Time:<230.7070137514201> Truck:[CLTruck25] Arrived at NorthPitMine-DumpSite5 at 230.7070137514201
2025-09-11 21:07:12,882 [INFO] Truck: Time:<230.707392997213> Truck:[CLTruck8] Finish loading at shovel NorthPitMine-LoadSite3-Shovel-2
2025-09-11 21:07:12,883 [DEBUG] Truck: Time:<230.707392997213> Truck:[CLTruck8] Start moving to ORDER(4): NorthPitMine-DumpSite5, move distance is 2.6260980612184412, speed: 25
2025-09-11 21:07:12,883 [INFO] Truck: Time:<224> Truck:[CLTruck8] breakdown for 9.718559925553858 minutes at 224
2025-09-11 21:07:12,883 [INFO] Truck: Time:<230.707392997213> Truck:[XHTruck12] Start loading at shovel NorthPitMine-LoadSite3-Shovel-2, load time is 24.444444444444443
2025-09-11 21:07:12,883 [INFO] Truck: Time:<230.93295983917585> Truck:[XHTruck31] Finish loading at shovel NorthPitMine-LoadSite3-Shovel-1
2025-09-11 21:07:12,883 [DEBUG] Truck: Time:<230.93295983917585> Truck:[XHTruck31] Start moving to ORDER(4): NorthPitMine-DumpSite5, move distance is 2.3776949991421255, speed: 25
2025-09-11 21:07:12,883 [INFO] Truck: Time:<207> Truck:[XHTruck31] breakdown for 13.543003896892854 minutes at 207
2025-09-11 21:07:12,885 [INFO] Truck: Time:<230.93295983917585> Truck:[XHTruck21] Start loading at shovel NorthPitMine-LoadSite3-Shovel-1, load time is 4.060039370078741
2025-09-11 21:07:12,887 [INFO] Truck: Time:<231.01693506788385> Truck:[XHTruck7] Finish unloading at dumper NorthPitMine-DumpSite2-点位1, dumper tons is 908.2708146624288
2025-09-11 21:07:12,889 [DEBUG] Truck: Time:<231.01693506788385> Truck:[XHTruck7] Start moving to ORDER(4):NorthPitMine-LoadSite5, move distance is 7.418861942426053, speed: 25
2025-09-11 21:07:12,889 [INFO] Truck: Time:<231.01693506788385> Truck:[XHTruck7] is facing 0 mins delay caused by 4 pre-existing jam events on Road from NorthPitMine-DumpSite2 to NorthPitMine-LoadSite5
2025-09-11 21:07:12,889 [INFO] Truck: Time:<231.08522415829844> Truck:[XHTruck13] Finish unloading at dumper NorthPitMine-DumpSite2-点位0, dumper tons is 2392.653148660564
2025-09-11 21:07:12,890 [DEBUG] Truck: Time:<231.08522415829844> Truck:[XHTruck13] Start moving to ORDER(4):NorthPitMine-LoadSite5, move distance is 8.905308057149396, speed: 25
2025-09-11 21:07:12,890 [INFO] Truck: Time:<231.08522415829844> Truck:[XHTruck13] is facing 0 mins delay caused by 4 pre-existing jam events on Road from NorthPitMine-DumpSite2 to NorthPitMine-LoadSite5
2025-09-11 21:07:12,890 [INFO] Truck: Time:<231.18886660467658> Truck:[CLTruck16] is facing 3.957440775744721 mins delay caused by 3 pre-existing jam events on Road from NorthPitMine-LoadSite3 to NorthPitMine-DumpSite5
2025-09-11 21:07:12,891 [INFO] Truck: Time:<231.33950066133102> Truck:[XHTruck10] Finish unloading at dumper NorthPitMine-DumpSite5-点位0, dumper tons is 2382.1201523757777
2025-09-11 21:07:12,891 [DEBUG] Truck: Time:<231.33950066133102> Truck:[XHTruck10] Start moving to ORDER(3):NorthPitMine-LoadSite4, move distance is 5.34, speed: 25
2025-09-11 21:07:12,891 [INFO] Truck: Time:<231.44670436611142> Truck:[XHTruck4] Finish unloading at dumper NorthPitMine-DumpSite1-点位0, dumper tons is 1154.3789683271918
2025-09-11 21:07:12,891 [DEBUG] Truck: Time:<231.44670436611142> Truck:[XHTruck4] Start moving to ORDER(3):NorthPitMine-LoadSite4, move distance is 4.911610935397235, speed: 25
2025-09-11 21:07:12,891 [INFO] Truck: Time:<223> Truck:[XHTruck4] breakdown for 8.546648823416707 minutes at 223
2025-09-11 21:07:12,891 [INFO] Truck: Time:<231.7070137514201> Truck:[CLTruck25] Finish unloading at dumper NorthPitMine-DumpSite5-点位1, dumper tons is 878.0221040729683
2025-09-11 21:07:12,893 [DEBUG] Truck: Time:<231.7070137514201> Truck:[CLTruck25] Start moving to ORDER(3):NorthPitMine-LoadSite4, move distance is 5.34, speed: 25
2025-09-11 21:07:12,893 [INFO] Truck: Time:<231.76197626065246> Truck:[XHTruck15] is facing 4.648582757589849 mins delay caused by 3 pre-existing jam events on Road from NorthPitMine-LoadSite3 to NorthPitMine-DumpSite5
2025-09-11 21:07:12,893 [INFO] Truck: Time:<231.8425429709127> Truck:[CLTruck26] is facing 0 mins delay caused by 1 pre-existing jam events on Road from NorthPitMine-LoadSite4 to NorthPitMine-DumpSite2
2025-09-11 21:07:12,893 [INFO] Truck: Time:<231.96396703292947> Truck:[CLTruck17] is facing 4.3718182954366585 mins delay caused by 3 pre-existing jam events on Road from NorthPitMine-LoadSite3 to NorthPitMine-DumpSite5
2025-09-11 21:07:12,897 [INFO] Truck: Time:<232.3464561498487> Truck:[OfficalTruck6] is facing 0 mins delay caused by 3 pre-existing jam events on Road from NorthPitMine-LoadSite5 to NorthPitMine-DumpSite1
2025-09-11 21:07:12,898 [INFO] Truck: Time:<232.80625141317088> Truck:[XHTruck17] Arrived at NorthPitMine-LoadSite5 at 232.80625141317088
2025-09-11 21:07:12,898 [INFO] Truck: Time:<232.80625141317088> Truck:[XHTruck17] Start loading at shovel NorthPitMine-LoadSite5-Shovel-1, load time is 4.060039370078741
2025-09-11 21:07:12,898 [INFO] Truck: Time:<232.91100512495035> Truck:[CLTruck1] Arrived at NorthPitMine-LoadSite5 at 232.91100512495035
2025-09-11 21:07:12,899 [INFO] Truck: Time:<232.91100512495035> Truck:[CLTruck1] Start loading at shovel NorthPitMine-LoadSite5-Shovel-2, load time is 2.5836614173228347
2025-09-11 21:07:12,901 [INFO] Truck: Time:<233.23990993293157> Truck:[CLTruck19] Arrived at NorthPitMine-LoadSite5 at 233.23990993293157
2025-09-11 21:07:12,901 [INFO] Truck: Time:<233.8150550740122> Truck:[OfficalTruck8] Arrived at NorthPitMine-LoadSite5 at 233.8150550740122
2025-09-11 21:07:12,903 [DEBUG] Truck: Time:<234.75434514041146> Truck:[CLTruck5] Arrived at NorthPitMine-DumpSite2 at 234.75434514041146
2025-09-11 21:07:12,903 [INFO] Truck: Time:<234.9929992092546> Truck:[XHTruck21] Finish loading at shovel NorthPitMine-LoadSite3-Shovel-1
2025-09-11 21:07:12,905 [DEBUG] Truck: Time:<234.9929992092546> Truck:[XHTruck21] Start moving to ORDER(4): NorthPitMine-DumpSite5, move distance is 2.575994702403388, speed: 25
2025-09-11 21:07:12,905 [INFO] Truck: Time:<210> Truck:[XHTruck21] breakdown for 13.119597833791648 minutes at 210
2025-09-11 21:07:12,905 [INFO] Truck: Time:<234.9929992092546> Truck:[CLTruck4] Start loading at shovel NorthPitMine-LoadSite3-Shovel-1, load time is 2.5836614173228347
2025-09-11 21:07:12,908 [INFO] Truck: Time:<235.10150676864853> Truck:[CLTruck21] is facing 2.0429346449009333 mins delay caused by 3 pre-existing jam events on Road from NorthPitMine-LoadSite5 to NorthPitMine-DumpSite1
2025-09-11 21:07:12,909 [INFO] Truck: Time:<235.4946665422732> Truck:[CLTruck1] Finish loading at shovel NorthPitMine-LoadSite5-Shovel-2
2025-09-11 21:07:12,910 [DEBUG] Truck: Time:<235.4946665422732> Truck:[CLTruck1] Start moving to ORDER(0): NorthPitMine-DumpSite1, move distance is 7.096638541917272, speed: 25
2025-09-11 21:07:12,910 [INFO] Truck: Time:<235.4946665422732> Truck:[CLTruck1] is facing 1.3749926089626783 mins delay caused by 2 pre-existing jam events on Road from NorthPitMine-LoadSite5 to NorthPitMine-DumpSite1
2025-09-11 21:07:12,910 [INFO] Truck: Time:<235.4946665422732> Truck:[OfficalTruck8] Start loading at shovel NorthPitMine-LoadSite5-Shovel-2, load time is 5.684055118110236
2025-09-11 21:07:12,910 [DEBUG] Truck: Time:<235.53000836464358> Truck:[CLTruck2] Arrived at NorthPitMine-DumpSite5 at 235.53000836464358
2025-09-11 21:07:12,910 [INFO] Truck: Time:<235.57512971952258> Truck:[XHTruck2] Arrived at NorthPitMine-LoadSite4 at 235.57512971952258
2025-09-11 21:07:12,910 [INFO] Truck: Time:<235.57512971952258> Truck:[XHTruck2] Start loading at shovel NorthPitMine-LoadSite4-Shovel-1, load time is 4.060039370078741
2025-09-11 21:07:12,910 [INFO] Truck: Time:<235.75434514041146> Truck:[CLTruck5] Finish unloading at dumper NorthPitMine-DumpSite2-点位0, dumper tons is 2426.1599695824084
2025-09-11 21:07:12,913 [DEBUG] Truck: Time:<235.75434514041146> Truck:[CLTruck5] Start moving to ORDER(2):NorthPitMine-LoadSite3, move distance is 3.41, speed: 25
2025-09-11 21:07:12,913 [DEBUG] Truck: Time:<235.88115948571178> Truck:[CLTruck26] Arrived at NorthPitMine-DumpSite2 at 235.88115948571178
2025-09-11 21:07:12,915 [INFO] Truck: Time:<236.2684298149073> Truck:[XHTruck1] Arrived at NorthPitMine-LoadSite5 at 236.2684298149073
2025-09-11 21:07:12,916 [INFO] Truck: Time:<236.4057770057699> Truck:[OfficalTruck2] Arrived at NorthPitMine-LoadSite5 at 236.4057770057699
2025-09-11 21:07:12,916 [INFO] Truck: Time:<236.45705826962825> Truck:[CLTruck15] is facing 1.5164200086922692 mins delay caused by 3 pre-existing jam events on Road from NorthPitMine-LoadSite3 to NorthPitMine-DumpSite5
2025-09-11 21:07:12,916 [INFO] Truck: Time:<236.53000836464358> Truck:[CLTruck2] Finish unloading at dumper NorthPitMine-DumpSite5-点位0, dumper tons is 2415.816767101051
2025-09-11 21:07:12,917 [DEBUG] Truck: Time:<236.53000836464358> Truck:[CLTruck2] Start moving to ORDER(3):NorthPitMine-LoadSite4, move distance is 5.34, speed: 25
2025-09-11 21:07:12,917 [DEBUG] Truck: Time:<236.66665784966256> Truck:[CLTruck7] Arrived at NorthPitMine-DumpSite2 at 236.66665784966256
2025-09-11 21:07:12,918 [INFO] Truck: Time:<236.8662907832496> Truck:[XHTruck17] Finish loading at shovel NorthPitMine-LoadSite5-Shovel-1
2025-09-11 21:07:12,918 [DEBUG] Truck: Time:<236.8662907832496> Truck:[XHTruck17] Start moving to ORDER(0): NorthPitMine-DumpSite1, move distance is 7.7376380311247726, speed: 25
2025-09-11 21:07:12,918 [INFO] Truck: Time:<231> Truck:[XHTruck17] breakdown for 7.237312855734588 minutes at 231
2025-09-11 21:07:12,919 [INFO] Truck: Time:<236.8662907832496> Truck:[CLTruck19] Start loading at shovel NorthPitMine-LoadSite5-Shovel-1, load time is 2.5836614173228347
2025-09-11 21:07:12,919 [INFO] Truck: Time:<236.88115948571178> Truck:[CLTruck26] Finish unloading at dumper NorthPitMine-DumpSite2-点位0, dumper tons is 2458.7353309429823
2025-09-11 21:07:12,920 [DEBUG] Truck: Time:<236.88115948571178> Truck:[CLTruck26] Start moving to ORDER(2):NorthPitMine-LoadSite3, move distance is 3.41, speed: 25
2025-09-11 21:07:12,920 [INFO] Truck: Time:<237.302667279292> Truck:[CLTruck11] Arrived at NorthPitMine-LoadSite4 at 237.302667279292
2025-09-11 21:07:12,920 [INFO] Truck: Time:<237.57666062657745> Truck:[CLTruck4] Finish loading at shovel NorthPitMine-LoadSite3-Shovel-1
2025-09-11 21:07:12,925 [DEBUG] Truck: Time:<237.57666062657745> Truck:[CLTruck4] Start moving to ORDER(4): NorthPitMine-DumpSite5, move distance is 2.4175308338093857, speed: 25
2025-09-11 21:07:12,925 [INFO] Truck: Time:<230> Truck:[CLTruck4] breakdown for 11.494778200199221 minutes at 230
2025-09-11 21:07:12,925 [INFO] Truck: Time:<237.57666062657745> Truck:[XHTruck18] Start loading at shovel NorthPitMine-LoadSite3-Shovel-1, load time is 4.060039370078741
2025-09-11 21:07:12,926 [INFO] Truck: Time:<237.66665784966256> Truck:[CLTruck7] Finish unloading at dumper NorthPitMine-DumpSite2-点位1, dumper tons is 944.0638092964356
2025-09-11 21:07:12,926 [DEBUG] Truck: Time:<237.66665784966256> Truck:[CLTruck7] Start moving to ORDER(2):NorthPitMine-LoadSite3, move distance is 3.41, speed: 25
2025-09-11 21:07:12,926 [INFO] Truck: Time:<237.73915677213955> Truck:[OfficalTruck5] Arrived at NorthPitMine-LoadSite5 at 237.73915677213955
2025-09-11 21:07:12,929 [DEBUG] Truck: Time:<238.42700280216326> Truck:[CLTruck18] Arrived at NorthPitMine-DumpSite2 at 238.42700280216326
2025-09-11 21:07:12,929 [INFO] Truck: Time:<238.75733333333335> Truck:[XHTruck20] Finish loading at shovel NorthPitMine-LoadSite4-Shovel-2
2025-09-11 21:07:12,930 [DEBUG] Truck: Time:<238.75733333333335> Truck:[XHTruck20] Start moving to ORDER(1): NorthPitMine-DumpSite2, move distance is 1.17, speed: 25
2025-09-11 21:07:12,930 [INFO] Truck: Time:<233> Truck:[XHTruck20] breakdown for 8.887241587332745 minutes at 233
2025-09-11 21:07:12,930 [INFO] Truck: Time:<238.75733333333335> Truck:[XHTruck28] Start loading at shovel NorthPitMine-LoadSite4-Shovel-2, load time is 24.444444444444443
2025-09-11 21:07:12,930 [DEBUG] Truck: Time:<238.82556631127716> Truck:[OfficalTruck1] Arrived at NorthPitMine-DumpSite1 at 238.82556631127716
2025-09-11 21:07:12,932 [INFO] Truck: Time:<239.09155555555554> Truck:[XHTruck8] Finish loading at shovel NorthPitMine-LoadSite3-Shovel-3
2025-09-11 21:07:12,932 [INFO] Truck: Time:<239.09155555555554> Shovel NorthPitMine-LoadSite3-Shovel-3 under maintenance for 47.13 minutes
2025-09-11 21:07:12,932 [INFO] Truck: Time:<239.42700280216326> Truck:[CLTruck18] Finish unloading at dumper NorthPitMine-DumpSite2-点位0, dumper tons is 2493.056884419028
2025-09-11 21:07:12,934 [INFO] Road: [RoadEvent] Road from NorthPitMine-DumpSite2 to NorthPitMine-LoadSite3 is in repair，the repair will last for 54.63 mins, and will end at 294.06, vehicle on this road will have to suffer punish_distance.
2025-09-11 21:07:12,934 [DEBUG] Truck: Time:<239.42700280216326> Truck:[CLTruck18] Start moving to ORDER(2):NorthPitMine-LoadSite3, move distance is 4.270816338076601, speed: 25
2025-09-11 21:07:12,934 [INFO] Truck: Time:<239.44995220057245> Truck:[CLTruck19] Finish loading at shovel NorthPitMine-LoadSite5-Shovel-1
2025-09-11 21:07:12,935 [DEBUG] Truck: Time:<239.44995220057245> Truck:[CLTruck19] Start moving to ORDER(0): NorthPitMine-DumpSite1, move distance is 7.539378779219503, speed: 25
2025-09-11 21:07:12,935 [INFO] Truck: Time:<226> Truck:[CLTruck19] breakdown for 2.889112243816971 minutes at 226
2025-09-11 21:07:12,935 [INFO] Truck: Time:<239.44995220057245> Truck:[OfficalTruck2] Start loading at shovel NorthPitMine-LoadSite5-Shovel-1, load time is 5.684055118110236
2025-09-11 21:07:12,935 [INFO] Truck: Time:<239.63333007935927> Truck:[XHTruck16] Finish loading at shovel NorthPitMine-LoadSite4-Shovel-3
2025-09-11 21:07:12,935 [DEBUG] Truck: Time:<239.63333007935927> Truck:[XHTruck16] Start moving to ORDER(1): NorthPitMine-DumpSite2, move distance is 1.17, speed: 25
2025-09-11 21:07:12,935 [INFO] Truck: Time:<203> Truck:[XHTruck16] breakdown for 10.844656821783436 minutes at 203
2025-09-11 21:07:12,937 [INFO] Truck: Time:<239.63333007935927> Truck:[XHTruck26] Start loading at shovel NorthPitMine-LoadSite4-Shovel-3, load time is 24.444444444444443
2025-09-11 21:07:12,937 [INFO] Truck: Time:<239.63516908960133> Truck:[XHTruck2] Finish loading at shovel NorthPitMine-LoadSite4-Shovel-1
2025-09-11 21:07:12,938 [DEBUG] Truck: Time:<239.63516908960133> Truck:[XHTruck2] Start moving to ORDER(1): NorthPitMine-DumpSite2, move distance is 1.17, speed: 25
2025-09-11 21:07:12,938 [INFO] Truck: Time:<234> Truck:[XHTruck2] breakdown for 11.37315556451085 minutes at 234
2025-09-11 21:07:12,938 [INFO] Truck: Time:<239.63516908960133> Truck:[CLTruck11] Start loading at shovel NorthPitMine-LoadSite4-Shovel-1, load time is 2.5836614173228347
2025-09-11 21:07:12,938 [INFO] Truck: Time:<239.82556631127716> Truck:[OfficalTruck1] Finish unloading at dumper NorthPitMine-DumpSite1-点位0, dumper tons is 1236.1442733190852
2025-09-11 21:07:12,939 [DEBUG] Truck: Time:<239.82556631127716> Truck:[OfficalTruck1] Start moving to ORDER(2):NorthPitMine-LoadSite3, move distance is 4.070989154990785, speed: 25
2025-09-11 21:07:12,939 [INFO] NorthPitMine: simulation finished with dispatcher ShortestTripDispatcher
2025-09-11 21:07:13,646 [INFO] NorthPitMine: simulation started with dispatcher PPODispatcher
