2025-09-11 21:15:34,046 [INFO] NorthPitMine: simulation started with dispatcher ShortestTripDispatcher
2025-09-11 21:15:34,046 [INFO] Truck: Time:<0> Truck:[OfficalTruck1] Activated at 0, Target load site is ORDER(4):NorthPitMine-LoadSite5, move distance is 2.1
2025-09-11 21:15:34,046 [INFO] Truck: Time:<0> Truck:[OfficalTruck2] Activated at 0, Target load site is ORDER(4):NorthPitMine-LoadSite5, move distance is 2.1
2025-09-11 21:15:34,046 [INFO] Truck: Time:<0> Truck:[OfficalTruck3] Activated at 0, Target load site is ORDER(4):NorthPitMine-LoadSite5, move distance is 2.1
2025-09-11 21:15:34,049 [INFO] Truck: Time:<0> Truck:[OfficalTruck4] Activated at 0, Target load site is ORDER(4):NorthPitMine-LoadSite5, move distance is 2.1
2025-09-11 21:15:34,049 [INFO] Truck: Time:<0> Truck:[OfficalTruck5] Activated at 0, Target load site is ORDER(4):NorthPitMine-LoadSite5, move distance is 2.1
2025-09-11 21:15:34,050 [INFO] Truck: Time:<0> Truck:[OfficalTruck6] Activated at 0, Target load site is ORDER(4):NorthPitMine-LoadSite5, move distance is 2.1
2025-09-11 21:15:34,050 [INFO] Truck: Time:<0> Truck:[OfficalTruck7] Activated at 0, Target load site is ORDER(2):NorthPitMine-LoadSite3, move distance is 3.14
2025-09-11 21:15:34,050 [INFO] Truck: Time:<0> Truck:[OfficalTruck8] Activated at 0, Target load site is ORDER(2):NorthPitMine-LoadSite3, move distance is 3.14
2025-09-11 21:15:34,051 [INFO] Truck: Time:<0> Truck:[OfficalTruck9] Activated at 0, Target load site is ORDER(2):NorthPitMine-LoadSite3, move distance is 3.14
2025-09-11 21:15:34,051 [INFO] Truck: Time:<0> Truck:[CLTruck1] Activated at 0, Target load site is ORDER(3):NorthPitMine-LoadSite4, move distance is 2.26
2025-09-11 21:15:34,052 [INFO] Truck: Time:<0> Truck:[CLTruck2] Activated at 0, Target load site is ORDER(3):NorthPitMine-LoadSite4, move distance is 2.26
2025-09-11 21:15:34,052 [INFO] Truck: Time:<0> Truck:[CLTruck3] Activated at 0, Target load site is ORDER(3):NorthPitMine-LoadSite4, move distance is 2.26
2025-09-11 21:15:34,053 [INFO] Truck: Time:<0> Truck:[CLTruck4] Activated at 0, Target load site is ORDER(3):NorthPitMine-LoadSite4, move distance is 2.26
2025-09-11 21:15:34,053 [INFO] Truck: Time:<0> Truck:[CLTruck5] Activated at 0, Target load site is ORDER(3):NorthPitMine-LoadSite4, move distance is 2.26
2025-09-11 21:15:34,053 [INFO] Truck: Time:<0> Truck:[CLTruck6] Activated at 0, Target load site is ORDER(3):NorthPitMine-LoadSite4, move distance is 2.26
2025-09-11 21:15:34,054 [INFO] Truck: Time:<0> Truck:[CLTruck7] Activated at 0, Target load site is ORDER(3):NorthPitMine-LoadSite4, move distance is 2.26
2025-09-11 21:15:34,054 [INFO] Truck: Time:<0> Truck:[CLTruck8] Activated at 0, Target load site is ORDER(1):NorthPitMine-LoadSite2, move distance is 4.3
2025-09-11 21:15:34,054 [INFO] Truck: Time:<0> Truck:[CLTruck9] Activated at 0, Target load site is ORDER(1):NorthPitMine-LoadSite2, move distance is 4.3
2025-09-11 21:15:34,054 [INFO] Truck: Time:<0> Truck:[CLTruck10] Activated at 0, Target load site is ORDER(1):NorthPitMine-LoadSite2, move distance is 4.3
2025-09-11 21:15:34,054 [INFO] Truck: Time:<0> Truck:[CLTruck11] Activated at 0, Target load site is ORDER(1):NorthPitMine-LoadSite2, move distance is 4.3
2025-09-11 21:15:34,054 [INFO] Truck: Time:<0> Truck:[CLTruck12] Activated at 0, Target load site is ORDER(1):NorthPitMine-LoadSite2, move distance is 4.3
2025-09-11 21:15:34,054 [INFO] Truck: Time:<0> Truck:[CLTruck13] Activated at 0, Target load site is ORDER(1):NorthPitMine-LoadSite2, move distance is 4.3
2025-09-11 21:15:34,054 [INFO] Truck: Time:<0> Truck:[CLTruck14] Activated at 0, Target load site is ORDER(1):NorthPitMine-LoadSite2, move distance is 4.3
2025-09-11 21:15:34,054 [INFO] Truck: Time:<0> Truck:[CLTruck15] Activated at 0, Target load site is ORDER(2):NorthPitMine-LoadSite3, move distance is 3.14
2025-09-11 21:15:34,054 [INFO] Truck: Time:<0> Truck:[CLTruck16] Activated at 0, Target load site is ORDER(1):NorthPitMine-LoadSite2, move distance is 4.3
2025-09-11 21:15:34,054 [INFO] Truck: Time:<0> Truck:[CLTruck17] Activated at 0, Target load site is ORDER(3):NorthPitMine-LoadSite4, move distance is 2.26
2025-09-11 21:15:34,054 [INFO] Truck: Time:<0> Truck:[CLTruck18] Activated at 0, Target load site is ORDER(4):NorthPitMine-LoadSite5, move distance is 2.1
2025-09-11 21:15:34,058 [INFO] Truck: Time:<0> Truck:[CLTruck19] Activated at 0, Target load site is ORDER(1):NorthPitMine-LoadSite2, move distance is 4.3
2025-09-11 21:15:34,058 [INFO] Truck: Time:<0> Truck:[CLTruck20] Activated at 0, Target load site is ORDER(3):NorthPitMine-LoadSite4, move distance is 2.26
2025-09-11 21:15:34,059 [INFO] Truck: Time:<0> Truck:[CLTruck21] Activated at 0, Target load site is ORDER(2):NorthPitMine-LoadSite3, move distance is 3.14
2025-09-11 21:15:34,059 [INFO] Truck: Time:<0> Truck:[CLTruck22] Activated at 0, Target load site is ORDER(4):NorthPitMine-LoadSite5, move distance is 2.1
2025-09-11 21:15:34,059 [INFO] Truck: Time:<0> Truck:[CLTruck23] Activated at 0, Target load site is ORDER(1):NorthPitMine-LoadSite2, move distance is 4.3
2025-09-11 21:15:34,060 [INFO] Truck: Time:<0> Truck:[CLTruck24] Activated at 0, Target load site is ORDER(3):NorthPitMine-LoadSite4, move distance is 2.26
2025-09-11 21:15:34,060 [INFO] Truck: Time:<0> Truck:[CLTruck25] Activated at 0, Target load site is ORDER(4):NorthPitMine-LoadSite5, move distance is 2.1
2025-09-11 21:15:34,061 [INFO] Truck: Time:<0> Truck:[CLTruck26] Activated at 0, Target load site is ORDER(2):NorthPitMine-LoadSite3, move distance is 3.14
2025-09-11 21:15:34,061 [INFO] Truck: Time:<0> Truck:[CLTruck27] Activated at 0, Target load site is ORDER(0):LoadSite1, move distance is 3.0
2025-09-11 21:15:34,062 [INFO] Truck: Time:<0> Truck:[CLTruck28] Activated at 0, Target load site is ORDER(0):LoadSite1, move distance is 3.0
2025-09-11 21:15:34,062 [INFO] Truck: Time:<0> Truck:[CLTruck29] Activated at 0, Target load site is ORDER(0):LoadSite1, move distance is 3.0
2025-09-11 21:15:34,062 [INFO] Truck: Time:<0> Truck:[XHTruck1] Activated at 0, Target load site is ORDER(4):NorthPitMine-LoadSite5, move distance is 2.1
2025-09-11 21:15:34,063 [INFO] Truck: Time:<0> Truck:[XHTruck2] Activated at 0, Target load site is ORDER(4):NorthPitMine-LoadSite5, move distance is 2.1
2025-09-11 21:15:34,063 [INFO] Truck: Time:<0> Truck:[XHTruck3] Activated at 0, Target load site is ORDER(1):NorthPitMine-LoadSite2, move distance is 4.3
2025-09-11 21:15:34,063 [INFO] Truck: Time:<0> Truck:[XHTruck4] Activated at 0, Target load site is ORDER(3):NorthPitMine-LoadSite4, move distance is 2.26
2025-09-11 21:15:34,064 [INFO] Truck: Time:<0> Truck:[XHTruck5] Activated at 0, Target load site is ORDER(2):NorthPitMine-LoadSite3, move distance is 3.14
2025-09-11 21:15:34,064 [INFO] Truck: Time:<0> Truck:[XHTruck6] Activated at 0, Target load site is ORDER(4):NorthPitMine-LoadSite5, move distance is 2.1
2025-09-11 21:15:34,065 [INFO] Truck: Time:<0> Truck:[XHTruck7] Activated at 0, Target load site is ORDER(1):NorthPitMine-LoadSite2, move distance is 4.3
2025-09-11 21:15:34,065 [INFO] Truck: Time:<0> Truck:[XHTruck8] Activated at 0, Target load site is ORDER(3):NorthPitMine-LoadSite4, move distance is 2.26
2025-09-11 21:15:34,066 [INFO] Truck: Time:<0> Truck:[XHTruck9] Activated at 0, Target load site is ORDER(2):NorthPitMine-LoadSite3, move distance is 3.14
2025-09-11 21:15:34,066 [INFO] Truck: Time:<0> Truck:[XHTruck10] Activated at 0, Target load site is ORDER(4):NorthPitMine-LoadSite5, move distance is 2.1
2025-09-11 21:15:34,066 [INFO] Truck: Time:<0> Truck:[XHTruck11] Activated at 0, Target load site is ORDER(1):NorthPitMine-LoadSite2, move distance is 4.3
2025-09-11 21:15:34,066 [INFO] Truck: Time:<0> Truck:[XHTruck12] Activated at 0, Target load site is ORDER(3):NorthPitMine-LoadSite4, move distance is 2.26
2025-09-11 21:15:34,067 [INFO] Truck: Time:<0> Truck:[XHTruck13] Activated at 0, Target load site is ORDER(4):NorthPitMine-LoadSite5, move distance is 2.1
2025-09-11 21:15:34,067 [INFO] Truck: Time:<0> Truck:[XHTruck14] Activated at 0, Target load site is ORDER(0):LoadSite1, move distance is 3.0
2025-09-11 21:15:34,068 [INFO] Truck: Time:<0> Truck:[XHTruck15] Activated at 0, Target load site is ORDER(2):NorthPitMine-LoadSite3, move distance is 3.14
2025-09-11 21:15:34,069 [INFO] Truck: Time:<0> Truck:[XHTruck16] Activated at 0, Target load site is ORDER(1):NorthPitMine-LoadSite2, move distance is 4.3
2025-09-11 21:15:34,069 [INFO] Truck: Time:<0> Truck:[XHTruck17] Activated at 0, Target load site is ORDER(3):NorthPitMine-LoadSite4, move distance is 2.26
2025-09-11 21:15:34,070 [INFO] Truck: Time:<0> Truck:[XHTruck18] Activated at 0, Target load site is ORDER(4):NorthPitMine-LoadSite5, move distance is 2.1
2025-09-11 21:15:34,070 [INFO] Truck: Time:<0> Truck:[XHTruck19] Activated at 0, Target load site is ORDER(2):NorthPitMine-LoadSite3, move distance is 3.14
2025-09-11 21:15:34,070 [INFO] Truck: Time:<0> Truck:[XHTruck20] Activated at 0, Target load site is ORDER(4):NorthPitMine-LoadSite5, move distance is 2.1
2025-09-11 21:15:34,071 [INFO] Truck: Time:<0> Truck:[XHTruck21] Activated at 0, Target load site is ORDER(1):NorthPitMine-LoadSite2, move distance is 4.3
2025-09-11 21:15:34,071 [INFO] Truck: Time:<0> Truck:[XHTruck22] Activated at 0, Target load site is ORDER(3):NorthPitMine-LoadSite4, move distance is 2.26
2025-09-11 21:15:34,072 [INFO] Truck: Time:<0> Truck:[XHTruck23] Activated at 0, Target load site is ORDER(0):LoadSite1, move distance is 3.0
2025-09-11 21:15:34,072 [INFO] Truck: Time:<0> Truck:[XHTruck24] Activated at 0, Target load site is ORDER(4):NorthPitMine-LoadSite5, move distance is 2.1
2025-09-11 21:15:34,072 [INFO] Truck: Time:<0> Truck:[XHTruck25] Activated at 0, Target load site is ORDER(1):NorthPitMine-LoadSite2, move distance is 4.3
2025-09-11 21:15:34,072 [INFO] Truck: Time:<0> Truck:[XHTruck26] Activated at 0, Target load site is ORDER(3):NorthPitMine-LoadSite4, move distance is 2.26
2025-09-11 21:15:34,074 [INFO] Truck: Time:<0> Truck:[XHTruck27] Activated at 0, Target load site is ORDER(2):NorthPitMine-LoadSite3, move distance is 3.14
2025-09-11 21:15:34,074 [INFO] Truck: Time:<0> Truck:[XHTruck28] Activated at 0, Target load site is ORDER(4):NorthPitMine-LoadSite5, move distance is 2.1
2025-09-11 21:15:34,075 [INFO] Truck: Time:<0> Truck:[XHTruck29] Activated at 0, Target load site is ORDER(1):NorthPitMine-LoadSite2, move distance is 4.3
2025-09-11 21:15:34,075 [INFO] Truck: Time:<0> Truck:[XHTruck30] Activated at 0, Target load site is ORDER(3):NorthPitMine-LoadSite4, move distance is 2.26
2025-09-11 21:15:34,075 [INFO] Truck: Time:<0> Truck:[XHTruck31] Activated at 0, Target load site is ORDER(2):NorthPitMine-LoadSite3, move distance is 3.14
2025-09-11 21:15:34,076 [INFO] Truck: Time:<0> Truck:[XHTruck32] Activated at 0, Target load site is ORDER(4):NorthPitMine-LoadSite5, move distance is 2.1
2025-09-11 21:15:34,076 [INFO] Truck: Time:<0> Truck:[XHTruck33] Activated at 0, Target load site is ORDER(0):LoadSite1, move distance is 3.0
2025-09-11 21:15:34,090 [INFO] Truck: Time:<5.04> Truck:[OfficalTruck1] Arrived at NorthPitMine-LoadSite5 at 5.04
2025-09-11 21:15:34,091 [INFO] Truck: Time:<5.04> Truck:[OfficalTruck2] Arrived at NorthPitMine-LoadSite5 at 5.04
2025-09-11 21:15:34,091 [INFO] Truck: Time:<5.04> Truck:[OfficalTruck3] Arrived at NorthPitMine-LoadSite5 at 5.04
2025-09-11 21:15:34,092 [INFO] Truck: Time:<5.04> Truck:[OfficalTruck4] Arrived at NorthPitMine-LoadSite5 at 5.04
2025-09-11 21:15:34,092 [INFO] Truck: Time:<5.04> Truck:[OfficalTruck5] Arrived at NorthPitMine-LoadSite5 at 5.04
2025-09-11 21:15:34,092 [INFO] Truck: Time:<5.04> Truck:[OfficalTruck6] Arrived at NorthPitMine-LoadSite5 at 5.04
2025-09-11 21:15:34,092 [INFO] Truck: Time:<5.04> Truck:[CLTruck18] Arrived at NorthPitMine-LoadSite5 at 5.04
2025-09-11 21:15:34,093 [INFO] Truck: Time:<5.04> Truck:[CLTruck22] Arrived at NorthPitMine-LoadSite5 at 5.04
2025-09-11 21:15:34,093 [INFO] Truck: Time:<5.04> Truck:[CLTruck25] Arrived at NorthPitMine-LoadSite5 at 5.04
2025-09-11 21:15:34,093 [INFO] Truck: Time:<5.04> Truck:[XHTruck1] Arrived at NorthPitMine-LoadSite5 at 5.04
2025-09-11 21:15:34,093 [INFO] Truck: Time:<5.04> Truck:[XHTruck2] Arrived at NorthPitMine-LoadSite5 at 5.04
2025-09-11 21:15:34,094 [INFO] Truck: Time:<5.04> Truck:[XHTruck6] Arrived at NorthPitMine-LoadSite5 at 5.04
2025-09-11 21:15:34,094 [INFO] Truck: Time:<5.04> Truck:[XHTruck10] Arrived at NorthPitMine-LoadSite5 at 5.04
2025-09-11 21:15:34,094 [INFO] Truck: Time:<5.04> Truck:[XHTruck13] Arrived at NorthPitMine-LoadSite5 at 5.04
2025-09-11 21:15:34,095 [INFO] Truck: Time:<5.04> Truck:[XHTruck18] Arrived at NorthPitMine-LoadSite5 at 5.04
2025-09-11 21:15:34,095 [INFO] Truck: Time:<5.04> Truck:[XHTruck20] Arrived at NorthPitMine-LoadSite5 at 5.04
2025-09-11 21:15:34,095 [INFO] Truck: Time:<5.04> Truck:[XHTruck24] Arrived at NorthPitMine-LoadSite5 at 5.04
2025-09-11 21:15:34,095 [INFO] Truck: Time:<5.04> Truck:[XHTruck28] Arrived at NorthPitMine-LoadSite5 at 5.04
2025-09-11 21:15:34,095 [INFO] Truck: Time:<5.04> Truck:[XHTruck32] Arrived at NorthPitMine-LoadSite5 at 5.04
2025-09-11 21:15:34,095 [INFO] Truck: Time:<5.04> Truck:[OfficalTruck1] Start loading at shovel NorthPitMine-LoadSite5-Shovel-1, load time is 5.684055118110236
2025-09-11 21:15:34,096 [INFO] Truck: Time:<5.04> Truck:[OfficalTruck2] Start loading at shovel NorthPitMine-LoadSite5-Shovel-2, load time is 5.684055118110236
2025-09-11 21:15:34,096 [INFO] Truck: Time:<5.4239999999999995> Truck:[CLTruck1] Arrived at NorthPitMine-LoadSite4 at 5.4239999999999995
2025-09-11 21:15:34,096 [INFO] Truck: Time:<5.4239999999999995> Truck:[CLTruck2] Arrived at NorthPitMine-LoadSite4 at 5.4239999999999995
2025-09-11 21:15:34,096 [INFO] Truck: Time:<5.4239999999999995> Truck:[CLTruck3] Arrived at NorthPitMine-LoadSite4 at 5.4239999999999995
2025-09-11 21:15:34,096 [INFO] Truck: Time:<5.4239999999999995> Truck:[CLTruck4] Arrived at NorthPitMine-LoadSite4 at 5.4239999999999995
2025-09-11 21:15:34,096 [INFO] Truck: Time:<5.4239999999999995> Truck:[CLTruck5] Arrived at NorthPitMine-LoadSite4 at 5.4239999999999995
2025-09-11 21:15:34,096 [INFO] Truck: Time:<5.4239999999999995> Truck:[CLTruck6] Arrived at NorthPitMine-LoadSite4 at 5.4239999999999995
2025-09-11 21:15:34,096 [INFO] Truck: Time:<5.4239999999999995> Truck:[CLTruck7] Arrived at NorthPitMine-LoadSite4 at 5.4239999999999995
2025-09-11 21:15:34,096 [INFO] Truck: Time:<5.4239999999999995> Truck:[CLTruck17] Arrived at NorthPitMine-LoadSite4 at 5.4239999999999995
2025-09-11 21:15:34,098 [INFO] Truck: Time:<5.4239999999999995> Truck:[CLTruck20] Arrived at NorthPitMine-LoadSite4 at 5.4239999999999995
2025-09-11 21:15:34,098 [INFO] Truck: Time:<5.4239999999999995> Truck:[CLTruck24] Arrived at NorthPitMine-LoadSite4 at 5.4239999999999995
2025-09-11 21:15:34,098 [INFO] Truck: Time:<5.4239999999999995> Truck:[XHTruck4] Arrived at NorthPitMine-LoadSite4 at 5.4239999999999995
2025-09-11 21:15:34,099 [INFO] Truck: Time:<5.4239999999999995> Truck:[XHTruck8] Arrived at NorthPitMine-LoadSite4 at 5.4239999999999995
2025-09-11 21:15:34,099 [INFO] Truck: Time:<5.4239999999999995> Truck:[XHTruck12] Arrived at NorthPitMine-LoadSite4 at 5.4239999999999995
2025-09-11 21:15:34,099 [INFO] Truck: Time:<5.4239999999999995> Truck:[XHTruck17] Arrived at NorthPitMine-LoadSite4 at 5.4239999999999995
2025-09-11 21:15:34,099 [INFO] Truck: Time:<5.4239999999999995> Truck:[XHTruck22] Arrived at NorthPitMine-LoadSite4 at 5.4239999999999995
2025-09-11 21:15:34,099 [INFO] Truck: Time:<5.4239999999999995> Truck:[XHTruck26] Arrived at NorthPitMine-LoadSite4 at 5.4239999999999995
2025-09-11 21:15:34,100 [INFO] Truck: Time:<5.4239999999999995> Truck:[XHTruck30] Arrived at NorthPitMine-LoadSite4 at 5.4239999999999995
2025-09-11 21:15:34,100 [INFO] Truck: Time:<5.4239999999999995> Truck:[CLTruck1] Start loading at shovel NorthPitMine-LoadSite4-Shovel-1, load time is 2.5836614173228347
2025-09-11 21:15:34,100 [INFO] Truck: Time:<5.4239999999999995> Truck:[CLTruck2] Start loading at shovel NorthPitMine-LoadSite4-Shovel-2, load time is 15.555555555555555
2025-09-11 21:15:34,100 [INFO] Truck: Time:<5.4239999999999995> Truck:[CLTruck3] Start loading at shovel NorthPitMine-LoadSite4-Shovel-3, load time is 15.555555555555555
2025-09-11 21:15:34,100 [INFO] Truck: Time:<5.4239999999999995> Truck:[CLTruck4] Start loading at shovel NorthPitMine-LoadSite4-Shovel-4, load time is 15.555555555555555
2025-09-11 21:15:34,101 [INFO] Truck: Time:<5.4239999999999995> Truck:[CLTruck5] Start loading at shovel NorthPitMine-LoadSite4-Shovel-5, load time is 15.555555555555555
2025-09-11 21:15:34,105 [INFO] Truck: Time:<7.199999999999999> Truck:[CLTruck27] Arrived at LoadSite1 at 7.199999999999999
2025-09-11 21:15:34,105 [INFO] Truck: Time:<7.199999999999999> Truck:[CLTruck28] Arrived at LoadSite1 at 7.199999999999999
2025-09-11 21:15:34,106 [INFO] Truck: Time:<7.199999999999999> Truck:[CLTruck29] Arrived at LoadSite1 at 7.199999999999999
2025-09-11 21:15:34,107 [INFO] Truck: Time:<7.199999999999999> Truck:[XHTruck14] Arrived at LoadSite1 at 7.199999999999999
2025-09-11 21:15:34,107 [INFO] Truck: Time:<7.199999999999999> Truck:[XHTruck23] Arrived at LoadSite1 at 7.199999999999999
2025-09-11 21:15:34,107 [INFO] Truck: Time:<7.199999999999999> Truck:[XHTruck33] Arrived at LoadSite1 at 7.199999999999999
2025-09-11 21:15:34,107 [INFO] Truck: Time:<7.199999999999999> Truck:[CLTruck27] Start loading at shovel LoadSite1-Shovel-1, load time is 15.555555555555555
2025-09-11 21:15:34,107 [INFO] Truck: Time:<7.199999999999999> Truck:[CLTruck28] Start loading at shovel LoadSite1-Shovel-2, load time is 15.555555555555555
2025-09-11 21:15:34,107 [INFO] Truck: Time:<7.199999999999999> Truck:[CLTruck29] Start loading at shovel LoadSite1-Shovel-3, load time is 15.555555555555555
2025-09-11 21:15:34,107 [INFO] Truck: Time:<7.199999999999999> Truck:[XHTruck14] Start loading at shovel LoadSite1-Shovel-4, load time is 24.444444444444443
2025-09-11 21:15:34,107 [INFO] Truck: Time:<7.199999999999999> Truck:[XHTruck23] Start loading at shovel LoadSite1-Shovel-5, load time is 24.444444444444443
2025-09-11 21:15:34,107 [INFO] Truck: Time:<7.536000000000001> Truck:[OfficalTruck7] Arrived at NorthPitMine-LoadSite3 at 7.536000000000001
2025-09-11 21:15:34,107 [INFO] Truck: Time:<7.536000000000001> Truck:[OfficalTruck8] Arrived at NorthPitMine-LoadSite3 at 7.536000000000001
2025-09-11 21:15:34,107 [INFO] Truck: Time:<7.536000000000001> Truck:[OfficalTruck9] Arrived at NorthPitMine-LoadSite3 at 7.536000000000001
2025-09-11 21:15:34,107 [INFO] Truck: Time:<7.536000000000001> Truck:[CLTruck15] Arrived at NorthPitMine-LoadSite3 at 7.536000000000001
2025-09-11 21:15:34,107 [INFO] Truck: Time:<7.536000000000001> Truck:[CLTruck21] Arrived at NorthPitMine-LoadSite3 at 7.536000000000001
2025-09-11 21:15:34,110 [INFO] Truck: Time:<7.536000000000001> Truck:[CLTruck26] Arrived at NorthPitMine-LoadSite3 at 7.536000000000001
2025-09-11 21:15:34,110 [INFO] Truck: Time:<7.536000000000001> Truck:[XHTruck5] Arrived at NorthPitMine-LoadSite3 at 7.536000000000001
2025-09-11 21:15:34,110 [INFO] Truck: Time:<7.536000000000001> Truck:[XHTruck9] Arrived at NorthPitMine-LoadSite3 at 7.536000000000001
2025-09-11 21:15:34,110 [INFO] Truck: Time:<7.536000000000001> Truck:[XHTruck15] Arrived at NorthPitMine-LoadSite3 at 7.536000000000001
2025-09-11 21:15:34,111 [INFO] Truck: Time:<7.536000000000001> Truck:[XHTruck19] Arrived at NorthPitMine-LoadSite3 at 7.536000000000001
2025-09-11 21:15:34,111 [INFO] Truck: Time:<7.536000000000001> Truck:[XHTruck27] Arrived at NorthPitMine-LoadSite3 at 7.536000000000001
2025-09-11 21:15:34,111 [INFO] Truck: Time:<7.536000000000001> Truck:[XHTruck31] Arrived at NorthPitMine-LoadSite3 at 7.536000000000001
2025-09-11 21:15:34,111 [INFO] Truck: Time:<7.536000000000001> Truck:[OfficalTruck7] Start loading at shovel NorthPitMine-LoadSite3-Shovel-1, load time is 5.684055118110236
2025-09-11 21:15:34,111 [INFO] Truck: Time:<7.536000000000001> Truck:[OfficalTruck8] Start loading at shovel NorthPitMine-LoadSite3-Shovel-2, load time is 34.22222222222222
2025-09-11 21:15:34,111 [INFO] Truck: Time:<7.536000000000001> Truck:[OfficalTruck9] Start loading at shovel NorthPitMine-LoadSite3-Shovel-3, load time is 34.22222222222222
2025-09-11 21:15:34,114 [INFO] Truck: Time:<8.007661417322835> Truck:[CLTruck1] Finish loading at shovel NorthPitMine-LoadSite4-Shovel-1
2025-09-11 21:15:34,115 [DEBUG] Truck: Time:<8.007661417322835> Truck:[CLTruck1] Start moving to ORDER(1): NorthPitMine-DumpSite2, move distance is 1.17, speed: 25
2025-09-11 21:15:34,115 [INFO] Truck: Time:<8.007661417322835> Truck:[CLTruck6] Start loading at shovel NorthPitMine-LoadSite4-Shovel-1, load time is 2.5836614173228347
2025-09-11 21:15:34,116 [INFO] Truck: Time:<10.319999999999999> Truck:[CLTruck8] Arrived at NorthPitMine-LoadSite2 at 10.319999999999999
2025-09-11 21:15:34,116 [INFO] Truck: Time:<10.319999999999999> Truck:[CLTruck9] Arrived at NorthPitMine-LoadSite2 at 10.319999999999999
2025-09-11 21:15:34,116 [INFO] Truck: Time:<10.319999999999999> Truck:[CLTruck10] Arrived at NorthPitMine-LoadSite2 at 10.319999999999999
2025-09-11 21:15:34,118 [INFO] Truck: Time:<10.319999999999999> Truck:[CLTruck11] Arrived at NorthPitMine-LoadSite2 at 10.319999999999999
2025-09-11 21:15:34,118 [INFO] Truck: Time:<10.319999999999999> Truck:[CLTruck12] Arrived at NorthPitMine-LoadSite2 at 10.319999999999999
2025-09-11 21:15:34,118 [INFO] Truck: Time:<10.319999999999999> Truck:[CLTruck13] Arrived at NorthPitMine-LoadSite2 at 10.319999999999999
2025-09-11 21:15:34,118 [INFO] Truck: Time:<10.319999999999999> Truck:[CLTruck14] Arrived at NorthPitMine-LoadSite2 at 10.319999999999999
2025-09-11 21:15:34,118 [INFO] Truck: Time:<10.319999999999999> Truck:[CLTruck16] Arrived at NorthPitMine-LoadSite2 at 10.319999999999999
2025-09-11 21:15:34,118 [INFO] Truck: Time:<10.319999999999999> Truck:[CLTruck19] Arrived at NorthPitMine-LoadSite2 at 10.319999999999999
2025-09-11 21:15:34,119 [INFO] Truck: Time:<10.319999999999999> Truck:[CLTruck23] Arrived at NorthPitMine-LoadSite2 at 10.319999999999999
2025-09-11 21:15:34,119 [INFO] Truck: Time:<10.319999999999999> Truck:[XHTruck3] Arrived at NorthPitMine-LoadSite2 at 10.319999999999999
2025-09-11 21:15:34,119 [INFO] Truck: Time:<10.319999999999999> Truck:[XHTruck7] Arrived at NorthPitMine-LoadSite2 at 10.319999999999999
2025-09-11 21:15:34,119 [INFO] Truck: Time:<10.319999999999999> Truck:[XHTruck11] Arrived at NorthPitMine-LoadSite2 at 10.319999999999999
2025-09-11 21:15:34,119 [INFO] Truck: Time:<10.319999999999999> Truck:[XHTruck16] Arrived at NorthPitMine-LoadSite2 at 10.319999999999999
2025-09-11 21:15:34,119 [INFO] Truck: Time:<10.319999999999999> Truck:[XHTruck21] Arrived at NorthPitMine-LoadSite2 at 10.319999999999999
2025-09-11 21:15:34,119 [INFO] Truck: Time:<10.319999999999999> Truck:[XHTruck25] Arrived at NorthPitMine-LoadSite2 at 10.319999999999999
2025-09-11 21:15:34,119 [INFO] Truck: Time:<10.319999999999999> Truck:[XHTruck29] Arrived at NorthPitMine-LoadSite2 at 10.319999999999999
2025-09-11 21:15:34,120 [INFO] Truck: Time:<10.319999999999999> Truck:[CLTruck8] Start loading at shovel NorthPitMine-LoadSite2-Shovel-1, load time is 2.5836614173228347
2025-09-11 21:15:34,120 [INFO] Truck: Time:<10.319999999999999> Truck:[CLTruck9] Start loading at shovel NorthPitMine-LoadSite2-Shovel-2, load time is 15.555555555555555
2025-09-11 21:15:34,120 [INFO] Truck: Time:<10.319999999999999> Truck:[CLTruck10] Start loading at shovel NorthPitMine-LoadSite2-Shovel-3, load time is 15.555555555555555
2025-09-11 21:15:34,120 [INFO] Truck: Time:<10.319999999999999> Truck:[CLTruck11] Start loading at shovel NorthPitMine-LoadSite2-Shovel-4, load time is 15.555555555555555
2025-09-11 21:15:34,120 [INFO] Truck: Time:<10.319999999999999> Truck:[CLTruck12] Start loading at shovel NorthPitMine-LoadSite2-Shovel-5, load time is 15.555555555555555
2025-09-11 21:15:34,120 [INFO] Truck: Time:<10.59132283464567> Truck:[CLTruck6] Finish loading at shovel NorthPitMine-LoadSite4-Shovel-1
2025-09-11 21:15:34,120 [DEBUG] Truck: Time:<10.59132283464567> Truck:[CLTruck6] Start moving to ORDER(1): NorthPitMine-DumpSite2, move distance is 1.17, speed: 25
2025-09-11 21:15:34,121 [INFO] Truck: Time:<10.59132283464567> Truck:[XHTruck4] Start loading at shovel NorthPitMine-LoadSite4-Shovel-1, load time is 4.060039370078741
2025-09-11 21:15:34,121 [INFO] Truck: Time:<10.724055118110236> Truck:[OfficalTruck1] Finish loading at shovel NorthPitMine-LoadSite5-Shovel-1
2025-09-11 21:15:34,121 [INFO] Truck: Time:<10.724055118110236> Truck:[OfficalTruck2] Finish loading at shovel NorthPitMine-LoadSite5-Shovel-2
2025-09-11 21:15:34,121 [DEBUG] Truck: Time:<10.724055118110236> Truck:[OfficalTruck1] Start moving to ORDER(0): NorthPitMine-DumpSite1, move distance is 5.15, speed: 25
2025-09-11 21:15:34,122 [DEBUG] Truck: Time:<10.724055118110236> Truck:[OfficalTruck2] Start moving to ORDER(0): NorthPitMine-DumpSite1, move distance is 5.15, speed: 25
2025-09-11 21:15:34,122 [INFO] Truck: Time:<10.724055118110236> Truck:[OfficalTruck3] Start loading at shovel NorthPitMine-LoadSite5-Shovel-1, load time is 5.684055118110236
2025-09-11 21:15:34,122 [INFO] Truck: Time:<10.724055118110236> Truck:[OfficalTruck4] Start loading at shovel NorthPitMine-LoadSite5-Shovel-2, load time is 5.684055118110236
2025-09-11 21:15:34,122 [DEBUG] Truck: Time:<10.815661417322834> Truck:[CLTruck1] Arrived at NorthPitMine-DumpSite2 at 10.815661417322834
2025-09-11 21:15:34,123 [INFO] Truck: Time:<11.815661417322834> Truck:[CLTruck1] Finish unloading at dumper NorthPitMine-DumpSite2-点位0, dumper tons is 32.99600762836234
2025-09-11 21:15:34,125 [DEBUG] Truck: Time:<11.815661417322834> Truck:[CLTruck1] Start moving to ORDER(2):NorthPitMine-LoadSite3, move distance is 3.41, speed: 25
2025-09-11 21:15:34,125 [INFO] Truck: Time:<12.903661417322834> Truck:[CLTruck8] Finish loading at shovel NorthPitMine-LoadSite2-Shovel-1
2025-09-11 21:15:34,125 [DEBUG] Truck: Time:<12.903661417322834> Truck:[CLTruck8] Start moving to ORDER(4): NorthPitMine-DumpSite5, move distance is 3.18, speed: 25
2025-09-11 21:15:34,125 [INFO] Truck: Time:<12.903661417322834> Truck:[CLTruck13] Start loading at shovel NorthPitMine-LoadSite2-Shovel-1, load time is 2.5836614173228347
2025-09-11 21:15:34,129 [INFO] Truck: Time:<13.220055118110238> Truck:[OfficalTruck7] Finish loading at shovel NorthPitMine-LoadSite3-Shovel-1
2025-09-11 21:15:34,130 [DEBUG] Truck: Time:<13.220055118110238> Truck:[OfficalTruck7] Start moving to ORDER(4): NorthPitMine-DumpSite5, move distance is 1.86, speed: 25
2025-09-11 21:15:34,130 [INFO] Truck: Time:<13> Truck:[OfficalTruck7] breakdown for 9.038843730139135 minutes at 13
2025-09-11 21:15:34,130 [INFO] Truck: Time:<13.220055118110238> Truck:[CLTruck15] Start loading at shovel NorthPitMine-LoadSite3-Shovel-1, load time is 2.5836614173228347
2025-09-11 21:15:34,130 [DEBUG] Truck: Time:<13.39932283464567> Truck:[CLTruck6] Arrived at NorthPitMine-DumpSite2 at 13.39932283464567
2025-09-11 21:15:34,131 [INFO] Truck: Time:<14.39932283464567> Truck:[CLTruck6] Finish unloading at dumper NorthPitMine-DumpSite2-点位0, dumper tons is 67.47376723766368
2025-09-11 21:15:34,131 [DEBUG] Truck: Time:<14.39932283464567> Truck:[CLTruck6] Start moving to ORDER(2):NorthPitMine-LoadSite3, move distance is 3.41, speed: 25
2025-09-11 21:15:34,132 [INFO] Truck: Time:<14.65136220472441> Truck:[XHTruck4] Finish loading at shovel NorthPitMine-LoadSite4-Shovel-1
2025-09-11 21:15:34,132 [DEBUG] Truck: Time:<14.65136220472441> Truck:[XHTruck4] Start moving to ORDER(1): NorthPitMine-DumpSite2, move distance is 1.17, speed: 25
2025-09-11 21:15:34,132 [INFO] Truck: Time:<9> Truck:[XHTruck4] breakdown for 13.20468464961422 minutes at 9
2025-09-11 21:15:34,132 [INFO] Truck: Time:<14.65136220472441> Truck:[XHTruck26] Start loading at shovel NorthPitMine-LoadSite4-Shovel-1, load time is 4.060039370078741
2025-09-11 21:15:34,134 [INFO] Truck: Time:<15.487322834645669> Truck:[CLTruck13] Finish loading at shovel NorthPitMine-LoadSite2-Shovel-1
2025-09-11 21:15:34,134 [DEBUG] Truck: Time:<15.487322834645669> Truck:[CLTruck13] Start moving to ORDER(4): NorthPitMine-DumpSite5, move distance is 3.18, speed: 25
2025-09-11 21:15:34,134 [INFO] Truck: Time:<15.487322834645669> Truck:[XHTruck3] Start loading at shovel NorthPitMine-LoadSite2-Shovel-1, load time is 4.060039370078741
2025-09-11 21:15:34,135 [INFO] Truck: Time:<15.803716535433074> Truck:[CLTruck15] Finish loading at shovel NorthPitMine-LoadSite3-Shovel-1
2025-09-11 21:15:34,135 [INFO] Road: [RoadEvent] Road from NorthPitMine-LoadSite3 to NorthPitMine-DumpSite5 is in repair，the repair will last for 40.30 mins, and will end at 56.11, vehicle on this road will have to suffer punish_distance.
2025-09-11 21:15:34,135 [DEBUG] Truck: Time:<15.803716535433074> Truck:[CLTruck15] Start moving to ORDER(4): NorthPitMine-DumpSite5, move distance is 2.4388325381725067, speed: 25
2025-09-11 21:15:34,135 [INFO] Truck: Time:<15.803716535433074> Truck:[XHTruck5] Start loading at shovel NorthPitMine-LoadSite3-Shovel-1, load time is 4.060039370078741
2025-09-11 21:15:34,137 [INFO] Truck: Time:<16.408110236220473> Truck:[OfficalTruck3] Finish loading at shovel NorthPitMine-LoadSite5-Shovel-1
2025-09-11 21:15:34,138 [INFO] Truck: Time:<16.408110236220473> Truck:[OfficalTruck4] Finish loading at shovel NorthPitMine-LoadSite5-Shovel-2
2025-09-11 21:15:34,138 [DEBUG] Truck: Time:<16.408110236220473> Truck:[OfficalTruck3] Start moving to ORDER(0): NorthPitMine-DumpSite1, move distance is 5.15, speed: 25
2025-09-11 21:15:34,138 [DEBUG] Truck: Time:<16.408110236220473> Truck:[OfficalTruck4] Start moving to ORDER(0): NorthPitMine-DumpSite1, move distance is 5.15, speed: 25
2025-09-11 21:15:34,139 [INFO] Truck: Time:<16.408110236220473> Truck:[OfficalTruck5] Start loading at shovel NorthPitMine-LoadSite5-Shovel-1, load time is 5.684055118110236
2025-09-11 21:15:34,139 [INFO] Truck: Time:<16.408110236220473> Truck:[OfficalTruck6] Start loading at shovel NorthPitMine-LoadSite5-Shovel-2, load time is 5.684055118110236
2025-09-11 21:15:34,141 [INFO] Truck: Time:<18.71140157480315> Truck:[XHTruck26] Finish loading at shovel NorthPitMine-LoadSite4-Shovel-1
2025-09-11 21:15:34,142 [DEBUG] Truck: Time:<18.71140157480315> Truck:[XHTruck26] Start moving to ORDER(1): NorthPitMine-DumpSite2, move distance is 1.17, speed: 25
2025-09-11 21:15:34,143 [INFO] Truck: Time:<19.547362204724408> Truck:[XHTruck3] Finish loading at shovel NorthPitMine-LoadSite2-Shovel-1
2025-09-11 21:15:34,143 [DEBUG] Truck: Time:<19.547362204724408> Truck:[XHTruck3] Start moving to ORDER(4): NorthPitMine-DumpSite5, move distance is 3.18, speed: 25
2025-09-11 21:15:34,143 [INFO] Truck: Time:<19.547362204724408> Truck:[XHTruck25] Start loading at shovel NorthPitMine-LoadSite2-Shovel-1, load time is 4.060039370078741
2025-09-11 21:15:34,143 [INFO] Truck: Time:<19.863755905511816> Truck:[XHTruck5] Finish loading at shovel NorthPitMine-LoadSite3-Shovel-1
2025-09-11 21:15:34,146 [DEBUG] Truck: Time:<19.863755905511816> Truck:[XHTruck5] Start moving to ORDER(4): NorthPitMine-DumpSite5, move distance is 2.4768471633031446, speed: 25
2025-09-11 21:15:34,146 [INFO] Truck: Time:<15> Truck:[XHTruck5] breakdown for 12.104098026324204 minutes at 15
2025-09-11 21:15:34,146 [INFO] Truck: Time:<19.863755905511816> Truck:[XHTruck19] Start loading at shovel NorthPitMine-LoadSite3-Shovel-1, load time is 4.060039370078741
2025-09-11 21:15:34,147 [INFO] Truck: Time:<19.999661417322834> Truck:[CLTruck1] Arrived at NorthPitMine-LoadSite3 at 19.999661417322834
2025-09-11 21:15:34,148 [DEBUG] Truck: Time:<20.535661417322835> Truck:[CLTruck8] Arrived at NorthPitMine-DumpSite5 at 20.535661417322835
2025-09-11 21:15:34,148 [INFO] Truck: Time:<20.979555555555557> Truck:[CLTruck2] Finish loading at shovel NorthPitMine-LoadSite4-Shovel-2
2025-09-11 21:15:34,148 [INFO] Truck: Time:<20.979555555555557> Truck:[CLTruck3] Finish loading at shovel NorthPitMine-LoadSite4-Shovel-3
2025-09-11 21:15:34,148 [INFO] Truck: Time:<20.979555555555557> Truck:[CLTruck4] Finish loading at shovel NorthPitMine-LoadSite4-Shovel-4
2025-09-11 21:15:34,149 [INFO] Truck: Time:<20.979555555555557> Truck:[CLTruck5] Finish loading at shovel NorthPitMine-LoadSite4-Shovel-5
2025-09-11 21:15:34,149 [DEBUG] Truck: Time:<20.979555555555557> Truck:[CLTruck2] Start moving to ORDER(1): NorthPitMine-DumpSite2, move distance is 1.17, speed: 25
2025-09-11 21:15:34,149 [INFO] Road: [RoadEvent] Road from NorthPitMine-LoadSite4 to NorthPitMine-DumpSite2 is in repair，the repair will last for 41.25 mins, and will end at 62.23, vehicle on this road will have to suffer punish_distance.
2025-09-11 21:15:34,150 [DEBUG] Truck: Time:<20.979555555555557> Truck:[CLTruck3] Start moving to ORDER(1): NorthPitMine-DumpSite2, move distance is 1.595372214405967, speed: 25
2025-09-11 21:15:34,150 [INFO] Truck: Time:<13> Truck:[CLTruck3] breakdown for 9.610267750049138 minutes at 13
2025-09-11 21:15:34,150 [DEBUG] Truck: Time:<20.979555555555557> Truck:[CLTruck4] Start moving to ORDER(1): NorthPitMine-DumpSite2, move distance is 1.6264320575624287, speed: 25
2025-09-11 21:15:34,151 [INFO] Truck: Time:<13> Truck:[CLTruck4] breakdown for 12.841762888672854 minutes at 13
2025-09-11 21:15:34,151 [DEBUG] Truck: Time:<20.979555555555557> Truck:[CLTruck5] Start moving to ORDER(1): NorthPitMine-DumpSite2, move distance is 1.5941622763968397, speed: 25
2025-09-11 21:15:34,151 [INFO] Truck: Time:<20.979555555555557> Truck:[CLTruck7] Start loading at shovel NorthPitMine-LoadSite4-Shovel-2, load time is 15.555555555555555
2025-09-11 21:15:34,152 [INFO] Truck: Time:<20.979555555555557> Truck:[CLTruck17] Start loading at shovel NorthPitMine-LoadSite4-Shovel-3, load time is 15.555555555555555
2025-09-11 21:15:34,152 [INFO] Truck: Time:<20.979555555555557> Truck:[CLTruck20] Start loading at shovel NorthPitMine-LoadSite4-Shovel-4, load time is 15.555555555555555
2025-09-11 21:15:34,152 [INFO] Truck: Time:<20.979555555555557> Truck:[CLTruck24] Start loading at shovel NorthPitMine-LoadSite4-Shovel-5, load time is 15.555555555555555
2025-09-11 21:15:34,153 [DEBUG] Truck: Time:<21.51940157480315> Truck:[XHTruck26] Arrived at NorthPitMine-DumpSite2 at 21.51940157480315
2025-09-11 21:15:34,153 [INFO] Truck: Time:<21.535661417322835> Truck:[CLTruck8] Finish unloading at dumper NorthPitMine-DumpSite5-点位0, dumper tons is 36.2473856587036
2025-09-11 21:15:34,154 [DEBUG] Truck: Time:<21.535661417322835> Truck:[CLTruck8] Start moving to ORDER(3):NorthPitMine-LoadSite4, move distance is 5.34, speed: 25
2025-09-11 21:15:34,154 [INFO] Truck: Time:<20> Truck:[CLTruck8] breakdown for 11.461294715585316 minutes at 20
2025-09-11 21:15:34,154 [DEBUG] Truck: Time:<21.65691462704709> Truck:[CLTruck15] Arrived at NorthPitMine-DumpSite5 at 21.65691462704709
2025-09-11 21:15:34,154 [INFO] Truck: Time:<22.09216535433071> Truck:[OfficalTruck5] Finish loading at shovel NorthPitMine-LoadSite5-Shovel-1
2025-09-11 21:15:34,154 [INFO] Truck: Time:<22.09216535433071> Truck:[OfficalTruck6] Finish loading at shovel NorthPitMine-LoadSite5-Shovel-2
2025-09-11 21:15:34,157 [DEBUG] Truck: Time:<22.09216535433071> Truck:[OfficalTruck5] Start moving to ORDER(0): NorthPitMine-DumpSite1, move distance is 5.15, speed: 25
2025-09-11 21:15:34,157 [INFO] Truck: Time:<18> Truck:[OfficalTruck5] breakdown for 13.050330075606158 minutes at 18
2025-09-11 21:15:34,158 [DEBUG] Truck: Time:<22.09216535433071> Truck:[OfficalTruck6] Start moving to ORDER(0): NorthPitMine-DumpSite1, move distance is 5.15, speed: 25
2025-09-11 21:15:34,158 [INFO] Truck: Time:<22.09216535433071> Truck:[CLTruck18] Start loading at shovel NorthPitMine-LoadSite5-Shovel-1, load time is 2.5836614173228347
2025-09-11 21:15:34,158 [INFO] Truck: Time:<22.09216535433071> Truck:[CLTruck22] Start loading at shovel NorthPitMine-LoadSite5-Shovel-2, load time is 2.5836614173228347
2025-09-11 21:15:34,159 [INFO] Truck: Time:<22.51940157480315> Truck:[XHTruck26] Finish unloading at dumper NorthPitMine-DumpSite2-点位0, dumper tons is 120.17101799671408
2025-09-11 21:15:34,159 [DEBUG] Truck: Time:<22.51940157480315> Truck:[XHTruck26] Start moving to ORDER(2):NorthPitMine-LoadSite3, move distance is 3.41, speed: 25
2025-09-11 21:15:34,159 [INFO] Truck: Time:<22.58332283464567> Truck:[CLTruck6] Arrived at NorthPitMine-LoadSite3 at 22.58332283464567
2025-09-11 21:15:34,159 [INFO] Truck: Time:<22.65691462704709> Truck:[CLTruck15] Finish unloading at dumper NorthPitMine-DumpSite5-点位0, dumper tons is 73.19620150525279
2025-09-11 21:15:34,160 [DEBUG] Truck: Time:<22.65691462704709> Truck:[CLTruck15] Start moving to ORDER(3):NorthPitMine-LoadSite4, move distance is 5.34, speed: 25
2025-09-11 21:15:34,160 [INFO] Truck: Time:<22.755555555555553> Truck:[CLTruck27] Finish loading at shovel LoadSite1-Shovel-1
2025-09-11 21:15:34,160 [INFO] Truck: Time:<22.755555555555553> Truck:[CLTruck28] Finish loading at shovel LoadSite1-Shovel-2
2025-09-11 21:15:34,161 [INFO] Truck: Time:<22.755555555555553> Truck:[CLTruck29] Finish loading at shovel LoadSite1-Shovel-3
2025-09-11 21:15:34,161 [DEBUG] Truck: Time:<22.755555555555553> Truck:[CLTruck27] Start moving to ORDER(4): NorthPitMine-DumpSite5, move distance is 3.26, speed: 25
2025-09-11 21:15:34,161 [INFO] Truck: Time:<22> Truck:[CLTruck27] breakdown for 11.373788245232602 minutes at 22
2025-09-11 21:15:34,162 [DEBUG] Truck: Time:<22.755555555555553> Truck:[CLTruck28] Start moving to ORDER(4): NorthPitMine-DumpSite5, move distance is 3.26, speed: 25
2025-09-11 21:15:34,163 [DEBUG] Truck: Time:<22.755555555555553> Truck:[CLTruck29] Start moving to ORDER(4): NorthPitMine-DumpSite5, move distance is 3.26, speed: 25
2025-09-11 21:15:34,163 [INFO] Truck: Time:<22.755555555555553> Truck:[XHTruck33] Start loading at shovel LoadSite1-Shovel-1, load time is 24.444444444444443
2025-09-11 21:15:34,163 [DEBUG] Truck: Time:<23.084055118110236> Truck:[OfficalTruck1] Arrived at NorthPitMine-DumpSite1 at 23.084055118110236
2025-09-11 21:15:34,163 [DEBUG] Truck: Time:<23.084055118110236> Truck:[OfficalTruck2] Arrived at NorthPitMine-DumpSite1 at 23.084055118110236
2025-09-11 21:15:34,163 [DEBUG] Truck: Time:<23.11932283464567> Truck:[CLTruck13] Arrived at NorthPitMine-DumpSite5 at 23.11932283464567
2025-09-11 21:15:34,163 [INFO] Truck: Time:<23.60740157480315> Truck:[XHTruck25] Finish loading at shovel NorthPitMine-LoadSite2-Shovel-1
2025-09-11 21:15:34,166 [DEBUG] Truck: Time:<23.60740157480315> Truck:[XHTruck25] Start moving to ORDER(4): NorthPitMine-DumpSite5, move distance is 3.18, speed: 25
2025-09-11 21:15:34,166 [INFO] Truck: Time:<11> Truck:[XHTruck25] breakdown for 13.19527041804201 minutes at 11
2025-09-11 21:15:34,166 [DEBUG] Truck: Time:<23.787555555555556> Truck:[CLTruck2] Arrived at NorthPitMine-DumpSite2 at 23.787555555555556
2025-09-11 21:15:34,166 [INFO] Truck: Time:<23.923795275590557> Truck:[XHTruck19] Finish loading at shovel NorthPitMine-LoadSite3-Shovel-1
2025-09-11 21:15:34,167 [DEBUG] Truck: Time:<23.923795275590557> Truck:[XHTruck19] Start moving to ORDER(4): NorthPitMine-DumpSite5, move distance is 2.9732229795222356, speed: 25
2025-09-11 21:15:34,167 [INFO] Truck: Time:<9> Truck:[XHTruck19] breakdown for 10.834269797718628 minutes at 9
2025-09-11 21:15:34,167 [INFO] Truck: Time:<23.923795275590557> Truck:[CLTruck1] Start loading at shovel NorthPitMine-LoadSite3-Shovel-1, load time is 2.5836614173228347
2025-09-11 21:15:34,170 [INFO] Truck: Time:<24.084055118110236> Truck:[OfficalTruck1] Finish unloading at dumper NorthPitMine-DumpSite1-点位0, dumper tons is 74.21695664977639
2025-09-11 21:15:34,170 [INFO] Truck: Time:<24.084055118110236> Truck:[OfficalTruck2] Finish unloading at dumper NorthPitMine-DumpSite1-点位1, dumper tons is 78.95432257570374
2025-09-11 21:15:34,170 [DEBUG] Truck: Time:<24.084055118110236> Truck:[OfficalTruck1] Start moving to ORDER(2):NorthPitMine-LoadSite3, move distance is 2.98, speed: 25
2025-09-11 21:15:34,170 [DEBUG] Truck: Time:<24.084055118110236> Truck:[OfficalTruck2] Start moving to ORDER(2):NorthPitMine-LoadSite3, move distance is 2.98, speed: 25
2025-09-11 21:15:34,170 [INFO] Truck: Time:<19> Truck:[OfficalTruck2] breakdown for 10.088513224876554 minutes at 19
2025-09-11 21:15:34,170 [INFO] Truck: Time:<24.11932283464567> Truck:[CLTruck13] Finish unloading at dumper NorthPitMine-DumpSite5-点位0, dumper tons is 110.37167568997612
2025-09-11 21:15:34,170 [DEBUG] Truck: Time:<24.11932283464567> Truck:[CLTruck13] Start moving to ORDER(3):NorthPitMine-LoadSite4, move distance is 5.34, speed: 25
2025-09-11 21:15:34,170 [INFO] Truck: Time:<18> Truck:[CLTruck13] breakdown for 9.155723445462337 minutes at 18
2025-09-11 21:15:34,170 [INFO] Truck: Time:<24.675826771653544> Truck:[CLTruck18] Finish loading at shovel NorthPitMine-LoadSite5-Shovel-1
2025-09-11 21:15:34,170 [INFO] Truck: Time:<24.675826771653544> Truck:[CLTruck22] Finish loading at shovel NorthPitMine-LoadSite5-Shovel-2
2025-09-11 21:15:34,170 [DEBUG] Truck: Time:<24.675826771653544> Truck:[CLTruck18] Start moving to ORDER(0): NorthPitMine-DumpSite1, move distance is 5.15, speed: 25
2025-09-11 21:15:34,173 [INFO] Truck: Time:<12> Truck:[CLTruck18] breakdown for 10.366738358272602 minutes at 12
2025-09-11 21:15:34,173 [DEBUG] Truck: Time:<24.675826771653544> Truck:[CLTruck22] Start moving to ORDER(0): NorthPitMine-DumpSite1, move distance is 5.15, speed: 25
2025-09-11 21:15:34,173 [INFO] Truck: Time:<12> Truck:[CLTruck22] breakdown for 13.699880224386451 minutes at 12
2025-09-11 21:15:34,173 [INFO] Truck: Time:<24.675826771653544> Truck:[CLTruck25] Start loading at shovel NorthPitMine-LoadSite5-Shovel-1, load time is 2.5836614173228347
2025-09-11 21:15:34,174 [INFO] Truck: Time:<24.675826771653544> Truck:[XHTruck1] Start loading at shovel NorthPitMine-LoadSite5-Shovel-2, load time is 4.060039370078741
2025-09-11 21:15:34,174 [INFO] Truck: Time:<24.787555555555556> Truck:[CLTruck2] Finish unloading at dumper NorthPitMine-DumpSite2-点位0, dumper tons is 154.47302832348686
2025-09-11 21:15:34,174 [DEBUG] Truck: Time:<24.787555555555556> Truck:[CLTruck2] Start moving to ORDER(2):NorthPitMine-LoadSite3, move distance is 3.41, speed: 25
2025-09-11 21:15:34,174 [INFO] Truck: Time:<24> Truck:[CLTruck2] breakdown for 8.96512710020273 minutes at 24
2025-09-11 21:15:34,175 [DEBUG] Truck: Time:<24.80554501890797> Truck:[CLTruck5] Arrived at NorthPitMine-DumpSite2 at 24.80554501890797
2025-09-11 21:15:34,176 [INFO] Truck: Time:<25.80554501890797> Truck:[CLTruck5] Finish unloading at dumper NorthPitMine-DumpSite2-点位0, dumper tons is 190.79519930137482
2025-09-11 21:15:34,176 [DEBUG] Truck: Time:<25.80554501890797> Truck:[CLTruck5] Start moving to ORDER(2):NorthPitMine-LoadSite3, move distance is 3.41, speed: 25
2025-09-11 21:15:34,176 [INFO] Truck: Time:<25.875555555555554> Truck:[CLTruck9] Finish loading at shovel NorthPitMine-LoadSite2-Shovel-2
2025-09-11 21:15:34,177 [INFO] Truck: Time:<25.875555555555554> Truck:[CLTruck10] Finish loading at shovel NorthPitMine-LoadSite2-Shovel-3
2025-09-11 21:15:34,177 [INFO] Truck: Time:<25.875555555555554> Truck:[CLTruck11] Finish loading at shovel NorthPitMine-LoadSite2-Shovel-4
2025-09-11 21:15:34,177 [INFO] Truck: Time:<25.875555555555554> Truck:[CLTruck12] Finish loading at shovel NorthPitMine-LoadSite2-Shovel-5
2025-09-11 21:15:34,178 [DEBUG] Truck: Time:<25.875555555555554> Truck:[CLTruck9] Start moving to ORDER(4): NorthPitMine-DumpSite5, move distance is 3.18, speed: 25
2025-09-11 21:15:34,178 [DEBUG] Truck: Time:<25.875555555555554> Truck:[CLTruck10] Start moving to ORDER(4): NorthPitMine-DumpSite5, move distance is 3.18, speed: 25
2025-09-11 21:15:34,178 [INFO] Truck: Time:<5> Truck:[CLTruck10] breakdown for 13.923284342086234 minutes at 5
2025-09-11 21:15:34,179 [DEBUG] Truck: Time:<25.875555555555554> Truck:[CLTruck11] Start moving to ORDER(4): NorthPitMine-DumpSite5, move distance is 3.18, speed: 25
2025-09-11 21:15:34,179 [INFO] Truck: Time:<10> Truck:[CLTruck11] breakdown for 8.636186671016848 minutes at 10
2025-09-11 21:15:34,179 [DEBUG] Truck: Time:<25.875555555555554> Truck:[CLTruck12] Start moving to ORDER(4): NorthPitMine-DumpSite5, move distance is 3.18, speed: 25
2025-09-11 21:15:34,179 [INFO] Truck: Time:<25.875555555555554> Truck:[CLTruck14] Start loading at shovel NorthPitMine-LoadSite2-Shovel-2, load time is 15.555555555555555
2025-09-11 21:15:34,179 [INFO] Truck: Time:<25.875555555555554> Truck:[CLTruck16] Start loading at shovel NorthPitMine-LoadSite2-Shovel-3, load time is 15.555555555555555
2025-09-11 21:15:34,179 [INFO] Truck: Time:<25.875555555555554> Truck:[CLTruck19] Start loading at shovel NorthPitMine-LoadSite2-Shovel-4, load time is 15.555555555555555
2025-09-11 21:15:34,181 [INFO] Truck: Time:<25.875555555555554> Truck:[CLTruck23] Start loading at shovel NorthPitMine-LoadSite2-Shovel-5, load time is 15.555555555555555
2025-09-11 21:15:34,181 [INFO] Truck: Time:<26.50745669291339> Truck:[CLTruck1] Finish loading at shovel NorthPitMine-LoadSite3-Shovel-1
2025-09-11 21:15:34,183 [DEBUG] Truck: Time:<26.50745669291339> Truck:[CLTruck1] Start moving to ORDER(4): NorthPitMine-DumpSite5, move distance is 2.4514663319373664, speed: 25
2025-09-11 21:15:34,183 [INFO] Truck: Time:<19> Truck:[CLTruck1] breakdown for 8.094056925204015 minutes at 19
2025-09-11 21:15:34,183 [INFO] Truck: Time:<26.50745669291339> Truck:[CLTruck6] Start loading at shovel NorthPitMine-LoadSite3-Shovel-1, load time is 2.5836614173228347
2025-09-11 21:15:34,183 [DEBUG] Truck: Time:<26.722898848249372> Truck:[OfficalTruck7] Arrived at NorthPitMine-DumpSite5 at 26.722898848249372
2025-09-11 21:15:34,186 [DEBUG] Truck: Time:<27.17936220472441> Truck:[XHTruck3] Arrived at NorthPitMine-DumpSite5 at 27.17936220472441
2025-09-11 21:15:34,186 [INFO] Truck: Time:<27.259488188976377> Truck:[CLTruck25] Finish loading at shovel NorthPitMine-LoadSite5-Shovel-1
2025-09-11 21:15:34,187 [DEBUG] Truck: Time:<27.259488188976377> Truck:[CLTruck25] Start moving to ORDER(0): NorthPitMine-DumpSite1, move distance is 5.15, speed: 25
2025-09-11 21:15:34,187 [INFO] Truck: Time:<27> Truck:[CLTruck25] breakdown for 6.962885202153675 minutes at 27
2025-09-11 21:15:34,187 [INFO] Truck: Time:<27.259488188976377> Truck:[XHTruck2] Start loading at shovel NorthPitMine-LoadSite5-Shovel-1, load time is 4.060039370078741
2025-09-11 21:15:34,187 [INFO] Truck: Time:<27.722898848249372> Truck:[OfficalTruck7] Finish unloading at dumper NorthPitMine-DumpSite5-点位0, dumper tons is 187.71827279300555
2025-09-11 21:15:34,187 [DEBUG] Truck: Time:<27.722898848249372> Truck:[OfficalTruck7] Start moving to ORDER(3):NorthPitMine-LoadSite4, move distance is 5.34, speed: 25
2025-09-11 21:15:34,189 [INFO] Truck: Time:<28.17936220472441> Truck:[XHTruck3] Finish unloading at dumper NorthPitMine-DumpSite5-点位1, dumper tons is 53.74776179708334
2025-09-11 21:15:34,189 [DEBUG] Truck: Time:<28.17936220472441> Truck:[XHTruck3] Start moving to ORDER(3):NorthPitMine-LoadSite4, move distance is 5.34, speed: 25
2025-09-11 21:15:34,190 [INFO] Truck: Time:<28.735866141732284> Truck:[XHTruck1] Finish loading at shovel NorthPitMine-LoadSite5-Shovel-2
2025-09-11 21:15:34,191 [INFO] Road: [RoadEvent] Road from NorthPitMine-LoadSite5 to NorthPitMine-DumpSite1 is in repair，the repair will last for 67.36 mins, and will end at 96.10, vehicle on this road will have to suffer punish_distance.
2025-09-11 21:15:34,191 [DEBUG] Truck: Time:<28.735866141732284> Truck:[XHTruck1] Start moving to ORDER(0): NorthPitMine-DumpSite1, move distance is 7.463959883561467, speed: 25
2025-09-11 21:15:34,191 [INFO] Truck: Time:<25> Truck:[XHTruck1] breakdown for 11.512191762304717 minutes at 25
2025-09-11 21:15:34,191 [INFO] Truck: Time:<28.735866141732284> Truck:[XHTruck6] Start loading at shovel NorthPitMine-LoadSite5-Shovel-2, load time is 4.060039370078741
2025-09-11 21:15:34,191 [DEBUG] Truck: Time:<28.768110236220473> Truck:[OfficalTruck3] Arrived at NorthPitMine-DumpSite1 at 28.768110236220473
2025-09-11 21:15:34,191 [DEBUG] Truck: Time:<28.768110236220473> Truck:[OfficalTruck4] Arrived at NorthPitMine-DumpSite1 at 28.768110236220473
2025-09-11 21:15:34,193 [INFO] Truck: Time:<29.091118110236224> Truck:[CLTruck6] Finish loading at shovel NorthPitMine-LoadSite3-Shovel-1
2025-09-11 21:15:34,193 [DEBUG] Truck: Time:<29.091118110236224> Truck:[CLTruck6] Start moving to ORDER(4): NorthPitMine-DumpSite5, move distance is 2.6019428795463972, speed: 25
2025-09-11 21:15:34,193 [INFO] Truck: Time:<29.768110236220473> Truck:[OfficalTruck3] Finish unloading at dumper NorthPitMine-DumpSite1-点位0, dumper tons is 156.28164299635264
2025-09-11 21:15:34,193 [INFO] Truck: Time:<29.768110236220473> Truck:[OfficalTruck4] Finish unloading at dumper NorthPitMine-DumpSite1-点位1, dumper tons is 157.67317099150455
2025-09-11 21:15:34,194 [DEBUG] Truck: Time:<29.768110236220473> Truck:[OfficalTruck3] Start moving to ORDER(2):NorthPitMine-LoadSite3, move distance is 2.98, speed: 25
2025-09-11 21:15:34,194 [INFO] Truck: Time:<23> Truck:[OfficalTruck3] breakdown for 14.766535548291532 minutes at 23
2025-09-11 21:15:34,195 [DEBUG] Truck: Time:<29.768110236220473> Truck:[OfficalTruck4] Start moving to ORDER(2):NorthPitMine-LoadSite3, move distance is 2.98, speed: 25
2025-09-11 21:15:34,195 [INFO] Truck: Time:<28> Truck:[OfficalTruck4] breakdown for 13.892161974585125 minutes at 28
2025-09-11 21:15:34,196 [DEBUG] Truck: Time:<30.57955555555555> Truck:[CLTruck28] Arrived at NorthPitMine-DumpSite5 at 30.57955555555555
2025-09-11 21:15:34,196 [DEBUG] Truck: Time:<30.57955555555555> Truck:[CLTruck29] Arrived at NorthPitMine-DumpSite5 at 30.57955555555555
2025-09-11 21:15:34,196 [DEBUG] Truck: Time:<30.66404685433863> Truck:[XHTruck4] Arrived at NorthPitMine-DumpSite2 at 30.66404685433863
2025-09-11 21:15:34,196 [INFO] Truck: Time:<30.703401574803152> Truck:[XHTruck26] Arrived at NorthPitMine-LoadSite3 at 30.703401574803152
2025-09-11 21:15:34,197 [INFO] Truck: Time:<30.703401574803152> Truck:[XHTruck26] Start loading at shovel NorthPitMine-LoadSite3-Shovel-1, load time is 4.060039370078741
2025-09-11 21:15:34,199 [INFO] Truck: Time:<31.236055118110237> Truck:[OfficalTruck1] Arrived at NorthPitMine-LoadSite3 at 31.236055118110237
2025-09-11 21:15:34,199 [INFO] Truck: Time:<31.319527559055118> Truck:[XHTruck2] Finish loading at shovel NorthPitMine-LoadSite5-Shovel-1
2025-09-11 21:15:34,199 [DEBUG] Truck: Time:<31.319527559055118> Truck:[XHTruck2] Start moving to ORDER(0): NorthPitMine-DumpSite1, move distance is 6.643702559423246, speed: 25
2025-09-11 21:15:34,199 [INFO] Truck: Time:<26> Truck:[XHTruck2] breakdown for 11.519467087677128 minutes at 26
2025-09-11 21:15:34,199 [INFO] Truck: Time:<31.319527559055118> Truck:[XHTruck10] Start loading at shovel NorthPitMine-LoadSite5-Shovel-1, load time is 4.060039370078741
2025-09-11 21:15:34,199 [INFO] Truck: Time:<31.57955555555555> Truck:[CLTruck28] Finish unloading at dumper NorthPitMine-DumpSite5-点位0, dumper tons is 223.710148263024
2025-09-11 21:15:34,199 [INFO] Truck: Time:<31.57955555555555> Truck:[CLTruck29] Finish unloading at dumper NorthPitMine-DumpSite5-点位1, dumper tons is 88.03939048758264
2025-09-11 21:15:34,200 [INFO] Road: [RoadEvent] Road from NorthPitMine-DumpSite5 to NorthPitMine-LoadSite4 is in repair，the repair will last for 58.03 mins, and will end at 89.61, vehicle on this road will have to suffer punish_distance.
2025-09-11 21:15:34,200 [DEBUG] Truck: Time:<31.57955555555555> Truck:[CLTruck28] Start moving to ORDER(3):NorthPitMine-LoadSite4, move distance is 6.49167665991556, speed: 25
2025-09-11 21:15:34,200 [INFO] Truck: Time:<27> Truck:[CLTruck28] breakdown for 10.25200084089314 minutes at 27
2025-09-11 21:15:34,201 [DEBUG] Truck: Time:<31.57955555555555> Truck:[CLTruck29] Start moving to ORDER(3):NorthPitMine-LoadSite4, move distance is 7.5938734397374095, speed: 25
2025-09-11 21:15:34,201 [INFO] Truck: Time:<23> Truck:[CLTruck29] breakdown for 10.253603512949393 minutes at 23
2025-09-11 21:15:34,202 [INFO] Truck: Time:<31.644444444444442> Truck:[XHTruck14] Finish loading at shovel LoadSite1-Shovel-4
2025-09-11 21:15:34,202 [INFO] Truck: Time:<31.644444444444442> Truck:[XHTruck23] Finish loading at shovel LoadSite1-Shovel-5
2025-09-11 21:15:34,202 [DEBUG] Truck: Time:<31.644444444444442> Truck:[XHTruck14] Start moving to ORDER(4): NorthPitMine-DumpSite5, move distance is 3.26, speed: 25
2025-09-11 21:15:34,202 [INFO] Truck: Time:<9> Truck:[XHTruck14] breakdown for 10.726233665447301 minutes at 9
2025-09-11 21:15:34,203 [INFO] Road: [RoadEvent] Road from LoadSite1 to NorthPitMine-DumpSite5 is in repair，the repair will last for 56.33 mins, and will end at 87.98, vehicle on this road will have to suffer punish_distance.
2025-09-11 21:15:34,203 [DEBUG] Truck: Time:<31.644444444444442> Truck:[XHTruck23] Start moving to ORDER(4): NorthPitMine-DumpSite5, move distance is 3.6322708386823823, speed: 25
2025-09-11 21:15:34,203 [INFO] Truck: Time:<31.66404685433863> Truck:[XHTruck4] Finish unloading at dumper NorthPitMine-DumpSite2-点位0, dumper tons is 243.9968758745356
2025-09-11 21:15:34,204 [DEBUG] Truck: Time:<31.66404685433863> Truck:[XHTruck4] Start moving to ORDER(4):NorthPitMine-LoadSite5, move distance is 5.59, speed: 25
2025-09-11 21:15:34,206 [INFO] Truck: Time:<32.79590551181103> Truck:[XHTruck6] Finish loading at shovel NorthPitMine-LoadSite5-Shovel-2
2025-09-11 21:15:34,208 [DEBUG] Truck: Time:<32.79590551181103> Truck:[XHTruck6] Start moving to ORDER(0): NorthPitMine-DumpSite1, move distance is 7.840049495716752, speed: 25
2025-09-11 21:15:34,208 [INFO] Truck: Time:<25> Truck:[XHTruck6] breakdown for 9.384646867101319 minutes at 25
2025-09-11 21:15:34,208 [INFO] Truck: Time:<32.79590551181103> Truck:[XHTruck13] Start loading at shovel NorthPitMine-LoadSite5-Shovel-2, load time is 4.060039370078741
2025-09-11 21:15:34,210 [DEBUG] Truck: Time:<33.507555555555555> Truck:[CLTruck9] Arrived at NorthPitMine-DumpSite5 at 33.507555555555555
2025-09-11 21:15:34,210 [DEBUG] Truck: Time:<33.507555555555555> Truck:[CLTruck12] Arrived at NorthPitMine-DumpSite5 at 33.507555555555555
2025-09-11 21:15:34,210 [INFO] Truck: Time:<33.752682655758285> Truck:[CLTruck2] is facing 5.493842059765299 mins delay caused by 1 pre-existing jam events on Road from NorthPitMine-DumpSite2 to NorthPitMine-LoadSite3
2025-09-11 21:15:34,210 [INFO] Truck: Time:<33.98954501890797> Truck:[CLTruck5] Arrived at NorthPitMine-LoadSite3 at 33.98954501890797
2025-09-11 21:15:34,212 [INFO] Truck: Time:<34.22237339113005> Truck:[CLTruck25] is facing 0 mins delay caused by 1 pre-existing jam events on Road from NorthPitMine-LoadSite5 to NorthPitMine-DumpSite1
2025-09-11 21:15:34,212 [DEBUG] Truck: Time:<34.41871662017902> Truck:[CLTruck3] Arrived at NorthPitMine-DumpSite2 at 34.41871662017902
2025-09-11 21:15:34,212 [DEBUG] Truck: Time:<34.45216535433071> Truck:[OfficalTruck6] Arrived at NorthPitMine-DumpSite1 at 34.45216535433071
2025-09-11 21:15:34,212 [INFO] Truck: Time:<34.507555555555555> Truck:[CLTruck9] Finish unloading at dumper NorthPitMine-DumpSite5-点位0, dumper tons is 260.29262617839953
2025-09-11 21:15:34,212 [INFO] Truck: Time:<34.507555555555555> Truck:[CLTruck12] Finish unloading at dumper NorthPitMine-DumpSite5-点位1, dumper tons is 125.07437475361539
2025-09-11 21:15:34,213 [DEBUG] Truck: Time:<34.507555555555555> Truck:[CLTruck9] Start moving to ORDER(3):NorthPitMine-LoadSite4, move distance is 7.997005754810282, speed: 25
2025-09-11 21:15:34,213 [INFO] Truck: Time:<29> Truck:[CLTruck9] breakdown for 10.913204158192402 minutes at 29
2025-09-11 21:15:34,213 [DEBUG] Truck: Time:<34.507555555555555> Truck:[CLTruck12] Start moving to ORDER(3):NorthPitMine-LoadSite4, move distance is 6.260248017349104, speed: 25
2025-09-11 21:15:34,213 [INFO] Truck: Time:<34> Truck:[CLTruck12] breakdown for 15.374919683456454 minutes at 34
2025-09-11 21:15:34,214 [INFO] Truck: Time:<34.5117422265724> Truck:[CLTruck11] is facing 7.51196640948608 mins delay caused by 2 pre-existing jam events on Road from NorthPitMine-LoadSite2 to NorthPitMine-DumpSite5
2025-09-11 21:15:34,214 [INFO] Truck: Time:<34.60151361811741> Truck:[CLTruck1] is facing 0.39163576028261016 mins delay caused by 2 pre-existing jam events on Road from NorthPitMine-LoadSite3 to NorthPitMine-DumpSite5
2025-09-11 21:15:34,214 [INFO] Truck: Time:<34.75806507330918> Truck:[XHTruck19] is facing 0 mins delay caused by 2 pre-existing jam events on Road from NorthPitMine-LoadSite3 to NorthPitMine-DumpSite5
2025-09-11 21:15:34,214 [INFO] Truck: Time:<34.76344094488189> Truck:[XHTruck26] Finish loading at shovel NorthPitMine-LoadSite3-Shovel-1
2025-09-11 21:15:34,214 [INFO] Truck: Time:<34.76344094488189> Shovel NorthPitMine-LoadSite3-Shovel-1 under maintenance for 56.31 minutes
2025-09-11 21:15:34,216 [INFO] Truck: Time:<35.042565129926146> Truck:[CLTruck18] is facing 0 mins delay caused by 1 pre-existing jam events on Road from NorthPitMine-LoadSite5 to NorthPitMine-DumpSite1
2025-09-11 21:15:34,216 [INFO] Truck: Time:<35.14249542993687> Truck:[OfficalTruck5] is facing 0 mins delay caused by 1 pre-existing jam events on Road from NorthPitMine-LoadSite5 to NorthPitMine-DumpSite1
2025-09-11 21:15:34,216 [DEBUG] Truck: Time:<35.335781021147575> Truck:[CLTruck6] Arrived at NorthPitMine-DumpSite5 at 35.335781021147575
2025-09-11 21:15:34,216 [INFO] Truck: Time:<35.37956692913386> Truck:[XHTruck10] Finish loading at shovel NorthPitMine-LoadSite5-Shovel-1
2025-09-11 21:15:34,216 [DEBUG] Truck: Time:<35.37956692913386> Truck:[XHTruck10] Start moving to ORDER(0): NorthPitMine-DumpSite1, move distance is 7.258140931092645, speed: 25
2025-09-11 21:15:34,216 [INFO] Truck: Time:<15> Truck:[XHTruck10] breakdown for 4.907680666677229 minutes at 15
2025-09-11 21:15:34,216 [INFO] Truck: Time:<35.37956692913386> Truck:[XHTruck18] Start loading at shovel NorthPitMine-LoadSite5-Shovel-1, load time is 4.060039370078741
2025-09-11 21:15:34,216 [INFO] Truck: Time:<35.41871662017902> Truck:[CLTruck3] Finish unloading at dumper NorthPitMine-DumpSite2-点位0, dumper tons is 278.51577741776475
2025-09-11 21:15:34,219 [DEBUG] Truck: Time:<35.41871662017902> Truck:[CLTruck3] Start moving to ORDER(4):NorthPitMine-LoadSite5, move distance is 5.59, speed: 25
2025-09-11 21:15:34,219 [INFO] Truck: Time:<31> Truck:[CLTruck3] breakdown for 13.632127563345632 minutes at 31
2025-09-11 21:15:34,219 [INFO] Truck: Time:<35.45216535433071> Truck:[OfficalTruck6] Finish unloading at dumper NorthPitMine-DumpSite1-点位0, dumper tons is 226.11047638264296
2025-09-11 21:15:34,219 [DEBUG] Truck: Time:<35.45216535433071> Truck:[OfficalTruck6] Start moving to ORDER(2):NorthPitMine-LoadSite3, move distance is 2.98, speed: 25
2025-09-11 21:15:34,219 [INFO] Truck: Time:<35.47291462704709> Truck:[CLTruck15] Arrived at NorthPitMine-LoadSite4 at 35.47291462704709
2025-09-11 21:15:34,219 [INFO] Truck: Time:<35.47291462704709> Truck:[CLTruck15] Start loading at shovel NorthPitMine-LoadSite4-Shovel-1, load time is 2.5836614173228347
2025-09-11 21:15:34,222 [INFO] Truck: Time:<36.335781021147575> Truck:[CLTruck6] Finish unloading at dumper NorthPitMine-DumpSite5-点位0, dumper tons is 293.6413818804057
2025-09-11 21:15:34,223 [DEBUG] Truck: Time:<36.335781021147575> Truck:[CLTruck6] Start moving to ORDER(3):NorthPitMine-LoadSite4, move distance is 7.659070525011268, speed: 25
2025-09-11 21:15:34,223 [INFO] Truck: Time:<30> Truck:[CLTruck6] breakdown for 5.913197238511161 minutes at 30
2025-09-11 21:15:34,223 [INFO] Truck: Time:<36.535111111111114> Truck:[CLTruck7] Finish loading at shovel NorthPitMine-LoadSite4-Shovel-2
2025-09-11 21:15:34,224 [INFO] Truck: Time:<36.535111111111114> Truck:[CLTruck17] Finish loading at shovel NorthPitMine-LoadSite4-Shovel-3
2025-09-11 21:15:34,224 [INFO] Truck: Time:<36.535111111111114> Truck:[CLTruck20] Finish loading at shovel NorthPitMine-LoadSite4-Shovel-4
2025-09-11 21:15:34,224 [INFO] Truck: Time:<36.535111111111114> Truck:[CLTruck24] Finish loading at shovel NorthPitMine-LoadSite4-Shovel-5
2025-09-11 21:15:34,224 [DEBUG] Truck: Time:<36.535111111111114> Truck:[CLTruck7] Start moving to ORDER(1): NorthPitMine-DumpSite2, move distance is 1.6062407712510471, speed: 25
2025-09-11 21:15:34,224 [INFO] Truck: Time:<31> Truck:[CLTruck7] breakdown for 8.22739401344706 minutes at 31
2025-09-11 21:15:34,225 [DEBUG] Truck: Time:<36.535111111111114> Truck:[CLTruck17] Start moving to ORDER(1): NorthPitMine-DumpSite2, move distance is 1.7331842023281507, speed: 25
2025-09-11 21:15:34,225 [INFO] Truck: Time:<33> Truck:[CLTruck17] breakdown for 7.824998414944918 minutes at 33
2025-09-11 21:15:34,226 [DEBUG] Truck: Time:<36.535111111111114> Truck:[CLTruck20] Start moving to ORDER(1): NorthPitMine-DumpSite2, move distance is 1.8167179952039971, speed: 25
2025-09-11 21:15:34,226 [INFO] Truck: Time:<36> Truck:[CLTruck20] breakdown for 13.462433315055318 minutes at 36
2025-09-11 21:15:34,226 [DEBUG] Truck: Time:<36.535111111111114> Truck:[CLTruck24] Start moving to ORDER(1): NorthPitMine-DumpSite2, move distance is 1.5983810303041504, speed: 25
2025-09-11 21:15:34,226 [INFO] Truck: Time:<17> Truck:[CLTruck24] breakdown for 12.96304025635685 minutes at 17
2025-09-11 21:15:34,227 [INFO] Truck: Time:<36.535111111111114> Truck:[XHTruck8] Start loading at shovel NorthPitMine-LoadSite4-Shovel-2, load time is 24.444444444444443
2025-09-11 21:15:34,227 [INFO] Truck: Time:<36.535111111111114> Truck:[XHTruck12] Start loading at shovel NorthPitMine-LoadSite4-Shovel-3, load time is 24.444444444444443
2025-09-11 21:15:34,227 [INFO] Truck: Time:<36.535111111111114> Truck:[XHTruck17] Start loading at shovel NorthPitMine-LoadSite4-Shovel-4, load time is 24.444444444444443
2025-09-11 21:15:34,227 [INFO] Truck: Time:<36.535111111111114> Truck:[XHTruck22] Start loading at shovel NorthPitMine-LoadSite4-Shovel-5, load time is 24.444444444444443
2025-09-11 21:15:34,227 [INFO] Truck: Time:<36.80267199284516> Truck:[XHTruck25] is facing 3.453135217082168 mins delay caused by 2 pre-existing jam events on Road from NorthPitMine-LoadSite2 to NorthPitMine-DumpSite5
2025-09-11 21:15:34,228 [INFO] Truck: Time:<36.85594488188977> Truck:[XHTruck13] Finish loading at shovel NorthPitMine-LoadSite5-Shovel-2
2025-09-11 21:15:34,228 [DEBUG] Truck: Time:<36.85594488188977> Truck:[XHTruck13] Start moving to ORDER(0): NorthPitMine-DumpSite1, move distance is 6.701835042346795, speed: 25
2025-09-11 21:15:34,228 [INFO] Truck: Time:<36.85594488188977> Truck:[XHTruck13] is facing 0 mins delay caused by 1 pre-existing jam events on Road from NorthPitMine-LoadSite5 to NorthPitMine-DumpSite1
2025-09-11 21:15:34,228 [INFO] Truck: Time:<36.85594488188977> Truck:[XHTruck20] Start loading at shovel NorthPitMine-LoadSite5-Shovel-2, load time is 4.060039370078741
2025-09-11 21:15:34,231 [DEBUG] Truck: Time:<37.72475538237824> Truck:[CLTruck4] Arrived at NorthPitMine-DumpSite2 at 37.72475538237824
2025-09-11 21:15:34,231 [DEBUG] Truck: Time:<37.91228712376356> Truck:[XHTruck5] Arrived at NorthPitMine-DumpSite5 at 37.91228712376356
2025-09-11 21:15:34,232 [INFO] Truck: Time:<38.056576044369926> Truck:[CLTruck15] Finish loading at shovel NorthPitMine-LoadSite4-Shovel-1
2025-09-11 21:15:34,233 [INFO] Truck: Time:<38.056576044369926> Shovel NorthPitMine-LoadSite4-Shovel-1 under maintenance for 46.22 minutes
2025-09-11 21:15:34,233 [INFO] Truck: Time:<38.375706996039995> Truck:[CLTruck22] is facing 0 mins delay caused by 2 pre-existing jam events on Road from NorthPitMine-LoadSite5 to NorthPitMine-DumpSite1
2025-09-11 21:15:34,233 [INFO] Truck: Time:<38.72475538237824> Truck:[CLTruck4] Finish unloading at dumper NorthPitMine-DumpSite2-点位0, dumper tons is 315.4667894377239
2025-09-11 21:15:34,234 [DEBUG] Truck: Time:<38.72475538237824> Truck:[CLTruck4] Start moving to ORDER(2):NorthPitMine-LoadSite3, move distance is 3.41, speed: 25
2025-09-11 21:15:34,234 [INFO] Truck: Time:<38.72475538237824> Truck:[CLTruck4] is facing 0.5217693331453432 mins delay caused by 1 pre-existing jam events on Road from NorthPitMine-DumpSite2 to NorthPitMine-LoadSite3
2025-09-11 21:15:34,234 [INFO] Truck: Time:<38.91228712376356> Truck:[XHTruck5] Finish unloading at dumper NorthPitMine-DumpSite5-点位0, dumper tons is 354.1201302549682
2025-09-11 21:15:34,235 [DEBUG] Truck: Time:<38.91228712376356> Truck:[XHTruck5] Start moving to ORDER(3):NorthPitMine-LoadSite4, move distance is 6.801544974620909, speed: 25
2025-09-11 21:15:34,238 [INFO] Truck: Time:<39.4396062992126> Truck:[XHTruck18] Finish loading at shovel NorthPitMine-LoadSite5-Shovel-1
2025-09-11 21:15:34,238 [DEBUG] Truck: Time:<39.4396062992126> Truck:[XHTruck18] Start moving to ORDER(0): NorthPitMine-DumpSite1, move distance is 7.570555051272265, speed: 25
2025-09-11 21:15:34,238 [INFO] Truck: Time:<39.4396062992126> Truck:[XHTruck18] is facing 0 mins delay caused by 3 pre-existing jam events on Road from NorthPitMine-LoadSite5 to NorthPitMine-DumpSite1
2025-09-11 21:15:34,239 [INFO] Truck: Time:<39.4396062992126> Truck:[XHTruck24] Start loading at shovel NorthPitMine-LoadSite5-Shovel-1, load time is 4.060039370078741
2025-09-11 21:15:34,239 [INFO] Truck: Time:<39.798839897641784> Truck:[CLTruck10] is facing 0.45696731228554643 mins delay caused by 1 pre-existing jam events on Road from NorthPitMine-LoadSite2 to NorthPitMine-DumpSite5
2025-09-11 21:15:34,241 [INFO] Truck: Time:<40.248057904037> Truck:[XHTruck1] is facing 0 mins delay caused by 3 pre-existing jam events on Road from NorthPitMine-LoadSite5 to NorthPitMine-DumpSite1
2025-09-11 21:15:34,242 [INFO] Truck: Time:<40.28724759581109> Truck:[XHTruck10] is facing 0 mins delay caused by 3 pre-existing jam events on Road from NorthPitMine-LoadSite5 to NorthPitMine-DumpSite1
2025-09-11 21:15:34,242 [DEBUG] Truck: Time:<40.36189445728216> Truck:[XHTruck23] Arrived at NorthPitMine-DumpSite5 at 40.36189445728216
2025-09-11 21:15:34,242 [INFO] Truck: Time:<40.538898848249374> Truck:[OfficalTruck7] Arrived at NorthPitMine-LoadSite4 at 40.538898848249374
2025-09-11 21:15:34,242 [DEBUG] Truck: Time:<40.8766685750497> Truck:[CLTruck1] Arrived at NorthPitMine-DumpSite5 at 40.8766685750497
2025-09-11 21:15:34,242 [INFO] Truck: Time:<40.91598425196851> Truck:[XHTruck20] Finish loading at shovel NorthPitMine-LoadSite5-Shovel-2
2025-09-11 21:15:34,243 [DEBUG] Truck: Time:<40.91598425196851> Truck:[XHTruck20] Start moving to ORDER(0): NorthPitMine-DumpSite1, move distance is 6.5195769170726665, speed: 25
2025-09-11 21:15:34,243 [INFO] Truck: Time:<30> Truck:[XHTruck20] breakdown for 7.961311565101245 minutes at 30
2025-09-11 21:15:34,243 [INFO] Truck: Time:<40.91598425196851> Truck:[XHTruck28] Start loading at shovel NorthPitMine-LoadSite5-Shovel-2, load time is 4.060039370078741
2025-09-11 21:15:34,243 [INFO] Truck: Time:<40.99536220472441> Truck:[XHTruck3] Arrived at NorthPitMine-LoadSite4 at 40.99536220472441
2025-09-11 21:15:34,244 [INFO] Truck: Time:<41.324568342986794> Truck:[OfficalTruck2] Arrived at NorthPitMine-LoadSite3 at 41.324568342986794
2025-09-11 21:15:34,244 [INFO] Truck: Time:<41.36189445728216> Truck:[XHTruck23] Finish unloading at dumper NorthPitMine-DumpSite5-点位0, dumper tons is 408.9796589160577
2025-09-11 21:15:34,245 [DEBUG] Truck: Time:<41.36189445728216> Truck:[XHTruck23] Start moving to ORDER(3):NorthPitMine-LoadSite4, move distance is 7.16887490165696, speed: 25
2025-09-11 21:15:34,245 [INFO] Truck: Time:<38> Truck:[XHTruck23] breakdown for 15.183518663641966 minutes at 38
2025-09-11 21:15:34,245 [INFO] Truck: Time:<41.43111111111111> Truck:[CLTruck14] Finish loading at shovel NorthPitMine-LoadSite2-Shovel-2
2025-09-11 21:15:34,246 [INFO] Truck: Time:<41.43111111111111> Truck:[CLTruck16] Finish loading at shovel NorthPitMine-LoadSite2-Shovel-3
2025-09-11 21:15:34,246 [INFO] Truck: Time:<41.43111111111111> Truck:[CLTruck19] Finish loading at shovel NorthPitMine-LoadSite2-Shovel-4
2025-09-11 21:15:34,246 [INFO] Truck: Time:<41.43111111111111> Truck:[CLTruck23] Finish loading at shovel NorthPitMine-LoadSite2-Shovel-5
2025-09-11 21:15:34,246 [INFO] Road: [RoadEvent] Road from NorthPitMine-LoadSite2 to NorthPitMine-DumpSite5 is in repair，the repair will last for 46.71 mins, and will end at 88.14, vehicle on this road will have to suffer punish_distance.
2025-09-11 21:15:34,246 [DEBUG] Truck: Time:<41.43111111111111> Truck:[CLTruck14] Start moving to ORDER(4): NorthPitMine-DumpSite5, move distance is 4.565694949884604, speed: 25
2025-09-11 21:15:34,246 [INFO] Truck: Time:<36> Truck:[CLTruck14] breakdown for 10.126309966938557 minutes at 36
2025-09-11 21:15:34,246 [DEBUG] Truck: Time:<41.43111111111111> Truck:[CLTruck16] Start moving to ORDER(4): NorthPitMine-DumpSite5, move distance is 4.980376261738867, speed: 25
2025-09-11 21:15:34,246 [INFO] Truck: Time:<18> Truck:[CLTruck16] breakdown for 9.776563254787735 minutes at 18
2025-09-11 21:15:34,249 [DEBUG] Truck: Time:<41.43111111111111> Truck:[CLTruck19] Start moving to ORDER(4): NorthPitMine-DumpSite5, move distance is 4.392922904434319, speed: 25
2025-09-11 21:15:34,249 [INFO] Truck: Time:<22> Truck:[CLTruck19] breakdown for 5.9921776119865 minutes at 22
2025-09-11 21:15:34,250 [DEBUG] Truck: Time:<41.43111111111111> Truck:[CLTruck23] Start moving to ORDER(4): NorthPitMine-DumpSite5, move distance is 3.9923987684369964, speed: 25
2025-09-11 21:15:34,250 [INFO] Truck: Time:<21> Truck:[CLTruck23] breakdown for 7.548309363845398 minutes at 21
2025-09-11 21:15:34,250 [INFO] Truck: Time:<41.43111111111111> Truck:[XHTruck7] Start loading at shovel NorthPitMine-LoadSite2-Shovel-2, load time is 24.444444444444443
2025-09-11 21:15:34,250 [INFO] Truck: Time:<41.43111111111111> Truck:[XHTruck11] Start loading at shovel NorthPitMine-LoadSite2-Shovel-3, load time is 24.444444444444443
2025-09-11 21:15:34,250 [INFO] Truck: Time:<41.43111111111111> Truck:[XHTruck16] Start loading at shovel NorthPitMine-LoadSite2-Shovel-4, load time is 24.444444444444443
2025-09-11 21:15:34,250 [INFO] Truck: Time:<41.43111111111111> Truck:[XHTruck21] Start loading at shovel NorthPitMine-LoadSite2-Shovel-5, load time is 24.444444444444443
2025-09-11 21:15:34,250 [INFO] Truck: Time:<41.75822222222222> Truck:[OfficalTruck8] Finish loading at shovel NorthPitMine-LoadSite3-Shovel-2
2025-09-11 21:15:34,252 [INFO] Truck: Time:<41.75822222222222> Truck:[OfficalTruck9] Finish loading at shovel NorthPitMine-LoadSite3-Shovel-3
2025-09-11 21:15:34,252 [DEBUG] Truck: Time:<41.75822222222222> Truck:[OfficalTruck8] Start moving to ORDER(4): NorthPitMine-DumpSite5, move distance is 2.6922920554827434, speed: 25
2025-09-11 21:15:34,253 [DEBUG] Truck: Time:<41.75822222222222> Truck:[OfficalTruck9] Start moving to ORDER(4): NorthPitMine-DumpSite5, move distance is 2.6944144690508196, speed: 25
2025-09-11 21:15:34,253 [INFO] Truck: Time:<23> Truck:[OfficalTruck9] breakdown for 10.914721661345297 minutes at 23
2025-09-11 21:15:34,253 [INFO] Truck: Time:<41.75822222222222> Truck:[CLTruck21] Start loading at shovel NorthPitMine-LoadSite3-Shovel-2, load time is 15.555555555555555
2025-09-11 21:15:34,253 [INFO] Truck: Time:<41.75822222222222> Truck:[CLTruck26] Start loading at shovel NorthPitMine-LoadSite3-Shovel-3, load time is 15.555555555555555
2025-09-11 21:15:34,253 [INFO] Truck: Time:<41.8766685750497> Truck:[CLTruck1] Finish unloading at dumper NorthPitMine-DumpSite5-点位1, dumper tons is 161.67110837391607
2025-09-11 21:15:34,254 [DEBUG] Truck: Time:<41.8766685750497> Truck:[CLTruck1] Start moving to ORDER(3):NorthPitMine-LoadSite4, move distance is 7.77745850582023, speed: 25
2025-09-11 21:15:34,254 [DEBUG] Truck: Time:<41.89380022416255> Truck:[XHTruck19] Arrived at NorthPitMine-DumpSite5 at 41.89380022416255
2025-09-11 21:15:34,254 [DEBUG] Truck: Time:<41.953343800788154> Truck:[CLTruck27] Arrived at NorthPitMine-DumpSite5 at 41.953343800788154
2025-09-11 21:15:34,256 [INFO] Truck: Time:<42.180552378912346> Truck:[XHTruck6] is facing 0 mins delay caused by 2 pre-existing jam events on Road from NorthPitMine-LoadSite5 to NorthPitMine-DumpSite1
2025-09-11 21:15:34,256 [INFO] Truck: Time:<42.37067810989174> Truck:[XHTruck14] is facing 0 mins delay caused by 1 pre-existing jam events on Road from LoadSite1 to NorthPitMine-DumpSite5
2025-09-11 21:15:34,256 [INFO] Truck: Time:<42.60416535433071> Truck:[OfficalTruck6] Arrived at NorthPitMine-LoadSite3 at 42.60416535433071
2025-09-11 21:15:34,256 [INFO] Truck: Time:<42.838994646732246> Truck:[XHTruck2] is facing 0 mins delay caused by 2 pre-existing jam events on Road from NorthPitMine-LoadSite5 to NorthPitMine-DumpSite1
2025-09-11 21:15:34,256 [INFO] Truck: Time:<42.89380022416255> Truck:[XHTruck19] Finish unloading at dumper NorthPitMine-DumpSite5-点位0, dumper tons is 461.5552200682554
2025-09-11 21:15:34,257 [DEBUG] Truck: Time:<42.89380022416255> Truck:[XHTruck19] Start moving to ORDER(3):NorthPitMine-LoadSite4, move distance is 7.539764017178631, speed: 25
2025-09-11 21:15:34,257 [INFO] Truck: Time:<41> Truck:[XHTruck19] breakdown for 13.793172266537168 minutes at 41
2025-09-11 21:15:34,257 [INFO] Truck: Time:<42.953343800788154> Truck:[CLTruck27] Finish unloading at dumper NorthPitMine-DumpSite5-点位1, dumper tons is 199.24070316738027
2025-09-11 21:15:34,257 [DEBUG] Truck: Time:<42.953343800788154> Truck:[CLTruck27] Start moving to ORDER(3):NorthPitMine-LoadSite4, move distance is 8.005780384640621, speed: 25
2025-09-11 21:15:34,259 [INFO] Truck: Time:<42> Truck:[CLTruck27] breakdown for 12.639603848527337 minutes at 42
2025-09-11 21:15:34,260 [INFO] Truck: Time:<43.49964566929134> Truck:[XHTruck24] Finish loading at shovel NorthPitMine-LoadSite5-Shovel-1
2025-09-11 21:15:34,261 [DEBUG] Truck: Time:<43.49964566929134> Truck:[XHTruck24] Start moving to ORDER(0): NorthPitMine-DumpSite1, move distance is 7.423067144122193, speed: 25
2025-09-11 21:15:34,261 [INFO] Truck: Time:<25> Truck:[XHTruck24] breakdown for 11.75508498012587 minutes at 25
2025-09-11 21:15:34,261 [INFO] Truck: Time:<43.49964566929134> Truck:[XHTruck32] Start loading at shovel NorthPitMine-LoadSite5-Shovel-1, load time is 4.060039370078741
2025-09-11 21:15:34,264 [INFO] Truck: Time:<44.97602362204725> Truck:[XHTruck28] Finish loading at shovel NorthPitMine-LoadSite5-Shovel-2
2025-09-11 21:15:34,264 [DEBUG] Truck: Time:<44.97602362204725> Truck:[XHTruck28] Start moving to ORDER(0): NorthPitMine-DumpSite1, move distance is 6.706519133946192, speed: 25
2025-09-11 21:15:34,264 [INFO] Truck: Time:<31> Truck:[XHTruck28] breakdown for 9.075370351426443 minutes at 31
2025-09-11 21:15:34,266 [INFO] Truck: Time:<45.08004685433863> Truck:[XHTruck4] Arrived at NorthPitMine-LoadSite5 at 45.08004685433863
2025-09-11 21:15:34,266 [INFO] Truck: Time:<45.08004685433863> Truck:[XHTruck4] Start loading at shovel NorthPitMine-LoadSite5-Shovel-2, load time is 4.060039370078741
2025-09-11 21:15:34,266 [INFO] Truck: Time:<45.420759713747955> Truck:[CLTruck9] is facing 0 mins delay caused by 2 pre-existing jam events on Road from NorthPitMine-DumpSite5 to NorthPitMine-LoadSite4
2025-09-11 21:15:34,268 [INFO] Truck: Time:<45.812956132908155> Truck:[CLTruck8] Arrived at NorthPitMine-LoadSite4 at 45.812956132908155
2025-09-11 21:15:34,270 [INFO] Truck: Time:<46.091046280108> Truck:[CLTruck13] Arrived at NorthPitMine-LoadSite4 at 46.091046280108
2025-09-11 21:15:34,271 [DEBUG] Truck: Time:<46.58237339113005> Truck:[CLTruck25] Arrived at NorthPitMine-DumpSite1 at 46.58237339113005
2025-09-11 21:15:34,273 [INFO] Truck: Time:<47.199999999999996> Truck:[XHTruck33] Finish loading at shovel LoadSite1-Shovel-1
2025-09-11 21:15:34,274 [DEBUG] Truck: Time:<47.199999999999996> Truck:[XHTruck33] Start moving to ORDER(4): NorthPitMine-DumpSite5, move distance is 4.856948562469577, speed: 25
2025-09-11 21:15:34,274 [INFO] Truck: Time:<22> Truck:[XHTruck33] breakdown for 15.320880220007218 minutes at 22
2025-09-11 21:15:34,274 [DEBUG] Truck: Time:<47.402565129926145> Truck:[CLTruck18] Arrived at NorthPitMine-DumpSite1 at 47.402565129926145
2025-09-11 21:15:34,274 [INFO] Truck: Time:<47.423288723097606> Truck:[CLTruck19] is facing 0 mins delay caused by 1 pre-existing jam events on Road from NorthPitMine-LoadSite2 to NorthPitMine-DumpSite5
2025-09-11 21:15:34,274 [INFO] Truck: Time:<47.43052471552358> Truck:[CLTruck2] Arrived at NorthPitMine-LoadSite3 at 47.43052471552358
2025-09-11 21:15:34,274 [INFO] Truck: Time:<47.43052471552358> Truck:[CLTruck4] Arrived at NorthPitMine-LoadSite3 at 47.43052471552358
2025-09-11 21:15:34,274 [DEBUG] Truck: Time:<47.50249542993687> Truck:[OfficalTruck5] Arrived at NorthPitMine-DumpSite1 at 47.50249542993687
2025-09-11 21:15:34,274 [INFO] Truck: Time:<47.55968503937008> Truck:[XHTruck32] Finish loading at shovel NorthPitMine-LoadSite5-Shovel-1
2025-09-11 21:15:34,275 [DEBUG] Truck: Time:<47.55968503937008> Truck:[XHTruck32] Start moving to ORDER(0): NorthPitMine-DumpSite1, move distance is 7.3495212308942, speed: 25
2025-09-11 21:15:34,275 [INFO] Truck: Time:<30> Truck:[XHTruck32] breakdown for 12.81668866592658 minutes at 30
2025-09-11 21:15:34,275 [INFO] Truck: Time:<47.58237339113005> Truck:[CLTruck25] Finish unloading at dumper NorthPitMine-DumpSite1-点位0, dumper tons is 258.08123184965325
2025-09-11 21:15:34,275 [DEBUG] Truck: Time:<47.58237339113005> Truck:[CLTruck25] Start moving to ORDER(2):NorthPitMine-LoadSite3, move distance is 2.98, speed: 25
2025-09-11 21:15:34,276 [DEBUG] Truck: Time:<47.88780720992733> Truck:[XHTruck25] Arrived at NorthPitMine-DumpSite5 at 47.88780720992733
2025-09-11 21:15:34,276 [DEBUG] Truck: Time:<47.88780720992733> Truck:[CLTruck10] Arrived at NorthPitMine-DumpSite5 at 47.88780720992733
2025-09-11 21:15:34,277 [DEBUG] Truck: Time:<48.219723155380805> Truck:[OfficalTruck8] Arrived at NorthPitMine-DumpSite5 at 48.219723155380805
2025-09-11 21:15:34,277 [INFO] Truck: Time:<48.402565129926145> Truck:[CLTruck18] Finish unloading at dumper NorthPitMine-DumpSite1-点位1, dumper tons is 195.23960686098852
2025-09-11 21:15:34,277 [DEBUG] Truck: Time:<48.402565129926145> Truck:[CLTruck18] Start moving to ORDER(2):NorthPitMine-LoadSite3, move distance is 2.98, speed: 25
2025-09-11 21:15:34,277 [INFO] Truck: Time:<45> Truck:[CLTruck18] breakdown for 7.192847388304017 minutes at 45
2025-09-11 21:15:34,277 [INFO] Truck: Time:<48.50249542993687> Truck:[OfficalTruck5] Finish unloading at dumper NorthPitMine-DumpSite1-点位2, dumper tons is 74.84067648067145
2025-09-11 21:15:34,280 [INFO] Road: [RoadEvent] Road from NorthPitMine-DumpSite1 to NorthPitMine-LoadSite3 is in repair，the repair will last for 45.70 mins, and will end at 94.21, vehicle on this road will have to suffer punish_distance.
2025-09-11 21:15:34,280 [DEBUG] Truck: Time:<48.50249542993687> Truck:[OfficalTruck5] Start moving to ORDER(2):NorthPitMine-LoadSite3, move distance is 4.3956171239472335, speed: 25
2025-09-11 21:15:34,280 [DEBUG] Truck: Time:<48.5197516116436> Truck:[CLTruck17] Arrived at NorthPitMine-DumpSite2 at 48.5197516116436
2025-09-11 21:15:34,280 [DEBUG] Truck: Time:<48.61748297556069> Truck:[CLTruck7] Arrived at NorthPitMine-DumpSite2 at 48.61748297556069
2025-09-11 21:15:34,280 [INFO] Truck: Time:<48.87729581706976> Truck:[XHTruck20] is facing 0 mins delay caused by 4 pre-existing jam events on Road from NorthPitMine-LoadSite5 to NorthPitMine-DumpSite1
2025-09-11 21:15:34,280 [INFO] Truck: Time:<48.88780720992733> Truck:[XHTruck25] Finish unloading at dumper NorthPitMine-DumpSite5-点位0, dumper tons is 513.0255857989874
2025-09-11 21:15:34,280 [INFO] Truck: Time:<48.88780720992733> Truck:[CLTruck10] Finish unloading at dumper NorthPitMine-DumpSite5-点位1, dumper tons is 231.15577610461142
2025-09-11 21:15:34,281 [DEBUG] Truck: Time:<48.88780720992733> Truck:[XHTruck25] Start moving to ORDER(3):NorthPitMine-LoadSite4, move distance is 7.840058056544255, speed: 25
2025-09-11 21:15:34,281 [INFO] Truck: Time:<48.88780720992733> Truck:[XHTruck25] is facing 0 mins delay caused by 2 pre-existing jam events on Road from NorthPitMine-DumpSite5 to NorthPitMine-LoadSite4
2025-09-11 21:15:34,282 [DEBUG] Truck: Time:<48.88780720992733> Truck:[CLTruck10] Start moving to ORDER(3):NorthPitMine-LoadSite4, move distance is 6.967457952927809, speed: 25
2025-09-11 21:15:34,282 [INFO] Truck: Time:<44> Truck:[CLTruck10] breakdown for 8.359032306464707 minutes at 44
2025-09-11 21:15:34,286 [INFO] Truck: Time:<49.140086224417374> Truck:[XHTruck4] Finish loading at shovel NorthPitMine-LoadSite5-Shovel-2
2025-09-11 21:15:34,286 [DEBUG] Truck: Time:<49.140086224417374> Truck:[XHTruck4] Start moving to ORDER(0): NorthPitMine-DumpSite1, move distance is 7.752774276418157, speed: 25
2025-09-11 21:15:34,286 [INFO] Truck: Time:<47> Truck:[XHTruck4] breakdown for 8.099989107421926 minutes at 47
2025-09-11 21:15:34,288 [INFO] Truck: Time:<49.219723155380805> Truck:[OfficalTruck8] Finish unloading at dumper NorthPitMine-DumpSite5-点位2, dumper tons is 82.93018744506628
2025-09-11 21:15:34,288 [DEBUG] Truck: Time:<49.219723155380805> Truck:[OfficalTruck8] Start moving to ORDER(3):NorthPitMine-LoadSite4, move distance is 7.066257471370895, speed: 25
2025-09-11 21:15:34,288 [INFO] Truck: Time:<49.219723155380805> Truck:[OfficalTruck8] is facing 0 mins delay caused by 1 pre-existing jam events on Road from NorthPitMine-DumpSite5 to NorthPitMine-LoadSite4
2025-09-11 21:15:34,288 [INFO] Truck: Time:<49.5197516116436> Truck:[CLTruck17] Finish unloading at dumper NorthPitMine-DumpSite2-点位0, dumper tons is 353.0372358378164
2025-09-11 21:15:34,289 [DEBUG] Truck: Time:<49.5197516116436> Truck:[CLTruck17] Start moving to ORDER(2):NorthPitMine-LoadSite3, move distance is 3.41, speed: 25
2025-09-11 21:15:34,289 [INFO] Truck: Time:<49.5197516116436> Truck:[CLTruck17] is facing 12.024900472287538 mins delay caused by 2 pre-existing jam events on Road from NorthPitMine-DumpSite2 to NorthPitMine-LoadSite3
2025-09-11 21:15:34,289 [INFO] Truck: Time:<49.61748297556069> Truck:[CLTruck7] Finish unloading at dumper NorthPitMine-DumpSite2-点位1, dumper tons is 36.437607243469536
2025-09-11 21:15:34,290 [INFO] Road: [RoadEvent] Road from NorthPitMine-DumpSite2 to NorthPitMine-LoadSite3 is in repair，the repair will last for 33.82 mins, and will end at 83.44, vehicle on this road will have to suffer punish_distance.
2025-09-11 21:15:34,290 [DEBUG] Truck: Time:<49.61748297556069> Truck:[CLTruck7] Start moving to ORDER(2):NorthPitMine-LoadSite3, move distance is 4.291409884272264, speed: 25
2025-09-11 21:15:34,290 [INFO] Truck: Time:<49.61748297556069> Truck:[CLTruck7] is facing 8.312268212258205 mins delay caused by 2 pre-existing jam events on Road from NorthPitMine-DumpSite2 to NorthPitMine-LoadSite3
2025-09-11 21:15:34,290 [DEBUG] Truck: Time:<49.65570863605848> Truck:[CLTruck11] Arrived at NorthPitMine-DumpSite5 at 49.65570863605848
2025-09-11 21:15:34,290 [INFO] Truck: Time:<49.88247523901201> Truck:[CLTruck12] is facing 0 mins delay caused by 1 pre-existing jam events on Road from NorthPitMine-DumpSite5 to NorthPitMine-LoadSite4
2025-09-11 21:15:34,293 [DEBUG] Truck: Time:<50.19467810989174> Truck:[XHTruck14] Arrived at NorthPitMine-DumpSite5 at 50.19467810989174
2025-09-11 21:15:34,293 [INFO] Truck: Time:<50.65570863605848> Truck:[CLTruck11] Finish unloading at dumper NorthPitMine-DumpSite5-点位0, dumper tons is 547.5249547280807
2025-09-11 21:15:34,295 [DEBUG] Truck: Time:<50.65570863605848> Truck:[CLTruck11] Start moving to ORDER(3):NorthPitMine-LoadSite4, move distance is 7.868504785779011, speed: 25
2025-09-11 21:15:34,295 [INFO] Truck: Time:<50.65570863605848> Truck:[CLTruck11] is facing 0 mins delay caused by 2 pre-existing jam events on Road from NorthPitMine-DumpSite5 to NorthPitMine-LoadSite4
2025-09-11 21:15:34,295 [DEBUG] Truck: Time:<50.735706996039994> Truck:[CLTruck22] Arrived at NorthPitMine-DumpSite1 at 50.735706996039994
2025-09-11 21:15:34,295 [INFO] Truck: Time:<50.8122722108056> Truck:[OfficalTruck4] Arrived at NorthPitMine-LoadSite3 at 50.8122722108056
2025-09-11 21:15:34,298 [INFO] Truck: Time:<51.19467810989174> Truck:[XHTruck14] Finish unloading at dumper NorthPitMine-DumpSite5-点位1, dumper tons is 291.6021594301181
2025-09-11 21:15:34,299 [DEBUG] Truck: Time:<51.19467810989174> Truck:[XHTruck14] Start moving to ORDER(3):NorthPitMine-LoadSite4, move distance is 7.616493920588565, speed: 25
2025-09-11 21:15:34,299 [INFO] Truck: Time:<49> Truck:[XHTruck14] breakdown for 16.32346265392817 minutes at 49
2025-09-11 21:15:34,300 [INFO] Truck: Time:<51.68664578451201> Truck:[OfficalTruck3] Arrived at NorthPitMine-LoadSite3 at 51.68664578451201
2025-09-11 21:15:34,300 [INFO] Truck: Time:<51.735706996039994> Truck:[CLTruck22] Finish unloading at dumper NorthPitMine-DumpSite1-点位0, dumper tons is 290.23227316461123
2025-09-11 21:15:34,301 [DEBUG] Truck: Time:<51.735706996039994> Truck:[CLTruck22] Start moving to ORDER(2):NorthPitMine-LoadSite3, move distance is 4.09031410233936, speed: 25
2025-09-11 21:15:34,301 [INFO] Truck: Time:<50> Truck:[CLTruck22] breakdown for 10.105507754007377 minutes at 50
2025-09-11 21:15:34,303 [DEBUG] Truck: Time:<52.94034898352208> Truck:[XHTruck13] Arrived at NorthPitMine-DumpSite1 at 52.94034898352208
2025-09-11 21:15:34,304 [DEBUG] Truck: Time:<53.33426584019792> Truck:[CLTruck24] Arrived at NorthPitMine-DumpSite2 at 53.33426584019792
2025-09-11 21:15:34,304 [INFO] Truck: Time:<53.94034898352208> Truck:[XHTruck13] Finish unloading at dumper NorthPitMine-DumpSite1-点位0, dumper tons is 346.22924187824583
2025-09-11 21:15:34,306 [DEBUG] Truck: Time:<53.94034898352208> Truck:[XHTruck13] Start moving to ORDER(2):NorthPitMine-LoadSite3, move distance is 4.026735188805647, speed: 25
2025-09-11 21:15:34,306 [INFO] Truck: Time:<39> Truck:[XHTruck13] breakdown for 10.163951957710141 minutes at 39
2025-09-11 21:15:34,309 [INFO] Truck: Time:<54.051393973473694> Truck:[XHTruck28] is facing 0 mins delay caused by 7 pre-existing jam events on Road from NorthPitMine-LoadSite5 to NorthPitMine-DumpSite1
2025-09-11 21:15:34,309 [INFO] Truck: Time:<54.33426584019792> Truck:[CLTruck24] Finish unloading at dumper NorthPitMine-DumpSite2-点位0, dumper tons is 390.70290782966856
2025-09-11 21:15:34,310 [DEBUG] Truck: Time:<54.33426584019792> Truck:[CLTruck24] Start moving to ORDER(2):NorthPitMine-LoadSite3, move distance is 4.2485215733866895, speed: 25
2025-09-11 21:15:34,310 [INFO] Truck: Time:<50> Truck:[CLTruck24] breakdown for 6.9806704463713025 minutes at 50
2025-09-11 21:15:34,310 [DEBUG] Truck: Time:<54.35766761465602> Truck:[CLTruck20] Arrived at NorthPitMine-DumpSite2 at 54.35766761465602
2025-09-11 21:15:34,310 [INFO] Truck: Time:<54.73437339113005> Truck:[CLTruck25] Arrived at NorthPitMine-LoadSite3 at 54.73437339113005
2025-09-11 21:15:34,312 [INFO] Truck: Time:<55.235995062853746> Truck:[XHTruck5] Arrived at NorthPitMine-LoadSite4 at 55.235995062853746
2025-09-11 21:15:34,312 [INFO] Truck: Time:<55.25473064941721> Truck:[XHTruck24] is facing 0 mins delay caused by 7 pre-existing jam events on Road from NorthPitMine-LoadSite5 to NorthPitMine-DumpSite1
2025-09-11 21:15:34,312 [INFO] Truck: Time:<55.35766761465602> Truck:[CLTruck20] Finish unloading at dumper NorthPitMine-DumpSite2-点位0, dumper tons is 426.74868656544464
2025-09-11 21:15:34,312 [DEBUG] Truck: Time:<55.35766761465602> Truck:[CLTruck20] Start moving to ORDER(2):NorthPitMine-LoadSite3, move distance is 4.625850592077325, speed: 25
2025-09-11 21:15:34,312 [INFO] Truck: Time:<55.35766761465602> Truck:[CLTruck20] is facing 0 mins delay caused by 2 pre-existing jam events on Road from NorthPitMine-DumpSite2 to NorthPitMine-LoadSite3
2025-09-11 21:15:34,312 [INFO] Truck: Time:<55.59294764931549> Truck:[CLTruck27] is facing 0 mins delay caused by 3 pre-existing jam events on Road from NorthPitMine-DumpSite5 to NorthPitMine-LoadSite4
2025-09-11 21:15:34,312 [INFO] Truck: Time:<55.59541251823016> Truck:[CLTruck18] is facing 8.075781420533682 mins delay caused by 1 pre-existing jam events on Road from NorthPitMine-DumpSite1 to NorthPitMine-LoadSite3
2025-09-11 21:15:34,316 [INFO] Truck: Time:<56.545413120924124> Truck:[XHTruck23] is facing 0 mins delay caused by 3 pre-existing jam events on Road from NorthPitMine-DumpSite5 to NorthPitMine-LoadSite4
2025-09-11 21:15:34,317 [INFO] Truck: Time:<56.686972490699716> Truck:[XHTruck19] is facing 0 mins delay caused by 3 pre-existing jam events on Road from NorthPitMine-DumpSite5 to NorthPitMine-LoadSite4
2025-09-11 21:15:34,321 [INFO] Truck: Time:<57.2400753318393> Truck:[XHTruck4] is facing 0 mins delay caused by 4 pre-existing jam events on Road from NorthPitMine-LoadSite5 to NorthPitMine-DumpSite1
2025-09-11 21:15:34,321 [INFO] Truck: Time:<57.246839516392036> Truck:[CLTruck10] is facing 0 mins delay caused by 4 pre-existing jam events on Road from NorthPitMine-DumpSite5 to NorthPitMine-LoadSite4
2025-09-11 21:15:34,321 [INFO] Truck: Time:<57.31377777777778> Truck:[CLTruck21] Finish loading at shovel NorthPitMine-LoadSite3-Shovel-2
2025-09-11 21:15:34,321 [INFO] Truck: Time:<57.31377777777778> Truck:[CLTruck26] Finish loading at shovel NorthPitMine-LoadSite3-Shovel-3
2025-09-11 21:15:34,321 [DEBUG] Truck: Time:<57.31377777777778> Truck:[CLTruck21] Start moving to ORDER(4): NorthPitMine-DumpSite5, move distance is 1.86, speed: 25
2025-09-11 21:15:34,321 [INFO] Truck: Time:<35> Truck:[CLTruck21] breakdown for 10.240812597343826 minutes at 35
2025-09-11 21:15:34,321 [DEBUG] Truck: Time:<57.31377777777778> Truck:[CLTruck26] Start moving to ORDER(4): NorthPitMine-DumpSite5, move distance is 1.86, speed: 25
2025-09-11 21:15:34,324 [INFO] Truck: Time:<57> Truck:[CLTruck26] breakdown for 11.723856029075737 minutes at 57
2025-09-11 21:15:34,324 [INFO] Truck: Time:<57.31377777777778> Truck:[XHTruck9] Start loading at shovel NorthPitMine-LoadSite3-Shovel-2, load time is 24.444444444444443
2025-09-11 21:15:34,324 [INFO] Truck: Time:<57.31377777777778> Truck:[XHTruck15] Start loading at shovel NorthPitMine-LoadSite3-Shovel-3, load time is 24.444444444444443
2025-09-11 21:15:34,324 [INFO] Truck: Time:<57.411580380246036> Truck:[CLTruck28] Arrived at NorthPitMine-LoadSite4 at 57.411580380246036
2025-09-11 21:15:34,325 [DEBUG] Truck: Time:<57.608938422266036> Truck:[XHTruck18] Arrived at NorthPitMine-DumpSite1 at 57.608938422266036
2025-09-11 21:15:34,325 [DEBUG] Truck: Time:<57.70678583043343> Truck:[XHTruck10] Arrived at NorthPitMine-DumpSite1 at 57.70678583043343
2025-09-11 21:15:34,325 [DEBUG] Truck: Time:<57.966303693739974> Truck:[CLTruck19] Arrived at NorthPitMine-DumpSite5 at 57.966303693739974
2025-09-11 21:15:34,327 [DEBUG] Truck: Time:<58.161561624584515> Truck:[XHTruck1] Arrived at NorthPitMine-DumpSite1 at 58.161561624584515
2025-09-11 21:15:34,327 [DEBUG] Truck: Time:<58.561177519205295> Truck:[CLTruck23] Arrived at NorthPitMine-DumpSite5 at 58.561177519205295
2025-09-11 21:15:34,327 [INFO] Truck: Time:<58.608938422266036> Truck:[XHTruck18] Finish unloading at dumper NorthPitMine-DumpSite1-点位0, dumper tons is 402.89315647897354
2025-09-11 21:15:34,328 [DEBUG] Truck: Time:<58.608938422266036> Truck:[XHTruck18] Start moving to ORDER(2):NorthPitMine-LoadSite3, move distance is 4.440929347239436, speed: 25
2025-09-11 21:15:34,328 [INFO] Truck: Time:<54> Truck:[XHTruck18] breakdown for 9.77751929529995 minutes at 54
2025-09-11 21:15:34,328 [INFO] Truck: Time:<58.70678583043343> Truck:[XHTruck10] Finish unloading at dumper NorthPitMine-DumpSite1-点位1, dumper tons is 251.58176634074943
2025-09-11 21:15:34,330 [DEBUG] Truck: Time:<58.70678583043343> Truck:[XHTruck10] Start moving to ORDER(2):NorthPitMine-LoadSite3, move distance is 4.144707354135472, speed: 25
2025-09-11 21:15:34,330 [INFO] Truck: Time:<58.70678583043343> Truck:[XHTruck10] is facing 4.720973778457051 mins delay caused by 1 pre-existing jam events on Road from NorthPitMine-DumpSite1 to NorthPitMine-LoadSite3
2025-09-11 21:15:34,330 [DEBUG] Truck: Time:<58.78388078934803> Truck:[XHTruck2] Arrived at NorthPitMine-DumpSite1 at 58.78388078934803
2025-09-11 21:15:34,331 [INFO] Truck: Time:<58.966303693739974> Truck:[CLTruck19] Finish unloading at dumper NorthPitMine-DumpSite5-点位0, dumper tons is 580.8760753297227
2025-09-11 21:15:34,331 [DEBUG] Truck: Time:<58.966303693739974> Truck:[CLTruck19] Start moving to ORDER(3):NorthPitMine-LoadSite4, move distance is 6.355457182911944, speed: 25
2025-09-11 21:15:34,331 [INFO] Truck: Time:<58.966303693739974> Truck:[CLTruck19] is facing 0 mins delay caused by 5 pre-existing jam events on Road from NorthPitMine-DumpSite5 to NorthPitMine-LoadSite4
2025-09-11 21:15:34,335 [INFO] Truck: Time:<59.05197652741023> Truck:[OfficalTruck5] Arrived at NorthPitMine-LoadSite3 at 59.05197652741023
2025-09-11 21:15:34,335 [DEBUG] Truck: Time:<59.13953860928949> Truck:[OfficalTruck9] Arrived at NorthPitMine-DumpSite5 at 59.13953860928949
2025-09-11 21:15:34,336 [INFO] Truck: Time:<59.161561624584515> Truck:[XHTruck1] Finish unloading at dumper NorthPitMine-DumpSite1-点位2, dumper tons is 128.66694808509249
2025-09-11 21:15:34,336 [DEBUG] Truck: Time:<59.161561624584515> Truck:[XHTruck1] Start moving to ORDER(2):NorthPitMine-LoadSite3, move distance is 3.803015753748823, speed: 25
2025-09-11 21:15:34,337 [INFO] Truck: Time:<52> Truck:[XHTruck1] breakdown for 13.326137697557241 minutes at 52
2025-09-11 21:15:34,337 [INFO] Truck: Time:<59.561177519205295> Truck:[CLTruck23] Finish unloading at dumper NorthPitMine-DumpSite5-点位1, dumper tons is 324.4167918678644
2025-09-11 21:15:34,337 [DEBUG] Truck: Time:<59.561177519205295> Truck:[CLTruck23] Start moving to ORDER(3):NorthPitMine-LoadSite4, move distance is 7.572595331096899, speed: 25
2025-09-11 21:15:34,338 [INFO] Truck: Time:<56> Truck:[CLTruck23] breakdown for 11.805948098654085 minutes at 56
2025-09-11 21:15:34,338 [INFO] Truck: Time:<59.78388078934803> Truck:[XHTruck2] Finish unloading at dumper NorthPitMine-DumpSite1-点位0, dumper tons is 459.45323911354717
2025-09-11 21:15:34,338 [DEBUG] Truck: Time:<59.78388078934803> Truck:[XHTruck2] Start moving to ORDER(2):NorthPitMine-LoadSite3, move distance is 4.650687100598269, speed: 25
2025-09-11 21:15:34,338 [INFO] Truck: Time:<44> Truck:[XHTruck2] breakdown for 16.70843462255882 minutes at 44
2025-09-11 21:15:34,343 [INFO] Truck: Time:<60.058455323874725> Truck:[CLTruck29] Arrived at NorthPitMine-LoadSite4 at 60.058455323874725
2025-09-11 21:15:34,343 [INFO] Truck: Time:<60.13953860928949> Truck:[OfficalTruck9] Finish unloading at dumper NorthPitMine-DumpSite5-点位0, dumper tons is 654.2924961891375
2025-09-11 21:15:34,344 [DEBUG] Truck: Time:<60.13953860928949> Truck:[OfficalTruck9] Start moving to ORDER(3):NorthPitMine-LoadSite4, move distance is 7.655343321871942, speed: 25
2025-09-11 21:15:34,344 [INFO] Truck: Time:<56> Truck:[OfficalTruck9] breakdown for 11.658404898586491 minutes at 56
2025-09-11 21:15:34,344 [INFO] Truck: Time:<60.37637370529666> Truck:[XHTruck32] is facing 0 mins delay caused by 4 pre-existing jam events on Road from NorthPitMine-LoadSite5 to NorthPitMine-DumpSite1
2025-09-11 21:15:34,345 [INFO] Truck: Time:<60.54256898901825> Truck:[CLTruck1] Arrived at NorthPitMine-LoadSite4 at 60.54256898901825
2025-09-11 21:15:34,345 [INFO] Truck: Time:<60.63074751968578> Truck:[CLTruck6] Arrived at NorthPitMine-LoadSite4 at 60.63074751968578
2025-09-11 21:15:34,345 [INFO] Truck: Time:<60.97955555555556> Truck:[XHTruck8] Finish loading at shovel NorthPitMine-LoadSite4-Shovel-2
2025-09-11 21:15:34,345 [INFO] Truck: Time:<60.97955555555556> Truck:[XHTruck12] Finish loading at shovel NorthPitMine-LoadSite4-Shovel-3
2025-09-11 21:15:34,345 [INFO] Truck: Time:<60.97955555555556> Truck:[XHTruck17] Finish loading at shovel NorthPitMine-LoadSite4-Shovel-4
2025-09-11 21:15:34,345 [INFO] Truck: Time:<60.97955555555556> Truck:[XHTruck22] Finish loading at shovel NorthPitMine-LoadSite4-Shovel-5
2025-09-11 21:15:34,346 [DEBUG] Truck: Time:<60.97955555555556> Truck:[XHTruck8] Start moving to ORDER(1): NorthPitMine-DumpSite2, move distance is 1.4986972941824381, speed: 25
2025-09-11 21:15:34,346 [INFO] Truck: Time:<53> Truck:[XHTruck8] breakdown for 7.118189594943458 minutes at 53
2025-09-11 21:15:34,346 [DEBUG] Truck: Time:<60.97955555555556> Truck:[XHTruck12] Start moving to ORDER(1): NorthPitMine-DumpSite2, move distance is 1.461593171119463, speed: 25
2025-09-11 21:15:34,347 [INFO] Truck: Time:<53> Truck:[XHTruck12] breakdown for 13.375682339605667 minutes at 53
2025-09-11 21:15:34,347 [DEBUG] Truck: Time:<60.97955555555556> Truck:[XHTruck17] Start moving to ORDER(1): NorthPitMine-DumpSite2, move distance is 1.5840529998046973, speed: 25
2025-09-11 21:15:34,347 [INFO] Truck: Time:<52> Truck:[XHTruck17] breakdown for 14.809569900559342 minutes at 52
2025-09-11 21:15:34,347 [DEBUG] Truck: Time:<60.97955555555556> Truck:[XHTruck22] Start moving to ORDER(1): NorthPitMine-DumpSite2, move distance is 1.6083377944008996, speed: 25
2025-09-11 21:15:34,347 [INFO] Truck: Time:<59> Truck:[XHTruck22] breakdown for 9.0480684773333 minutes at 59
2025-09-11 21:15:34,348 [INFO] Truck: Time:<60.97955555555556> Truck:[XHTruck30] Start loading at shovel NorthPitMine-LoadSite4-Shovel-2, load time is 24.444444444444443
2025-09-11 21:15:34,348 [INFO] Truck: Time:<60.97955555555556> Truck:[XHTruck3] Start loading at shovel NorthPitMine-LoadSite4-Shovel-3, load time is 24.444444444444443
2025-09-11 21:15:34,348 [INFO] Truck: Time:<60.97955555555556> Truck:[CLTruck8] Start loading at shovel NorthPitMine-LoadSite4-Shovel-4, load time is 15.555555555555555
2025-09-11 21:15:34,348 [INFO] Truck: Time:<60.97955555555556> Truck:[CLTruck13] Start loading at shovel NorthPitMine-LoadSite4-Shovel-5, load time is 15.555555555555555
2025-09-11 21:15:34,348 [DEBUG] Truck: Time:<60.996671168632545> Truck:[XHTruck6] Arrived at NorthPitMine-DumpSite1 at 60.996671168632545
2025-09-11 21:15:34,349 [INFO] Truck: Time:<61.31493628656922> Truck:[CLTruck24] is facing 0 mins delay caused by 1 pre-existing jam events on Road from NorthPitMine-DumpSite2 to NorthPitMine-LoadSite3
2025-09-11 21:15:34,349 [INFO] Truck: Time:<61.84121475004737> Truck:[CLTruck22] is facing 2.1558053129617725 mins delay caused by 2 pre-existing jam events on Road from NorthPitMine-DumpSite1 to NorthPitMine-LoadSite3
2025-09-11 21:15:34,349 [INFO] Truck: Time:<61.996671168632545> Truck:[XHTruck6] Finish unloading at dumper NorthPitMine-DumpSite1-点位0, dumper tons is 513.7151608591772
2025-09-11 21:15:34,349 [DEBUG] Truck: Time:<61.996671168632545> Truck:[XHTruck6] Start moving to ORDER(2):NorthPitMine-LoadSite3, move distance is 4.426161980809525, speed: 25
2025-09-11 21:15:34,349 [INFO] Truck: Time:<53> Truck:[XHTruck6] breakdown for 10.991177195721049 minutes at 53
2025-09-11 21:15:34,354 [INFO] Truck: Time:<62.46684418352466> Truck:[CLTruck3] Arrived at NorthPitMine-LoadSite5 at 62.46684418352466
2025-09-11 21:15:34,354 [INFO] Truck: Time:<62.46684418352466> Truck:[CLTruck3] Start loading at shovel NorthPitMine-LoadSite5-Shovel-1, load time is 2.5836614173228347
2025-09-11 21:15:34,354 [DEBUG] Truck: Time:<62.51508895777271> Truck:[CLTruck14] Arrived at NorthPitMine-DumpSite5 at 62.51508895777271
2025-09-11 21:15:34,356 [DEBUG] Truck: Time:<63.16057739407212> Truck:[CLTruck16] Arrived at NorthPitMine-DumpSite5 at 63.16057739407212
2025-09-11 21:15:34,356 [INFO] Truck: Time:<63.51508895777271> Truck:[CLTruck14] Finish unloading at dumper NorthPitMine-DumpSite5-点位0, dumper tons is 690.0827156049749
2025-09-11 21:15:34,358 [DEBUG] Truck: Time:<63.51508895777271> Truck:[CLTruck14] Start moving to ORDER(3):NorthPitMine-LoadSite4, move distance is 6.320241715936217, speed: 25
2025-09-11 21:15:34,358 [INFO] Truck: Time:<63.51508895777271> Truck:[CLTruck14] is facing 0 mins delay caused by 2 pre-existing jam events on Road from NorthPitMine-DumpSite5 to NorthPitMine-LoadSite4
2025-09-11 21:15:34,358 [INFO] Truck: Time:<64.10430094123222> Truck:[XHTruck13] is facing 0 mins delay caused by 2 pre-existing jam events on Road from NorthPitMine-DumpSite1 to NorthPitMine-LoadSite3
2025-09-11 21:15:34,361 [INFO] Truck: Time:<64.16057739407212> Truck:[CLTruck16] Finish unloading at dumper NorthPitMine-DumpSite5-点位1, dumper tons is 362.7258912155151
2025-09-11 21:15:34,361 [DEBUG] Truck: Time:<64.16057739407212> Truck:[CLTruck16] Start moving to ORDER(3):NorthPitMine-LoadSite4, move distance is 7.873484805170745, speed: 25
2025-09-11 21:15:34,361 [INFO] Truck: Time:<64> Truck:[CLTruck16] breakdown for 8.790293436755592 minutes at 64
2025-09-11 21:15:34,362 [DEBUG] Truck: Time:<64.52428041804416> Truck:[XHTruck20] Arrived at NorthPitMine-DumpSite1 at 64.52428041804416
2025-09-11 21:15:34,362 [INFO] Truck: Time:<64.61357352529264> Truck:[CLTruck9] Arrived at NorthPitMine-LoadSite4 at 64.61357352529264
2025-09-11 21:15:34,362 [INFO] Truck: Time:<64.90707048064986> Truck:[CLTruck12] Arrived at NorthPitMine-LoadSite4 at 64.90707048064986
2025-09-11 21:15:34,365 [INFO] Truck: Time:<65.05050560084749> Truck:[CLTruck3] Finish loading at shovel NorthPitMine-LoadSite5-Shovel-1
2025-09-11 21:15:34,365 [DEBUG] Truck: Time:<65.05050560084749> Truck:[CLTruck3] Start moving to ORDER(0): NorthPitMine-DumpSite1, move distance is 6.7428347551127255, speed: 25
2025-09-11 21:15:34,366 [INFO] Truck: Time:<53> Truck:[CLTruck3] breakdown for 8.680141272374367 minutes at 53
2025-09-11 21:15:34,366 [INFO] Truck: Time:<65.52428041804416> Truck:[XHTruck20] Finish unloading at dumper NorthPitMine-DumpSite1-点位0, dumper tons is 573.7105979901547
2025-09-11 21:15:34,366 [DEBUG] Truck: Time:<65.52428041804416> Truck:[XHTruck20] Start moving to ORDER(2):NorthPitMine-LoadSite3, move distance is 3.9926094668866954, speed: 25
2025-09-11 21:15:34,366 [INFO] Truck: Time:<53> Truck:[XHTruck20] breakdown for 18.043865357915436 minutes at 53
2025-09-11 21:15:34,367 [INFO] Truck: Time:<65.87555555555555> Truck:[XHTruck7] Finish loading at shovel NorthPitMine-LoadSite2-Shovel-2
2025-09-11 21:15:34,367 [INFO] Truck: Time:<65.87555555555555> Truck:[XHTruck11] Finish loading at shovel NorthPitMine-LoadSite2-Shovel-3
2025-09-11 21:15:34,367 [INFO] Truck: Time:<65.87555555555555> Truck:[XHTruck16] Finish loading at shovel NorthPitMine-LoadSite2-Shovel-4
2025-09-11 21:15:34,367 [INFO] Truck: Time:<65.87555555555555> Truck:[XHTruck21] Finish loading at shovel NorthPitMine-LoadSite2-Shovel-5
2025-09-11 21:15:34,367 [DEBUG] Truck: Time:<65.87555555555555> Truck:[XHTruck7] Start moving to ORDER(4): NorthPitMine-DumpSite5, move distance is 4.6294785850413644, speed: 25
2025-09-11 21:15:34,367 [INFO] Truck: Time:<35> Truck:[XHTruck7] breakdown for 11.067441979277834 minutes at 35
2025-09-11 21:15:34,367 [DEBUG] Truck: Time:<65.87555555555555> Truck:[XHTruck11] Start moving to ORDER(4): NorthPitMine-DumpSite5, move distance is 4.587845866968648, speed: 25
2025-09-11 21:15:34,367 [INFO] Truck: Time:<32> Truck:[XHTruck11] breakdown for 1.3443692729493275 minutes at 32
2025-09-11 21:15:34,367 [DEBUG] Truck: Time:<65.87555555555555> Truck:[XHTruck16] Start moving to ORDER(4): NorthPitMine-DumpSite5, move distance is 4.223766537381005, speed: 25
2025-09-11 21:15:34,367 [INFO] Truck: Time:<65> Truck:[XHTruck16] breakdown for 11.55117419617351 minutes at 65
2025-09-11 21:15:34,367 [DEBUG] Truck: Time:<65.87555555555555> Truck:[XHTruck21] Start moving to ORDER(4): NorthPitMine-DumpSite5, move distance is 4.48828743798358, speed: 25
2025-09-11 21:15:34,367 [INFO] Truck: Time:<55> Truck:[XHTruck21] breakdown for 5.784204185823718 minutes at 55
2025-09-11 21:15:34,371 [INFO] Truck: Time:<65.87555555555555> Truck:[XHTruck29] Start loading at shovel NorthPitMine-LoadSite2-Shovel-2, load time is 24.444444444444443
2025-09-11 21:15:34,372 [INFO] Truck: Time:<66.17874108667095> Truck:[OfficalTruck8] Arrived at NorthPitMine-LoadSite4 at 66.17874108667095
2025-09-11 21:15:34,372 [INFO] Truck: Time:<66.4597090356416> Truck:[CLTruck20] Arrived at NorthPitMine-LoadSite3 at 66.4597090356416
2025-09-11 21:15:34,376 [INFO] Truck: Time:<67.51814076381991> Truck:[XHTruck14] is facing 7.170592828386111 mins delay caused by 2 pre-existing jam events on Road from NorthPitMine-DumpSite5 to NorthPitMine-LoadSite4
2025-09-11 21:15:34,376 [INFO] Truck: Time:<67.70394654563354> Truck:[XHTruck25] Arrived at NorthPitMine-LoadSite4 at 67.70394654563354
2025-09-11 21:15:34,380 [INFO] Truck: Time:<68.22913491007233> Truck:[CLTruck7] Arrived at NorthPitMine-LoadSite3 at 68.22913491007233
2025-09-11 21:15:34,380 [INFO] Truck: Time:<68.38645771756599> Truck:[XHTruck18] is facing 3.7067076027459516 mins delay caused by 1 pre-existing jam events on Road from NorthPitMine-DumpSite1 to NorthPitMine-LoadSite3
2025-09-11 21:15:34,382 [INFO] Truck: Time:<69.54012012192811> Truck:[CLTruck11] Arrived at NorthPitMine-LoadSite4 at 69.54012012192811
2025-09-11 21:15:34,382 [INFO] Truck: Time:<69.72865208393114> Truck:[CLTruck17] Arrived at NorthPitMine-LoadSite3 at 69.72865208393114
2025-09-11 21:15:34,384 [DEBUG] Truck: Time:<70.14703989494456> Truck:[XHTruck28] Arrived at NorthPitMine-DumpSite1 at 70.14703989494456
2025-09-11 21:15:34,384 [INFO] Truck: Time:<70.82319393876384> Truck:[CLTruck18] Arrived at NorthPitMine-LoadSite3 at 70.82319393876384
2025-09-11 21:15:34,387 [INFO] Truck: Time:<71.14703989494456> Truck:[XHTruck28] Finish unloading at dumper NorthPitMine-DumpSite1-点位0, dumper tons is 624.2829451577036
2025-09-11 21:15:34,387 [DEBUG] Truck: Time:<71.14703989494456> Truck:[XHTruck28] Start moving to ORDER(2):NorthPitMine-LoadSite3, move distance is 4.096804585949853, speed: 25
2025-09-11 21:15:34,387 [INFO] Truck: Time:<62> Truck:[XHTruck28] breakdown for 10.373848672931267 minutes at 62
2025-09-11 21:15:34,388 [INFO] Truck: Time:<71.36712561785939> Truck:[CLTruck23] is facing 3.377924723388201 mins delay caused by 4 pre-existing jam events on Road from NorthPitMine-DumpSite5 to NorthPitMine-LoadSite4
2025-09-11 21:15:34,388 [INFO] Truck: Time:<71.51138806269728> Truck:[CLTruck24] Arrived at NorthPitMine-LoadSite3 at 71.51138806269728
2025-09-11 21:15:34,388 [DEBUG] Truck: Time:<71.69461865653686> Truck:[XHTruck8] Arrived at NorthPitMine-DumpSite2 at 71.69461865653686
2025-09-11 21:15:34,388 [INFO] Truck: Time:<71.79794350787598> Truck:[OfficalTruck9] is facing 2.8409508524133464 mins delay caused by 4 pre-existing jam events on Road from NorthPitMine-DumpSite5 to NorthPitMine-LoadSite4
2025-09-11 21:15:34,390 [DEBUG] Truck: Time:<72.0185903751216> Truck:[CLTruck21] Arrived at NorthPitMine-DumpSite5 at 72.0185903751216
2025-09-11 21:15:34,390 [INFO] Truck: Time:<72.48769932214175> Truck:[XHTruck1] is facing 0.34567564539173024 mins delay caused by 1 pre-existing jam events on Road from NorthPitMine-DumpSite1 to NorthPitMine-LoadSite3
2025-09-11 21:15:34,390 [INFO] Truck: Time:<72.69461865653686> Truck:[XHTruck8] Finish unloading at dumper NorthPitMine-DumpSite2-点位0, dumper tons is 479.22233213989136
2025-09-11 21:15:34,391 [DEBUG] Truck: Time:<72.69461865653686> Truck:[XHTruck8] Start moving to ORDER(2):NorthPitMine-LoadSite3, move distance is 4.892638390827757, speed: 25
2025-09-11 21:15:34,391 [INFO] Truck: Time:<72.69461865653686> Truck:[XHTruck8] is facing 0 mins delay caused by 1 pre-existing jam events on Road from NorthPitMine-DumpSite2 to NorthPitMine-LoadSite3
2025-09-11 21:15:34,392 [INFO] Truck: Time:<72.95087083082771> Truck:[CLTruck16] is facing 1.4081735544909062 mins delay caused by 4 pre-existing jam events on Road from NorthPitMine-DumpSite5 to NorthPitMine-LoadSite4
2025-09-11 21:15:34,392 [INFO] Truck: Time:<72.9878483643536> Truck:[XHTruck6] is facing 0 mins delay caused by 1 pre-existing jam events on Road from NorthPitMine-DumpSite1 to NorthPitMine-LoadSite3
2025-09-11 21:15:34,393 [INFO] Truck: Time:<73.0185903751216> Truck:[CLTruck21] Finish unloading at dumper NorthPitMine-DumpSite5-点位0, dumper tons is 723.067290520791
2025-09-11 21:15:34,393 [DEBUG] Truck: Time:<73.0185903751216> Truck:[CLTruck21] Start moving to ORDER(3):NorthPitMine-LoadSite4, move distance is 7.143210437625129, speed: 25
2025-09-11 21:15:34,393 [INFO] Truck: Time:<73.0185903751216> Truck:[CLTruck21] is facing 2.277310496129406 mins delay caused by 4 pre-existing jam events on Road from NorthPitMine-DumpSite5 to NorthPitMine-LoadSite4
2025-09-11 21:15:34,393 [DEBUG] Truck: Time:<73.07009179531047> Truck:[XHTruck24] Arrived at NorthPitMine-DumpSite1 at 73.07009179531047
2025-09-11 21:15:34,393 [INFO] Truck: Time:<73.37505725881562> Truck:[XHTruck10] Arrived at NorthPitMine-LoadSite3 at 73.37505725881562
2025-09-11 21:15:34,395 [DEBUG] Truck: Time:<73.50163380685352> Truck:[CLTruck26] Arrived at NorthPitMine-DumpSite5 at 73.50163380685352
2025-09-11 21:15:34,395 [INFO] Truck: Time:<73.73064687322186> Truck:[CLTruck3] is facing 0 mins delay caused by 2 pre-existing jam events on Road from NorthPitMine-LoadSite5 to NorthPitMine-DumpSite1
2025-09-11 21:15:34,395 [INFO] Truck: Time:<73.75071288490082> Truck:[XHTruck23] Arrived at NorthPitMine-LoadSite4 at 73.75071288490082
2025-09-11 21:15:34,395 [INFO] Truck: Time:<73.76846539436578> Truck:[XHTruck13] Arrived at NorthPitMine-LoadSite3 at 73.76846539436578
2025-09-11 21:15:34,395 [INFO] Truck: Time:<73.8137739086236> Truck:[CLTruck22] Arrived at NorthPitMine-LoadSite3 at 73.8137739086236
2025-09-11 21:15:34,395 [DEBUG] Truck: Time:<73.88763473945102> Truck:[XHTruck22] Arrived at NorthPitMine-DumpSite2 at 73.88763473945102
2025-09-11 21:15:34,395 [INFO] Truck: Time:<73.96873860341879> Truck:[CLTruck10] Arrived at NorthPitMine-LoadSite4 at 73.96873860341879
2025-09-11 21:15:34,398 [INFO] Truck: Time:<74.07009179531047> Truck:[XHTruck24] Finish unloading at dumper NorthPitMine-DumpSite1-点位0, dumper tons is 683.9534425769198
2025-09-11 21:15:34,398 [DEBUG] Truck: Time:<74.07009179531047> Truck:[XHTruck24] Start moving to ORDER(2):NorthPitMine-LoadSite3, move distance is 3.541245953464294, speed: 25
2025-09-11 21:15:34,398 [INFO] Truck: Time:<68> Truck:[XHTruck24] breakdown for 11.099036351018425 minutes at 68
2025-09-11 21:15:34,399 [DEBUG] Truck: Time:<74.1775567699342> Truck:[XHTruck33] Arrived at NorthPitMine-DumpSite5 at 74.1775567699342
2025-09-11 21:15:34,399 [INFO] Truck: Time:<74.21940093272863> Truck:[CLTruck19] Arrived at NorthPitMine-LoadSite4 at 74.21940093272863
2025-09-11 21:15:34,399 [INFO] Truck: Time:<74.50163380685352> Truck:[CLTruck26] Finish unloading at dumper NorthPitMine-DumpSite5-点位0, dumper tons is 759.5297829533481
2025-09-11 21:15:34,400 [DEBUG] Truck: Time:<74.50163380685352> Truck:[CLTruck26] Start moving to ORDER(3):NorthPitMine-LoadSite4, move distance is 7.197648453692098, speed: 25
2025-09-11 21:15:34,400 [INFO] Truck: Time:<72> Truck:[CLTruck26] breakdown for 4.451652179477704 minutes at 72
2025-09-11 21:15:34,400 [INFO] Truck: Time:<74.78240613192843> Truck:[XHTruck19] Arrived at NorthPitMine-LoadSite4 at 74.78240613192843
2025-09-11 21:15:34,400 [INFO] Truck: Time:<74.80682057245298> Truck:[CLTruck27] Arrived at NorthPitMine-LoadSite4 at 74.80682057245298
2025-09-11 21:15:34,400 [INFO] Truck: Time:<74.88763473945102> Truck:[XHTruck22] Finish unloading at dumper NorthPitMine-DumpSite2-点位0, dumper tons is 533.8189840765223
2025-09-11 21:15:34,401 [DEBUG] Truck: Time:<74.88763473945102> Truck:[XHTruck22] Start moving to ORDER(2):NorthPitMine-LoadSite3, move distance is 4.83138916149249, speed: 25
2025-09-11 21:15:34,401 [INFO] Truck: Time:<74.88763473945102> Truck:[XHTruck22] is facing 0 mins delay caused by 1 pre-existing jam events on Road from NorthPitMine-DumpSite2 to NorthPitMine-LoadSite3
2025-09-11 21:15:34,402 [INFO] Truck: Time:<75.1775567699342> Truck:[XHTruck33] Finish unloading at dumper NorthPitMine-DumpSite5-点位1, dumper tons is 416.8581405570978
2025-09-11 21:15:34,403 [DEBUG] Truck: Time:<75.1775567699342> Truck:[XHTruck33] Start moving to ORDER(3):NorthPitMine-LoadSite4, move distance is 7.917590768510551, speed: 25
2025-09-11 21:15:34,403 [INFO] Truck: Time:<75.1775567699342> Truck:[XHTruck33] is facing 0 mins delay caused by 4 pre-existing jam events on Road from NorthPitMine-DumpSite5 to NorthPitMine-LoadSite4
2025-09-11 21:15:34,403 [DEBUG] Truck: Time:<75.84673359524288> Truck:[XHTruck4] Arrived at NorthPitMine-DumpSite1 at 75.84673359524288
2025-09-11 21:15:34,405 [INFO] Truck: Time:<76.49231541190684> Truck:[XHTruck2] is facing 0 mins delay caused by 1 pre-existing jam events on Road from NorthPitMine-DumpSite1 to NorthPitMine-LoadSite3
2025-09-11 21:15:34,405 [INFO] Truck: Time:<76.5351111111111> Truck:[CLTruck8] Finish loading at shovel NorthPitMine-LoadSite4-Shovel-4
2025-09-11 21:15:34,405 [INFO] Truck: Time:<76.5351111111111> Truck:[CLTruck13] Finish loading at shovel NorthPitMine-LoadSite4-Shovel-5
2025-09-11 21:15:34,407 [DEBUG] Truck: Time:<76.5351111111111> Truck:[CLTruck8] Start moving to ORDER(1): NorthPitMine-DumpSite2, move distance is 1.17, speed: 25
2025-09-11 21:15:34,407 [INFO] Truck: Time:<53> Truck:[CLTruck8] breakdown for 5.0119027979151785 minutes at 53
2025-09-11 21:15:34,407 [DEBUG] Truck: Time:<76.5351111111111> Truck:[CLTruck13] Start moving to ORDER(1): NorthPitMine-DumpSite2, move distance is 1.17, speed: 25
2025-09-11 21:15:34,407 [INFO] Truck: Time:<76.5351111111111> Truck:[CLTruck1] Start loading at shovel NorthPitMine-LoadSite4-Shovel-4, load time is 15.555555555555555
2025-09-11 21:15:34,408 [INFO] Truck: Time:<76.5351111111111> Truck:[CLTruck6] Start loading at shovel NorthPitMine-LoadSite4-Shovel-5, load time is 15.555555555555555
2025-09-11 21:15:34,408 [INFO] Truck: Time:<76.84673359524288> Truck:[XHTruck4] Finish unloading at dumper NorthPitMine-DumpSite1-点位0, dumper tons is 733.5833053710616
2025-09-11 21:15:34,408 [DEBUG] Truck: Time:<76.84673359524288> Truck:[XHTruck4] Start moving to ORDER(2):NorthPitMine-LoadSite3, move distance is 4.310629053629719, speed: 25
2025-09-11 21:15:34,408 [INFO] Truck: Time:<65> Truck:[XHTruck4] breakdown for 3.003041231234527 minutes at 65
2025-09-11 21:15:34,411 [DEBUG] Truck: Time:<77.86306150584794> Truck:[XHTruck12] Arrived at NorthPitMine-DumpSite2 at 77.86306150584794
2025-09-11 21:15:34,414 [DEBUG] Truck: Time:<78.01522465944274> Truck:[XHTruck32] Arrived at NorthPitMine-DumpSite1 at 78.01522465944274
2025-09-11 21:15:34,414 [DEBUG] Truck: Time:<78.23075490922963> Truck:[XHTruck11] Arrived at NorthPitMine-DumpSite5 at 78.23075490922963
2025-09-11 21:15:34,414 [INFO] Truck: Time:<78.68366907601964> Truck:[CLTruck14] Arrived at NorthPitMine-LoadSite4 at 78.68366907601964
2025-09-11 21:15:34,414 [INFO] Truck: Time:<78.86306150584794> Truck:[XHTruck12] Finish unloading at dumper NorthPitMine-DumpSite2-点位0, dumper tons is 584.530327628186
2025-09-11 21:15:34,415 [DEBUG] Truck: Time:<78.86306150584794> Truck:[XHTruck12] Start moving to ORDER(2):NorthPitMine-LoadSite3, move distance is 4.511345442768935, speed: 25
2025-09-11 21:15:34,415 [INFO] Truck: Time:<78.95328598633122> Truck:[CLTruck26] is facing 0 mins delay caused by 3 pre-existing jam events on Road from NorthPitMine-DumpSite5 to NorthPitMine-LoadSite4
2025-09-11 21:15:34,417 [INFO] Truck: Time:<79.01522465944274> Truck:[XHTruck32] Finish unloading at dumper NorthPitMine-DumpSite1-点位0, dumper tons is 788.8729374421837
2025-09-11 21:15:34,417 [DEBUG] Truck: Time:<79.01522465944274> Truck:[XHTruck32] Start moving to ORDER(2):NorthPitMine-LoadSite3, move distance is 4.063653922789713, speed: 25
2025-09-11 21:15:34,417 [INFO] Truck: Time:<77> Truck:[XHTruck32] breakdown for 6.892067836886383 minutes at 77
2025-09-11 21:15:34,417 [INFO] Truck: Time:<79.23075490922963> Truck:[XHTruck11] Finish unloading at dumper NorthPitMine-DumpSite5-点位0, dumper tons is 814.5933012183617
2025-09-11 21:15:34,418 [DEBUG] Truck: Time:<79.23075490922963> Truck:[XHTruck11] Start moving to ORDER(3):NorthPitMine-LoadSite4, move distance is 7.086709273559283, speed: 25
2025-09-11 21:15:34,418 [INFO] Truck: Time:<79.23075490922963> Truck:[XHTruck11] is facing 0 mins delay caused by 3 pre-existing jam events on Road from NorthPitMine-DumpSite5 to NorthPitMine-LoadSite4
2025-09-11 21:15:34,419 [DEBUG] Truck: Time:<79.34311111111111> Truck:[CLTruck13] Arrived at NorthPitMine-DumpSite2 at 79.34311111111111
2025-09-11 21:15:34,419 [DEBUG] Truck: Time:<79.59085265564617> Truck:[XHTruck17] Arrived at NorthPitMine-DumpSite2 at 79.59085265564617
2025-09-11 21:15:34,420 [INFO] Truck: Time:<80.34311111111111> Truck:[CLTruck13] Finish unloading at dumper NorthPitMine-DumpSite2-点位0, dumper tons is 620.7540240771455
2025-09-11 21:15:34,422 [DEBUG] Truck: Time:<80.34311111111111> Truck:[CLTruck13] Start moving to ORDER(2):NorthPitMine-LoadSite3, move distance is 5.059207084724308, speed: 25
2025-09-11 21:15:34,422 [INFO] Truck: Time:<79> Truck:[CLTruck13] breakdown for 7.32298873714339 minutes at 79
2025-09-11 21:15:34,422 [INFO] Truck: Time:<80.59085265564617> Truck:[XHTruck17] Finish unloading at dumper NorthPitMine-DumpSite2-点位1, dumper tons is 95.15918495280673
2025-09-11 21:15:34,422 [DEBUG] Truck: Time:<80.59085265564617> Truck:[XHTruck17] Start moving to ORDER(2):NorthPitMine-LoadSite3, move distance is 5.152171281174732, speed: 25
2025-09-11 21:15:34,422 [INFO] Truck: Time:<77> Truck:[XHTruck17] breakdown for 9.915576026805049 minutes at 77
2025-09-11 21:15:34,426 [INFO] Truck: Time:<81.52088856787583> Truck:[XHTruck28] is facing 2.2935981345206526 mins delay caused by 1 pre-existing jam events on Road from NorthPitMine-DumpSite1 to NorthPitMine-LoadSite3
2025-09-11 21:15:34,426 [INFO] Truck: Time:<81.75822222222223> Truck:[XHTruck9] Finish loading at shovel NorthPitMine-LoadSite3-Shovel-2
2025-09-11 21:15:34,427 [INFO] Truck: Time:<81.75822222222223> Truck:[XHTruck15] Finish loading at shovel NorthPitMine-LoadSite3-Shovel-3
2025-09-11 21:15:34,427 [INFO] Road: [RoadEvent] Road from NorthPitMine-LoadSite3 to NorthPitMine-DumpSite5 is in repair，the repair will last for 47.44 mins, and will end at 129.20, vehicle on this road will have to suffer punish_distance.
2025-09-11 21:15:34,427 [DEBUG] Truck: Time:<81.75822222222223> Truck:[XHTruck9] Start moving to ORDER(4): NorthPitMine-DumpSite5, move distance is 2.4435811891189116, speed: 25
2025-09-11 21:15:34,428 [INFO] Truck: Time:<71> Truck:[XHTruck9] breakdown for 13.894464511912409 minutes at 71
2025-09-11 21:15:34,428 [DEBUG] Truck: Time:<81.75822222222223> Truck:[XHTruck15] Start moving to ORDER(4): NorthPitMine-DumpSite5, move distance is 2.58130815044249, speed: 25
2025-09-11 21:15:34,428 [INFO] Truck: Time:<38> Truck:[XHTruck15] breakdown for 9.30648817984227 minutes at 38
2025-09-11 21:15:34,428 [INFO] Truck: Time:<81.75822222222223> Truck:[XHTruck27] Start loading at shovel NorthPitMine-LoadSite3-Shovel-2, load time is 24.444444444444443
2025-09-11 21:15:34,428 [INFO] Truck: Time:<81.75822222222223> Truck:[XHTruck31] Start loading at shovel NorthPitMine-LoadSite3-Shovel-3, load time is 24.444444444444443
2025-09-11 21:15:34,428 [INFO] Truck: Time:<81.96061277653065> Truck:[XHTruck1] Arrived at NorthPitMine-LoadSite3 at 81.96061277653065
2025-09-11 21:15:34,431 [DEBUG] Truck: Time:<82.43164959253987> Truck:[XHTruck21] Arrived at NorthPitMine-DumpSite5 at 82.43164959253987
2025-09-11 21:15:34,431 [INFO] Truck: Time:<82.75139575368658> Truck:[XHTruck18] Arrived at NorthPitMine-LoadSite3 at 82.75139575368658
2025-09-11 21:15:34,433 [INFO] Truck: Time:<83.43164959253987> Truck:[XHTruck21] Finish unloading at dumper NorthPitMine-DumpSite5-点位0, dumper tons is 867.5708231834417
2025-09-11 21:15:34,433 [DEBUG] Truck: Time:<83.43164959253987> Truck:[XHTruck21] Start moving to ORDER(3):NorthPitMine-LoadSite4, move distance is 7.319706239907022, speed: 25
2025-09-11 21:15:34,433 [INFO] Truck: Time:<83.43164959253987> Truck:[XHTruck21] is facing 0 mins delay caused by 3 pre-existing jam events on Road from NorthPitMine-DumpSite5 to NorthPitMine-LoadSite4
2025-09-11 21:15:34,433 [INFO] Truck: Time:<83.5681457759596> Truck:[XHTruck20] is facing 3.1621632499419547 mins delay caused by 2 pre-existing jam events on Road from NorthPitMine-DumpSite1 to NorthPitMine-LoadSite3
2025-09-11 21:15:34,433 [INFO] Truck: Time:<83.61063711829645> Truck:[XHTruck6] Arrived at NorthPitMine-LoadSite3 at 83.61063711829645
2025-09-11 21:15:34,436 [INFO] Truck: Time:<84.27170970672194> Shovel NorthPitMine-LoadSite4-Shovel-1 maintenance completed
2025-09-11 21:15:34,436 [DEBUG] Truck: Time:<84.27170970672194> Truck:[CLTruck15] Start moving to ORDER(1): NorthPitMine-DumpSite2, move distance is 1.17, speed: 25
2025-09-11 21:15:34,436 [INFO] Truck: Time:<73> Truck:[CLTruck15] breakdown for 3.1392269727370117 minutes at 73
2025-09-11 21:15:34,437 [INFO] Truck: Time:<84.27170970672194> Truck:[OfficalTruck7] Start loading at shovel NorthPitMine-LoadSite4-Shovel-1, load time is 5.684055118110236
2025-09-11 21:15:34,437 [DEBUG] Truck: Time:<84.3550139090263> Truck:[CLTruck8] Arrived at NorthPitMine-DumpSite2 at 84.3550139090263
2025-09-11 21:15:34,437 [INFO] Truck: Time:<84.43695079452348> Truck:[XHTruck8] Arrived at NorthPitMine-LoadSite3 at 84.43695079452348
2025-09-11 21:15:34,440 [INFO] Truck: Time:<85.1691281463289> Truck:[XHTruck24] is facing 2.082683578949643 mins delay caused by 2 pre-existing jam events on Road from NorthPitMine-DumpSite1 to NorthPitMine-LoadSite3
2025-09-11 21:15:34,440 [INFO] Truck: Time:<85.3550139090263> Truck:[CLTruck8] Finish unloading at dumper NorthPitMine-DumpSite2-点位0, dumper tons is 653.9003925567087
2025-09-11 21:15:34,442 [DEBUG] Truck: Time:<85.3550139090263> Truck:[CLTruck8] Start moving to ORDER(2):NorthPitMine-LoadSite3, move distance is 3.41, speed: 25
2025-09-11 21:15:34,442 [INFO] Truck: Time:<82> Truck:[CLTruck8] breakdown for 9.810831591826 minutes at 82
2025-09-11 21:15:34,442 [INFO] Truck: Time:<85.424> Truck:[XHTruck30] Finish loading at shovel NorthPitMine-LoadSite4-Shovel-2
2025-09-11 21:15:34,442 [INFO] Truck: Time:<85.424> Truck:[XHTruck3] Finish loading at shovel NorthPitMine-LoadSite4-Shovel-3
2025-09-11 21:15:34,442 [DEBUG] Truck: Time:<85.424> Truck:[XHTruck30] Start moving to ORDER(1): NorthPitMine-DumpSite2, move distance is 1.17, speed: 25
2025-09-11 21:15:34,442 [INFO] Truck: Time:<65> Truck:[XHTruck30] breakdown for 9.016732140050514 minutes at 65
2025-09-11 21:15:34,442 [DEBUG] Truck: Time:<85.424> Truck:[XHTruck3] Start moving to ORDER(1): NorthPitMine-DumpSite2, move distance is 1.17, speed: 25
2025-09-11 21:15:34,442 [INFO] Truck: Time:<80> Truck:[XHTruck3] breakdown for 7.758740262548933 minutes at 80
2025-09-11 21:15:34,445 [INFO] Truck: Time:<85.424> Truck:[CLTruck28] Start loading at shovel NorthPitMine-LoadSite4-Shovel-2, load time is 15.555555555555555
2025-09-11 21:15:34,445 [INFO] Truck: Time:<85.424> Truck:[CLTruck29] Start loading at shovel NorthPitMine-LoadSite4-Shovel-3, load time is 15.555555555555555
2025-09-11 21:15:34,445 [INFO] Truck: Time:<85.90729249632912> Truck:[XHTruck32] is facing 0.2877804657734444 mins delay caused by 2 pre-existing jam events on Road from NorthPitMine-DumpSite1 to NorthPitMine-LoadSite3
2025-09-11 21:15:34,447 [INFO] Truck: Time:<86.482968727033> Truck:[XHTruck22] Arrived at NorthPitMine-LoadSite3 at 86.482968727033
2025-09-11 21:15:34,449 [DEBUG] Truck: Time:<87.56376944144347> Truck:[XHTruck16] Arrived at NorthPitMine-DumpSite5 at 87.56376944144347
2025-09-11 21:15:34,449 [INFO] Truck: Time:<87.6539644533427> Truck:[XHTruck2] Arrived at NorthPitMine-LoadSite3 at 87.6539644533427
2025-09-11 21:15:34,451 [DEBUG] Truck: Time:<88.05374613893265> Truck:[XHTruck7] Arrived at NorthPitMine-DumpSite5 at 88.05374613893265
2025-09-11 21:15:34,451 [INFO] Truck: Time:<88.56376944144347> Truck:[XHTruck16] Finish unloading at dumper NorthPitMine-DumpSite5-点位0, dumper tons is 918.2566171432629
2025-09-11 21:15:34,451 [DEBUG] Truck: Time:<88.56376944144347> Truck:[XHTruck16] Start moving to ORDER(3):NorthPitMine-LoadSite4, move distance is 7.481730744917249, speed: 25
2025-09-11 21:15:34,451 [INFO] Truck: Time:<88.56376944144347> Truck:[XHTruck16] is facing 0.7275882980751041 mins delay caused by 3 pre-existing jam events on Road from NorthPitMine-DumpSite5 to NorthPitMine-LoadSite4
2025-09-11 21:15:34,451 [INFO] Truck: Time:<89.05374613893265> Truck:[XHTruck7] Finish unloading at dumper NorthPitMine-DumpSite5-点位1, dumper tons is 471.2584410955701
2025-09-11 21:15:34,451 [DEBUG] Truck: Time:<89.05374613893265> Truck:[XHTruck7] Start moving to ORDER(3):NorthPitMine-LoadSite4, move distance is 6.718928458238712, speed: 25
2025-09-11 21:15:34,451 [INFO] Truck: Time:<84> Truck:[XHTruck7] breakdown for 9.020792722043527 minutes at 84
2025-09-11 21:15:34,451 [INFO] Truck: Time:<89.69029056849338> Truck:[XHTruck12] Arrived at NorthPitMine-LoadSite3 at 89.69029056849338
2025-09-11 21:15:34,455 [DEBUG] Truck: Time:<89.9134502854924> Truck:[CLTruck3] Arrived at NorthPitMine-DumpSite1 at 89.9134502854924
2025-09-11 21:15:34,455 [INFO] Truck: Time:<89.95576482483217> Truck:[OfficalTruck7] Finish loading at shovel NorthPitMine-LoadSite4-Shovel-1
2025-09-11 21:15:34,456 [DEBUG] Truck: Time:<89.95576482483217> Truck:[OfficalTruck7] Start moving to ORDER(1): NorthPitMine-DumpSite2, move distance is 1.17, speed: 25
2025-09-11 21:15:34,456 [INFO] Truck: Time:<67> Truck:[OfficalTruck7] breakdown for 12.153276463290954 minutes at 67
2025-09-11 21:15:34,456 [INFO] Truck: Time:<89.95576482483217> Truck:[XHTruck5] Start loading at shovel NorthPitMine-LoadSite4-Shovel-1, load time is 4.060039370078741
2025-09-11 21:15:34,458 [INFO] Truck: Time:<90.19528455518873> Truck:[XHTruck4] Arrived at NorthPitMine-LoadSite3 at 90.19528455518873
2025-09-11 21:15:34,458 [DEBUG] Truck: Time:<90.21893667945895> Truck:[CLTruck15] Arrived at NorthPitMine-DumpSite2 at 90.21893667945895
2025-09-11 21:15:34,458 [INFO] Truck: Time:<90.32> Truck:[XHTruck29] Finish loading at shovel NorthPitMine-LoadSite2-Shovel-2
2025-09-11 21:15:34,459 [DEBUG] Truck: Time:<90.32> Truck:[XHTruck29] Start moving to ORDER(4): NorthPitMine-DumpSite5, move distance is 3.18, speed: 25
2025-09-11 21:15:34,459 [INFO] Truck: Time:<73> Truck:[XHTruck29] breakdown for 8.91343867297734 minutes at 73
2025-09-11 21:15:34,459 [INFO] Truck: Time:<90.9134502854924> Truck:[CLTruck3] Finish unloading at dumper NorthPitMine-DumpSite1-点位0, dumper tons is 825.7088545293186
2025-09-11 21:15:34,460 [DEBUG] Truck: Time:<90.9134502854924> Truck:[CLTruck3] Start moving to ORDER(2):NorthPitMine-LoadSite3, move distance is 3.908503026979749, speed: 25
2025-09-11 21:15:34,460 [INFO] Truck: Time:<90> Truck:[CLTruck3] breakdown for 7.54897010671013 minutes at 90
2025-09-11 21:15:34,461 [INFO] Truck: Time:<91.07147784724467> Shovel NorthPitMine-LoadSite3-Shovel-1 maintenance completed
2025-09-11 21:15:34,462 [DEBUG] Truck: Time:<91.07147784724467> Truck:[XHTruck26] Start moving to ORDER(4): NorthPitMine-DumpSite5, move distance is 2.4525864414903897, speed: 25
2025-09-11 21:15:34,462 [INFO] Truck: Time:<85> Truck:[XHTruck26] breakdown for 6.827612235117461 minutes at 85
2025-09-11 21:15:34,462 [INFO] Truck: Time:<91.07147784724467> Truck:[OfficalTruck1] Start loading at shovel NorthPitMine-LoadSite3-Shovel-1, load time is 5.684055118110236
2025-09-11 21:15:34,462 [INFO] Truck: Time:<91.21893667945895> Truck:[CLTruck15] Finish unloading at dumper NorthPitMine-DumpSite2-点位0, dumper tons is 686.2114555220442
2025-09-11 21:15:34,464 [DEBUG] Truck: Time:<91.21893667945895> Truck:[CLTruck15] Start moving to ORDER(4):NorthPitMine-LoadSite5, move distance is 5.59, speed: 25
2025-09-11 21:15:34,465 [INFO] Truck: Time:<92.09066666666666> Truck:[CLTruck1] Finish loading at shovel NorthPitMine-LoadSite4-Shovel-4
2025-09-11 21:15:34,465 [INFO] Truck: Time:<92.09066666666666> Truck:[CLTruck6] Finish loading at shovel NorthPitMine-LoadSite4-Shovel-5
2025-09-11 21:15:34,465 [DEBUG] Truck: Time:<92.09066666666666> Truck:[CLTruck1] Start moving to ORDER(1): NorthPitMine-DumpSite2, move distance is 1.17, speed: 25
2025-09-11 21:15:34,465 [INFO] Truck: Time:<44> Truck:[CLTruck1] breakdown for 6.789638076456293 minutes at 44
2025-09-11 21:15:34,467 [INFO] Road: [RoadEvent] Road from NorthPitMine-LoadSite4 to NorthPitMine-DumpSite2 is in repair，the repair will last for 51.85 mins, and will end at 143.94, vehicle on this road will have to suffer punish_distance.
2025-09-11 21:15:34,467 [DEBUG] Truck: Time:<92.09066666666666> Truck:[CLTruck6] Start moving to ORDER(1): NorthPitMine-DumpSite2, move distance is 1.610112567002693, speed: 25
2025-09-11 21:15:34,467 [INFO] Truck: Time:<87> Truck:[CLTruck6] breakdown for 4.173120743226555 minutes at 87
2025-09-11 21:15:34,467 [INFO] Truck: Time:<92.09066666666666> Truck:[OfficalTruck8] Start loading at shovel NorthPitMine-LoadSite4-Shovel-4, load time is 34.22222222222222
2025-09-11 21:15:34,467 [INFO] Truck: Time:<92.09066666666666> Truck:[XHTruck25] Start loading at shovel NorthPitMine-LoadSite4-Shovel-5, load time is 24.444444444444443
2025-09-11 21:15:34,467 [INFO] Truck: Time:<92.43960592155132> Truck:[CLTruck21] Arrived at NorthPitMine-LoadSite4 at 92.43960592155132
2025-09-11 21:15:34,467 [INFO] Truck: Time:<92.91927913588015> Truck:[CLTruck23] Arrived at NorthPitMine-LoadSite4 at 92.91927913588015
2025-09-11 21:15:34,467 [INFO] Truck: Time:<92.96831900161858> Truck:[XHTruck14] Arrived at NorthPitMine-LoadSite4 at 92.96831900161858
2025-09-11 21:15:34,469 [INFO] Truck: Time:<93.011718332782> Truck:[OfficalTruck9] Arrived at NorthPitMine-LoadSite4 at 93.011718332782
2025-09-11 21:15:34,471 [INFO] Truck: Time:<93.2554079177284> Truck:[CLTruck16] Arrived at NorthPitMine-LoadSite4 at 93.2554079177284
2025-09-11 21:15:34,471 [INFO] Truck: Time:<93.64681770867612> Truck:[XHTruck28] Arrived at NorthPitMine-LoadSite3 at 93.64681770867612
2025-09-11 21:15:34,472 [INFO] Truck: Time:<94.01580419491091> Truck:[XHTruck5] Finish loading at shovel NorthPitMine-LoadSite4-Shovel-1
2025-09-11 21:15:34,472 [DEBUG] Truck: Time:<94.01580419491091> Truck:[XHTruck5] Start moving to ORDER(1): NorthPitMine-DumpSite2, move distance is 1.6146708024637362, speed: 25
2025-09-11 21:15:34,472 [INFO] Truck: Time:<71> Truck:[XHTruck5] breakdown for 4.8938082885917975 minutes at 71
2025-09-11 21:15:34,472 [INFO] Truck: Time:<94.01580419491091> Truck:[CLTruck11] Start loading at shovel NorthPitMine-LoadSite4-Shovel-1, load time is 2.5836614173228347
2025-09-11 21:15:34,472 [INFO] Truck: Time:<94.17977461435952> Truck:[XHTruck33] Arrived at NorthPitMine-LoadSite4 at 94.17977461435952
2025-09-11 21:15:34,477 [INFO] Truck: Time:<95.75080201359285> Truck:[XHTruck24] Arrived at NorthPitMine-LoadSite3 at 95.75080201359285
2025-09-11 21:15:34,478 [INFO] Truck: Time:<95.94784237679788> Truck:[XHTruck32] Arrived at NorthPitMine-LoadSite3 at 95.94784237679788
2025-09-11 21:15:34,478 [DEBUG] Truck: Time:<95.99074026254894> Truck:[XHTruck3] Arrived at NorthPitMine-DumpSite2 at 95.99074026254894
2025-09-11 21:15:34,479 [INFO] Truck: Time:<96.22764227519227> Truck:[CLTruck26] Arrived at NorthPitMine-LoadSite4 at 96.22764227519227
2025-09-11 21:15:34,480 [INFO] Truck: Time:<96.23885716577192> Truck:[XHTruck11] Arrived at NorthPitMine-LoadSite4 at 96.23885716577192
2025-09-11 21:15:34,480 [INFO] Truck: Time:<96.31257174642961> Truck:[XHTruck20] Arrived at NorthPitMine-LoadSite3 at 96.31257174642961
2025-09-11 21:15:34,480 [INFO] Truck: Time:<96.59946561223374> Truck:[CLTruck11] Finish loading at shovel NorthPitMine-LoadSite4-Shovel-1
2025-09-11 21:15:34,481 [DEBUG] Truck: Time:<96.59946561223374> Truck:[CLTruck11] Start moving to ORDER(1): NorthPitMine-DumpSite2, move distance is 1.4023634743756002, speed: 25
2025-09-11 21:15:34,481 [INFO] Truck: Time:<85> Truck:[CLTruck11] breakdown for 14.403447323883178 minutes at 85
2025-09-11 21:15:34,481 [INFO] Truck: Time:<96.59946561223374> Truck:[CLTruck27] Start loading at shovel NorthPitMine-LoadSite4-Shovel-1, load time is 2.5836614173228347
2025-09-11 21:15:34,481 [INFO] Truck: Time:<96.7555329653549> Truck:[OfficalTruck1] Finish loading at shovel NorthPitMine-LoadSite3-Shovel-1
2025-09-11 21:15:34,482 [DEBUG] Truck: Time:<96.7555329653549> Truck:[OfficalTruck1] Start moving to ORDER(4): NorthPitMine-DumpSite5, move distance is 2.5203357784110967, speed: 25
2025-09-11 21:15:34,482 [INFO] Truck: Time:<80> Truck:[OfficalTruck1] breakdown for 11.374092113108171 minutes at 80
2025-09-11 21:15:34,482 [INFO] Truck: Time:<96.7555329653549> Truck:[CLTruck5] Start loading at shovel NorthPitMine-LoadSite3-Shovel-1, load time is 2.5836614173228347
2025-09-11 21:15:34,482 [INFO] Truck: Time:<96.99074026254894> Truck:[XHTruck3] Finish unloading at dumper NorthPitMine-DumpSite2-点位0, dumper tons is 737.5272830537926
2025-09-11 21:15:34,482 [INFO] Road: [RoadEvent] Road from NorthPitMine-DumpSite2 to NorthPitMine-LoadSite5 is in repair，the repair will last for 51.87 mins, and will end at 148.86, vehicle on this road will have to suffer punish_distance.
2025-09-11 21:15:34,482 [DEBUG] Truck: Time:<96.99074026254894> Truck:[XHTruck3] Start moving to ORDER(4):NorthPitMine-LoadSite5, move distance is 9.228777740683556, speed: 25
2025-09-11 21:15:34,486 [DEBUG] Truck: Time:<97.24873214005052> Truck:[XHTruck30] Arrived at NorthPitMine-DumpSite2 at 97.24873214005052
2025-09-11 21:15:34,486 [DEBUG] Truck: Time:<97.25984996312648> Truck:[XHTruck15] Arrived at NorthPitMine-DumpSite5 at 97.25984996312648
2025-09-11 21:15:34,488 [INFO] Truck: Time:<98.07453886097618> Truck:[XHTruck7] is facing 16.290500890945985 mins delay caused by 3 pre-existing jam events on Road from NorthPitMine-DumpSite5 to NorthPitMine-LoadSite4
2025-09-11 21:15:34,488 [INFO] Truck: Time:<98.24873214005052> Truck:[XHTruck30] Finish unloading at dumper NorthPitMine-DumpSite2-点位0, dumper tons is 796.4379975088709
2025-09-11 21:15:34,489 [DEBUG] Truck: Time:<98.24873214005052> Truck:[XHTruck30] Start moving to ORDER(4):NorthPitMine-LoadSite5, move distance is 8.297873060948888, speed: 25
2025-09-11 21:15:34,489 [INFO] Truck: Time:<98.25984996312648> Truck:[XHTruck15] Finish unloading at dumper NorthPitMine-DumpSite5-点位0, dumper tons is 978.0688370787652
2025-09-11 21:15:34,490 [DEBUG] Truck: Time:<98.25984996312648> Truck:[XHTruck15] Start moving to ORDER(3):NorthPitMine-LoadSite4, move distance is 5.34, speed: 25
2025-09-11 21:15:34,490 [INFO] Truck: Time:<98.25984996312648> Truck:[XHTruck15] is facing 17.1588438359097 mins delay caused by 3 pre-existing jam events on Road from NorthPitMine-DumpSite5 to NorthPitMine-LoadSite4
2025-09-11 21:15:34,490 [INFO] Truck: Time:<98.46242039220253> Truck:[CLTruck3] is facing 0 mins delay caused by 2 pre-existing jam events on Road from NorthPitMine-DumpSite1 to NorthPitMine-LoadSite3
2025-09-11 21:15:34,490 [INFO] Truck: Time:<98.88030474312296> Truck:[CLTruck1] is facing 5.632123545437146 mins delay caused by 1 pre-existing jam events on Road from NorthPitMine-LoadSite4 to NorthPitMine-DumpSite2
2025-09-11 21:15:34,490 [INFO] Truck: Time:<98.90961248350271> Truck:[XHTruck5] is facing 4.539878991960899 mins delay caused by 1 pre-existing jam events on Road from NorthPitMine-LoadSite4 to NorthPitMine-DumpSite2
2025-09-11 21:15:34,490 [INFO] Truck: Time:<99.18312702955657> Truck:[CLTruck27] Finish loading at shovel NorthPitMine-LoadSite4-Shovel-1
2025-09-11 21:15:34,494 [DEBUG] Truck: Time:<99.18312702955657> Truck:[CLTruck27] Start moving to ORDER(1): NorthPitMine-DumpSite2, move distance is 1.5211501431489884, speed: 25
2025-09-11 21:15:34,494 [INFO] Truck: Time:<89> Truck:[CLTruck27] breakdown for 9.273223390701734 minutes at 89
2025-09-11 21:15:34,494 [INFO] Truck: Time:<99.18312702955657> Truck:[CLTruck23] Start loading at shovel NorthPitMine-LoadSite4-Shovel-1, load time is 2.5836614173228347
2025-09-11 21:15:34,494 [INFO] Truck: Time:<99.33919438267773> Truck:[CLTruck5] Finish loading at shovel NorthPitMine-LoadSite3-Shovel-1
2025-09-11 21:15:34,495 [DEBUG] Truck: Time:<99.33919438267773> Truck:[CLTruck5] Start moving to ORDER(4): NorthPitMine-DumpSite5, move distance is 2.670862716065927, speed: 25
2025-09-11 21:15:34,495 [INFO] Truck: Time:<78> Truck:[CLTruck5] breakdown for 9.236648397614655 minutes at 78
2025-09-11 21:15:34,495 [INFO] Truck: Time:<99.33919438267773> Truck:[OfficalTruck2] Start loading at shovel NorthPitMine-LoadSite3-Shovel-1, load time is 5.684055118110236
2025-09-11 21:15:34,496 [INFO] Truck: Time:<99.80819685159284> Truck:[CLTruck13] Arrived at NorthPitMine-LoadSite3 at 99.80819685159284
2025-09-11 21:15:34,497 [DEBUG] Truck: Time:<100.12805757069968> Truck:[CLTruck6] Arrived at NorthPitMine-DumpSite2 at 100.12805757069968
2025-09-11 21:15:34,498 [INFO] Truck: Time:<100.97955555555556> Truck:[CLTruck28] Finish loading at shovel NorthPitMine-LoadSite4-Shovel-2
2025-09-11 21:15:34,498 [INFO] Truck: Time:<100.97955555555556> Truck:[CLTruck29] Finish loading at shovel NorthPitMine-LoadSite4-Shovel-3
2025-09-11 21:15:34,498 [DEBUG] Truck: Time:<100.97955555555556> Truck:[CLTruck28] Start moving to ORDER(1): NorthPitMine-DumpSite2, move distance is 1.6915754565501393, speed: 25
2025-09-11 21:15:34,498 [INFO] Truck: Time:<88> Truck:[CLTruck28] breakdown for 11.151846289022608 minutes at 88
2025-09-11 21:15:34,499 [DEBUG] Truck: Time:<100.97955555555556> Truck:[CLTruck29] Start moving to ORDER(1): NorthPitMine-DumpSite2, move distance is 1.7592942312773512, speed: 25
2025-09-11 21:15:34,499 [INFO] Truck: Time:<96> Truck:[CLTruck29] breakdown for 4.327888786731242 minutes at 96
2025-09-11 21:15:34,499 [INFO] Truck: Time:<100.97955555555556> Truck:[CLTruck9] Start loading at shovel NorthPitMine-LoadSite4-Shovel-2, load time is 15.555555555555555
2025-09-11 21:15:34,499 [INFO] Truck: Time:<100.97955555555556> Truck:[CLTruck12] Start loading at shovel NorthPitMine-LoadSite4-Shovel-3, load time is 15.555555555555555
2025-09-11 21:15:34,499 [INFO] Truck: Time:<100.99894456831672> Truck:[XHTruck21] Arrived at NorthPitMine-LoadSite4 at 100.99894456831672
2025-09-11 21:15:34,500 [INFO] Truck: Time:<101.12805757069968> Truck:[CLTruck6] Finish unloading at dumper NorthPitMine-DumpSite2-点位0, dumper tons is 830.9214861080421
2025-09-11 21:15:34,500 [DEBUG] Truck: Time:<101.12805757069968> Truck:[CLTruck6] Start moving to ORDER(4):NorthPitMine-LoadSite5, move distance is 7.939427083611823, speed: 25
2025-09-11 21:15:34,500 [DEBUG] Truck: Time:<101.51728158802003> Truck:[XHTruck9] Arrived at NorthPitMine-DumpSite5 at 101.51728158802003
2025-09-11 21:15:34,500 [INFO] Truck: Time:<101.7667884468794> Truck:[CLTruck23] Finish loading at shovel NorthPitMine-LoadSite4-Shovel-1
2025-09-11 21:15:34,504 [DEBUG] Truck: Time:<101.7667884468794> Truck:[CLTruck23] Start moving to ORDER(1): NorthPitMine-DumpSite2, move distance is 1.62961442403077, speed: 25
2025-09-11 21:15:34,504 [INFO] Truck: Time:<85> Truck:[CLTruck23] breakdown for 9.850034831550516 minutes at 85
2025-09-11 21:15:34,504 [INFO] Truck: Time:<101.7667884468794> Truck:[XHTruck33] Start loading at shovel NorthPitMine-LoadSite4-Shovel-1, load time is 4.060039370078741
2025-09-11 21:15:34,506 [INFO] Truck: Time:<102.10904128812312> Truck:[OfficalTruck7] is facing 2.4033870004369864 mins delay caused by 1 pre-existing jam events on Road from NorthPitMine-LoadSite4 to NorthPitMine-DumpSite2
2025-09-11 21:15:34,507 [INFO] Truck: Time:<102.51728158802003> Truck:[XHTruck9] Finish unloading at dumper NorthPitMine-DumpSite5-点位0, dumper tons is 1028.4327059776879
2025-09-11 21:15:34,508 [INFO] Road: [RoadEvent] Road from NorthPitMine-DumpSite5 to NorthPitMine-LoadSite4 is in repair，the repair will last for 51.14 mins, and will end at 153.66, vehicle on this road will have to suffer punish_distance.
2025-09-11 21:15:34,508 [DEBUG] Truck: Time:<102.51728158802003> Truck:[XHTruck9] Start moving to ORDER(3):NorthPitMine-LoadSite4, move distance is 6.841088821003482, speed: 25
2025-09-11 21:15:34,508 [INFO] Truck: Time:<102.51728158802003> Truck:[XHTruck9] is facing 7.295254534338108 mins delay caused by 4 pre-existing jam events on Road from NorthPitMine-DumpSite5 to NorthPitMine-LoadSite4
2025-09-11 21:15:34,509 [INFO] Truck: Time:<102.87163975727059> Truck:[XHTruck17] Arrived at NorthPitMine-LoadSite3 at 102.87163975727059
2025-09-11 21:15:34,511 [INFO] Truck: Time:<103.3498455008523> Truck:[CLTruck8] Arrived at NorthPitMine-LoadSite3 at 103.3498455008523
2025-09-11 21:15:34,511 [DEBUG] Truck: Time:<103.78529754193906> Truck:[XHTruck26] Arrived at NorthPitMine-DumpSite5 at 103.78529754193906
2025-09-11 21:15:34,513 [INFO] Truck: Time:<104.63493667945895> Truck:[CLTruck15] Arrived at NorthPitMine-LoadSite5 at 104.63493667945895
2025-09-11 21:15:34,514 [INFO] Truck: Time:<104.63493667945895> Truck:[CLTruck15] Start loading at shovel NorthPitMine-LoadSite5-Shovel-1, load time is 2.5836614173228347
2025-09-11 21:15:34,515 [INFO] Truck: Time:<104.78529754193906> Truck:[XHTruck26] Finish unloading at dumper NorthPitMine-DumpSite5-点位0, dumper tons is 1088.0677812608362
2025-09-11 21:15:34,515 [DEBUG] Truck: Time:<104.78529754193906> Truck:[XHTruck26] Start moving to ORDER(3):NorthPitMine-LoadSite4, move distance is 7.531007971354989, speed: 25
2025-09-11 21:15:34,516 [INFO] Truck: Time:<104.78529754193906> Truck:[XHTruck26] is facing 2.8436996959712957 mins delay caused by 3 pre-existing jam events on Road from NorthPitMine-DumpSite5 to NorthPitMine-LoadSite4
2025-09-11 21:15:34,518 [INFO] Truck: Time:<105.02324950078797> Truck:[OfficalTruck2] Finish loading at shovel NorthPitMine-LoadSite3-Shovel-1
2025-09-11 21:15:34,518 [DEBUG] Truck: Time:<105.02324950078797> Truck:[OfficalTruck2] Start moving to ORDER(4): NorthPitMine-DumpSite5, move distance is 3.053459067956312, speed: 25
2025-09-11 21:15:34,518 [INFO] Truck: Time:<77> Truck:[OfficalTruck2] breakdown for 6.270378044045312 minutes at 77
2025-09-11 21:15:34,518 [INFO] Truck: Time:<105.02324950078797> Truck:[CLTruck4] Start loading at shovel NorthPitMine-LoadSite3-Shovel-1, load time is 2.5836614173228347
2025-09-11 21:15:34,518 [INFO] Truck: Time:<105.3074443422868> Truck:[CLTruck29] is facing 0 mins delay caused by 1 pre-existing jam events on Road from NorthPitMine-LoadSite4 to NorthPitMine-DumpSite2
2025-09-11 21:15:34,518 [INFO] Truck: Time:<105.82682781695814> Truck:[XHTruck33] Finish loading at shovel NorthPitMine-LoadSite4-Shovel-1
2025-09-11 21:15:34,518 [DEBUG] Truck: Time:<105.82682781695814> Truck:[XHTruck33] Start moving to ORDER(1): NorthPitMine-DumpSite2, move distance is 1.4644067909438148, speed: 25
2025-09-11 21:15:34,518 [INFO] Truck: Time:<88> Truck:[XHTruck33] breakdown for 12.008297140990106 minutes at 88
2025-09-11 21:15:34,518 [INFO] Truck: Time:<105.82682781695814> Truck:[XHTruck11] Start loading at shovel NorthPitMine-LoadSite4-Shovel-1, load time is 4.060039370078741
2025-09-11 21:15:34,522 [INFO] Truck: Time:<106.20266666666667> Truck:[XHTruck27] Finish loading at shovel NorthPitMine-LoadSite3-Shovel-2
2025-09-11 21:15:34,522 [INFO] Truck: Time:<106.20266666666667> Truck:[XHTruck31] Finish loading at shovel NorthPitMine-LoadSite3-Shovel-3
2025-09-11 21:15:34,522 [INFO] Truck: Time:<106.20266666666667> Shovel NorthPitMine-LoadSite3-Shovel-2 under maintenance for 40.03 minutes
2025-09-11 21:15:34,522 [DEBUG] Truck: Time:<106.20266666666667> Truck:[XHTruck31] Start moving to ORDER(4): NorthPitMine-DumpSite5, move distance is 2.811525748548353, speed: 25
2025-09-11 21:15:34,523 [INFO] Truck: Time:<101> Truck:[XHTruck31] breakdown for 7.714115424835473 minutes at 101
2025-09-11 21:15:34,523 [INFO] Truck: Time:<106.20266666666667> Truck:[CLTruck2] Start loading at shovel NorthPitMine-LoadSite3-Shovel-3, load time is 15.555555555555555
2025-09-11 21:15:34,523 [DEBUG] Truck: Time:<106.86543867297733> Truck:[XHTruck29] Arrived at NorthPitMine-DumpSite5 at 106.86543867297733
2025-09-11 21:15:34,525 [INFO] Truck: Time:<107.21859809678178> Truck:[CLTruck15] Finish loading at shovel NorthPitMine-LoadSite5-Shovel-1
2025-09-11 21:15:34,525 [DEBUG] Truck: Time:<107.21859809678178> Truck:[CLTruck15] Start moving to ORDER(0): NorthPitMine-DumpSite1, move distance is 5.15, speed: 25
2025-09-11 21:15:34,525 [INFO] Truck: Time:<96> Truck:[CLTruck15] breakdown for 6.847126293194248 minutes at 96
2025-09-11 21:15:34,526 [INFO] Truck: Time:<107.24751152731997> Truck:[XHTruck16] Arrived at NorthPitMine-LoadSite4 at 107.24751152731997
2025-09-11 21:15:34,526 [DEBUG] Truck: Time:<107.32042828856011> Truck:[CLTruck1] Arrived at NorthPitMine-DumpSite2 at 107.32042828856011
2025-09-11 21:15:34,526 [DEBUG] Truck: Time:<107.32042828856011> Truck:[OfficalTruck7] Arrived at NorthPitMine-DumpSite2 at 107.32042828856011
2025-09-11 21:15:34,526 [DEBUG] Truck: Time:<107.32470140137659> Truck:[XHTruck5] Arrived at NorthPitMine-DumpSite2 at 107.32470140137659
2025-09-11 21:15:34,526 [INFO] Truck: Time:<107.6069109181108> Truck:[CLTruck4] Finish loading at shovel NorthPitMine-LoadSite3-Shovel-1
2025-09-11 21:15:34,527 [DEBUG] Truck: Time:<107.6069109181108> Truck:[CLTruck4] Start moving to ORDER(4): NorthPitMine-DumpSite5, move distance is 2.3224434244786156, speed: 25
2025-09-11 21:15:34,527 [INFO] Truck: Time:<79> Truck:[CLTruck4] breakdown for 12.893086820532254 minutes at 79
2025-09-11 21:15:34,527 [INFO] Truck: Time:<107.6069109181108> Truck:[CLTruck25] Start loading at shovel NorthPitMine-LoadSite3-Shovel-1, load time is 2.5836614173228347
2025-09-11 21:15:34,527 [INFO] Truck: Time:<107.84282765695393> Truck:[CLTruck3] Arrived at NorthPitMine-LoadSite3 at 107.84282765695393
2025-09-11 21:15:34,527 [INFO] Truck: Time:<107.86543867297733> Truck:[XHTruck29] Finish unloading at dumper NorthPitMine-DumpSite5-点位0, dumper tons is 1148.319795731742
2025-09-11 21:15:34,527 [DEBUG] Truck: Time:<107.86543867297733> Truck:[XHTruck29] Start moving to ORDER(3):NorthPitMine-LoadSite4, move distance is 7.639143966152227, speed: 25
2025-09-11 21:15:34,527 [INFO] Truck: Time:<107.86543867297733> Truck:[XHTruck29] is facing 9.766911510386901 mins delay caused by 2 pre-existing jam events on Road from NorthPitMine-DumpSite5 to NorthPitMine-LoadSite4
2025-09-11 21:15:34,530 [INFO] Truck: Time:<108.32042828856011> Truck:[CLTruck1] Finish unloading at dumper NorthPitMine-DumpSite2-点位0, dumper tons is 863.761971797962
2025-09-11 21:15:34,530 [INFO] Truck: Time:<108.32042828856011> Truck:[OfficalTruck7] Finish unloading at dumper NorthPitMine-DumpSite2-点位1, dumper tons is 164.627516670185
2025-09-11 21:15:34,531 [DEBUG] Truck: Time:<108.32042828856011> Truck:[CLTruck1] Start moving to ORDER(4):NorthPitMine-LoadSite5, move distance is 7.499721270627584, speed: 25
2025-09-11 21:15:34,531 [INFO] Truck: Time:<108.32042828856011> Truck:[CLTruck1] is facing 0 mins delay caused by 1 pre-existing jam events on Road from NorthPitMine-DumpSite2 to NorthPitMine-LoadSite5
2025-09-11 21:15:34,531 [DEBUG] Truck: Time:<108.32042828856011> Truck:[OfficalTruck7] Start moving to ORDER(4):NorthPitMine-LoadSite5, move distance is 8.37928621800179, speed: 25
2025-09-11 21:15:34,532 [INFO] Truck: Time:<108.32042828856011> Truck:[OfficalTruck7] is facing 0 mins delay caused by 1 pre-existing jam events on Road from NorthPitMine-DumpSite2 to NorthPitMine-LoadSite5
2025-09-11 21:15:34,532 [INFO] Truck: Time:<108.32470140137659> Truck:[XHTruck5] Finish unloading at dumper NorthPitMine-DumpSite2-点位2, dumper tons is 50.51554707088749
2025-09-11 21:15:34,532 [DEBUG] Truck: Time:<108.32470140137659> Truck:[XHTruck5] Start moving to ORDER(4):NorthPitMine-LoadSite5, move distance is 8.17046525003182, speed: 25
2025-09-11 21:15:34,533 [INFO] Truck: Time:<108.32470140137659> Truck:[XHTruck5] is facing 0 mins delay caused by 1 pre-existing jam events on Road from NorthPitMine-DumpSite2 to NorthPitMine-LoadSite5
2025-09-11 21:15:34,534 [DEBUG] Truck: Time:<109.52975049735244> Truck:[CLTruck29] Arrived at NorthPitMine-DumpSite2 at 109.52975049735244
2025-09-11 21:15:34,534 [INFO] Truck: Time:<109.88686718703688> Truck:[XHTruck11] Finish loading at shovel NorthPitMine-LoadSite4-Shovel-1
2025-09-11 21:15:34,535 [DEBUG] Truck: Time:<109.88686718703688> Truck:[XHTruck11] Start moving to ORDER(1): NorthPitMine-DumpSite2, move distance is 1.7548963729115603, speed: 25
2025-09-11 21:15:34,535 [INFO] Truck: Time:<104> Truck:[XHTruck11] breakdown for 11.45276344040192 minutes at 104
2025-09-11 21:15:34,535 [INFO] Truck: Time:<109.88686718703688> Truck:[XHTruck21] Start loading at shovel NorthPitMine-LoadSite4-Shovel-1, load time is 4.060039370078741
2025-09-11 21:15:34,537 [INFO] Truck: Time:<110.19057233543363> Truck:[CLTruck25] Finish loading at shovel NorthPitMine-LoadSite3-Shovel-1
2025-09-11 21:15:34,537 [DEBUG] Truck: Time:<110.19057233543363> Truck:[CLTruck25] Start moving to ORDER(4): NorthPitMine-DumpSite5, move distance is 2.602607873188563, speed: 25
2025-09-11 21:15:34,537 [INFO] Truck: Time:<93> Truck:[CLTruck25] breakdown for 6.1183128585851865 minutes at 93
2025-09-11 21:15:34,537 [INFO] Truck: Time:<110.19057233543363> Truck:[CLTruck18] Start loading at shovel NorthPitMine-LoadSite3-Shovel-1, load time is 2.5836614173228347
2025-09-11 21:15:34,537 [INFO] Truck: Time:<110.52975049735244> Truck:[CLTruck29] Finish unloading at dumper NorthPitMine-DumpSite2-点位0, dumper tons is 895.5096441061673
2025-09-11 21:15:34,537 [DEBUG] Truck: Time:<110.52975049735244> Truck:[CLTruck29] Start moving to ORDER(4):NorthPitMine-LoadSite5, move distance is 7.2118792309612845, speed: 25
2025-09-11 21:15:34,537 [INFO] Truck: Time:<106> Truck:[CLTruck29] breakdown for 9.666118800615656 minutes at 106
2025-09-11 21:15:34,544 [DEBUG] Truck: Time:<112.10711076381588> Truck:[CLTruck27] Arrived at NorthPitMine-DumpSite2 at 112.10711076381588
2025-09-11 21:15:34,544 [INFO] Truck: Time:<112.13140184457816> Truck:[CLTruck28] is facing 9.256828238165866 mins delay caused by 1 pre-existing jam events on Road from NorthPitMine-LoadSite4 to NorthPitMine-DumpSite2
2025-09-11 21:15:34,545 [INFO] Truck: Time:<112.77423375275646> Truck:[CLTruck18] Finish loading at shovel NorthPitMine-LoadSite3-Shovel-1
2025-09-11 21:15:34,545 [DEBUG] Truck: Time:<112.77423375275646> Truck:[CLTruck18] Start moving to ORDER(4): NorthPitMine-DumpSite5, move distance is 2.7508320688771617, speed: 25
2025-09-11 21:15:34,545 [INFO] Truck: Time:<91> Truck:[CLTruck18] breakdown for 12.892293157286108 minutes at 91
2025-09-11 21:15:34,545 [INFO] Truck: Time:<112.77423375275646> Truck:[XHTruck13] Start loading at shovel NorthPitMine-LoadSite3-Shovel-1, load time is 4.060039370078741
2025-09-11 21:15:34,549 [INFO] Truck: Time:<113.10711076381588> Truck:[CLTruck27] Finish unloading at dumper NorthPitMine-DumpSite2-点位0, dumper tons is 931.5718785247856
2025-09-11 21:15:34,550 [DEBUG] Truck: Time:<113.10711076381588> Truck:[CLTruck27] Start moving to ORDER(4):NorthPitMine-LoadSite5, move distance is 7.33559321445323, speed: 25
2025-09-11 21:15:34,550 [INFO] Truck: Time:<113.10711076381588> Truck:[CLTruck27] is facing 0 mins delay caused by 1 pre-existing jam events on Road from NorthPitMine-DumpSite2 to NorthPitMine-LoadSite5
2025-09-11 21:15:34,550 [INFO] Truck: Time:<113.94690655711562> Truck:[XHTruck21] Finish loading at shovel NorthPitMine-LoadSite4-Shovel-1
2025-09-11 21:15:34,551 [DEBUG] Truck: Time:<113.94690655711562> Truck:[XHTruck21] Start moving to ORDER(1): NorthPitMine-DumpSite2, move distance is 1.6235010467208113, speed: 25
2025-09-11 21:15:34,551 [INFO] Truck: Time:<104> Truck:[XHTruck21] breakdown for 16.80942554501989 minutes at 104
2025-09-11 21:15:34,552 [INFO] Truck: Time:<113.94690655711562> Truck:[XHTruck16] Start loading at shovel NorthPitMine-LoadSite4-Shovel-1, load time is 4.060039370078741
2025-09-11 21:15:34,554 [DEBUG] Truck: Time:<114.17843094664971> Truck:[OfficalTruck1] Arrived at NorthPitMine-DumpSite5 at 114.17843094664971
2025-09-11 21:15:34,554 [DEBUG] Truck: Time:<114.36858527461837> Truck:[CLTruck11] Arrived at NorthPitMine-DumpSite2 at 114.36858527461837
2025-09-11 21:15:34,554 [DEBUG] Truck: Time:<114.98591329885062> Truck:[CLTruck5] Arrived at NorthPitMine-DumpSite5 at 114.98591329885062
2025-09-11 21:15:34,555 [INFO] Truck: Time:<115.17843094664971> Truck:[OfficalTruck1] Finish unloading at dumper NorthPitMine-DumpSite5-点位0, dumper tons is 1226.9929995117664
2025-09-11 21:15:34,555 [DEBUG] Truck: Time:<115.17843094664971> Truck:[OfficalTruck1] Start moving to ORDER(3):NorthPitMine-LoadSite4, move distance is 7.2837692504199, speed: 25
2025-09-11 21:15:34,555 [INFO] Truck: Time:<115.17843094664971> Truck:[OfficalTruck1] is facing 3.89119215441265 mins delay caused by 3 pre-existing jam events on Road from NorthPitMine-DumpSite5 to NorthPitMine-LoadSite4
2025-09-11 21:15:34,555 [INFO] Truck: Time:<115.36858527461837> Truck:[CLTruck11] Finish unloading at dumper NorthPitMine-DumpSite2-点位0, dumper tons is 964.317433516833
2025-09-11 21:15:34,558 [DEBUG] Truck: Time:<115.36858527461837> Truck:[CLTruck11] Start moving to ORDER(4):NorthPitMine-LoadSite5, move distance is 7.751933487034651, speed: 25
2025-09-11 21:15:34,558 [INFO] Truck: Time:<115.36858527461837> Truck:[CLTruck11] is facing 0 mins delay caused by 1 pre-existing jam events on Road from NorthPitMine-DumpSite2 to NorthPitMine-LoadSite5
2025-09-11 21:15:34,558 [DEBUG] Truck: Time:<115.52789789610377> Truck:[CLTruck23] Arrived at NorthPitMine-DumpSite2 at 115.52789789610377
2025-09-11 21:15:34,558 [INFO] Truck: Time:<115.98591329885062> Truck:[CLTruck5] Finish unloading at dumper NorthPitMine-DumpSite5-点位1, dumper tons is 509.44284801471366
2025-09-11 21:15:34,559 [DEBUG] Truck: Time:<115.98591329885062> Truck:[CLTruck5] Start moving to ORDER(3):NorthPitMine-LoadSite4, move distance is 8.100069863041035, speed: 25
2025-09-11 21:15:34,559 [INFO] Truck: Time:<115.98591329885062> Truck:[CLTruck5] is facing 1.2810181554486144 mins delay caused by 3 pre-existing jam events on Road from NorthPitMine-DumpSite5 to NorthPitMine-LoadSite4
2025-09-11 21:15:34,562 [INFO] Truck: Time:<116.30888519401881> Truck:[CLTruck25] is facing 0.9032034722054934 mins delay caused by 1 pre-existing jam events on Road from NorthPitMine-LoadSite3 to NorthPitMine-DumpSite5
2025-09-11 21:15:34,562 [INFO] Truck: Time:<116.52789789610377> Truck:[CLTruck23] Finish unloading at dumper NorthPitMine-DumpSite2-点位0, dumper tons is 1002.6089746154965
2025-09-11 21:15:34,563 [DEBUG] Truck: Time:<116.52789789610377> Truck:[CLTruck23] Start moving to ORDER(4):NorthPitMine-LoadSite5, move distance is 7.410667989005412, speed: 25
2025-09-11 21:15:34,563 [INFO] Truck: Time:<116.52789789610377> Truck:[CLTruck23] is facing 2.684084330262991 mins delay caused by 2 pre-existing jam events on Road from NorthPitMine-DumpSite2 to NorthPitMine-LoadSite5
2025-09-11 21:15:34,563 [INFO] Truck: Time:<116.5351111111111> Truck:[XHTruck25] Finish loading at shovel NorthPitMine-LoadSite4-Shovel-5
2025-09-11 21:15:34,563 [DEBUG] Truck: Time:<116.5351111111111> Truck:[XHTruck25] Start moving to ORDER(1): NorthPitMine-DumpSite2, move distance is 1.5768844296379012, speed: 25
2025-09-11 21:15:34,563 [INFO] Truck: Time:<114> Truck:[XHTruck25] breakdown for 11.192194597635917 minutes at 114
2025-09-11 21:15:34,563 [INFO] Truck: Time:<116.5351111111111> Truck:[XHTruck19] Start loading at shovel NorthPitMine-LoadSite4-Shovel-5, load time is 24.444444444444443
2025-09-11 21:15:34,563 [INFO] Truck: Time:<116.53511111111112> Truck:[CLTruck9] Finish loading at shovel NorthPitMine-LoadSite4-Shovel-2
2025-09-11 21:15:34,563 [INFO] Truck: Time:<116.53511111111112> Truck:[CLTruck12] Finish loading at shovel NorthPitMine-LoadSite4-Shovel-3
2025-09-11 21:15:34,566 [DEBUG] Truck: Time:<116.53511111111112> Truck:[CLTruck9] Start moving to ORDER(1): NorthPitMine-DumpSite2, move distance is 1.7901452090363659, speed: 25
2025-09-11 21:15:34,566 [INFO] Truck: Time:<102> Truck:[CLTruck9] breakdown for 12.330895059658776 minutes at 102
2025-09-11 21:15:34,567 [DEBUG] Truck: Time:<116.53511111111112> Truck:[CLTruck12] Start moving to ORDER(1): NorthPitMine-DumpSite2, move distance is 1.5177624920055248, speed: 25
2025-09-11 21:15:34,567 [INFO] Truck: Time:<88> Truck:[CLTruck12] breakdown for 6.046349576018473 minutes at 88
2025-09-11 21:15:34,567 [INFO] Truck: Time:<116.53511111111112> Truck:[XHTruck23] Start loading at shovel NorthPitMine-LoadSite4-Shovel-2, load time is 24.444444444444443
2025-09-11 21:15:34,567 [INFO] Truck: Time:<116.53511111111112> Truck:[CLTruck10] Start loading at shovel NorthPitMine-LoadSite4-Shovel-3, load time is 15.555555555555555
2025-09-11 21:15:34,567 [INFO] Truck: Time:<116.8342731228352> Truck:[XHTruck13] Finish loading at shovel NorthPitMine-LoadSite3-Shovel-1
2025-09-11 21:15:34,568 [DEBUG] Truck: Time:<116.8342731228352> Truck:[XHTruck13] Start moving to ORDER(4): NorthPitMine-DumpSite5, move distance is 2.628652720133383, speed: 25
2025-09-11 21:15:34,568 [INFO] Truck: Time:<107> Truck:[XHTruck13] breakdown for 8.251762537371254 minutes at 107
2025-09-11 21:15:34,568 [INFO] Truck: Time:<116.8342731228352> Truck:[XHTruck8] Start loading at shovel NorthPitMine-LoadSite3-Shovel-1, load time is 4.060039370078741
2025-09-11 21:15:34,570 [INFO] Truck: Time:<117.83512495794825> Truck:[XHTruck33] is facing 4.060107383890735 mins delay caused by 1 pre-existing jam events on Road from NorthPitMine-LoadSite4 to NorthPitMine-DumpSite2
2025-09-11 21:15:34,572 [INFO] Truck: Time:<118.00694592719437> Truck:[XHTruck16] Finish loading at shovel NorthPitMine-LoadSite4-Shovel-1
2025-09-11 21:15:34,573 [DEBUG] Truck: Time:<118.00694592719437> Truck:[XHTruck16] Start moving to ORDER(1): NorthPitMine-DumpSite2, move distance is 1.5252052559233014, speed: 25
2025-09-11 21:15:34,573 [INFO] Truck: Time:<92> Truck:[XHTruck16] breakdown for 11.451931437083422 minutes at 92
2025-09-11 21:15:34,573 [INFO] Truck: Time:<118.16362748632785> Truck:[XHTruck30] Arrived at NorthPitMine-LoadSite5 at 118.16362748632785
2025-09-11 21:15:34,573 [INFO] Truck: Time:<118.16362748632785> Truck:[XHTruck30] Start loading at shovel NorthPitMine-LoadSite5-Shovel-1, load time is 4.060039370078741
2025-09-11 21:15:34,573 [DEBUG] Truck: Time:<118.62192930792844> Truck:[OfficalTruck2] Arrived at NorthPitMine-DumpSite5 at 118.62192930792844
2025-09-11 21:15:34,577 [INFO] Truck: Time:<119.13980684018948> Truck:[XHTruck3] Arrived at NorthPitMine-LoadSite5 at 119.13980684018948
2025-09-11 21:15:34,577 [INFO] Truck: Time:<119.13980684018948> Truck:[XHTruck3] Start loading at shovel NorthPitMine-LoadSite5-Shovel-2, load time is 4.060039370078741
2025-09-11 21:15:34,578 [INFO] Truck: Time:<119.62192930792844> Truck:[OfficalTruck2] Finish unloading at dumper NorthPitMine-DumpSite5-点位0, dumper tons is 1296.4641593273384
2025-09-11 21:15:34,579 [DEBUG] Truck: Time:<119.62192930792844> Truck:[OfficalTruck2] Start moving to ORDER(3):NorthPitMine-LoadSite4, move distance is 6.686923038931362, speed: 25
2025-09-11 21:15:34,579 [INFO] Truck: Time:<112> Truck:[OfficalTruck2] breakdown for 11.402457678214239 minutes at 112
2025-09-11 21:15:34,581 [INFO] Truck: Time:<120.18268257136805> Truck:[CLTruck6] Arrived at NorthPitMine-LoadSite5 at 120.18268257136805
2025-09-11 21:15:34,582 [INFO] Truck: Time:<120.1958692979681> Truck:[CLTruck29] is facing 10.123869544314472 mins delay caused by 4 pre-existing jam events on Road from NorthPitMine-DumpSite2 to NorthPitMine-LoadSite5
2025-09-11 21:15:34,582 [DEBUG] Truck: Time:<120.66444388801818> Truck:[XHTruck31] Arrived at NorthPitMine-DumpSite5 at 120.66444388801818
2025-09-11 21:15:34,582 [INFO] Truck: Time:<120.89431249291394> Truck:[XHTruck8] Finish loading at shovel NorthPitMine-LoadSite3-Shovel-1
2025-09-11 21:15:34,582 [DEBUG] Truck: Time:<120.89431249291394> Truck:[XHTruck8] Start moving to ORDER(4): NorthPitMine-DumpSite5, move distance is 2.4103294539450757, speed: 25
2025-09-11 21:15:34,582 [INFO] Truck: Time:<104> Truck:[XHTruck8] breakdown for 8.98956895409213 minutes at 104
2025-09-11 21:15:34,582 [INFO] Truck: Time:<120.89431249291394> Truck:[XHTruck12] Start loading at shovel NorthPitMine-LoadSite3-Shovel-1, load time is 4.060039370078741
2025-09-11 21:15:34,585 [INFO] Truck: Time:<121.33963062743881> Truck:[XHTruck11] is facing 2.289451012471363 mins delay caused by 2 pre-existing jam events on Road from NorthPitMine-LoadSite4 to NorthPitMine-DumpSite2
2025-09-11 21:15:34,585 [INFO] Truck: Time:<121.66444388801818> Truck:[XHTruck31] Finish unloading at dumper NorthPitMine-DumpSite5-点位0, dumper tons is 1349.744131605799
2025-09-11 21:15:34,586 [DEBUG] Truck: Time:<121.66444388801818> Truck:[XHTruck31] Start moving to ORDER(3):NorthPitMine-LoadSite4, move distance is 7.682429377947267, speed: 25
2025-09-11 21:15:34,586 [INFO] Truck: Time:<121.66444388801818> Truck:[XHTruck31] is facing 3.4397512817551252 mins delay caused by 4 pre-existing jam events on Road from NorthPitMine-DumpSite5 to NorthPitMine-LoadSite4
2025-09-11 21:15:34,587 [INFO] Truck: Time:<121.75822222222223> Truck:[CLTruck2] Finish loading at shovel NorthPitMine-LoadSite3-Shovel-3
2025-09-11 21:15:34,587 [DEBUG] Truck: Time:<121.75822222222223> Truck:[CLTruck2] Start moving to ORDER(4): NorthPitMine-DumpSite5, move distance is 2.6415040841168898, speed: 25
2025-09-11 21:15:34,587 [INFO] Truck: Time:<92> Truck:[CLTruck2] is broken down and beyond repair at NorthPitMine-LoadSite3 to NorthPitMine-DumpSite5
2025-09-11 21:15:34,588 [INFO] Truck: Truck CLTruck2 is beyond repair and will no longer participate in operations.
2025-09-11 21:15:34,588 [INFO] Truck: Time:<121.75822222222223> Truck:[OfficalTruck3] Start loading at shovel NorthPitMine-LoadSite3-Shovel-3, load time is 34.22222222222222
2025-09-11 21:15:34,590 [INFO] Truck: Time:<122.2236668564066> Truck:[XHTruck30] Finish loading at shovel NorthPitMine-LoadSite5-Shovel-1
2025-09-11 21:15:34,591 [DEBUG] Truck: Time:<122.2236668564066> Truck:[XHTruck30] Start moving to ORDER(0): NorthPitMine-DumpSite1, move distance is 5.15, speed: 25
2025-09-11 21:15:34,591 [INFO] Truck: Time:<115> Truck:[XHTruck30] breakdown for 12.092008669503002 minutes at 115
2025-09-11 21:15:34,591 [INFO] Truck: Time:<122.2236668564066> Truck:[CLTruck6] Start loading at shovel NorthPitMine-LoadSite5-Shovel-1, load time is 2.5836614173228347
2025-09-11 21:15:34,592 [INFO] Truck: Time:<122.58146068712959> Truck:[CLTruck12] is facing 3.4815659788174673 mins delay caused by 3 pre-existing jam events on Road from NorthPitMine-LoadSite4 to NorthPitMine-DumpSite2
2025-09-11 21:15:34,592 [INFO] Truck: Time:<123.19984621026822> Truck:[XHTruck3] Finish loading at shovel NorthPitMine-LoadSite5-Shovel-2
2025-09-11 21:15:34,592 [DEBUG] Truck: Time:<123.19984621026822> Truck:[XHTruck3] Start moving to ORDER(0): NorthPitMine-DumpSite1, move distance is 5.15, speed: 25
2025-09-11 21:15:34,592 [INFO] Truck: Time:<104> Truck:[XHTruck3] breakdown for 7.516966566666348 minutes at 104
2025-09-11 21:15:34,592 [DEBUG] Truck: Time:<123.45834756187686> Truck:[CLTruck25] Arrived at NorthPitMine-DumpSite5 at 123.45834756187686
2025-09-11 21:15:34,592 [INFO] Truck: Time:<124.45834756187686> Truck:[CLTruck25] Finish unloading at dumper NorthPitMine-DumpSite5-点位0, dumper tons is 1386.691442668963
2025-09-11 21:15:34,592 [DEBUG] Truck: Time:<124.45834756187686> Truck:[CLTruck25] Start moving to ORDER(3):NorthPitMine-LoadSite4, move distance is 6.85098307149553, speed: 25
2025-09-11 21:15:34,592 [INFO] Truck: Time:<124.45834756187686> Truck:[CLTruck25] is facing 1.346959087931424 mins delay caused by 2 pre-existing jam events on Road from NorthPitMine-DumpSite5 to NorthPitMine-LoadSite4
2025-09-11 21:15:34,597 [INFO] Truck: Time:<124.80732827372942> Truck:[CLTruck6] Finish loading at shovel NorthPitMine-LoadSite5-Shovel-1
2025-09-11 21:15:34,597 [DEBUG] Truck: Time:<124.80732827372942> Truck:[CLTruck6] Start moving to ORDER(0): NorthPitMine-DumpSite1, move distance is 5.15, speed: 25
2025-09-11 21:15:34,598 [INFO] Truck: Time:<120> Truck:[CLTruck6] breakdown for 11.228521230444192 minutes at 120
2025-09-11 21:15:34,598 [INFO] Truck: Time:<124.95435186299268> Truck:[XHTruck12] Finish loading at shovel NorthPitMine-LoadSite3-Shovel-1
2025-09-11 21:15:34,598 [DEBUG] Truck: Time:<124.95435186299268> Truck:[XHTruck12] Start moving to ORDER(4): NorthPitMine-DumpSite5, move distance is 2.5624037358183114, speed: 25
2025-09-11 21:15:34,598 [INFO] Truck: Time:<111> Truck:[XHTruck12] breakdown for 10.240282508557977 minutes at 111
2025-09-11 21:15:34,599 [INFO] Truck: Time:<124.95435186299268> Truck:[XHTruck28] Start loading at shovel NorthPitMine-LoadSite3-Shovel-1, load time is 4.060039370078741
2025-09-11 21:15:34,600 [DEBUG] Truck: Time:<125.40980864010415> Truck:[XHTruck33] Arrived at NorthPitMine-DumpSite2 at 125.40980864010415
2025-09-11 21:15:34,600 [DEBUG] Truck: Time:<125.44801117846437> Truck:[CLTruck28] Arrived at NorthPitMine-DumpSite2 at 125.44801117846437
2025-09-11 21:15:34,600 [INFO] Truck: Time:<125.70341636916233> Truck:[XHTruck26] Arrived at NorthPitMine-LoadSite4 at 125.70341636916233
2025-09-11 21:15:34,602 [INFO] Truck: Time:<125.70341636916233> Truck:[XHTruck26] Start loading at shovel NorthPitMine-LoadSite4-Shovel-1, load time is 4.060039370078741
2025-09-11 21:15:34,604 [DEBUG] Truck: Time:<126.07386195739174> Truck:[CLTruck4] Arrived at NorthPitMine-DumpSite5 at 126.07386195739174
2025-09-11 21:15:34,604 [INFO] Truck: Time:<126.23114929276649> Truck:[XHTruck9] Arrived at NorthPitMine-LoadSite4 at 126.23114929276649
2025-09-11 21:15:34,604 [INFO] Truck: Time:<126.31288888888889> Truck:[OfficalTruck8] Finish loading at shovel NorthPitMine-LoadSite4-Shovel-4
2025-09-11 21:15:34,605 [DEBUG] Truck: Time:<126.31288888888889> Truck:[OfficalTruck8] Start moving to ORDER(1): NorthPitMine-DumpSite2, move distance is 1.7915349298231715, speed: 25
2025-09-11 21:15:34,605 [INFO] Truck: Time:<104> Truck:[OfficalTruck8] breakdown for 12.712855418887255 minutes at 104
2025-09-11 21:15:34,606 [INFO] Truck: Time:<126.31288888888889> Truck:[CLTruck19] Start loading at shovel NorthPitMine-LoadSite4-Shovel-4, load time is 15.555555555555555
2025-09-11 21:15:34,606 [INFO] Truck: Time:<126.31975933806632> Truck:[CLTruck1] Arrived at NorthPitMine-LoadSite5 at 126.31975933806632
2025-09-11 21:15:34,606 [INFO] Truck: Time:<126.31975933806632> Truck:[CLTruck1] Start loading at shovel NorthPitMine-LoadSite5-Shovel-1, load time is 2.5836614173228347
2025-09-11 21:15:34,606 [INFO] Truck: Time:<126.40980864010415> Truck:[XHTruck33] Finish unloading at dumper NorthPitMine-DumpSite2-点位0, dumper tons is 1059.3481701875871
2025-09-11 21:15:34,607 [DEBUG] Truck: Time:<126.40980864010415> Truck:[XHTruck33] Start moving to ORDER(4):NorthPitMine-LoadSite5, move distance is 8.050082815845919, speed: 25
2025-09-11 21:15:34,607 [INFO] Truck: Time:<126.40980864010415> Truck:[XHTruck33] is facing 0 mins delay caused by 1 pre-existing jam events on Road from NorthPitMine-DumpSite2 to NorthPitMine-LoadSite5
2025-09-11 21:15:34,607 [DEBUG] Truck: Time:<126.42572438997603> Truck:[CLTruck15] Arrived at NorthPitMine-DumpSite1 at 126.42572438997603
2025-09-11 21:15:34,607 [INFO] Truck: Time:<126.44801117846437> Truck:[CLTruck28] Finish unloading at dumper NorthPitMine-DumpSite2-点位1, dumper tons is 197.2841574109512
2025-09-11 21:15:34,607 [DEBUG] Truck: Time:<126.44801117846437> Truck:[CLTruck28] Start moving to ORDER(4):NorthPitMine-LoadSite5, move distance is 7.2928809460104, speed: 25
2025-09-11 21:15:34,607 [INFO] Truck: Time:<113> Truck:[CLTruck28] breakdown for 8.392069099788284 minutes at 113
2025-09-11 21:15:34,610 [INFO] Truck: Time:<127.07386195739174> Truck:[CLTruck4] Finish unloading at dumper NorthPitMine-DumpSite5-点位0, dumper tons is 1420.3734158795364
2025-09-11 21:15:34,610 [DEBUG] Truck: Time:<127.07386195739174> Truck:[CLTruck4] Start moving to ORDER(3):NorthPitMine-LoadSite4, move distance is 8.227928796311753, speed: 25
2025-09-11 21:15:34,610 [INFO] Truck: Time:<127> Truck:[CLTruck4] breakdown for 8.675918936024388 minutes at 127
2025-09-11 21:15:34,610 [INFO] Truck: Time:<127.42572438997603> Truck:[CLTruck15] Finish unloading at dumper NorthPitMine-DumpSite1-点位0, dumper tons is 858.5810478788709
2025-09-11 21:15:34,610 [INFO] Road: [RoadEvent] Road from NorthPitMine-DumpSite1 to NorthPitMine-LoadSite4 is in repair，the repair will last for 53.78 mins, and will end at 181.20, vehicle on this road will have to suffer punish_distance.
2025-09-11 21:15:34,610 [DEBUG] Truck: Time:<127.42572438997603> Truck:[CLTruck15] Start moving to ORDER(3):NorthPitMine-LoadSite4, move distance is 4.721386716672426, speed: 25
2025-09-11 21:15:34,613 [INFO] Truck: Time:<127.72730570874702> Truck:[XHTruck25] is facing 0 mins delay caused by 1 pre-existing jam events on Road from NorthPitMine-LoadSite4 to NorthPitMine-DumpSite2
2025-09-11 21:15:34,613 [DEBUG] Truck: Time:<127.84083293489792> Truck:[XHTruck11] Arrived at NorthPitMine-DumpSite2 at 127.84083293489792
2025-09-11 21:15:34,613 [INFO] Truck: Time:<127.93381800145295> Truck:[XHTruck5] Arrived at NorthPitMine-LoadSite5 at 127.93381800145295
2025-09-11 21:15:34,613 [INFO] Truck: Time:<127.93381800145295> Truck:[XHTruck5] Start loading at shovel NorthPitMine-LoadSite5-Shovel-2, load time is 4.060039370078741
2025-09-11 21:15:34,616 [INFO] Truck: Time:<128.2346937990362> Truck:[XHTruck15] Arrived at NorthPitMine-LoadSite4 at 128.2346937990362
2025-09-11 21:15:34,616 [INFO] Truck: Time:<128.4307152117644> Truck:[OfficalTruck7] Arrived at NorthPitMine-LoadSite5 at 128.4307152117644
2025-09-11 21:15:34,616 [INFO] Truck: Time:<128.84083293489792> Truck:[XHTruck11] Finish unloading at dumper NorthPitMine-DumpSite2-点位0, dumper tons is 1114.0928675498303
2025-09-11 21:15:34,618 [DEBUG] Truck: Time:<128.84083293489792> Truck:[XHTruck11] Start moving to ORDER(4):NorthPitMine-LoadSite5, move distance is 8.320131501872739, speed: 25
2025-09-11 21:15:34,618 [INFO] Truck: Time:<128.84083293489792> Truck:[XHTruck11] is facing 0 mins delay caused by 1 pre-existing jam events on Road from NorthPitMine-DumpSite2 to NorthPitMine-LoadSite5
2025-09-11 21:15:34,618 [INFO] Truck: Time:<128.90342075538916> Truck:[CLTruck1] Finish loading at shovel NorthPitMine-LoadSite5-Shovel-1
2025-09-11 21:15:34,618 [INFO] Road: [RoadEvent] Road from NorthPitMine-LoadSite5 to NorthPitMine-DumpSite1 is in repair，the repair will last for 66.60 mins, and will end at 195.51, vehicle on this road will have to suffer punish_distance.
2025-09-11 21:15:34,618 [DEBUG] Truck: Time:<128.90342075538916> Truck:[CLTruck1] Start moving to ORDER(0): NorthPitMine-DumpSite1, move distance is 6.832580650715548, speed: 25
2025-09-11 21:15:34,618 [INFO] Truck: Time:<119> Truck:[CLTruck1] breakdown for 7.995323597021363 minutes at 119
2025-09-11 21:15:34,618 [INFO] Truck: Time:<128.90342075538916> Truck:[OfficalTruck7] Start loading at shovel NorthPitMine-LoadSite5-Shovel-1, load time is 5.684055118110236
2025-09-11 21:15:34,622 [INFO] Truck: Time:<129.01439123307142> Truck:[XHTruck28] Finish loading at shovel NorthPitMine-LoadSite3-Shovel-1
2025-09-11 21:15:34,623 [DEBUG] Truck: Time:<129.01439123307142> Truck:[XHTruck28] Start moving to ORDER(4): NorthPitMine-DumpSite5, move distance is 2.7191583170223663, speed: 25
2025-09-11 21:15:34,623 [INFO] Truck: Time:<115> Truck:[XHTruck28] breakdown for 10.724983737013474 minutes at 115
2025-09-11 21:15:34,623 [INFO] Truck: Time:<129.01439123307142> Truck:[XHTruck32] Start loading at shovel NorthPitMine-LoadSite3-Shovel-1, load time is 4.060039370078741
2025-09-11 21:15:34,623 [DEBUG] Truck: Time:<129.70565664676033> Truck:[CLTruck12] Arrived at NorthPitMine-DumpSite2 at 129.70565664676033
2025-09-11 21:15:34,623 [INFO] Truck: Time:<129.76345573924107> Truck:[XHTruck26] Finish loading at shovel NorthPitMine-LoadSite4-Shovel-1
2025-09-11 21:15:34,624 [DEBUG] Truck: Time:<129.76345573924107> Truck:[XHTruck26] Start moving to ORDER(1): NorthPitMine-DumpSite2, move distance is 1.6624748341155915, speed: 25
2025-09-11 21:15:34,624 [INFO] Truck: Time:<127> Truck:[XHTruck26] breakdown for 16.295841070359796 minutes at 127
2025-09-11 21:15:34,624 [INFO] Truck: Time:<129.76345573924107> Truck:[XHTruck9] Start loading at shovel NorthPitMine-LoadSite4-Shovel-1, load time is 4.060039370078741
2025-09-11 21:15:34,626 [INFO] Truck: Time:<130.49046805169507> Truck:[XHTruck7] Arrived at NorthPitMine-LoadSite4 at 130.49046805169507
2025-09-11 21:15:34,626 [INFO] Truck: Time:<130.70565664676033> Truck:[CLTruck12] Finish unloading at dumper NorthPitMine-DumpSite2-点位0, dumper tons is 1148.8265101666802
2025-09-11 21:15:34,626 [DEBUG] Truck: Time:<130.70565664676033> Truck:[CLTruck12] Start moving to ORDER(4):NorthPitMine-LoadSite5, move distance is 8.177967918522718, speed: 25
2025-09-11 21:15:34,626 [INFO] Truck: Time:<130.70565664676033> Truck:[CLTruck12] is facing 0 mins delay caused by 1 pre-existing jam events on Road from NorthPitMine-DumpSite2 to NorthPitMine-LoadSite5
2025-09-11 21:15:34,627 [INFO] Truck: Time:<130.71253447850364> Truck:[CLTruck27] Arrived at NorthPitMine-LoadSite5 at 130.71253447850364
2025-09-11 21:15:34,630 [INFO] Truck: Time:<131.02438698614267> Truck:[OfficalTruck2] is facing 10.273282039539971 mins delay caused by 6 pre-existing jam events on Road from NorthPitMine-DumpSite5 to NorthPitMine-LoadSite4
2025-09-11 21:15:34,630 [DEBUG] Truck: Time:<131.39480218852657> Truck:[XHTruck13] Arrived at NorthPitMine-DumpSite5 at 131.39480218852657
2025-09-11 21:15:34,630 [DEBUG] Truck: Time:<131.51182833987798> Truck:[XHTruck25] Arrived at NorthPitMine-DumpSite2 at 131.51182833987798
2025-09-11 21:15:34,630 [INFO] Truck: Time:<131.9938573715317> Truck:[XHTruck5] Finish loading at shovel NorthPitMine-LoadSite5-Shovel-2
2025-09-11 21:15:34,630 [DEBUG] Truck: Time:<131.9938573715317> Truck:[XHTruck5] Start moving to ORDER(0): NorthPitMine-DumpSite1, move distance is 7.407304870425144, speed: 25
2025-09-11 21:15:34,630 [INFO] Truck: Time:<130> Truck:[XHTruck5] breakdown for 9.007869720764925 minutes at 130
2025-09-11 21:15:34,634 [INFO] Truck: Time:<132.09066666666666> Truck:[CLTruck10] Finish loading at shovel NorthPitMine-LoadSite4-Shovel-3
2025-09-11 21:15:34,635 [DEBUG] Truck: Time:<132.09066666666666> Truck:[CLTruck10] Start moving to ORDER(1): NorthPitMine-DumpSite2, move distance is 1.5649634687020646, speed: 25
2025-09-11 21:15:34,635 [INFO] Truck: Time:<121> Truck:[CLTruck10] breakdown for 8.804101972004108 minutes at 121
2025-09-11 21:15:34,636 [INFO] Truck: Time:<132.09066666666666> Truck:[OfficalTruck9] Start loading at shovel NorthPitMine-LoadSite4-Shovel-3, load time is 34.22222222222222
2025-09-11 21:15:34,636 [DEBUG] Truck: Time:<132.26852387534774> Truck:[CLTruck18] Arrived at NorthPitMine-DumpSite5 at 132.26852387534774
2025-09-11 21:15:34,636 [INFO] Truck: Time:<132.39480218852657> Truck:[XHTruck13] Finish unloading at dumper NorthPitMine-DumpSite5-点位0, dumper tons is 1470.3780994674612
2025-09-11 21:15:34,636 [DEBUG] Truck: Time:<132.39480218852657> Truck:[XHTruck13] Start moving to ORDER(3):NorthPitMine-LoadSite4, move distance is 7.553806015106765, speed: 25
2025-09-11 21:15:34,636 [INFO] Truck: Time:<132.39480218852657> Truck:[XHTruck13] is facing 8.371803392291863 mins delay caused by 4 pre-existing jam events on Road from NorthPitMine-DumpSite5 to NorthPitMine-LoadSite4
2025-09-11 21:15:34,636 [INFO] Truck: Time:<132.51182833987798> Truck:[XHTruck25] Finish unloading at dumper NorthPitMine-DumpSite2-点位0, dumper tons is 1207.98318607787
2025-09-11 21:15:34,636 [DEBUG] Truck: Time:<132.51182833987798> Truck:[XHTruck25] Start moving to ORDER(4):NorthPitMine-LoadSite5, move distance is 8.708003310357897, speed: 25
2025-09-11 21:15:34,636 [INFO] Truck: Time:<132.51182833987798> Truck:[XHTruck25] is facing 7.329857274510012 mins delay caused by 3 pre-existing jam events on Road from NorthPitMine-DumpSite2 to NorthPitMine-LoadSite5
2025-09-11 21:15:34,640 [INFO] Truck: Time:<133.07443060315018> Truck:[XHTruck32] Finish loading at shovel NorthPitMine-LoadSite3-Shovel-1
2025-09-11 21:15:34,641 [DEBUG] Truck: Time:<133.07443060315018> Truck:[XHTruck32] Start moving to ORDER(4): NorthPitMine-DumpSite5, move distance is 1.86, speed: 25
2025-09-11 21:15:34,641 [INFO] Truck: Time:<109> Truck:[XHTruck32] breakdown for 6.732724453882682 minutes at 109
2025-09-11 21:15:34,641 [INFO] Truck: Time:<133.07443060315018> Truck:[CLTruck13] Start loading at shovel NorthPitMine-LoadSite3-Shovel-1, load time is 2.5836614173228347
2025-09-11 21:15:34,641 [DEBUG] Truck: Time:<133.1193699784937> Truck:[XHTruck16] Arrived at NorthPitMine-DumpSite2 at 133.1193699784937
2025-09-11 21:15:34,642 [DEBUG] Truck: Time:<133.16235467245718> Truck:[CLTruck9] Arrived at NorthPitMine-DumpSite2 at 133.16235467245718
2025-09-11 21:15:34,642 [INFO] Truck: Time:<133.26852387534774> Truck:[CLTruck18] Finish unloading at dumper NorthPitMine-DumpSite5-点位1, dumper tons is 544.4892001501653
2025-09-11 21:15:34,642 [DEBUG] Truck: Time:<133.26852387534774> Truck:[CLTruck18] Start moving to ORDER(3):NorthPitMine-LoadSite4, move distance is 6.9182613906509385, speed: 25
2025-09-11 21:15:34,642 [INFO] Truck: Time:<133.26852387534774> Truck:[CLTruck18] is facing 7.887424358290479 mins delay caused by 4 pre-existing jam events on Road from NorthPitMine-DumpSite5 to NorthPitMine-LoadSite4
2025-09-11 21:15:34,643 [INFO] Truck: Time:<133.82349510931982> Truck:[XHTruck9] Finish loading at shovel NorthPitMine-LoadSite4-Shovel-1
2025-09-11 21:15:34,643 [DEBUG] Truck: Time:<133.82349510931982> Truck:[XHTruck9] Start moving to ORDER(1): NorthPitMine-DumpSite2, move distance is 1.5557672720930953, speed: 25
2025-09-11 21:15:34,643 [INFO] Truck: Time:<133> Truck:[XHTruck9] breakdown for 8.338396333007841 minutes at 133
2025-09-11 21:15:34,643 [INFO] Truck: Time:<133.82349510931982> Truck:[XHTruck15] Start loading at shovel NorthPitMine-LoadSite4-Shovel-1, load time is 4.060039370078741
2025-09-11 21:15:34,643 [INFO] Truck: Time:<133.97322564350154> Truck:[CLTruck11] Arrived at NorthPitMine-LoadSite5 at 133.97322564350154
2025-09-11 21:15:34,644 [INFO] Truck: Time:<133.97322564350154> Truck:[CLTruck11] Start loading at shovel NorthPitMine-LoadSite5-Shovel-2, load time is 2.5836614173228347
2025-09-11 21:15:34,646 [INFO] Truck: Time:<134.1193699784937> Truck:[XHTruck16] Finish unloading at dumper NorthPitMine-DumpSite2-点位0, dumper tons is 1266.119817997918
2025-09-11 21:15:34,646 [INFO] Road: [RoadEvent] Road from NorthPitMine-DumpSite2 to NorthPitMine-LoadSite3 is in repair，the repair will last for 50.30 mins, and will end at 184.42, vehicle on this road will have to suffer punish_distance.
2025-09-11 21:15:34,646 [DEBUG] Truck: Time:<134.1193699784937> Truck:[XHTruck16] Start moving to ORDER(2):NorthPitMine-LoadSite3, move distance is 4.360289877526878, speed: 25
2025-09-11 21:15:34,646 [INFO] Truck: Time:<134.16235467245718> Truck:[CLTruck9] Finish unloading at dumper NorthPitMine-DumpSite2-点位1, dumper tons is 234.10132818955128
2025-09-11 21:15:34,646 [DEBUG] Truck: Time:<134.16235467245718> Truck:[CLTruck9] Start moving to ORDER(2):NorthPitMine-LoadSite3, move distance is 4.846253146224032, speed: 25
2025-09-11 21:15:34,646 [INFO] Truck: Time:<134.5874758734994> Truck:[OfficalTruck7] Finish loading at shovel NorthPitMine-LoadSite5-Shovel-1
2025-09-11 21:15:34,646 [INFO] Truck: Time:<134.5874758734994> Shovel NorthPitMine-LoadSite5-Shovel-1 under maintenance for 42.33 minutes
2025-09-11 21:15:34,646 [DEBUG] Truck: Time:<134.65273461426546> Truck:[XHTruck21] Arrived at NorthPitMine-DumpSite2 at 134.65273461426546
2025-09-11 21:15:34,646 [INFO] Truck: Time:<134.84008027825266> Truck:[CLTruck28] is facing 5.84472929135018 mins delay caused by 2 pre-existing jam events on Road from NorthPitMine-DumpSite2 to NorthPitMine-LoadSite5
2025-09-11 21:15:34,646 [INFO] Truck: Time:<135.65273461426546> Truck:[XHTruck21] Finish unloading at dumper NorthPitMine-DumpSite2-点位0, dumper tons is 1325.6354420133473
2025-09-11 21:15:34,646 [DEBUG] Truck: Time:<135.65273461426546> Truck:[XHTruck21] Start moving to ORDER(2):NorthPitMine-LoadSite3, move distance is 4.976828257199733, speed: 25
2025-09-11 21:15:34,646 [INFO] Truck: Time:<135> Truck:[XHTruck21] breakdown for 10.408828360692777 minutes at 135
2025-09-11 21:15:34,651 [INFO] Truck: Time:<135.65809202047302> Truck:[CLTruck13] Finish loading at shovel NorthPitMine-LoadSite3-Shovel-1
2025-09-11 21:15:34,652 [DEBUG] Truck: Time:<135.65809202047302> Truck:[CLTruck13] Start moving to ORDER(4): NorthPitMine-DumpSite5, move distance is 1.86, speed: 25
2025-09-11 21:15:34,652 [INFO] Truck: Time:<111> Truck:[CLTruck13] breakdown for 10.658782910623696 minutes at 111
2025-09-11 21:15:34,652 [INFO] Truck: Time:<135.65809202047302> Truck:[XHTruck17] Start loading at shovel NorthPitMine-LoadSite3-Shovel-1, load time is 4.060039370078741
2025-09-11 21:15:34,653 [DEBUG] Truck: Time:<135.66867213647424> Truck:[XHTruck8] Arrived at NorthPitMine-DumpSite5 at 135.66867213647424
2025-09-11 21:15:34,653 [INFO] Truck: Time:<135.74978089341613> Truck:[CLTruck4] is facing 4.603848569186635 mins delay caused by 3 pre-existing jam events on Road from NorthPitMine-DumpSite5 to NorthPitMine-LoadSite4
2025-09-11 21:15:34,653 [INFO] Truck: Time:<135.96629570212957> Truck:[XHTruck29] Arrived at NorthPitMine-LoadSite4 at 135.96629570212957
2025-09-11 21:15:34,655 [INFO] Truck: Time:<136.55066930207013> Truck:[OfficalTruck1] Arrived at NorthPitMine-LoadSite4 at 136.55066930207013
2025-09-11 21:15:34,655 [INFO] Truck: Time:<136.55688706082438> Truck:[CLTruck11] Finish loading at shovel NorthPitMine-LoadSite5-Shovel-2
2025-09-11 21:15:34,658 [DEBUG] Truck: Time:<136.55688706082438> Truck:[CLTruck11] Start moving to ORDER(0): NorthPitMine-DumpSite1, move distance is 7.9426578301111075, speed: 25
2025-09-11 21:15:34,658 [INFO] Truck: Time:<123> Truck:[CLTruck11] breakdown for 8.778658592536896 minutes at 123
2025-09-11 21:15:34,658 [INFO] Truck: Time:<136.66867213647424> Truck:[XHTruck8] Finish unloading at dumper NorthPitMine-DumpSite5-点位0, dumper tons is 1524.3345731843826
2025-09-11 21:15:34,659 [DEBUG] Truck: Time:<136.66867213647424> Truck:[XHTruck8] Start moving to ORDER(3):NorthPitMine-LoadSite4, move distance is 7.504955866977987, speed: 25
2025-09-11 21:15:34,659 [INFO] Truck: Time:<136.66867213647424> Truck:[XHTruck8] is facing 4.127859661215874 mins delay caused by 3 pre-existing jam events on Road from NorthPitMine-DumpSite5 to NorthPitMine-LoadSite4
2025-09-11 21:15:34,659 [INFO] Truck: Time:<136.70709912559772> Truck:[CLTruck5] Arrived at NorthPitMine-LoadSite4 at 136.70709912559772
2025-09-11 21:15:34,659 [INFO] Truck: Time:<136.99758539997976> Truck:[CLTruck23] Arrived at NorthPitMine-LoadSite5 at 136.99758539997976
2025-09-11 21:15:34,659 [INFO] Truck: Time:<136.99758539997976> Truck:[CLTruck23] Start loading at shovel NorthPitMine-LoadSite5-Shovel-2, load time is 2.5836614173228347
2025-09-11 21:15:34,662 [INFO] Truck: Time:<137.88353447939858> Truck:[XHTruck15] Finish loading at shovel NorthPitMine-LoadSite4-Shovel-1
2025-09-11 21:15:34,662 [DEBUG] Truck: Time:<137.88353447939858> Truck:[XHTruck15] Start moving to ORDER(1): NorthPitMine-DumpSite2, move distance is 1.8492629523598505, speed: 25
2025-09-11 21:15:34,662 [INFO] Truck: Time:<129> Truck:[XHTruck15] breakdown for 6.100829986553317 minutes at 129
2025-09-11 21:15:34,663 [INFO] Truck: Time:<137.88353447939858> Truck:[XHTruck7] Start loading at shovel NorthPitMine-LoadSite4-Shovel-1, load time is 4.060039370078741
2025-09-11 21:15:34,664 [INFO] Truck: Time:<138.75705250998985> Truck:[CLTruck15] Arrived at NorthPitMine-LoadSite4 at 138.75705250998985
2025-09-11 21:15:34,668 [INFO] Truck: Time:<139.5812468173026> Truck:[CLTruck23] Finish loading at shovel NorthPitMine-LoadSite5-Shovel-2
2025-09-11 21:15:34,669 [DEBUG] Truck: Time:<139.5812468173026> Truck:[CLTruck23] Start moving to ORDER(0): NorthPitMine-DumpSite1, move distance is 7.03077720854212, speed: 25
2025-09-11 21:15:34,669 [INFO] Truck: Time:<139> Truck:[CLTruck23] breakdown for 5.794643814536828 minutes at 139
2025-09-11 21:15:34,669 [INFO] Truck: Time:<139.71813139055178> Truck:[XHTruck17] Finish loading at shovel NorthPitMine-LoadSite3-Shovel-1
2025-09-11 21:15:34,670 [DEBUG] Truck: Time:<139.71813139055178> Truck:[XHTruck17] Start moving to ORDER(4): NorthPitMine-DumpSite5, move distance is 1.86, speed: 25
2025-09-11 21:15:34,670 [INFO] Truck: Time:<109> Truck:[XHTruck17] breakdown for 6.064732105611161 minutes at 109
2025-09-11 21:15:34,670 [INFO] Truck: Time:<139.71813139055178> Truck:[CLTruck3] Start loading at shovel NorthPitMine-LoadSite3-Shovel-1, load time is 2.5836614173228347
2025-09-11 21:15:34,672 [INFO] Truck: Time:<140.97955555555555> Truck:[XHTruck19] Finish loading at shovel NorthPitMine-LoadSite4-Shovel-5
2025-09-11 21:15:34,672 [DEBUG] Truck: Time:<140.97955555555555> Truck:[XHTruck19] Start moving to ORDER(1): NorthPitMine-DumpSite2, move distance is 1.6848735570191327, speed: 25
2025-09-11 21:15:34,672 [INFO] Truck: Time:<137> Truck:[XHTruck19] breakdown for 5.051748235570795 minutes at 137
2025-09-11 21:15:34,672 [INFO] Truck: Time:<140.97955555555555> Truck:[CLTruck21] Start loading at shovel NorthPitMine-LoadSite4-Shovel-5, load time is 15.555555555555555
2025-09-11 21:15:34,672 [INFO] Truck: Time:<140.97955555555558> Truck:[XHTruck23] Finish loading at shovel NorthPitMine-LoadSite4-Shovel-2
2025-09-11 21:15:34,672 [DEBUG] Truck: Time:<140.97955555555558> Truck:[XHTruck23] Start moving to ORDER(1): NorthPitMine-DumpSite2, move distance is 1.687160374269171, speed: 25
2025-09-11 21:15:34,672 [INFO] Truck: Time:<113> Truck:[XHTruck23] breakdown for 9.104312178028737 minutes at 113
2025-09-11 21:15:34,676 [INFO] Truck: Time:<140.97955555555558> Truck:[XHTruck14] Start loading at shovel NorthPitMine-LoadSite4-Shovel-2, load time is 24.444444444444443
2025-09-11 21:15:34,678 [DEBUG] Truck: Time:<141.3444033375146> Truck:[XHTruck12] Arrived at NorthPitMine-DumpSite5 at 141.3444033375146
2025-09-11 21:15:34,678 [INFO] Truck: Time:<141.86844444444444> Truck:[CLTruck19] Finish loading at shovel NorthPitMine-LoadSite4-Shovel-4
2025-09-11 21:15:34,679 [DEBUG] Truck: Time:<141.86844444444444> Truck:[CLTruck19] Start moving to ORDER(1): NorthPitMine-DumpSite2, move distance is 1.6927071725959635, speed: 25
2025-09-11 21:15:34,679 [INFO] Truck: Time:<134> Truck:[CLTruck19] breakdown for 8.852266212314369 minutes at 134
2025-09-11 21:15:34,679 [INFO] Truck: Time:<141.86844444444444> Truck:[CLTruck14] Start loading at shovel NorthPitMine-LoadSite4-Shovel-4, load time is 15.555555555555555
2025-09-11 21:15:34,680 [INFO] Truck: Time:<141.94357384947733> Truck:[XHTruck7] Finish loading at shovel NorthPitMine-LoadSite4-Shovel-1
2025-09-11 21:15:34,680 [DEBUG] Truck: Time:<141.94357384947733> Truck:[XHTruck7] Start moving to ORDER(1): NorthPitMine-DumpSite2, move distance is 1.7300951655124035, speed: 25
2025-09-11 21:15:34,680 [INFO] Truck: Time:<139> Truck:[XHTruck7] breakdown for 12.43061869163677 minutes at 139
2025-09-11 21:15:34,681 [INFO] Truck: Time:<141.94357384947733> Truck:[OfficalTruck1] Start loading at shovel NorthPitMine-LoadSite4-Shovel-1, load time is 5.684055118110236
2025-09-11 21:15:34,683 [INFO] Truck: Time:<142.24766602139755> Truck:[CLTruck25] Arrived at NorthPitMine-LoadSite4 at 142.24766602139755
2025-09-11 21:15:34,684 [INFO] Truck: Time:<142.30179280787462> Truck:[CLTruck3] Finish loading at shovel NorthPitMine-LoadSite3-Shovel-1
2025-09-11 21:15:34,684 [DEBUG] Truck: Time:<142.30179280787462> Truck:[CLTruck3] Start moving to ORDER(4): NorthPitMine-DumpSite5, move distance is 1.86, speed: 25
2025-09-11 21:15:34,684 [INFO] Truck: Time:<136> Truck:[CLTruck3] breakdown for 6.841071266247807 minutes at 136
2025-09-11 21:15:34,684 [INFO] Truck: Time:<142.3444033375146> Truck:[XHTruck12] Finish unloading at dumper NorthPitMine-DumpSite5-点位0, dumper tons is 1577.807993381392
2025-09-11 21:15:34,685 [DEBUG] Truck: Time:<142.3444033375146> Truck:[XHTruck12] Start moving to ORDER(3):NorthPitMine-LoadSite4, move distance is 7.613245937860429, speed: 25
2025-09-11 21:15:34,685 [INFO] Truck: Time:<142.3444033375146> Truck:[XHTruck12] is facing 2.8153894482793103 mins delay caused by 3 pre-existing jam events on Road from NorthPitMine-DumpSite5 to NorthPitMine-LoadSite4
2025-09-11 21:15:34,688 [DEBUG] Truck: Time:<143.0768127769346> Truck:[XHTruck3] Arrived at NorthPitMine-DumpSite1 at 143.0768127769346
2025-09-11 21:15:34,689 [DEBUG] Truck: Time:<143.32542813935174> Truck:[OfficalTruck8] Arrived at NorthPitMine-DumpSite2 at 143.32542813935174
2025-09-11 21:15:34,689 [INFO] Truck: Time:<143.54202567684675> Truck:[XHTruck31] Arrived at NorthPitMine-LoadSite4 at 143.54202567684675
2025-09-11 21:15:34,691 [INFO] Truck: Time:<144.0768127769346> Truck:[XHTruck3] Finish unloading at dumper NorthPitMine-DumpSite1-点位0, dumper tons is 911.463682324087
2025-09-11 21:15:34,692 [INFO] Road: [RoadEvent] Road from NorthPitMine-DumpSite1 to NorthPitMine-LoadSite3 is in repair，the repair will last for 51.03 mins, and will end at 195.10, vehicle on this road will have to suffer punish_distance.
2025-09-11 21:15:34,693 [DEBUG] Truck: Time:<144.0768127769346> Truck:[XHTruck3] Start moving to ORDER(2):NorthPitMine-LoadSite3, move distance is 4.127087518574114, speed: 25
2025-09-11 21:15:34,693 [DEBUG] Truck: Time:<144.27115505703284> Truck:[XHTruck32] Arrived at NorthPitMine-DumpSite5 at 144.27115505703284
2025-09-11 21:15:34,693 [INFO] Truck: Time:<144.32542813935174> Truck:[OfficalTruck8] Finish unloading at dumper NorthPitMine-DumpSite2-点位0, dumper tons is 1404.6749832827784
2025-09-11 21:15:34,693 [DEBUG] Truck: Time:<144.32542813935174> Truck:[OfficalTruck8] Start moving to ORDER(4):NorthPitMine-LoadSite5, move distance is 7.772144744449678, speed: 25
2025-09-11 21:15:34,693 [INFO] Truck: Time:<144.32542813935174> Truck:[OfficalTruck8] is facing 0 mins delay caused by 5 pre-existing jam events on Road from NorthPitMine-DumpSite2 to NorthPitMine-LoadSite5
2025-09-11 21:15:34,694 [INFO] Truck: Time:<144.5840656845582> Truck:[XHTruck16] Arrived at NorthPitMine-LoadSite3 at 144.5840656845582
2025-09-11 21:15:34,694 [INFO] Truck: Time:<144.5840656845582> Truck:[XHTruck16] Start loading at shovel NorthPitMine-LoadSite3-Shovel-1, load time is 4.060039370078741
2025-09-11 21:15:34,694 [DEBUG] Truck: Time:<144.65068096355571> Truck:[CLTruck10] Arrived at NorthPitMine-DumpSite2 at 144.65068096355571
2025-09-11 21:15:34,695 [INFO] Truck: Time:<145.27115505703284> Truck:[XHTruck32] Finish unloading at dumper NorthPitMine-DumpSite5-点位0, dumper tons is 1628.9199073827176
2025-09-11 21:15:34,696 [DEBUG] Truck: Time:<145.27115505703284> Truck:[XHTruck32] Start moving to ORDER(3):NorthPitMine-LoadSite4, move distance is 6.829152239985317, speed: 25
2025-09-11 21:15:34,696 [INFO] Truck: Time:<145.27115505703284> Truck:[XHTruck32] is facing 0.4650525553070892 mins delay caused by 4 pre-existing jam events on Road from NorthPitMine-DumpSite5 to NorthPitMine-LoadSite4
2025-09-11 21:15:34,697 [INFO] Truck: Time:<145.33554565336127> Truck:[CLTruck11] is facing 0 mins delay caused by 1 pre-existing jam events on Road from NorthPitMine-LoadSite5 to NorthPitMine-DumpSite1
2025-09-11 21:15:34,697 [INFO] Truck: Time:<145.37589063183944> Truck:[CLTruck23] is facing 0 mins delay caused by 1 pre-existing jam events on Road from NorthPitMine-LoadSite5 to NorthPitMine-DumpSite1
2025-09-11 21:15:34,697 [INFO] Truck: Time:<145.65068096355571> Truck:[CLTruck10] Finish unloading at dumper NorthPitMine-DumpSite2-点位0, dumper tons is 1439.8279301892844
2025-09-11 21:15:34,698 [DEBUG] Truck: Time:<145.65068096355571> Truck:[CLTruck10] Start moving to ORDER(2):NorthPitMine-LoadSite3, move distance is 4.825334269857356, speed: 25
2025-09-11 21:15:34,698 [INFO] Truck: Time:<145.65068096355571> Truck:[CLTruck10] is facing 5.3342964643612545 mins delay caused by 3 pre-existing jam events on Road from NorthPitMine-DumpSite2 to NorthPitMine-LoadSite3
2025-09-11 21:15:34,698 [INFO] Truck: Time:<145.73000739813435> Truck:[XHTruck33] Arrived at NorthPitMine-LoadSite5 at 145.73000739813435
2025-09-11 21:15:34,698 [INFO] Truck: Time:<145.73000739813435> Truck:[XHTruck33] Start loading at shovel NorthPitMine-LoadSite5-Shovel-2, load time is 4.060039370078741
2025-09-11 21:15:34,698 [INFO] Truck: Time:<145.79336222339487> Truck:[CLTruck9] Arrived at NorthPitMine-LoadSite3 at 145.79336222339487
2025-09-11 21:15:34,699 [DEBUG] Truck: Time:<145.89573289535107> Truck:[XHTruck9] Arrived at NorthPitMine-DumpSite2 at 145.89573289535107
2025-09-11 21:15:34,700 [INFO] Truck: Time:<146.06156297495824> Truck:[XHTruck21] is facing 3.993540427261367 mins delay caused by 3 pre-existing jam events on Road from NorthPitMine-DumpSite2 to NorthPitMine-LoadSite3
2025-09-11 21:15:34,700 [INFO] Truck: Time:<146.23693112638546> Shovel NorthPitMine-LoadSite3-Shovel-2 maintenance completed
2025-09-11 21:15:34,702 [DEBUG] Truck: Time:<146.23693112638546> Truck:[XHTruck27] Start moving to ORDER(4): NorthPitMine-DumpSite5, move distance is 1.86, speed: 25
2025-09-11 21:15:34,702 [INFO] Truck: Time:<126> Truck:[XHTruck27] breakdown for 14.84549956254832 minutes at 126
2025-09-11 21:15:34,702 [INFO] Truck: Time:<146.23693112638546> Truck:[OfficalTruck6] Start loading at shovel NorthPitMine-LoadSite3-Shovel-2, load time is 34.22222222222222
2025-09-11 21:15:34,702 [DEBUG] Truck: Time:<146.26535493093857> Truck:[XHTruck28] Arrived at NorthPitMine-DumpSite5 at 146.26535493093857
2025-09-11 21:15:34,702 [DEBUG] Truck: Time:<146.6756755259096> Truck:[XHTruck30] Arrived at NorthPitMine-DumpSite1 at 146.6756755259096
2025-09-11 21:15:34,702 [INFO] Truck: Time:<146.89573289535107> Truck:[XHTruck9] Finish unloading at dumper NorthPitMine-DumpSite2-点位0, dumper tons is 1493.2393462928583
2025-09-11 21:15:34,702 [DEBUG] Truck: Time:<146.89573289535107> Truck:[XHTruck9] Start moving to ORDER(2):NorthPitMine-LoadSite3, move distance is 4.865955679480934, speed: 25
2025-09-11 21:15:34,702 [INFO] Truck: Time:<146.89573289535107> Truck:[XHTruck9] is facing 3.2625672109819295 mins delay caused by 3 pre-existing jam events on Road from NorthPitMine-DumpSite2 to NorthPitMine-LoadSite3
2025-09-11 21:15:34,705 [INFO] Truck: Time:<147.26535493093857> Truck:[XHTruck28] Finish unloading at dumper NorthPitMine-DumpSite5-点位0, dumper tons is 1687.8607017736053
2025-09-11 21:15:34,706 [DEBUG] Truck: Time:<147.26535493093857> Truck:[XHTruck28] Start moving to ORDER(3):NorthPitMine-LoadSite4, move distance is 6.354926668626951, speed: 25
2025-09-11 21:15:34,706 [INFO] Truck: Time:<147.26535493093857> Truck:[XHTruck28] is facing 0 mins delay caused by 1 pre-existing jam events on Road from NorthPitMine-DumpSite5 to NorthPitMine-LoadSite4
2025-09-11 21:15:34,706 [INFO] Truck: Time:<147.62762896758755> Truck:[OfficalTruck1] Finish loading at shovel NorthPitMine-LoadSite4-Shovel-1
2025-09-11 21:15:34,707 [DEBUG] Truck: Time:<147.62762896758755> Truck:[OfficalTruck1] Start moving to ORDER(1): NorthPitMine-DumpSite2, move distance is 1.17, speed: 25
2025-09-11 21:15:34,707 [INFO] Truck: Time:<138> Truck:[OfficalTruck1] breakdown for 11.666030028198705 minutes at 138
2025-09-11 21:15:34,707 [INFO] Truck: Time:<147.62762896758755> Truck:[CLTruck15] Start loading at shovel NorthPitMine-LoadSite4-Shovel-1, load time is 2.5836614173228347
2025-09-11 21:15:34,708 [INFO] Truck: Time:<147.62824899658966> Truck:[CLTruck29] Arrived at NorthPitMine-LoadSite5 at 147.62824899658966
2025-09-11 21:15:34,708 [INFO] Truck: Time:<147.6756755259096> Truck:[XHTruck30] Finish unloading at dumper NorthPitMine-DumpSite1-点位0, dumper tons is 962.2885517268584
2025-09-11 21:15:34,708 [DEBUG] Truck: Time:<147.6756755259096> Truck:[XHTruck30] Start moving to ORDER(2):NorthPitMine-LoadSite3, move distance is 3.91009767804526, speed: 25
2025-09-11 21:15:34,710 [DEBUG] Truck: Time:<148.39584950417364> Truck:[CLTruck6] Arrived at NorthPitMine-DumpSite1 at 148.39584950417364
2025-09-11 21:15:34,710 [DEBUG] Truck: Time:<148.42259555161553> Truck:[XHTruck15] Arrived at NorthPitMine-DumpSite2 at 148.42259555161553
2025-09-11 21:15:34,711 [INFO] Truck: Time:<148.64410505463695> Truck:[XHTruck16] Finish loading at shovel NorthPitMine-LoadSite3-Shovel-1
2025-09-11 21:15:34,711 [INFO] Road: [RoadEvent] Road from NorthPitMine-LoadSite3 to NorthPitMine-DumpSite5 is in repair，the repair will last for 60.34 mins, and will end at 208.99, vehicle on this road will have to suffer punish_distance.
2025-09-11 21:15:34,711 [DEBUG] Truck: Time:<148.64410505463695> Truck:[XHTruck16] Start moving to ORDER(4): NorthPitMine-DumpSite5, move distance is 2.3781822801177133, speed: 25
2025-09-11 21:15:34,712 [INFO] Truck: Time:<148.64410505463695> Truck:[CLTruck9] Start loading at shovel NorthPitMine-LoadSite3-Shovel-1, load time is 2.5836614173228347
2025-09-11 21:15:34,712 [INFO] Truck: Time:<148.80914853939248> Truck:[XHTruck11] Arrived at NorthPitMine-LoadSite5 at 148.80914853939248
2025-09-11 21:15:34,714 [INFO] Truck: Time:<149.14286407412243> Truck:[CLTruck3] is facing 5.439407986504309 mins delay caused by 1 pre-existing jam events on Road from NorthPitMine-LoadSite3 to NorthPitMine-DumpSite5
2025-09-11 21:15:34,714 [INFO] Truck: Time:<149.39584950417364> Truck:[CLTruck6] Finish unloading at dumper NorthPitMine-DumpSite1-点位0, dumper tons is 1000.6371696420644
2025-09-11 21:15:34,715 [DEBUG] Truck: Time:<149.39584950417364> Truck:[CLTruck6] Start moving to ORDER(2):NorthPitMine-LoadSite3, move distance is 4.564323635303109, speed: 25
2025-09-11 21:15:34,715 [INFO] Truck: Time:<149.42259555161553> Truck:[XHTruck15] Finish unloading at dumper NorthPitMine-DumpSite2-点位0, dumper tons is 1552.2229480822386
2025-09-11 21:15:34,715 [DEBUG] Truck: Time:<149.42259555161553> Truck:[XHTruck15] Start moving to ORDER(2):NorthPitMine-LoadSite3, move distance is 4.92862515224374, speed: 25
2025-09-11 21:15:34,715 [INFO] Truck: Time:<149.42259555161553> Truck:[XHTruck15] is facing 0.587405622173657 mins delay caused by 3 pre-existing jam events on Road from NorthPitMine-DumpSite2 to NorthPitMine-LoadSite3
2025-09-11 21:15:34,716 [INFO] Truck: Time:<149.79004676821307> Truck:[XHTruck33] Finish loading at shovel NorthPitMine-LoadSite5-Shovel-2
2025-09-11 21:15:34,717 [DEBUG] Truck: Time:<149.79004676821307> Truck:[XHTruck33] Start moving to ORDER(0): NorthPitMine-DumpSite1, move distance is 7.648649524728249, speed: 25
2025-09-11 21:15:34,717 [INFO] Truck: Time:<131> Truck:[XHTruck33] breakdown for 8.17506134354526 minutes at 131
2025-09-11 21:15:34,717 [INFO] Truck: Time:<149.79004676821307> Truck:[CLTruck29] Start loading at shovel NorthPitMine-LoadSite5-Shovel-2, load time is 2.5836614173228347
2025-09-11 21:15:34,718 [DEBUG] Truck: Time:<150.04923641147826> Truck:[XHTruck26] Arrived at NorthPitMine-DumpSite2 at 150.04923641147826
2025-09-11 21:15:34,718 [DEBUG] Truck: Time:<150.07500032797225> Truck:[XHTruck19] Arrived at NorthPitMine-DumpSite2 at 150.07500032797225
2025-09-11 21:15:34,718 [INFO] Truck: Time:<150.2112903849104> Truck:[CLTruck15] Finish loading at shovel NorthPitMine-LoadSite4-Shovel-1
2025-09-11 21:15:34,718 [DEBUG] Truck: Time:<150.2112903849104> Truck:[CLTruck15] Start moving to ORDER(1): NorthPitMine-DumpSite2, move distance is 1.17, speed: 25
2025-09-11 21:15:34,718 [INFO] Truck: Time:<136> Truck:[CLTruck15] breakdown for 13.650905793387977 minutes at 136
2025-09-11 21:15:34,718 [INFO] Truck: Time:<150.2112903849104> Truck:[CLTruck25] Start loading at shovel NorthPitMine-LoadSite4-Shovel-1, load time is 2.5836614173228347
2025-09-11 21:15:34,718 [DEBUG] Truck: Time:<150.24686349616294> Truck:[XHTruck17] Arrived at NorthPitMine-DumpSite5 at 150.24686349616294
2025-09-11 21:15:34,718 [INFO] Truck: Time:<150.33277965121485> Truck:[CLTruck12] Arrived at NorthPitMine-LoadSite5 at 150.33277965121485
2025-09-11 21:15:34,718 [DEBUG] Truck: Time:<150.78087493109672> Truck:[CLTruck13] Arrived at NorthPitMine-DumpSite5 at 150.78087493109672
2025-09-11 21:15:34,724 [INFO] Truck: Time:<151.04923641147826> Truck:[XHTruck26] Finish unloading at dumper NorthPitMine-DumpSite2-点位0, dumper tons is 1610.9820846970504
2025-09-11 21:15:34,725 [DEBUG] Truck: Time:<151.04923641147826> Truck:[XHTruck26] Start moving to ORDER(2):NorthPitMine-LoadSite3, move distance is 5.231633239094678, speed: 25
2025-09-11 21:15:34,725 [INFO] Truck: Time:<151.04923641147826> Truck:[XHTruck26] is facing 0 mins delay caused by 2 pre-existing jam events on Road from NorthPitMine-DumpSite2 to NorthPitMine-LoadSite3
2025-09-11 21:15:34,725 [INFO] Truck: Time:<151.07500032797225> Truck:[XHTruck19] Finish unloading at dumper NorthPitMine-DumpSite2-点位1, dumper tons is 288.53033601828815
2025-09-11 21:15:34,725 [DEBUG] Truck: Time:<151.07500032797225> Truck:[XHTruck19] Start moving to ORDER(2):NorthPitMine-LoadSite3, move distance is 4.353094782907174, speed: 25
2025-09-11 21:15:34,725 [INFO] Truck: Time:<148> Truck:[XHTruck19] breakdown for 6.793841362782454 minutes at 148
2025-09-11 21:15:34,725 [INFO] Truck: Time:<151.2277664719598> Truck:[CLTruck9] Finish loading at shovel NorthPitMine-LoadSite3-Shovel-1
2025-09-11 21:15:34,725 [DEBUG] Truck: Time:<151.2277664719598> Truck:[CLTruck9] Start moving to ORDER(4): NorthPitMine-DumpSite5, move distance is 2.898873886622164, speed: 25
2025-09-11 21:15:34,725 [INFO] Truck: Time:<142> Truck:[CLTruck9] breakdown for 8.439397054981006 minutes at 142
2025-09-11 21:15:34,725 [INFO] Truck: Time:<151.24686349616294> Truck:[XHTruck17] Finish unloading at dumper NorthPitMine-DumpSite5-点位0, dumper tons is 1740.5174286364065
2025-09-11 21:15:34,725 [DEBUG] Truck: Time:<151.24686349616294> Truck:[XHTruck17] Start moving to ORDER(3):NorthPitMine-LoadSite4, move distance is 7.522420459583121, speed: 25
2025-09-11 21:15:34,725 [INFO] Truck: Time:<151.78087493109672> Truck:[CLTruck13] Finish unloading at dumper NorthPitMine-DumpSite5-点位1, dumper tons is 582.4144990829988
2025-09-11 21:15:34,725 [DEBUG] Truck: Time:<151.78087493109672> Truck:[CLTruck13] Start moving to ORDER(3):NorthPitMine-LoadSite4, move distance is 7.666665443618666, speed: 25
2025-09-11 21:15:34,730 [INFO] Truck: Time:<152.37370818553592> Truck:[CLTruck29] Finish loading at shovel NorthPitMine-LoadSite5-Shovel-2
2025-09-11 21:15:34,731 [DEBUG] Truck: Time:<152.37370818553592> Truck:[CLTruck29] Start moving to ORDER(0): NorthPitMine-DumpSite1, move distance is 6.764376290063461, speed: 25
2025-09-11 21:15:34,731 [INFO] Truck: Time:<151> Truck:[CLTruck29] breakdown for 5.852817993182047 minutes at 151
2025-09-11 21:15:34,731 [INFO] Truck: Time:<152.37370818553592> Truck:[CLTruck12] Start loading at shovel NorthPitMine-LoadSite5-Shovel-2, load time is 2.5836614173228347
2025-09-11 21:15:34,731 [INFO] Truck: Time:<152.79495180223324> Truck:[CLTruck25] Finish loading at shovel NorthPitMine-LoadSite4-Shovel-1
2025-09-11 21:15:34,731 [DEBUG] Truck: Time:<152.79495180223324> Truck:[CLTruck25] Start moving to ORDER(1): NorthPitMine-DumpSite2, move distance is 1.17, speed: 25
2025-09-11 21:15:34,731 [INFO] Truck: Time:<138> Truck:[CLTruck25] breakdown for 11.599525582690369 minutes at 138
2025-09-11 21:15:34,736 [DEBUG] Truck: Time:<153.29693791412782> Truck:[CLTruck1] Arrived at NorthPitMine-DumpSite1 at 153.29693791412782
2025-09-11 21:15:34,736 [INFO] Truck: Time:<153.98182282151245> Truck:[XHTruck3] Arrived at NorthPitMine-LoadSite3 at 153.98182282151245
2025-09-11 21:15:34,737 [INFO] Truck: Time:<153.98182282151245> Truck:[XHTruck3] Start loading at shovel NorthPitMine-LoadSite3-Shovel-1, load time is 4.060039370078741
2025-09-11 21:15:34,737 [DEBUG] Truck: Time:<154.13305263183034> Truck:[XHTruck23] Arrived at NorthPitMine-DumpSite2 at 154.13305263183034
2025-09-11 21:15:34,737 [INFO] Truck: Time:<154.29693791412782> Truck:[CLTruck1] Finish unloading at dumper NorthPitMine-DumpSite1-点位0, dumper tons is 1032.6172703186128
2025-09-11 21:15:34,737 [DEBUG] Truck: Time:<154.29693791412782> Truck:[CLTruck1] Start moving to ORDER(2):NorthPitMine-LoadSite3, move distance is 3.9854421658331733, speed: 25
2025-09-11 21:15:34,737 [INFO] Truck: Time:<143> Truck:[CLTruck1] breakdown for 3.992661206670814 minutes at 143
2025-09-11 21:15:34,742 [DEBUG] Truck: Time:<154.35174252691945> Truck:[XHTruck16] Arrived at NorthPitMine-DumpSite5 at 154.35174252691945
2025-09-11 21:15:34,742 [INFO] Truck: Time:<154.3741925411141> Truck:[XHTruck7] is facing 8.524031624970473 mins delay caused by 1 pre-existing jam events on Road from NorthPitMine-LoadSite4 to NorthPitMine-DumpSite2
2025-09-11 21:15:34,742 [DEBUG] Truck: Time:<154.78320787098912> Truck:[CLTruck19] Arrived at NorthPitMine-DumpSite2 at 154.78320787098912
2025-09-11 21:15:34,742 [INFO] Truck: Time:<154.95736960285876> Truck:[CLTruck12] Finish loading at shovel NorthPitMine-LoadSite5-Shovel-2
2025-09-11 21:15:34,744 [DEBUG] Truck: Time:<154.95736960285876> Truck:[CLTruck12] Start moving to ORDER(0): NorthPitMine-DumpSite1, move distance is 7.397154002134718, speed: 25
2025-09-11 21:15:34,744 [INFO] Truck: Time:<144> Truck:[CLTruck12] breakdown for 7.461407197992357 minutes at 144
2025-09-11 21:15:34,746 [INFO] Truck: Time:<155.13305263183034> Truck:[XHTruck23] Finish unloading at dumper NorthPitMine-DumpSite2-点位0, dumper tons is 1668.4248092677653
2025-09-11 21:15:34,748 [DEBUG] Truck: Time:<155.13305263183034> Truck:[XHTruck23] Start moving to ORDER(2):NorthPitMine-LoadSite3, move distance is 4.772569494758523, speed: 25
2025-09-11 21:15:34,749 [INFO] Truck: Time:<154> Truck:[XHTruck23] breakdown for 11.238104756937833 minutes at 154
2025-09-11 21:15:34,749 [INFO] Truck: Time:<155.35174252691945> Truck:[XHTruck16] Finish unloading at dumper NorthPitMine-DumpSite5-点位0, dumper tons is 1795.2378798006787
2025-09-11 21:15:34,749 [DEBUG] Truck: Time:<155.35174252691945> Truck:[XHTruck16] Start moving to ORDER(3):NorthPitMine-LoadSite4, move distance is 5.34, speed: 25
2025-09-11 21:15:34,749 [INFO] Truck: Time:<149> Truck:[XHTruck16] breakdown for 15.015020044603393 minutes at 149
2025-09-11 21:15:34,749 [INFO] Truck: Time:<155.78320787098912> Truck:[CLTruck19] Finish unloading at dumper NorthPitMine-DumpSite2-点位1, dumper tons is 325.5239658563278
2025-09-11 21:15:34,749 [DEBUG] Truck: Time:<155.78320787098912> Truck:[CLTruck19] Start moving to ORDER(2):NorthPitMine-LoadSite3, move distance is 5.306662797434809, speed: 25
2025-09-11 21:15:34,749 [INFO] Truck: Time:<152> Truck:[CLTruck19] breakdown for 10.063658400125954 minutes at 152
2025-09-11 21:15:34,749 [INFO] Truck: Time:<155.98044444444446> Truck:[OfficalTruck3] Finish loading at shovel NorthPitMine-LoadSite3-Shovel-3
2025-09-11 21:15:34,751 [DEBUG] Truck: Time:<155.98044444444446> Truck:[OfficalTruck3] Start moving to ORDER(4): NorthPitMine-DumpSite5, move distance is 2.351471918435548, speed: 25
2025-09-11 21:15:34,751 [INFO] Truck: Time:<146> Truck:[OfficalTruck3] breakdown for 7.7317213870821435 minutes at 146
2025-09-11 21:15:34,751 [INFO] Truck: Time:<155.98044444444446> Truck:[CLTruck20] Start loading at shovel NorthPitMine-LoadSite3-Shovel-3, load time is 15.555555555555555
2025-09-11 21:15:34,753 [INFO] Truck: Time:<156.5351111111111> Truck:[CLTruck21] Finish loading at shovel NorthPitMine-LoadSite4-Shovel-5
2025-09-11 21:15:34,756 [DEBUG] Truck: Time:<156.5351111111111> Truck:[CLTruck21] Start moving to ORDER(1): NorthPitMine-DumpSite2, move distance is 1.17, speed: 25
2025-09-11 21:15:34,756 [INFO] Truck: Time:<151> Truck:[CLTruck21] breakdown for 4.907598639697629 minutes at 151
2025-09-11 21:15:34,756 [INFO] Truck: Time:<156.5351111111111> Truck:[CLTruck26] Start loading at shovel NorthPitMine-LoadSite4-Shovel-5, load time is 15.555555555555555
2025-09-11 21:15:34,757 [INFO] Truck: Time:<157.05990995321824> Truck:[XHTruck30] Arrived at NorthPitMine-LoadSite3 at 157.05990995321824
2025-09-11 21:15:34,757 [INFO] Truck: Time:<157.3462843191179> Truck:[OfficalTruck2] Arrived at NorthPitMine-LoadSite4 at 157.3462843191179
2025-09-11 21:15:34,757 [INFO] Truck: Time:<157.3462843191179> Truck:[OfficalTruck2] Start loading at shovel NorthPitMine-LoadSite4-Shovel-1, load time is 5.684055118110236
2025-09-11 21:15:34,761 [INFO] Truck: Time:<157.42399999999998> Truck:[CLTruck14] Finish loading at shovel NorthPitMine-LoadSite4-Shovel-4
2025-09-11 21:15:34,762 [INFO] Road: [RoadEvent] Road from NorthPitMine-LoadSite4 to NorthPitMine-DumpSite2 is in repair，the repair will last for 62.69 mins, and will end at 220.11, vehicle on this road will have to suffer punish_distance.
2025-09-11 21:15:34,762 [DEBUG] Truck: Time:<157.42399999999998> Truck:[CLTruck14] Start moving to ORDER(1): NorthPitMine-DumpSite2, move distance is 1.6087502209061073, speed: 25
2025-09-11 21:15:34,762 [INFO] Truck: Time:<138> Truck:[CLTruck14] breakdown for 5.888506908887872 minutes at 138
2025-09-11 21:15:34,762 [INFO] Truck: Time:<157.42399999999998> Truck:[CLTruck16] Start loading at shovel NorthPitMine-LoadSite4-Shovel-4, load time is 15.555555555555555
2025-09-11 21:15:34,763 [INFO] Truck: Time:<157.75977557120046> Truck:[CLTruck18] Arrived at NorthPitMine-LoadSite4 at 157.75977557120046
2025-09-11 21:15:34,763 [INFO] Truck: Time:<157.8688416907547> Truck:[XHTruck19] is facing 0 mins delay caused by 2 pre-existing jam events on Road from NorthPitMine-DumpSite2 to NorthPitMine-LoadSite3
2025-09-11 21:15:34,763 [INFO] Truck: Time:<157.96510811175833> Truck:[XHTruck33] is facing 5.701538549798377 mins delay caused by 3 pre-existing jam events on Road from NorthPitMine-LoadSite5 to NorthPitMine-DumpSite1
2025-09-11 21:15:34,764 [INFO] Truck: Time:<158.04186219159118> Truck:[XHTruck3] Finish loading at shovel NorthPitMine-LoadSite3-Shovel-1
2025-09-11 21:15:34,765 [DEBUG] Truck: Time:<158.04186219159118> Truck:[XHTruck3] Start moving to ORDER(4): NorthPitMine-DumpSite5, move distance is 2.407978316907467, speed: 25
2025-09-11 21:15:34,765 [INFO] Truck: Time:<150> Truck:[XHTruck3] breakdown for 6.845814119848385 minutes at 150
2025-09-11 21:15:34,766 [INFO] Truck: Time:<158.04186219159118> Truck:[XHTruck30] Start loading at shovel NorthPitMine-LoadSite3-Shovel-1, load time is 4.060039370078741
2025-09-11 21:15:34,766 [INFO] Truck: Time:<158.1877238400278> Truck:[CLTruck28] Arrived at NorthPitMine-LoadSite5 at 158.1877238400278
2025-09-11 21:15:34,767 [INFO] Truck: Time:<158.1877238400278> Truck:[CLTruck28] Start loading at shovel NorthPitMine-LoadSite5-Shovel-2, load time is 2.5836614173228347
2025-09-11 21:15:34,767 [INFO] Truck: Time:<158.22652617871796> Truck:[CLTruck29] is facing 6.876201459735789 mins delay caused by 3 pre-existing jam events on Road from NorthPitMine-LoadSite5 to NorthPitMine-DumpSite1
2025-09-11 21:15:34,767 [INFO] Truck: Time:<158.28959912079864> Truck:[CLTruck1] is facing 0 mins delay caused by 1 pre-existing jam events on Road from NorthPitMine-DumpSite1 to NorthPitMine-LoadSite3
2025-09-11 21:15:34,767 [DEBUG] Truck: Time:<158.77925878131697> Truck:[XHTruck5] Arrived at NorthPitMine-DumpSite1 at 158.77925878131697
2025-09-11 21:15:34,767 [INFO] Truck: Time:<158.80842587843728> Truck:[XHTruck8] Arrived at NorthPitMine-LoadSite4 at 158.80842587843728
2025-09-11 21:15:34,767 [INFO] Truck: Time:<158.89574001707467> Truck:[XHTruck13] Arrived at NorthPitMine-LoadSite4 at 158.89574001707467
2025-09-11 21:15:34,767 [DEBUG] Truck: Time:<159.04627206062673> Truck:[CLTruck3] Arrived at NorthPitMine-DumpSite5 at 159.04627206062673
2025-09-11 21:15:34,767 [INFO] Truck: Time:<159.29365899578625> Truck:[OfficalTruck1] is facing 4.802126004667189 mins delay caused by 1 pre-existing jam events on Road from NorthPitMine-LoadSite4 to NorthPitMine-DumpSite2
2025-09-11 21:15:34,767 [INFO] Truck: Time:<159.77925878131697> Truck:[XHTruck5] Finish unloading at dumper NorthPitMine-DumpSite1-点位0, dumper tons is 1092.468770674723
2025-09-11 21:15:34,767 [DEBUG] Truck: Time:<159.77925878131697> Truck:[XHTruck5] Start moving to ORDER(2):NorthPitMine-LoadSite3, move distance is 4.000723605856873, speed: 25
2025-09-11 21:15:34,767 [INFO] Truck: Time:<159.77925878131697> Truck:[XHTruck5] is facing 0 mins delay caused by 1 pre-existing jam events on Road from NorthPitMine-DumpSite1 to NorthPitMine-LoadSite3
2025-09-11 21:15:34,775 [INFO] Truck: Time:<160.04627206062673> Truck:[CLTruck3] Finish unloading at dumper NorthPitMine-DumpSite5-点位0, dumper tons is 1827.229233101879
2025-09-11 21:15:34,776 [DEBUG] Truck: Time:<160.04627206062673> Truck:[CLTruck3] Start moving to ORDER(3):NorthPitMine-LoadSite4, move distance is 5.34, speed: 25
2025-09-11 21:15:34,776 [INFO] Truck: Time:<156> Truck:[CLTruck3] breakdown for 14.152696051307004 minutes at 156
2025-09-11 21:15:34,777 [INFO] Truck: Time:<160.10065857375096> Truck:[CLTruck4] Arrived at NorthPitMine-LoadSite4 at 160.10065857375096
2025-09-11 21:15:34,777 [INFO] Truck: Time:<160.3502262289011> Truck:[CLTruck6] Arrived at NorthPitMine-LoadSite3 at 160.3502262289011
2025-09-11 21:15:34,777 [INFO] Truck: Time:<160.74089355924696> Truck:[XHTruck25] Arrived at NorthPitMine-LoadSite5 at 160.74089355924696
2025-09-11 21:15:34,777 [INFO] Truck: Time:<160.77138525735063> Truck:[CLTruck28] Finish loading at shovel NorthPitMine-LoadSite5-Shovel-2
2025-09-11 21:15:34,779 [DEBUG] Truck: Time:<160.77138525735063> Truck:[CLTruck28] Start moving to ORDER(0): NorthPitMine-DumpSite1, move distance is 7.168905637034137, speed: 25
2025-09-11 21:15:34,779 [INFO] Truck: Time:<160> Truck:[CLTruck28] breakdown for 7.874616962739616 minutes at 160
2025-09-11 21:15:34,780 [INFO] Truck: Time:<160.77138525735063> Truck:[XHTruck25] Start loading at shovel NorthPitMine-LoadSite5-Shovel-2, load time is 4.060039370078741
2025-09-11 21:15:34,782 [INFO] Truck: Time:<161.44270975080872> Truck:[CLTruck21] is facing 2.653075249644717 mins delay caused by 1 pre-existing jam events on Road from NorthPitMine-LoadSite4 to NorthPitMine-DumpSite2
2025-09-11 21:15:34,782 [INFO] Truck: Time:<161.83659373708724> Truck:[XHTruck9] Arrived at NorthPitMine-LoadSite3 at 161.83659373708724
2025-09-11 21:15:34,783 [INFO] Truck: Time:<161.83870153917417> Truck:[XHTruck15] Arrived at NorthPitMine-LoadSite3 at 161.83870153917417
2025-09-11 21:15:34,783 [INFO] Truck: Time:<161.99949121949896> Truck:[XHTruck21] Arrived at NorthPitMine-LoadSite3 at 161.99949121949896
2025-09-11 21:15:34,785 [INFO] Truck: Time:<162.10190156166993> Truck:[XHTruck30] Finish loading at shovel NorthPitMine-LoadSite3-Shovel-1
2025-09-11 21:15:34,785 [DEBUG] Truck: Time:<162.10190156166993> Truck:[XHTruck30] Start moving to ORDER(4): NorthPitMine-DumpSite5, move distance is 2.4890859886012415, speed: 25
2025-09-11 21:15:34,785 [INFO] Truck: Time:<150> Truck:[XHTruck30] breakdown for 9.940213842754943 minutes at 150
2025-09-11 21:15:34,785 [INFO] Truck: Time:<162.10190156166993> Truck:[CLTruck6] Start loading at shovel NorthPitMine-LoadSite3-Shovel-1, load time is 2.5836614173228347
2025-09-11 21:15:34,785 [INFO] Truck: Time:<162.1261729883047> Truck:[XHTruck32] Arrived at NorthPitMine-LoadSite4 at 162.1261729883047
2025-09-11 21:15:34,787 [DEBUG] Truck: Time:<162.24975593234052> Truck:[CLTruck23] Arrived at NorthPitMine-DumpSite1 at 162.24975593234052
2025-09-11 21:15:34,787 [INFO] Truck: Time:<162.4187768008511> Truck:[CLTruck12] is facing 6.884799124822456 mins delay caused by 3 pre-existing jam events on Road from NorthPitMine-LoadSite5 to NorthPitMine-DumpSite1
2025-09-11 21:15:34,787 [INFO] Truck: Time:<162.51717893564324> Truck:[XHTruck28] Arrived at NorthPitMine-LoadSite4 at 162.51717893564324
2025-09-11 21:15:34,787 [INFO] Truck: Time:<162.56577967557462> Truck:[CLTruck10] Arrived at NorthPitMine-LoadSite3 at 162.56577967557462
2025-09-11 21:15:34,787 [INFO] Truck: Time:<162.97857552603097> Truck:[OfficalTruck8] Arrived at NorthPitMine-LoadSite5 at 162.97857552603097
2025-09-11 21:15:34,789 [INFO] Truck: Time:<163.03033943722812> Truck:[OfficalTruck2] Finish loading at shovel NorthPitMine-LoadSite4-Shovel-1
2025-09-11 21:15:34,791 [DEBUG] Truck: Time:<163.03033943722812> Truck:[OfficalTruck2] Start moving to ORDER(1): NorthPitMine-DumpSite2, move distance is 1.483215016409882, speed: 25
2025-09-11 21:15:34,791 [INFO] Truck: Time:<163.03033943722812> Truck:[OfficalTruck2] is facing 0.3957485912017811 mins delay caused by 1 pre-existing jam events on Road from NorthPitMine-LoadSite4 to NorthPitMine-DumpSite2
2025-09-11 21:15:34,791 [INFO] Truck: Time:<163.03033943722812> Truck:[CLTruck18] Start loading at shovel NorthPitMine-LoadSite4-Shovel-1, load time is 2.5836614173228347
2025-09-11 21:15:34,792 [INFO] Truck: Time:<163.24975593234052> Truck:[CLTruck23] Finish unloading at dumper NorthPitMine-DumpSite1-点位0, dumper tons is 1129.1021507750268
2025-09-11 21:15:34,793 [DEBUG] Truck: Time:<163.24975593234052> Truck:[CLTruck23] Start moving to ORDER(3):NorthPitMine-LoadSite4, move distance is 4.966727509255786, speed: 25
2025-09-11 21:15:34,793 [INFO] Truck: Time:<159> Truck:[CLTruck23] breakdown for 15.635856151923718 minutes at 159
2025-09-11 21:15:34,793 [INFO] Truck: Time:<163.31250690888785> Truck:[CLTruck14] is facing 0 mins delay caused by 1 pre-existing jam events on Road from NorthPitMine-LoadSite4 to NorthPitMine-DumpSite2
2025-09-11 21:15:34,793 [INFO] Truck: Time:<163.43158303665894> Truck:[XHTruck12] Arrived at NorthPitMine-LoadSite4 at 163.43158303665894
2025-09-11 21:15:34,793 [INFO] Truck: Time:<163.60515618530547> Truck:[XHTruck26] Arrived at NorthPitMine-LoadSite3 at 163.60515618530547
2025-09-11 21:15:34,793 [INFO] Truck: Time:<163.86219617829838> Truck:[CLTruck15] is facing 0.23358882215505838 mins delay caused by 1 pre-existing jam events on Road from NorthPitMine-LoadSite4 to NorthPitMine-DumpSite2
2025-09-11 21:15:34,797 [INFO] Truck: Time:<164.39447738492362> Truck:[CLTruck25] is facing 0 mins delay caused by 1 pre-existing jam events on Road from NorthPitMine-LoadSite4 to NorthPitMine-DumpSite2
2025-09-11 21:15:34,798 [DEBUG] Truck: Time:<164.39792444562792> Truck:[CLTruck11] Arrived at NorthPitMine-DumpSite1 at 164.39792444562792
2025-09-11 21:15:34,798 [INFO] Truck: Time:<164.68556297899278> Truck:[CLTruck6] Finish loading at shovel NorthPitMine-LoadSite3-Shovel-1
2025-09-11 21:15:34,798 [DEBUG] Truck: Time:<164.68556297899278> Truck:[CLTruck6] Start moving to ORDER(4): NorthPitMine-DumpSite5, move distance is 2.7044158431101106, speed: 25
2025-09-11 21:15:34,799 [INFO] Truck: Time:<156> Truck:[CLTruck6] breakdown for 6.343804997750826 minutes at 156
2025-09-11 21:15:34,799 [INFO] Truck: Time:<164.68556297899278> Truck:[XHTruck9] Start loading at shovel NorthPitMine-LoadSite3-Shovel-1, load time is 4.060039370078741
2025-09-11 21:15:34,799 [INFO] Truck: Time:<164.83142462742939> Truck:[XHTruck25] Finish loading at shovel NorthPitMine-LoadSite5-Shovel-2
2025-09-11 21:15:34,800 [DEBUG] Truck: Time:<164.83142462742939> Truck:[XHTruck25] Start moving to ORDER(0): NorthPitMine-DumpSite1, move distance is 7.683585486523748, speed: 25
2025-09-11 21:15:34,800 [INFO] Truck: Time:<164.83142462742939> Truck:[XHTruck25] is facing 2.6245482821430786 mins delay caused by 3 pre-existing jam events on Road from NorthPitMine-LoadSite5 to NorthPitMine-DumpSite1
2025-09-11 21:15:34,800 [INFO] Truck: Time:<164.83142462742939> Truck:[OfficalTruck8] Start loading at shovel NorthPitMine-LoadSite5-Shovel-2, load time is 5.684055118110236
2025-09-11 21:15:34,801 [INFO] Truck: Time:<164.88767631143958> Truck:[XHTruck3] is facing 0 mins delay caused by 1 pre-existing jam events on Road from NorthPitMine-LoadSite3 to NorthPitMine-DumpSite5
2025-09-11 21:15:34,803 [INFO] Truck: Time:<165.39792444562792> Truck:[CLTruck11] Finish unloading at dumper NorthPitMine-DumpSite1-点位0, dumper tons is 1164.4502186746902
2025-09-11 21:15:34,804 [DEBUG] Truck: Time:<165.39792444562792> Truck:[CLTruck11] Start moving to ORDER(3):NorthPitMine-LoadSite4, move distance is 5.050566827511963, speed: 25
2025-09-11 21:15:34,804 [INFO] Truck: Time:<165.42400000000004> Truck:[XHTruck14] Finish loading at shovel NorthPitMine-LoadSite4-Shovel-2
2025-09-11 21:15:34,804 [DEBUG] Truck: Time:<165.42400000000004> Truck:[XHTruck14] Start moving to ORDER(1): NorthPitMine-DumpSite2, move distance is 1.6885132178457651, speed: 25
2025-09-11 21:15:34,804 [INFO] Truck: Time:<156> Truck:[XHTruck14] breakdown for 6.288890302411806 minutes at 156
2025-09-11 21:15:34,804 [INFO] Truck: Time:<165.42400000000004> Truck:[CLTruck5] Start loading at shovel NorthPitMine-LoadSite4-Shovel-2, load time is 15.555555555555555
2025-09-11 21:15:34,806 [DEBUG] Truck: Time:<165.54643068893378> Truck:[XHTruck27] Arrived at NorthPitMine-DumpSite5 at 165.54643068893378
2025-09-11 21:15:34,806 [INFO] Truck: Time:<165.61400085455097> Truck:[CLTruck18] Finish loading at shovel NorthPitMine-LoadSite4-Shovel-1
2025-09-11 21:15:34,806 [DEBUG] Truck: Time:<165.61400085455097> Truck:[CLTruck18] Start moving to ORDER(1): NorthPitMine-DumpSite2, move distance is 1.7830943287866217, speed: 25
2025-09-11 21:15:34,806 [INFO] Truck: Time:<145> Truck:[CLTruck18] breakdown for 7.6406254877273305 minutes at 145
2025-09-11 21:15:34,806 [INFO] Truck: Time:<165.61400085455097> Truck:[CLTruck4] Start loading at shovel NorthPitMine-LoadSite4-Shovel-1, load time is 2.5836614173228347
2025-09-11 21:15:34,806 [INFO] Truck: Time:<165.84686627111506> Truck:[CLTruck19] is facing 0 mins delay caused by 1 pre-existing jam events on Road from NorthPitMine-DumpSite2 to NorthPitMine-LoadSite3
2025-09-11 21:15:34,809 [INFO] Truck: Time:<166.3128888888889> Truck:[OfficalTruck9] Finish loading at shovel NorthPitMine-LoadSite4-Shovel-3
2025-09-11 21:15:34,810 [DEBUG] Truck: Time:<166.3128888888889> Truck:[OfficalTruck9] Start moving to ORDER(1): NorthPitMine-DumpSite2, move distance is 1.4756824307625431, speed: 25
2025-09-11 21:15:34,810 [INFO] Truck: Time:<142> Truck:[OfficalTruck9] breakdown for 11.304190135758429 minutes at 142
2025-09-11 21:15:34,811 [INFO] Truck: Time:<166.3128888888889> Truck:[XHTruck29] Start loading at shovel NorthPitMine-LoadSite4-Shovel-3, load time is 24.444444444444443
2025-09-11 21:15:34,811 [INFO] Truck: Time:<166.37115738876818> Truck:[XHTruck23] is facing 9.491802804661964 mins delay caused by 2 pre-existing jam events on Road from NorthPitMine-DumpSite2 to NorthPitMine-LoadSite3
2025-09-11 21:15:34,811 [INFO] Truck: Time:<166.54643068893378> Truck:[XHTruck27] Finish unloading at dumper NorthPitMine-DumpSite5-点位0, dumper tons is 1883.2219352832335
2025-09-11 21:15:34,812 [DEBUG] Truck: Time:<166.54643068893378> Truck:[XHTruck27] Start moving to ORDER(3):NorthPitMine-LoadSite4, move distance is 5.34, speed: 25
2025-09-11 21:15:34,812 [INFO] Truck: Time:<166.54643068893378> Truck:[XHTruck27] is facing 0 mins delay caused by 1 pre-existing jam events on Road from NorthPitMine-DumpSite5 to NorthPitMine-LoadSite4
2025-09-11 21:15:34,812 [INFO] Truck: Time:<126> Truck:[XHTruck27] is broken down and beyond repair at NorthPitMine-DumpSite5 to NorthPitMine-LoadSite4
2025-09-11 21:15:34,812 [INFO] Truck: Truck XHTruck27 is beyond repair and will no longer participate in operations.
2025-09-11 21:15:34,812 [DEBUG] Truck: Time:<166.624460854834> Truck:[CLTruck9] Arrived at NorthPitMine-DumpSite5 at 166.624460854834
2025-09-11 21:15:34,813 [DEBUG] Truck: Time:<166.90378500045344> Truck:[OfficalTruck1] Arrived at NorthPitMine-DumpSite2 at 166.90378500045344
2025-09-11 21:15:34,813 [DEBUG] Truck: Time:<166.90378500045344> Truck:[CLTruck21] Arrived at NorthPitMine-DumpSite2 at 166.90378500045344
2025-09-11 21:15:34,813 [DEBUG] Truck: Time:<166.90378500045344> Truck:[CLTruck15] Arrived at NorthPitMine-DumpSite2 at 166.90378500045344
2025-09-11 21:15:34,813 [DEBUG] Truck: Time:<166.98580406781363> Truck:[OfficalTruck2] Arrived at NorthPitMine-DumpSite2 at 166.98580406781363
2025-09-11 21:15:34,815 [DEBUG] Truck: Time:<167.05045256331434> Truck:[XHTruck7] Arrived at NorthPitMine-DumpSite2 at 167.05045256331434
2025-09-11 21:15:34,815 [DEBUG] Truck: Time:<167.17350743906252> Truck:[CLTruck14] Arrived at NorthPitMine-DumpSite2 at 167.17350743906252
2025-09-11 21:15:34,815 [DEBUG] Truck: Time:<167.2024773849236> Truck:[CLTruck25] Arrived at NorthPitMine-DumpSite2 at 167.2024773849236
2025-09-11 21:15:34,815 [INFO] Truck: Time:<167.624460854834> Truck:[CLTruck9] Finish unloading at dumper NorthPitMine-DumpSite5-点位0, dumper tons is 1920.2194051986303
2025-09-11 21:15:34,816 [DEBUG] Truck: Time:<167.624460854834> Truck:[CLTruck9] Start moving to ORDER(3):NorthPitMine-LoadSite4, move distance is 5.34, speed: 25
2025-09-11 21:15:34,816 [INFO] Truck: Time:<166> Truck:[CLTruck9] breakdown for 12.557306871306205 minutes at 166
2025-09-11 21:15:34,816 [INFO] Truck: Time:<167.85466031879827> Truck:[CLTruck1] Arrived at NorthPitMine-LoadSite3 at 167.85466031879827
2025-09-11 21:15:34,816 [INFO] Truck: Time:<167.90378500045344> Truck:[OfficalTruck1] Finish unloading at dumper NorthPitMine-DumpSite2-点位0, dumper tons is 1750.3864940402334
2025-09-11 21:15:34,816 [INFO] Truck: Time:<167.90378500045344> Truck:[CLTruck21] Finish unloading at dumper NorthPitMine-DumpSite2-点位1, dumper tons is 362.29254274222
2025-09-11 21:15:34,816 [INFO] Truck: Time:<167.90378500045344> Truck:[CLTruck15] Finish unloading at dumper NorthPitMine-DumpSite2-点位2, dumper tons is 82.91997089713902
2025-09-11 21:15:34,816 [DEBUG] Truck: Time:<167.90378500045344> Truck:[OfficalTruck1] Start moving to ORDER(4):NorthPitMine-LoadSite5, move distance is 5.59, speed: 25
2025-09-11 21:15:34,818 [DEBUG] Truck: Time:<167.90378500045344> Truck:[CLTruck21] Start moving to ORDER(4):NorthPitMine-LoadSite5, move distance is 5.59, speed: 25
2025-09-11 21:15:34,818 [DEBUG] Truck: Time:<167.90378500045344> Truck:[CLTruck15] Start moving to ORDER(4):NorthPitMine-LoadSite5, move distance is 5.59, speed: 25
2025-09-11 21:15:34,818 [INFO] Truck: Time:<167.98580406781363> Truck:[OfficalTruck2] Finish unloading at dumper NorthPitMine-DumpSite2-点位3, dumper tons is 71.51780388168139
2025-09-11 21:15:34,819 [DEBUG] Truck: Time:<167.98580406781363> Truck:[OfficalTruck2] Start moving to ORDER(4):NorthPitMine-LoadSite5, move distance is 5.59, speed: 25
2025-09-11 21:15:34,819 [INFO] Truck: Time:<164> Truck:[OfficalTruck2] breakdown for 10.59459328815399 minutes at 164
2025-09-11 21:15:34,821 [INFO] Truck: Time:<168.05045256331434> Truck:[XHTruck7] Finish unloading at dumper NorthPitMine-DumpSite2-点位4, dumper tons is 57.15704634180923
2025-09-11 21:15:34,821 [INFO] Road: [RoadEvent] Road from NorthPitMine-DumpSite2 to NorthPitMine-LoadSite5 is in repair，the repair will last for 32.47 mins, and will end at 200.52, vehicle on this road will have to suffer punish_distance.
2025-09-11 21:15:34,822 [DEBUG] Truck: Time:<168.05045256331434> Truck:[XHTruck7] Start moving to ORDER(4):NorthPitMine-LoadSite5, move distance is 7.492239189733227, speed: 25
2025-09-11 21:15:34,822 [INFO] Truck: Time:<168.17350743906252> Truck:[CLTruck14] Finish unloading at dumper NorthPitMine-DumpSite2-点位5, dumper tons is 33.09029805523087
2025-09-11 21:15:34,822 [DEBUG] Truck: Time:<168.17350743906252> Truck:[CLTruck14] Start moving to ORDER(4):NorthPitMine-LoadSite5, move distance is 8.376489321109313, speed: 25
2025-09-11 21:15:34,822 [INFO] Truck: Time:<168.1976622718738> Truck:[CLTruck4] Finish loading at shovel NorthPitMine-LoadSite4-Shovel-1
2025-09-11 21:15:34,823 [DEBUG] Truck: Time:<168.1976622718738> Truck:[CLTruck4] Start moving to ORDER(1): NorthPitMine-DumpSite2, move distance is 1.6211857420947018, speed: 25
2025-09-11 21:15:34,823 [INFO] Truck: Time:<145> Truck:[CLTruck4] breakdown for 8.786718335673255 minutes at 145
2025-09-11 21:15:34,824 [INFO] Truck: Time:<168.1976622718738> Truck:[XHTruck12] Start loading at shovel NorthPitMine-LoadSite4-Shovel-1, load time is 4.060039370078741
2025-09-11 21:15:34,824 [INFO] Truck: Time:<168.2024773849236> Truck:[CLTruck25] Finish unloading at dumper NorthPitMine-DumpSite2-点位6, dumper tons is 33.323874248648586
2025-09-11 21:15:34,824 [DEBUG] Truck: Time:<168.2024773849236> Truck:[CLTruck25] Start moving to ORDER(4):NorthPitMine-LoadSite5, move distance is 7.925648632366048, speed: 25
2025-09-11 21:15:34,824 [INFO] Truck: Time:<168> Truck:[CLTruck25] breakdown for 8.691944678445083 minutes at 168
2025-09-11 21:15:34,824 [INFO] Truck: Time:<168.31626916973192> Truck:[XHTruck19] Arrived at NorthPitMine-LoadSite3 at 168.31626916973192
2025-09-11 21:15:34,824 [INFO] Truck: Time:<168.64600222009025> Truck:[CLTruck28] is facing 12.016996124625518 mins delay caused by 5 pre-existing jam events on Road from NorthPitMine-LoadSite5 to NorthPitMine-DumpSite1
2025-09-11 21:15:34,824 [INFO] Truck: Time:<168.74560234907153> Truck:[XHTruck9] Finish loading at shovel NorthPitMine-LoadSite3-Shovel-1
2025-09-11 21:15:34,826 [DEBUG] Truck: Time:<168.74560234907153> Truck:[XHTruck9] Start moving to ORDER(4): NorthPitMine-DumpSite5, move distance is 2.5009049144417457, speed: 25
2025-09-11 21:15:34,826 [INFO] Truck: Time:<162> Truck:[XHTruck9] breakdown for 9.523418878203767 minutes at 162
2025-09-11 21:15:34,826 [INFO] Truck: Time:<168.74560234907153> Truck:[XHTruck15] Start loading at shovel NorthPitMine-LoadSite3-Shovel-1, load time is 4.060039370078741
2025-09-11 21:15:34,828 [INFO] Truck: Time:<169.30067259916243> Truck:[XHTruck17] Arrived at NorthPitMine-LoadSite4 at 169.30067259916243
2025-09-11 21:15:34,828 [DEBUG] Truck: Time:<169.3556984357719> Truck:[OfficalTruck3] Arrived at NorthPitMine-DumpSite5 at 169.3556984357719
2025-09-11 21:15:34,828 [INFO] Truck: Time:<169.38099543537345> Truck:[XHTruck5] Arrived at NorthPitMine-LoadSite3 at 169.38099543537345
2025-09-11 21:15:34,831 [INFO] Truck: Time:<170.1808719957815> Truck:[CLTruck13] Arrived at NorthPitMine-LoadSite4 at 170.1808719957815
2025-09-11 21:15:34,831 [INFO] Truck: Time:<170.3556984357719> Truck:[OfficalTruck3] Finish unloading at dumper NorthPitMine-DumpSite5-点位0, dumper tons is 1989.9819778009235
2025-09-11 21:15:34,832 [DEBUG] Truck: Time:<170.3556984357719> Truck:[OfficalTruck3] Start moving to ORDER(3):NorthPitMine-LoadSite4, move distance is 5.34, speed: 25
2025-09-11 21:15:34,832 [INFO] Truck: Time:<166> Truck:[OfficalTruck3] breakdown for 6.589103703950298 minutes at 166
2025-09-11 21:15:34,832 [INFO] Truck: Time:<170.36676257152286> Truck:[XHTruck16] is facing 0 mins delay caused by 1 pre-existing jam events on Road from NorthPitMine-DumpSite5 to NorthPitMine-LoadSite4
2025-09-11 21:15:34,832 [INFO] Truck: Time:<170.5154797455396> Truck:[OfficalTruck8] Finish loading at shovel NorthPitMine-LoadSite5-Shovel-2
2025-09-11 21:15:34,833 [DEBUG] Truck: Time:<170.5154797455396> Truck:[OfficalTruck8] Start moving to ORDER(0): NorthPitMine-DumpSite1, move distance is 7.701528382439882, speed: 25
2025-09-11 21:15:34,833 [INFO] Truck: Time:<170.5154797455396> Truck:[OfficalTruck8] is facing 9.708624661220199 mins delay caused by 5 pre-existing jam events on Road from NorthPitMine-LoadSite5 to NorthPitMine-DumpSite1
2025-09-11 21:15:34,833 [DEBUG] Truck: Time:<170.6668242720175> Truck:[XHTruck3] Arrived at NorthPitMine-DumpSite5 at 170.6668242720175
2025-09-11 21:15:34,833 [INFO] Truck: Time:<171.0293679767436> Truck:[CLTruck6] is facing 0 mins delay caused by 1 pre-existing jam events on Road from NorthPitMine-LoadSite3 to NorthPitMine-DumpSite5
2025-09-11 21:15:34,833 [INFO] Truck: Time:<171.536> Truck:[CLTruck20] Finish loading at shovel NorthPitMine-LoadSite3-Shovel-3
2025-09-11 21:15:34,833 [DEBUG] Truck: Time:<171.536> Truck:[CLTruck20] Start moving to ORDER(4): NorthPitMine-DumpSite5, move distance is 2.610616076771064, speed: 25
2025-09-11 21:15:34,833 [INFO] Truck: Time:<170> Truck:[CLTruck20] breakdown for 7.156934546906779 minutes at 170
2025-09-11 21:15:34,833 [INFO] Truck: Time:<171.536> Truck:[CLTruck17] Start loading at shovel NorthPitMine-LoadSite3-Shovel-3, load time is 15.555555555555555
2025-09-11 21:15:34,833 [INFO] Truck: Time:<171.6668242720175> Truck:[XHTruck3] Finish unloading at dumper NorthPitMine-DumpSite5-点位0, dumper tons is 2042.1549162033582
2025-09-11 21:15:34,837 [INFO] Road: [RoadEvent] Road from NorthPitMine-DumpSite5 to NorthPitMine-LoadSite4 is in repair，the repair will last for 55.05 mins, and will end at 226.72, vehicle on this road will have to suffer punish_distance.
2025-09-11 21:15:34,837 [DEBUG] Truck: Time:<171.6668242720175> Truck:[XHTruck3] Start moving to ORDER(3):NorthPitMine-LoadSite4, move distance is 7.2988438391383, speed: 25
2025-09-11 21:15:34,837 [INFO] Truck: Time:<171.6668242720175> Truck:[XHTruck3] is facing 0 mins delay caused by 1 pre-existing jam events on Road from NorthPitMine-DumpSite5 to NorthPitMine-LoadSite4
2025-09-11 21:15:34,839 [INFO] Truck: Time:<172.04211540442486> Truck:[XHTruck30] is facing 0 mins delay caused by 1 pre-existing jam events on Road from NorthPitMine-LoadSite3 to NorthPitMine-DumpSite5
2025-09-11 21:15:34,839 [INFO] Truck: Time:<172.09066666666664> Truck:[CLTruck26] Finish loading at shovel NorthPitMine-LoadSite4-Shovel-5
2025-09-11 21:15:34,840 [DEBUG] Truck: Time:<172.09066666666664> Truck:[CLTruck26] Start moving to ORDER(1): NorthPitMine-DumpSite2, move distance is 1.6658229142436787, speed: 25
2025-09-11 21:15:34,840 [INFO] Truck: Time:<166> Truck:[CLTruck26] breakdown for 11.072813913925186 minutes at 166
2025-09-11 21:15:34,840 [INFO] Truck: Time:<172.09066666666664> Truck:[XHTruck13] Start loading at shovel NorthPitMine-LoadSite4-Shovel-5, load time is 24.444444444444443
2025-09-11 21:15:34,840 [INFO] Truck: Time:<172.25770164195256> Truck:[XHTruck12] Finish loading at shovel NorthPitMine-LoadSite4-Shovel-1
2025-09-11 21:15:34,840 [INFO] Truck: Time:<172.25770164195256> Shovel NorthPitMine-LoadSite4-Shovel-1 under maintenance for 47.98 minutes
2025-09-11 21:15:34,841 [INFO] Truck: Time:<172.8056417191503> Truck:[XHTruck15] Finish loading at shovel NorthPitMine-LoadSite3-Shovel-1
2025-09-11 21:15:34,841 [DEBUG] Truck: Time:<172.8056417191503> Truck:[XHTruck15] Start moving to ORDER(4): NorthPitMine-DumpSite5, move distance is 2.703238520000418, speed: 25
2025-09-11 21:15:34,841 [INFO] Truck: Time:<155> Truck:[XHTruck15] breakdown for 11.156488917509343 minutes at 155
2025-09-11 21:15:34,842 [INFO] Truck: Time:<172.8056417191503> Truck:[XHTruck21] Start loading at shovel NorthPitMine-LoadSite3-Shovel-1, load time is 4.060039370078741
2025-09-11 21:15:34,842 [INFO] Truck: Time:<172.97955555555552> Truck:[CLTruck16] Finish loading at shovel NorthPitMine-LoadSite4-Shovel-4
2025-09-11 21:15:34,842 [DEBUG] Truck: Time:<172.97955555555552> Truck:[CLTruck16] Start moving to ORDER(1): NorthPitMine-DumpSite2, move distance is 1.7796123893493405, speed: 25
2025-09-11 21:15:34,842 [INFO] Truck: Time:<170> Truck:[CLTruck16] breakdown for 9.072102784020174 minutes at 170
2025-09-11 21:15:34,842 [INFO] Truck: Time:<172.97955555555552> Truck:[XHTruck8] Start loading at shovel NorthPitMine-LoadSite4-Shovel-4, load time is 24.444444444444443
2025-09-11 21:15:34,846 [INFO] Truck: Time:<174.19896811193374> Truck:[CLTruck3] is facing 0 mins delay caused by 1 pre-existing jam events on Road from NorthPitMine-DumpSite5 to NorthPitMine-LoadSite4
2025-09-11 21:15:34,848 [DEBUG] Truck: Time:<175.76532202524166> Truck:[XHTruck14] Arrived at NorthPitMine-DumpSite2 at 175.76532202524166
2025-09-11 21:15:34,850 [INFO] Truck: Time:<176.76532202524166> Truck:[XHTruck14] Finish unloading at dumper NorthPitMine-DumpSite2-点位0, dumper tons is 1801.3113451466247
2025-09-11 21:15:34,851 [DEBUG] Truck: Time:<176.76532202524166> Truck:[XHTruck14] Start moving to ORDER(4):NorthPitMine-LoadSite5, move distance is 8.680468891054264, speed: 25
2025-09-11 21:15:34,851 [INFO] Truck: Time:<176.76532202524166> Truck:[XHTruck14] is facing 0 mins delay caused by 1 pre-existing jam events on Road from NorthPitMine-DumpSite2 to NorthPitMine-LoadSite5
2025-09-11 21:15:34,851 [INFO] Truck: Time:<176.86568108922904> Truck:[XHTruck21] Finish loading at shovel NorthPitMine-LoadSite3-Shovel-1
2025-09-11 21:15:34,851 [DEBUG] Truck: Time:<176.86568108922904> Truck:[XHTruck21] Start moving to ORDER(4): NorthPitMine-DumpSite5, move distance is 2.6917525963566695, speed: 25
2025-09-11 21:15:34,851 [INFO] Truck: Time:<159> Truck:[XHTruck21] breakdown for 7.2872248434207485 minutes at 159
2025-09-11 21:15:34,851 [INFO] Truck: Time:<176.86568108922904> Truck:[CLTruck10] Start loading at shovel NorthPitMine-LoadSite3-Shovel-1, load time is 2.5836614173228347
2025-09-11 21:15:34,851 [INFO] Truck: Time:<176.8944220633687> Truck:[CLTruck25] is facing 0 mins delay caused by 1 pre-existing jam events on Road from NorthPitMine-DumpSite2 to NorthPitMine-LoadSite5
2025-09-11 21:15:34,851 [INFO] Truck: Time:<176.91400181236736> Shovel NorthPitMine-LoadSite5-Shovel-1 maintenance completed
2025-09-11 21:15:34,851 [DEBUG] Truck: Time:<176.91400181236736> Truck:[OfficalTruck7] Start moving to ORDER(0): NorthPitMine-DumpSite1, move distance is 8.279545845553233, speed: 25
2025-09-11 21:15:34,851 [INFO] Truck: Time:<171> Truck:[OfficalTruck7] breakdown for 14.623935672282865 minutes at 171
2025-09-11 21:15:34,851 [INFO] Truck: Time:<176.91400181236736> Truck:[CLTruck27] Start loading at shovel NorthPitMine-LoadSite5-Shovel-1, load time is 2.5836614173228347
2025-09-11 21:15:34,851 [INFO] Truck: Time:<177.51928483165662> Truck:[CLTruck11] Arrived at NorthPitMine-LoadSite4 at 177.51928483165662
2025-09-11 21:15:34,851 [DEBUG] Truck: Time:<177.51996600020786> Truck:[CLTruck6] Arrived at NorthPitMine-DumpSite5 at 177.51996600020786
2025-09-11 21:15:34,851 [DEBUG] Truck: Time:<177.5340527313662> Truck:[CLTruck18] Arrived at NorthPitMine-DumpSite2 at 177.5340527313662
2025-09-11 21:15:34,858 [DEBUG] Truck: Time:<178.01592177706783> Truck:[XHTruck30] Arrived at NorthPitMine-DumpSite5 at 178.01592177706783
2025-09-11 21:15:34,858 [INFO] Truck: Time:<178.51996600020786> Truck:[CLTruck6] Finish unloading at dumper NorthPitMine-DumpSite5-点位0, dumper tons is 2073.834644494346
2025-09-11 21:15:34,859 [DEBUG] Truck: Time:<178.51996600020786> Truck:[CLTruck6] Start moving to ORDER(3):NorthPitMine-LoadSite4, move distance is 7.7924713275685304, speed: 25
2025-09-11 21:15:34,859 [INFO] Truck: Time:<178.5340527313662> Truck:[CLTruck18] Finish unloading at dumper NorthPitMine-DumpSite2-点位0, dumper tons is 1839.2639790000821
2025-09-11 21:15:34,860 [DEBUG] Truck: Time:<178.5340527313662> Truck:[CLTruck18] Start moving to ORDER(4):NorthPitMine-LoadSite5, move distance is 7.842375743183917, speed: 25
2025-09-11 21:15:34,860 [INFO] Truck: Time:<178.5340527313662> Truck:[CLTruck18] is facing 0 mins delay caused by 1 pre-existing jam events on Road from NorthPitMine-DumpSite2 to NorthPitMine-LoadSite5
2025-09-11 21:15:34,861 [INFO] Truck: Time:<178.58039735596762> Truck:[OfficalTruck2] is facing 0 mins delay caused by 1 pre-existing jam events on Road from NorthPitMine-DumpSite2 to NorthPitMine-LoadSite5
2025-09-11 21:15:34,861 [INFO] Truck: Time:<178.5828569849586> Truck:[CLTruck19] Arrived at NorthPitMine-LoadSite3 at 178.5828569849586
2025-09-11 21:15:34,864 [INFO] Truck: Time:<179.01592177706783> Truck:[XHTruck30] Finish unloading at dumper NorthPitMine-DumpSite5-点位1, dumper tons is 640.5047831854473
2025-09-11 21:15:34,864 [DEBUG] Truck: Time:<179.01592177706783> Truck:[XHTruck30] Start moving to ORDER(3):NorthPitMine-LoadSite4, move distance is 7.149398390798931, speed: 25
2025-09-11 21:15:34,864 [INFO] Truck: Time:<179> Truck:[XHTruck30] breakdown for 9.79090169361394 minutes at 179
2025-09-11 21:15:34,864 [INFO] Truck: Time:<179.4493425065519> Truck:[CLTruck10] Finish loading at shovel NorthPitMine-LoadSite3-Shovel-1
2025-09-11 21:15:34,864 [DEBUG] Truck: Time:<179.4493425065519> Truck:[CLTruck10] Start moving to ORDER(4): NorthPitMine-DumpSite5, move distance is 2.916149795907789, speed: 25
2025-09-11 21:15:34,864 [INFO] Truck: Time:<156> Truck:[CLTruck10] breakdown for 15.397517727135563 minutes at 156
2025-09-11 21:15:34,866 [INFO] Truck: Time:<179.4493425065519> Truck:[XHTruck26] Start loading at shovel NorthPitMine-LoadSite3-Shovel-1, load time is 4.060039370078741
2025-09-11 21:15:34,866 [INFO] Truck: Time:<179.4976632296902> Truck:[CLTruck27] Finish loading at shovel NorthPitMine-LoadSite5-Shovel-1
2025-09-11 21:15:34,866 [DEBUG] Truck: Time:<179.4976632296902> Truck:[CLTruck27] Start moving to ORDER(0): NorthPitMine-DumpSite1, move distance is 7.250404216294113, speed: 25
2025-09-11 21:15:34,866 [INFO] Truck: Time:<153> Truck:[CLTruck27] breakdown for 10.478105234102445 minutes at 153
2025-09-11 21:15:34,866 [INFO] Truck: Time:<179.4976632296902> Truck:[XHTruck11] Start loading at shovel NorthPitMine-LoadSite5-Shovel-1, load time is 4.060039370078741
2025-09-11 21:15:34,866 [INFO] Truck: Time:<180.1817677261402> Truck:[CLTruck9] is facing 0 mins delay caused by 1 pre-existing jam events on Road from NorthPitMine-DumpSite5 to NorthPitMine-LoadSite4
2025-09-11 21:15:34,870 [INFO] Truck: Time:<180.45915334860769> Truck:[OfficalTruck6] Finish loading at shovel NorthPitMine-LoadSite3-Shovel-2
2025-09-11 21:15:34,870 [DEBUG] Truck: Time:<180.45915334860769> Truck:[OfficalTruck6] Start moving to ORDER(4): NorthPitMine-DumpSite5, move distance is 2.697605859627334, speed: 25
2025-09-11 21:15:34,870 [INFO] Truck: Time:<155> Truck:[OfficalTruck6] breakdown for 14.806169231444077 minutes at 155
2025-09-11 21:15:34,871 [INFO] Truck: Time:<180.45915334860769> Truck:[OfficalTruck4] Start loading at shovel NorthPitMine-LoadSite3-Shovel-2, load time is 34.22222222222222
2025-09-11 21:15:34,871 [DEBUG] Truck: Time:<180.87522638857433> Truck:[CLTruck4] Arrived at NorthPitMine-DumpSite2 at 180.87522638857433
2025-09-11 21:15:34,871 [INFO] Truck: Time:<180.97955555555558> Truck:[CLTruck5] Finish loading at shovel NorthPitMine-LoadSite4-Shovel-2
2025-09-11 21:15:34,872 [DEBUG] Truck: Time:<180.97955555555558> Truck:[CLTruck5] Start moving to ORDER(1): NorthPitMine-DumpSite2, move distance is 1.554408591305548, speed: 25
2025-09-11 21:15:34,872 [INFO] Truck: Time:<170> Truck:[CLTruck5] breakdown for 5.026728280354705 minutes at 170
2025-09-11 21:15:34,872 [INFO] Truck: Time:<180.97955555555558> Truck:[XHTruck31] Start loading at shovel NorthPitMine-LoadSite4-Shovel-2, load time is 24.444444444444443
2025-09-11 21:15:34,874 [DEBUG] Truck: Time:<181.15871685847742> Truck:[OfficalTruck9] Arrived at NorthPitMine-DumpSite2 at 181.15871685847742
2025-09-11 21:15:34,875 [INFO] Truck: Time:<181.31978500045344> Truck:[OfficalTruck1] Arrived at NorthPitMine-LoadSite5 at 181.31978500045344
2025-09-11 21:15:34,875 [INFO] Truck: Time:<181.31978500045344> Truck:[CLTruck21] Arrived at NorthPitMine-LoadSite5 at 181.31978500045344
2025-09-11 21:15:34,875 [INFO] Truck: Time:<181.31978500045344> Truck:[CLTruck15] Arrived at NorthPitMine-LoadSite5 at 181.31978500045344
2025-09-11 21:15:34,875 [INFO] Truck: Time:<181.31978500045344> Truck:[OfficalTruck1] Start loading at shovel NorthPitMine-LoadSite5-Shovel-2, load time is 5.684055118110236
2025-09-11 21:15:34,875 [DEBUG] Truck: Time:<181.33723073460607> Truck:[CLTruck29] Arrived at NorthPitMine-DumpSite1 at 181.33723073460607
2025-09-11 21:15:34,875 [INFO] Truck: Time:<181.87522638857433> Truck:[CLTruck4] Finish unloading at dumper NorthPitMine-DumpSite2-点位0, dumper tons is 1876.667292002507
2025-09-11 21:15:34,876 [DEBUG] Truck: Time:<181.87522638857433> Truck:[CLTruck4] Start moving to ORDER(4):NorthPitMine-LoadSite5, move distance is 7.8626767268132784, speed: 25
2025-09-11 21:15:34,876 [INFO] Truck: Time:<177> Truck:[CLTruck4] breakdown for 11.559248090277832 minutes at 177
2025-09-11 21:15:34,878 [DEBUG] Truck: Time:<182.0234055209045> Truck:[XHTruck33] Arrived at NorthPitMine-DumpSite1 at 182.0234055209045
2025-09-11 21:15:34,878 [INFO] Truck: Time:<182.05165833957568> Truck:[CLTruck16] is facing 5.572703969264689 mins delay caused by 1 pre-existing jam events on Road from NorthPitMine-LoadSite4 to NorthPitMine-DumpSite2
2025-09-11 21:15:34,878 [INFO] Truck: Time:<182.15871685847742> Truck:[OfficalTruck9] Finish unloading at dumper NorthPitMine-DumpSite2-点位1, dumper tons is 434.89200958846084
2025-09-11 21:15:34,878 [DEBUG] Truck: Time:<182.15871685847742> Truck:[OfficalTruck9] Start moving to ORDER(4):NorthPitMine-LoadSite5, move distance is 8.028345436009493, speed: 25
2025-09-11 21:15:34,880 [INFO] Truck: Time:<182.15871685847742> Truck:[OfficalTruck9] is facing 0 mins delay caused by 2 pre-existing jam events on Road from NorthPitMine-DumpSite2 to NorthPitMine-LoadSite5
2025-09-11 21:15:34,880 [INFO] Truck: Time:<182.33723073460607> Truck:[CLTruck29] Finish unloading at dumper NorthPitMine-DumpSite1-点位0, dumper tons is 1199.3914576313678
2025-09-11 21:15:34,880 [DEBUG] Truck: Time:<182.33723073460607> Truck:[CLTruck29] Start moving to ORDER(3):NorthPitMine-LoadSite4, move distance is 3.41, speed: 25
2025-09-11 21:15:34,880 [INFO] Truck: Time:<168> Truck:[CLTruck29] breakdown for 8.18904943046588 minutes at 168
2025-09-11 21:15:34,882 [INFO] Truck: Time:<183.0234055209045> Truck:[XHTruck33] Finish unloading at dumper NorthPitMine-DumpSite1-点位1, dumper tons is 310.0226316712766
2025-09-11 21:15:34,884 [DEBUG] Truck: Time:<183.0234055209045> Truck:[XHTruck33] Start moving to ORDER(3):NorthPitMine-LoadSite4, move distance is 3.41, speed: 25
2025-09-11 21:15:34,885 [INFO] Truck: Time:<183> Truck:[XHTruck33] breakdown for 6.078639948231535 minutes at 183
2025-09-11 21:15:34,885 [INFO] Truck: Time:<183.16348058059182> Truck:[CLTruck26] is facing 4.606860298113828 mins delay caused by 1 pre-existing jam events on Road from NorthPitMine-LoadSite4 to NorthPitMine-DumpSite2
2025-09-11 21:15:34,885 [INFO] Truck: Time:<183.18276257152286> Truck:[XHTruck16] Arrived at NorthPitMine-LoadSite4 at 183.18276257152286
2025-09-11 21:15:34,885 [INFO] Truck: Time:<183.50938187663064> Truck:[XHTruck26] Finish loading at shovel NorthPitMine-LoadSite3-Shovel-1
2025-09-11 21:15:34,886 [DEBUG] Truck: Time:<183.50938187663064> Truck:[XHTruck26] Start moving to ORDER(4): NorthPitMine-DumpSite5, move distance is 2.690837503257866, speed: 25
2025-09-11 21:15:34,886 [INFO] Truck: Time:<165> Truck:[XHTruck26] breakdown for 5.827649482578895 minutes at 165
2025-09-11 21:15:34,886 [INFO] Truck: Time:<183.50938187663064> Truck:[CLTruck1] Start loading at shovel NorthPitMine-LoadSite3-Shovel-1, load time is 2.5836614173228347
2025-09-11 21:15:34,886 [INFO] Truck: Time:<183.55770259976896> Truck:[XHTruck11] Finish loading at shovel NorthPitMine-LoadSite5-Shovel-1
2025-09-11 21:15:34,887 [DEBUG] Truck: Time:<183.55770259976896> Truck:[XHTruck11] Start moving to ORDER(0): NorthPitMine-DumpSite1, move distance is 7.437974895497239, speed: 25
2025-09-11 21:15:34,887 [INFO] Truck: Time:<152> Truck:[XHTruck11] breakdown for 16.846350656695833 minutes at 152
2025-09-11 21:15:34,887 [INFO] Truck: Time:<183.55770259976896> Truck:[CLTruck21] Start loading at shovel NorthPitMine-LoadSite5-Shovel-1, load time is 2.5836614173228347
2025-09-11 21:15:34,887 [INFO] Truck: Time:<183.96213063665962> Truck:[XHTruck15] is facing 0 mins delay caused by 1 pre-existing jam events on Road from NorthPitMine-LoadSite3 to NorthPitMine-DumpSite5
2025-09-11 21:15:34,889 [INFO] Truck: Time:<184.1529059326498> Truck:[XHTruck21] is facing 0 mins delay caused by 1 pre-existing jam events on Road from NorthPitMine-LoadSite3 to NorthPitMine-DumpSite5
2025-09-11 21:15:34,890 [DEBUG] Truck: Time:<184.2711930219355> Truck:[XHTruck9] Arrived at NorthPitMine-DumpSite5 at 184.2711930219355
2025-09-11 21:15:34,890 [DEBUG] Truck: Time:<184.95841313115733> Truck:[CLTruck20] Arrived at NorthPitMine-DumpSite5 at 184.95841313115733
2025-09-11 21:15:34,892 [INFO] Truck: Time:<185.2711930219355> Truck:[XHTruck9] Finish unloading at dumper NorthPitMine-DumpSite5-点位0, dumper tons is 2133.8888376687523
2025-09-11 21:15:34,892 [DEBUG] Truck: Time:<185.2711930219355> Truck:[XHTruck9] Start moving to ORDER(3):NorthPitMine-LoadSite4, move distance is 8.01896235643457, speed: 25
2025-09-11 21:15:34,892 [INFO] Truck: Time:<185.2711930219355> Truck:[XHTruck9] is facing 0.6135798715458689 mins delay caused by 4 pre-existing jam events on Road from NorthPitMine-DumpSite5 to NorthPitMine-LoadSite4
2025-09-11 21:15:34,892 [DEBUG] Truck: Time:<185.89657807722946> Truck:[XHTruck25] Arrived at NorthPitMine-DumpSite1 at 185.89657807722946
2025-09-11 21:15:34,892 [INFO] Truck: Time:<185.95841313115733> Truck:[CLTruck20] Finish unloading at dumper NorthPitMine-DumpSite5-点位1, dumper tons is 674.545663887147
2025-09-11 21:15:34,894 [DEBUG] Truck: Time:<185.95841313115733> Truck:[CLTruck20] Start moving to ORDER(3):NorthPitMine-LoadSite4, move distance is 6.706318650696304, speed: 25
2025-09-11 21:15:34,894 [INFO] Truck: Time:<185> Truck:[CLTruck20] breakdown for 13.07918311955839 minutes at 185
2025-09-11 21:15:34,897 [INFO] Truck: Time:<186.0062838359103> Truck:[CLTruck5] is facing 1.9069885706006697 mins delay caused by 1 pre-existing jam events on Road from NorthPitMine-LoadSite4 to NorthPitMine-DumpSite2
2025-09-11 21:15:34,898 [INFO] Truck: Time:<186.03182661867407> Truck:[XHTruck7] Arrived at NorthPitMine-LoadSite5 at 186.03182661867407
2025-09-11 21:15:34,898 [INFO] Truck: Time:<186.09304329395349> Truck:[CLTruck1] Finish loading at shovel NorthPitMine-LoadSite3-Shovel-1
2025-09-11 21:15:34,899 [DEBUG] Truck: Time:<186.09304329395349> Truck:[CLTruck1] Start moving to ORDER(4): NorthPitMine-DumpSite5, move distance is 2.7087005681771203, speed: 25
2025-09-11 21:15:34,899 [INFO] Truck: Time:<182> Truck:[CLTruck1] breakdown for 8.112669625075284 minutes at 182
2025-09-11 21:15:34,899 [INFO] Truck: Time:<186.09304329395349> Truck:[XHTruck19] Start loading at shovel NorthPitMine-LoadSite3-Shovel-1, load time is 4.060039370078741
2025-09-11 21:15:34,899 [INFO] Truck: Time:<186.1413640170918> Truck:[CLTruck21] Finish loading at shovel NorthPitMine-LoadSite5-Shovel-1
2025-09-11 21:15:34,900 [DEBUG] Truck: Time:<186.1413640170918> Truck:[CLTruck21] Start moving to ORDER(0): NorthPitMine-DumpSite1, move distance is 7.336317807969662, speed: 25
2025-09-11 21:15:34,900 [INFO] Truck: Time:<181> Truck:[CLTruck21] breakdown for 11.38945733518337 minutes at 181
2025-09-11 21:15:34,900 [INFO] Truck: Time:<186.1413640170918> Truck:[XHTruck7] Start loading at shovel NorthPitMine-LoadSite5-Shovel-1, load time is 4.060039370078741
2025-09-11 21:15:34,900 [INFO] Truck: Time:<186.89657807722946> Truck:[XHTruck25] Finish unloading at dumper NorthPitMine-DumpSite1-点位0, dumper tons is 1250.1486020846185
2025-09-11 21:15:34,901 [DEBUG] Truck: Time:<186.89657807722946> Truck:[XHTruck25] Start moving to ORDER(2):NorthPitMine-LoadSite3, move distance is 4.689185171258254, speed: 25
2025-09-11 21:15:34,901 [INFO] Truck: Time:<180> Truck:[XHTruck25] breakdown for 11.785104005398974 minutes at 180
2025-09-11 21:15:34,902 [INFO] Truck: Time:<187.00384011856366> Truck:[OfficalTruck1] Finish loading at shovel NorthPitMine-LoadSite5-Shovel-2
2025-09-11 21:15:34,902 [DEBUG] Truck: Time:<187.00384011856366> Truck:[OfficalTruck1] Start moving to ORDER(0): NorthPitMine-DumpSite1, move distance is 8.095746482321411, speed: 25
2025-09-11 21:15:34,905 [INFO] Truck: Time:<172> Truck:[OfficalTruck1] breakdown for 7.78713472910894 minutes at 172
2025-09-11 21:15:34,905 [INFO] Truck: Time:<187.00384011856366> Truck:[CLTruck15] Start loading at shovel NorthPitMine-LoadSite5-Shovel-2, load time is 2.5836614173228347
2025-09-11 21:15:34,905 [INFO] Truck: Time:<187.01496811193374> Truck:[CLTruck3] Arrived at NorthPitMine-LoadSite4 at 187.01496811193374
2025-09-11 21:15:34,905 [DEBUG] Truck: Time:<187.0567455307969> Truck:[CLTruck12] Arrived at NorthPitMine-DumpSite1 at 187.0567455307969
2025-09-11 21:15:34,905 [INFO] Truck: Time:<187.09155555555554> Truck:[CLTruck17] Finish loading at shovel NorthPitMine-LoadSite3-Shovel-3
2025-09-11 21:15:34,906 [DEBUG] Truck: Time:<187.09155555555554> Truck:[CLTruck17] Start moving to ORDER(4): NorthPitMine-DumpSite5, move distance is 2.3613005135928873, speed: 25
2025-09-11 21:15:34,906 [INFO] Truck: Time:<178> Truck:[CLTruck17] breakdown for 9.70993523802179 minutes at 178
2025-09-11 21:15:34,906 [INFO] Truck: Time:<187.09155555555554> Truck:[XHTruck10] Start loading at shovel NorthPitMine-LoadSite3-Shovel-3, load time is 24.444444444444443
2025-09-11 21:15:34,906 [INFO] Truck: Time:<187.31712698085062> Truck:[XHTruck23] Arrived at NorthPitMine-LoadSite3 at 187.31712698085062
2025-09-11 21:15:34,908 [INFO] Truck: Time:<188.0567455307969> Truck:[CLTruck12] Finish unloading at dumper NorthPitMine-DumpSite1-点位0, dumper tons is 1286.4505161429943
2025-09-11 21:15:34,909 [DEBUG] Truck: Time:<188.0567455307969> Truck:[CLTruck12] Start moving to ORDER(3):NorthPitMine-LoadSite4, move distance is 3.41, speed: 25
2025-09-11 21:15:34,909 [INFO] Truck: Time:<188.27708180972488> Truck:[CLTruck14] Arrived at NorthPitMine-LoadSite5 at 188.27708180972488
2025-09-11 21:15:34,909 [INFO] Truck: Time:<188.80682347068176> Truck:[XHTruck30] is facing 0 mins delay caused by 4 pre-existing jam events on Road from NorthPitMine-DumpSite5 to NorthPitMine-LoadSite4
2025-09-11 21:15:34,911 [INFO] Truck: Time:<189.1840494859494> Truck:[XHTruck3] Arrived at NorthPitMine-LoadSite4 at 189.1840494859494
2025-09-11 21:15:34,911 [INFO] Truck: Time:<189.5875015358865> Truck:[CLTruck15] Finish loading at shovel NorthPitMine-LoadSite5-Shovel-2
2025-09-11 21:15:34,912 [DEBUG] Truck: Time:<189.5875015358865> Truck:[CLTruck15] Start moving to ORDER(0): NorthPitMine-DumpSite1, move distance is 7.232438159082277, speed: 25
2025-09-11 21:15:34,912 [INFO] Truck: Time:<188> Truck:[CLTruck15] breakdown for 11.80459327158394 minutes at 188
2025-09-11 21:15:34,912 [INFO] Truck: Time:<189.7608021397222> Truck:[OfficalTruck3] Arrived at NorthPitMine-LoadSite4 at 189.7608021397222
2025-09-11 21:15:34,912 [INFO] Truck: Time:<189.97576846379266> Truck:[CLTruck27] is facing 0 mins delay caused by 1 pre-existing jam events on Road from NorthPitMine-LoadSite5 to NorthPitMine-DumpSite1
2025-09-11 21:15:34,915 [INFO] Truck: Time:<190.15308266403224> Truck:[XHTruck19] Finish loading at shovel NorthPitMine-LoadSite3-Shovel-1
2025-09-11 21:15:34,916 [DEBUG] Truck: Time:<190.15308266403224> Truck:[XHTruck19] Start moving to ORDER(4): NorthPitMine-DumpSite5, move distance is 2.87273513611723, speed: 25
2025-09-11 21:15:34,917 [INFO] Truck: Time:<178> Truck:[XHTruck19] breakdown for 6.645952154627384 minutes at 178
2025-09-11 21:15:34,917 [INFO] Truck: Time:<190.15308266403224> Truck:[XHTruck5] Start loading at shovel NorthPitMine-LoadSite3-Shovel-1, load time is 4.060039370078741
2025-09-11 21:15:34,917 [INFO] Truck: Time:<190.20140338717056> Truck:[XHTruck7] Finish loading at shovel NorthPitMine-LoadSite5-Shovel-1
2025-09-11 21:15:34,918 [DEBUG] Truck: Time:<190.20140338717056> Truck:[XHTruck7] Start moving to ORDER(0): NorthPitMine-DumpSite1, move distance is 7.041399160709141, speed: 25
2025-09-11 21:15:34,918 [INFO] Truck: Time:<186> Truck:[XHTruck7] breakdown for 10.89648878681008 minutes at 186
2025-09-11 21:15:34,918 [INFO] Truck: Time:<190.20140338717056> Truck:[CLTruck14] Start loading at shovel NorthPitMine-LoadSite5-Shovel-1, load time is 2.5836614173228347
2025-09-11 21:15:34,918 [DEBUG] Truck: Time:<190.44990308466063> Truck:[XHTruck15] Arrived at NorthPitMine-DumpSite5 at 190.44990308466063
2025-09-11 21:15:34,918 [DEBUG] Truck: Time:<190.61311216390578> Truck:[XHTruck21] Arrived at NorthPitMine-DumpSite5 at 190.61311216390578
2025-09-11 21:15:34,918 [INFO] Truck: Time:<190.75733333333335> Truck:[XHTruck29] Finish loading at shovel NorthPitMine-LoadSite4-Shovel-3
2025-09-11 21:15:34,919 [INFO] Truck: Time:<190.75733333333335> Shovel NorthPitMine-LoadSite4-Shovel-3 under maintenance for 42.70 minutes
2025-09-11 21:15:34,919 [INFO] Truck: Time:<190.80575810647812> Truck:[CLTruck23] Arrived at NorthPitMine-LoadSite4 at 190.80575810647812
2025-09-11 21:15:34,921 [INFO] Truck: Time:<191.44990308466063> Truck:[XHTruck15] Finish unloading at dumper NorthPitMine-DumpSite5-点位0, dumper tons is 2187.8796036809235
2025-09-11 21:15:34,921 [DEBUG] Truck: Time:<191.44990308466063> Truck:[XHTruck15] Start moving to ORDER(3):NorthPitMine-LoadSite4, move distance is 8.675652810220853, speed: 25
2025-09-11 21:15:34,921 [INFO] Truck: Time:<187> Truck:[XHTruck15] breakdown for 13.03899844486316 minutes at 187
2025-09-11 21:15:34,922 [INFO] Truck: Time:<191.53793748465023> Truck:[OfficalTruck7] is facing 0 mins delay caused by 1 pre-existing jam events on Road from NorthPitMine-LoadSite5 to NorthPitMine-DumpSite1
2025-09-11 21:15:34,922 [INFO] Truck: Time:<191.61311216390578> Truck:[XHTruck21] Finish unloading at dumper NorthPitMine-DumpSite5-点位1, dumper tons is 732.2969107093136
2025-09-11 21:15:34,922 [DEBUG] Truck: Time:<191.61311216390578> Truck:[XHTruck21] Start moving to ORDER(3):NorthPitMine-LoadSite4, move distance is 7.546963370343237, speed: 25
2025-09-11 21:15:34,922 [INFO] Truck: Time:<191.61311216390578> Truck:[XHTruck21] is facing 0 mins delay caused by 1 pre-existing jam events on Road from NorthPitMine-DumpSite5 to NorthPitMine-LoadSite4
2025-09-11 21:15:34,923 [DEBUG] Truck: Time:<191.6438530256443> Truck:[CLTruck5] Arrived at NorthPitMine-DumpSite2 at 191.6438530256443
2025-09-11 21:15:34,923 [DEBUG] Truck: Time:<191.76831587289047> Truck:[CLTruck26] Arrived at NorthPitMine-DumpSite2 at 191.76831587289047
2025-09-11 21:15:34,923 [DEBUG] Truck: Time:<191.8954320432788> Truck:[CLTruck16] Arrived at NorthPitMine-DumpSite2 at 191.8954320432788
2025-09-11 21:15:34,923 [INFO] Truck: Time:<191.99639735596762> Truck:[OfficalTruck2] Arrived at NorthPitMine-LoadSite5 at 191.99639735596762
2025-09-11 21:15:34,923 [INFO] Truck: Time:<191.99639735596762> Truck:[OfficalTruck2] Start loading at shovel NorthPitMine-LoadSite5-Shovel-2, load time is 5.684055118110236
2025-09-11 21:15:34,925 [INFO] Truck: Time:<192.6438530256443> Truck:[CLTruck5] Finish unloading at dumper NorthPitMine-DumpSite2-点位0, dumper tons is 1913.4627359936117
2025-09-11 21:15:34,927 [DEBUG] Truck: Time:<192.6438530256443> Truck:[CLTruck5] Start moving to ORDER(2):NorthPitMine-LoadSite3, move distance is 3.41, speed: 25
2025-09-11 21:15:34,927 [INFO] Truck: Time:<192.76831587289047> Truck:[CLTruck26] Finish unloading at dumper NorthPitMine-DumpSite2-点位1, dumper tons is 470.3252173688374
2025-09-11 21:15:34,927 [DEBUG] Truck: Time:<192.76831587289047> Truck:[CLTruck26] Start moving to ORDER(2):NorthPitMine-LoadSite3, move distance is 3.41, speed: 25
2025-09-11 21:15:34,927 [INFO] Truck: Time:<192.7850648044934> Truck:[CLTruck14] Finish loading at shovel NorthPitMine-LoadSite5-Shovel-1
2025-09-11 21:15:34,927 [DEBUG] Truck: Time:<192.7850648044934> Truck:[CLTruck14] Start moving to ORDER(0): NorthPitMine-DumpSite1, move distance is 7.255084366682604, speed: 25
2025-09-11 21:15:34,927 [INFO] Truck: Time:<183> Truck:[CLTruck14] breakdown for 7.177798678038578 minutes at 183
2025-09-11 21:15:34,929 [INFO] Truck: Time:<192.8954320432788> Truck:[CLTruck16] Finish unloading at dumper NorthPitMine-DumpSite2-点位2, dumper tons is 115.84298155460166
2025-09-11 21:15:34,929 [DEBUG] Truck: Time:<192.8954320432788> Truck:[CLTruck16] Start moving to ORDER(2):NorthPitMine-LoadSite3, move distance is 3.41, speed: 25
2025-09-11 21:15:34,929 [INFO] Truck: Time:<192.9977677261402> Truck:[CLTruck9] Arrived at NorthPitMine-LoadSite4 at 192.9977677261402
2025-09-11 21:15:34,932 [INFO] Truck: Time:<193.43447447885217> Truck:[CLTruck4] is facing 2.880885649376773 mins delay caused by 1 pre-existing jam events on Road from NorthPitMine-DumpSite2 to NorthPitMine-LoadSite5
2025-09-11 21:15:34,933 [INFO] Truck: Time:<194.213122034111> Truck:[XHTruck5] Finish loading at shovel NorthPitMine-LoadSite3-Shovel-1
2025-09-11 21:15:34,935 [DEBUG] Truck: Time:<194.213122034111> Truck:[XHTruck5] Start moving to ORDER(4): NorthPitMine-DumpSite5, move distance is 2.700315450852828, speed: 25
2025-09-11 21:15:34,935 [INFO] Truck: Time:<194> Truck:[XHTruck5] breakdown for 9.970513423523851 minutes at 194
2025-09-11 21:15:34,936 [INFO] Truck: Time:<194.213122034111> Truck:[CLTruck19] Start loading at shovel NorthPitMine-LoadSite3-Shovel-1, load time is 2.5836614173228347
2025-09-11 21:15:34,936 [INFO] Truck: Time:<194.7909748476726> Truck:[OfficalTruck1] is facing 0 mins delay caused by 1 pre-existing jam events on Road from NorthPitMine-LoadSite5 to NorthPitMine-DumpSite1
2025-09-11 21:15:34,939 [DEBUG] Truck: Time:<195.7950413670284> Truck:[XHTruck26] Arrived at NorthPitMine-DumpSite5 at 195.7950413670284
2025-09-11 21:15:34,939 [INFO] Truck: Time:<195.91597878104722> Truck:[CLTruck25] Arrived at NorthPitMine-LoadSite5 at 195.91597878104722
2025-09-11 21:15:34,939 [INFO] Truck: Time:<195.91597878104722> Truck:[CLTruck25] Start loading at shovel NorthPitMine-LoadSite5-Shovel-1, load time is 2.5836614173228347
2025-09-11 21:15:34,942 [INFO] Truck: Time:<196.2407455307969> Truck:[CLTruck12] Arrived at NorthPitMine-LoadSite4 at 196.2407455307969
2025-09-11 21:15:34,942 [INFO] Truck: Time:<196.53511111111106> Truck:[XHTruck13] Finish loading at shovel NorthPitMine-LoadSite4-Shovel-5
2025-09-11 21:15:34,942 [DEBUG] Truck: Time:<196.53511111111106> Truck:[XHTruck13] Start moving to ORDER(1): NorthPitMine-DumpSite2, move distance is 1.9023926542621519, speed: 25
2025-09-11 21:15:34,942 [INFO] Truck: Time:<163> Truck:[XHTruck13] breakdown for 12.101454556442395 minutes at 163
2025-09-11 21:15:34,942 [INFO] Truck: Time:<196.53511111111106> Truck:[CLTruck11] Start loading at shovel NorthPitMine-LoadSite4-Shovel-5, load time is 15.555555555555555
2025-09-11 21:15:34,942 [INFO] Truck: Time:<196.7950413670284> Truck:[XHTruck26] Finish unloading at dumper NorthPitMine-DumpSite5-点位0, dumper tons is 2240.257455759832
2025-09-11 21:15:34,942 [DEBUG] Truck: Time:<196.7950413670284> Truck:[XHTruck26] Start moving to ORDER(3):NorthPitMine-LoadSite4, move distance is 7.813136325269803, speed: 25
2025-09-11 21:15:34,942 [INFO] Truck: Time:<191> Truck:[XHTruck26] breakdown for 10.165556613620954 minutes at 191
2025-09-11 21:15:34,942 [INFO] Truck: Time:<196.79678345143384> Truck:[CLTruck19] Finish loading at shovel NorthPitMine-LoadSite3-Shovel-1
2025-09-11 21:15:34,942 [INFO] Truck: Time:<196.79678345143384> Shovel NorthPitMine-LoadSite3-Shovel-1 under maintenance for 42.74 minutes
2025-09-11 21:15:34,948 [INFO] Truck: Time:<197.22189718637233> Truck:[CLTruck6] Arrived at NorthPitMine-LoadSite4 at 197.22189718637233
2025-09-11 21:15:34,948 [INFO] Truck: Time:<197.28604546913604> Truck:[XHTruck33] Arrived at NorthPitMine-LoadSite4 at 197.28604546913604
2025-09-11 21:15:34,949 [INFO] Truck: Time:<197.3557545150076> Truck:[CLTruck18] Arrived at NorthPitMine-LoadSite5 at 197.3557545150076
2025-09-11 21:15:34,949 [INFO] Truck: Time:<197.42399999999998> Truck:[XHTruck8] Finish loading at shovel NorthPitMine-LoadSite4-Shovel-4
2025-09-11 21:15:34,950 [DEBUG] Truck: Time:<197.42399999999998> Truck:[XHTruck8] Start moving to ORDER(1): NorthPitMine-DumpSite2, move distance is 1.6406935017226494, speed: 25
2025-09-11 21:15:34,950 [INFO] Truck: Time:<195> Truck:[XHTruck8] breakdown for 10.29175128195742 minutes at 195
2025-09-11 21:15:34,950 [INFO] Truck: Time:<197.42399999999998> Truck:[XHTruck28] Start loading at shovel NorthPitMine-LoadSite4-Shovel-4, load time is 24.444444444444443
2025-09-11 21:15:34,951 [INFO] Truck: Time:<197.53082135227518> Truck:[CLTruck21] is facing 0 mins delay caused by 1 pre-existing jam events on Road from NorthPitMine-LoadSite5 to NorthPitMine-DumpSite1
2025-09-11 21:15:34,951 [INFO] Truck: Time:<197.5984473637719> Truck:[XHTruck14] Arrived at NorthPitMine-LoadSite5 at 197.5984473637719
2025-09-11 21:15:34,951 [INFO] Truck: Time:<197.68045247407784> Truck:[OfficalTruck2] Finish loading at shovel NorthPitMine-LoadSite5-Shovel-2
2025-09-11 21:15:34,951 [DEBUG] Truck: Time:<197.68045247407784> Truck:[OfficalTruck2] Start moving to ORDER(0): NorthPitMine-DumpSite1, move distance is 5.15, speed: 25
2025-09-11 21:15:34,951 [INFO] Truck: Time:<197.68045247407784> Truck:[OfficalTruck2] is facing 0 mins delay caused by 1 pre-existing jam events on Road from NorthPitMine-LoadSite5 to NorthPitMine-DumpSite1
2025-09-11 21:15:34,951 [INFO] Truck: Time:<197.68045247407784> Truck:[XHTruck14] Start loading at shovel NorthPitMine-LoadSite5-Shovel-2, load time is 4.060039370078741
2025-09-11 21:15:34,951 [DEBUG] Truck: Time:<197.8683718735977> Truck:[CLTruck28] Arrived at NorthPitMine-DumpSite1 at 197.8683718735977
2025-09-11 21:15:34,955 [INFO] Truck: Time:<198.49964019837006> Truck:[CLTruck25] Finish loading at shovel NorthPitMine-LoadSite5-Shovel-1
2025-09-11 21:15:34,956 [DEBUG] Truck: Time:<198.49964019837006> Truck:[CLTruck25] Start moving to ORDER(0): NorthPitMine-DumpSite1, move distance is 5.15, speed: 25
2025-09-11 21:15:34,956 [INFO] Truck: Time:<198.49964019837006> Truck:[CLTruck25] is facing 0 mins delay caused by 2 pre-existing jam events on Road from NorthPitMine-LoadSite5 to NorthPitMine-DumpSite1
2025-09-11 21:15:34,957 [INFO] Truck: Time:<198.49964019837006> Truck:[CLTruck18] Start loading at shovel NorthPitMine-LoadSite5-Shovel-1, load time is 2.5836614173228347
2025-09-11 21:15:34,957 [DEBUG] Truck: Time:<198.7077725246155> Truck:[OfficalTruck8] Arrived at NorthPitMine-DumpSite1 at 198.7077725246155
2025-09-11 21:15:34,957 [INFO] Truck: Time:<198.71028016507194> Truck:[CLTruck29] Arrived at NorthPitMine-LoadSite4 at 198.71028016507194
2025-09-11 21:15:34,957 [INFO] Truck: Time:<198.8683718735977> Truck:[CLTruck28] Finish unloading at dumper NorthPitMine-DumpSite1-点位0, dumper tons is 1318.4341961083824
2025-09-11 21:15:34,958 [DEBUG] Truck: Time:<198.8683718735977> Truck:[CLTruck28] Start moving to ORDER(2):NorthPitMine-LoadSite3, move distance is 2.98, speed: 25
2025-09-11 21:15:34,958 [INFO] Truck: Time:<191> Truck:[CLTruck28] breakdown for 5.515405064177401 minutes at 191
2025-09-11 21:15:34,960 [INFO] Truck: Time:<199.03759625071572> Truck:[CLTruck20] is facing 5.422149125872472 mins delay caused by 3 pre-existing jam events on Road from NorthPitMine-DumpSite5 to NorthPitMine-LoadSite4
2025-09-11 21:15:34,960 [INFO] Truck: Time:<199.7077725246155> Truck:[OfficalTruck8] Finish unloading at dumper NorthPitMine-DumpSite1-点位1, dumper tons is 382.2153417215727
2025-09-11 21:15:34,961 [DEBUG] Truck: Time:<199.7077725246155> Truck:[OfficalTruck8] Start moving to ORDER(2):NorthPitMine-LoadSite3, move distance is 2.98, speed: 25
2025-09-11 21:15:34,961 [INFO] Truck: Time:<193> Truck:[OfficalTruck8] breakdown for 4.147857313309521 minutes at 193
2025-09-11 21:15:34,961 [INFO] Truck: Time:<199.962863482532> Truck:[CLTruck14] is facing 0 mins delay caused by 1 pre-existing jam events on Road from NorthPitMine-LoadSite5 to NorthPitMine-DumpSite1
2025-09-11 21:15:34,964 [INFO] Truck: Time:<200.4040532564648> Truck:[XHTruck11] is facing 0 mins delay caused by 1 pre-existing jam events on Road from NorthPitMine-LoadSite5 to NorthPitMine-DumpSite1
2025-09-11 21:15:34,964 [DEBUG] Truck: Time:<200.70659428265387> Truck:[CLTruck1] Arrived at NorthPitMine-DumpSite5 at 200.70659428265387
2025-09-11 21:15:34,964 [INFO] Truck: Time:<200.8278530256443> Truck:[CLTruck5] Arrived at NorthPitMine-LoadSite3 at 200.8278530256443
2025-09-11 21:15:34,966 [INFO] Truck: Time:<200.95231587289047> Truck:[CLTruck26] Arrived at NorthPitMine-LoadSite3 at 200.95231587289047
2025-09-11 21:15:34,967 [INFO] Truck: Time:<201.07943204327879> Truck:[CLTruck16] Arrived at NorthPitMine-LoadSite3 at 201.07943204327879
2025-09-11 21:15:34,968 [INFO] Truck: Time:<201.0833016156929> Truck:[CLTruck18] Finish loading at shovel NorthPitMine-LoadSite5-Shovel-1
2025-09-11 21:15:34,969 [DEBUG] Truck: Time:<201.0833016156929> Truck:[CLTruck18] Start moving to ORDER(0): NorthPitMine-DumpSite1, move distance is 5.15, speed: 25
2025-09-11 21:15:34,969 [INFO] Truck: Time:<201> Truck:[CLTruck18] breakdown for 9.401767317210393 minutes at 201
2025-09-11 21:15:34,969 [INFO] Truck: Time:<201.4267459049002> Truck:[OfficalTruck9] Arrived at NorthPitMine-LoadSite5 at 201.4267459049002
2025-09-11 21:15:34,969 [INFO] Truck: Time:<201.4267459049002> Truck:[OfficalTruck9] Start loading at shovel NorthPitMine-LoadSite5-Shovel-1, load time is 5.684055118110236
2025-09-11 21:15:34,969 [INFO] Truck: Time:<201.70659428265387> Truck:[CLTruck1] Finish unloading at dumper NorthPitMine-DumpSite5-点位0, dumper tons is 2276.419298041471
2025-09-11 21:15:34,970 [DEBUG] Truck: Time:<201.70659428265387> Truck:[CLTruck1] Start moving to ORDER(3):NorthPitMine-LoadSite4, move distance is 7.671953470791076, speed: 25
2025-09-11 21:15:34,970 [INFO] Truck: Time:<201> Truck:[CLTruck1] breakdown for 8.401629221044661 minutes at 201
2025-09-11 21:15:34,970 [DEBUG] Truck: Time:<201.73957664315736> Truck:[OfficalTruck6] Arrived at NorthPitMine-DumpSite5 at 201.73957664315736
2025-09-11 21:15:34,970 [INFO] Truck: Time:<201.74049184415657> Truck:[XHTruck14] Finish loading at shovel NorthPitMine-LoadSite5-Shovel-2
2025-09-11 21:15:34,971 [DEBUG] Truck: Time:<201.74049184415657> Truck:[XHTruck14] Start moving to ORDER(0): NorthPitMine-DumpSite1, move distance is 5.15, speed: 25
2025-09-11 21:15:34,971 [INFO] Truck: Time:<194> Truck:[XHTruck14] breakdown for 8.012791091239702 minutes at 194
2025-09-11 21:15:34,971 [DEBUG] Truck: Time:<201.84561974386614> Truck:[CLTruck10] Arrived at NorthPitMine-DumpSite5 at 201.84561974386614
2025-09-11 21:15:34,973 [DEBUG] Truck: Time:<202.46861202620025> Truck:[CLTruck17] Arrived at NorthPitMine-DumpSite5 at 202.46861202620025
2025-09-11 21:15:34,973 [INFO] Truck: Time:<202.73957664315736> Truck:[OfficalTruck6] Finish unloading at dumper NorthPitMine-DumpSite5-点位0, dumper tons is 2352.4550871730257
2025-09-11 21:15:34,973 [DEBUG] Truck: Time:<202.73957664315736> Truck:[OfficalTruck6] Start moving to ORDER(3):NorthPitMine-LoadSite4, move distance is 7.714780055906603, speed: 25
2025-09-11 21:15:34,973 [INFO] Truck: Time:<202.73957664315736> Truck:[OfficalTruck6] is facing 0.7413857719774715 mins delay caused by 3 pre-existing jam events on Road from NorthPitMine-DumpSite5 to NorthPitMine-LoadSite4
2025-09-11 21:15:34,973 [INFO] Truck: Time:<202.84561974386614> Truck:[CLTruck10] Finish unloading at dumper NorthPitMine-DumpSite5-点位1, dumper tons is 770.7451588625297
2025-09-11 21:15:34,973 [DEBUG] Truck: Time:<202.84561974386614> Truck:[CLTruck10] Start moving to ORDER(3):NorthPitMine-LoadSite4, move distance is 7.819289600361054, speed: 25
2025-09-11 21:15:34,973 [INFO] Truck: Time:<197> Truck:[CLTruck10] breakdown for 9.041912916079182 minutes at 197
2025-09-11 21:15:34,978 [INFO] Truck: Time:<203.46861202620025> Truck:[CLTruck17] Finish unloading at dumper NorthPitMine-DumpSite5-点位2, dumper tons is 115.79838821373936
2025-09-11 21:15:34,979 [DEBUG] Truck: Time:<203.46861202620025> Truck:[CLTruck17] Start moving to ORDER(3):NorthPitMine-LoadSite4, move distance is 8.06614987532503, speed: 25
2025-09-11 21:15:34,979 [INFO] Truck: Time:<197> Truck:[CLTruck17] breakdown for 9.511972657323104 minutes at 197
2025-09-11 21:15:34,979 [DEBUG] Truck: Time:<203.69359914534098> Truck:[XHTruck19] Arrived at NorthPitMine-DumpSite5 at 203.69359914534098
2025-09-11 21:15:34,981 [INFO] Truck: Time:<204.18363545763484> Truck:[XHTruck5] is facing 7.550879679683632 mins delay caused by 1 pre-existing jam events on Road from NorthPitMine-LoadSite3 to NorthPitMine-DumpSite5
2025-09-11 21:15:34,984 [INFO] Truck: Time:<204.4889015295238> Truck:[XHTruck15] is facing 0 mins delay caused by 4 pre-existing jam events on Road from NorthPitMine-DumpSite5 to NorthPitMine-LoadSite4
2025-09-11 21:15:34,984 [INFO] Truck: Time:<204.69359914534098> Truck:[XHTruck19] Finish unloading at dumper NorthPitMine-DumpSite5-点位0, dumper tons is 2405.869868007613
2025-09-11 21:15:34,985 [DEBUG] Truck: Time:<204.69359914534098> Truck:[XHTruck19] Start moving to ORDER(3):NorthPitMine-LoadSite4, move distance is 7.8614144171696285, speed: 25
2025-09-11 21:15:34,985 [INFO] Truck: Time:<204.69359914534098> Truck:[XHTruck19] is facing 0 mins delay caused by 4 pre-existing jam events on Road from NorthPitMine-DumpSite5 to NorthPitMine-LoadSite4
2025-09-11 21:15:34,987 [INFO] Truck: Time:<205.13028254892433> Truck:[XHTruck9] Arrived at NorthPitMine-LoadSite4 at 205.13028254892433
2025-09-11 21:15:34,987 [INFO] Truck: Time:<205.42400000000004> Truck:[XHTruck31] Finish loading at shovel NorthPitMine-LoadSite4-Shovel-2
2025-09-11 21:15:34,988 [DEBUG] Truck: Time:<205.42400000000004> Truck:[XHTruck31] Start moving to ORDER(1): NorthPitMine-DumpSite2, move distance is 1.6657716329552377, speed: 25
2025-09-11 21:15:34,988 [INFO] Truck: Time:<170> Truck:[XHTruck31] breakdown for 8.793266126732457 minutes at 170
2025-09-11 21:15:34,988 [INFO] Truck: Time:<205.42400000000004> Truck:[XHTruck16] Start loading at shovel NorthPitMine-LoadSite4-Shovel-2, load time is 24.444444444444443
2025-09-11 21:15:34,989 [INFO] Truck: Time:<205.9653796085992> Truck:[XHTruck30] Arrived at NorthPitMine-LoadSite4 at 205.9653796085992
2025-09-11 21:15:34,991 [INFO] Truck: Time:<206.96059798064937> Truck:[XHTruck26] is facing 0 mins delay caused by 3 pre-existing jam events on Road from NorthPitMine-DumpSite5 to NorthPitMine-LoadSite4
2025-09-11 21:15:34,994 [INFO] Truck: Time:<207.11080102301042> Truck:[OfficalTruck9] Finish loading at shovel NorthPitMine-LoadSite5-Shovel-1
2025-09-11 21:15:34,995 [DEBUG] Truck: Time:<207.11080102301042> Truck:[OfficalTruck9] Start moving to ORDER(0): NorthPitMine-DumpSite1, move distance is 5.15, speed: 25
2025-09-11 21:15:34,995 [INFO] Truck: Time:<188> Truck:[OfficalTruck9] breakdown for 11.925968986412771 minutes at 188
2025-09-11 21:15:34,996 [DEBUG] Truck: Time:<207.37673858289853> Truck:[CLTruck27] Arrived at NorthPitMine-DumpSite1 at 207.37673858289853
2025-09-11 21:15:34,998 [INFO] Truck: Time:<208.37673858289853> Truck:[CLTruck27] Finish unloading at dumper NorthPitMine-DumpSite1-点位0, dumper tons is 1354.1129551883007
2025-09-11 21:15:34,999 [DEBUG] Truck: Time:<208.37673858289853> Truck:[CLTruck27] Start moving to ORDER(2):NorthPitMine-LoadSite3, move distance is 2.98, speed: 25
2025-09-11 21:15:34,999 [INFO] Truck: Time:<208.37673858289853> Truck:[CLTruck27] is facing 0 mins delay caused by 1 pre-existing jam events on Road from NorthPitMine-DumpSite1 to NorthPitMine-LoadSite3
2025-09-11 21:15:35,002 [INFO] Truck: Time:<209.72582425272955> Truck:[XHTruck21] Arrived at NorthPitMine-LoadSite4 at 209.72582425272955
2025-09-11 21:15:35,003 [INFO] Truck: Time:<209.75328293539627> Truck:[XHTruck14] is facing 0 mins delay caused by 5 pre-existing jam events on Road from NorthPitMine-LoadSite5 to NorthPitMine-DumpSite1
2025-09-11 21:15:35,003 [INFO] Truck: Time:<209.93572649364825> Truck:[XHTruck25] Arrived at NorthPitMine-LoadSite3 at 209.93572649364825
2025-09-11 21:15:35,006 [DEBUG] Truck: Time:<210.04045247407785> Truck:[OfficalTruck2] Arrived at NorthPitMine-DumpSite1 at 210.04045247407785
2025-09-11 21:15:35,006 [INFO] Truck: Time:<210.10822350369853> Truck:[CLTruck1] is facing 8.485591978862132 mins delay caused by 3 pre-existing jam events on Road from NorthPitMine-DumpSite5 to NorthPitMine-LoadSite4
2025-09-11 21:15:35,007 [INFO] Truck: Time:<210.4850689329033> Truck:[CLTruck18] is facing 0 mins delay caused by 6 pre-existing jam events on Road from NorthPitMine-LoadSite5 to NorthPitMine-DumpSite1
2025-09-11 21:15:35,007 [DEBUG] Truck: Time:<210.85964019837007> Truck:[CLTruck25] Arrived at NorthPitMine-DumpSite1 at 210.85964019837007
2025-09-11 21:15:35,008 [INFO] Truck: Time:<211.007629837925> Truck:[OfficalTruck8] Arrived at NorthPitMine-LoadSite3 at 211.007629837925
2025-09-11 21:15:35,009 [INFO] Truck: Time:<211.04045247407785> Truck:[OfficalTruck2] Finish unloading at dumper NorthPitMine-DumpSite1-点位0, dumper tons is 1433.0288426152872
2025-09-11 21:15:35,009 [DEBUG] Truck: Time:<211.04045247407785> Truck:[OfficalTruck2] Start moving to ORDER(2):NorthPitMine-LoadSite3, move distance is 2.98, speed: 25
2025-09-11 21:15:35,009 [INFO] Truck: Time:<205> Truck:[OfficalTruck2] breakdown for 7.089679416349209 minutes at 205
2025-09-11 21:15:35,009 [DEBUG] Truck: Time:<211.408847513978> Truck:[OfficalTruck7] Arrived at NorthPitMine-DumpSite1 at 211.408847513978
2025-09-11 21:15:35,009 [INFO] Truck: Time:<211.5357769377751> Truck:[CLTruck28] Arrived at NorthPitMine-LoadSite3 at 211.5357769377751
2025-09-11 21:15:35,011 [INFO] Truck: Time:<211.536> Truck:[XHTruck10] Finish loading at shovel NorthPitMine-LoadSite3-Shovel-3
2025-09-11 21:15:35,011 [INFO] Truck: Time:<211.536> Shovel NorthPitMine-LoadSite3-Shovel-3 under maintenance for 45.79 minutes
2025-09-11 21:15:35,011 [DEBUG] Truck: Time:<211.65341568609176> Truck:[XHTruck8] Arrived at NorthPitMine-DumpSite2 at 211.65341568609176
2025-09-11 21:15:35,011 [INFO] Truck: Time:<211.85964019837007> Truck:[CLTruck25] Finish unloading at dumper NorthPitMine-DumpSite1-点位1, dumper tons is 418.9566672315819
2025-09-11 21:15:35,012 [DEBUG] Truck: Time:<211.85964019837007> Truck:[CLTruck25] Start moving to ORDER(2):NorthPitMine-LoadSite3, move distance is 2.98, speed: 25
2025-09-11 21:15:35,012 [INFO] Truck: Time:<201> Truck:[CLTruck25] breakdown for 7.604116287450323 minutes at 201
2025-09-11 21:15:35,012 [INFO] Truck: Time:<211.88753265994532> Truck:[CLTruck10] is facing 6.360109285751818 mins delay caused by 1 pre-existing jam events on Road from NorthPitMine-DumpSite5 to NorthPitMine-LoadSite4
2025-09-11 21:15:35,015 [INFO] Truck: Time:<212.0906666666666> Truck:[CLTruck11] Finish loading at shovel NorthPitMine-LoadSite4-Shovel-5
2025-09-11 21:15:35,016 [DEBUG] Truck: Time:<212.0906666666666> Truck:[CLTruck11] Start moving to ORDER(1): NorthPitMine-DumpSite2, move distance is 1.46371011733059, speed: 25
2025-09-11 21:15:35,016 [INFO] Truck: Time:<182> Truck:[CLTruck11] breakdown for 11.053229659771482 minutes at 182
2025-09-11 21:15:35,017 [INFO] Truck: Time:<212.0906666666666> Truck:[CLTruck23] Start loading at shovel NorthPitMine-LoadSite4-Shovel-5, load time is 15.555555555555555
2025-09-11 21:15:35,017 [INFO] Truck: Time:<212.408847513978> Truck:[OfficalTruck7] Finish unloading at dumper NorthPitMine-DumpSite1-点位0, dumper tons is 1506.209807143452
2025-09-11 21:15:35,018 [DEBUG] Truck: Time:<212.408847513978> Truck:[OfficalTruck7] Start moving to ORDER(2):NorthPitMine-LoadSite3, move distance is 2.98, speed: 25
2025-09-11 21:15:35,018 [INFO] Truck: Time:<193> Truck:[OfficalTruck7] breakdown for 7.156873537368135 minutes at 193
2025-09-11 21:15:35,018 [INFO] Truck: Time:<212.65341568609176> Truck:[XHTruck8] Finish unloading at dumper NorthPitMine-DumpSite2-点位0, dumper tons is 1967.9497263276376
2025-09-11 21:15:35,018 [DEBUG] Truck: Time:<212.65341568609176> Truck:[XHTruck8] Start moving to ORDER(2):NorthPitMine-LoadSite3, move distance is 3.41, speed: 25
2025-09-11 21:15:35,018 [INFO] Truck: Time:<212.98058468352335> Truck:[CLTruck17] is facing 4.6870468143305075 mins delay caused by 2 pre-existing jam events on Road from NorthPitMine-DumpSite5 to NorthPitMine-LoadSite4
2025-09-11 21:15:35,022 [DEBUG] Truck: Time:<213.20230803778264> Truck:[XHTruck13] Arrived at NorthPitMine-DumpSite2 at 213.20230803778264
2025-09-11 21:15:35,024 [INFO] Truck: Time:<214.20230803778264> Truck:[XHTruck13] Finish unloading at dumper NorthPitMine-DumpSite2-点位0, dumper tons is 2019.5821932118813
2025-09-11 21:15:35,025 [INFO] Road: [RoadEvent] Road from NorthPitMine-DumpSite2 to NorthPitMine-LoadSite3 is in repair，the repair will last for 53.03 mins, and will end at 267.24, vehicle on this road will have to suffer punish_distance.
2025-09-11 21:15:35,025 [DEBUG] Truck: Time:<214.20230803778264> Truck:[XHTruck13] Start moving to ORDER(2):NorthPitMine-LoadSite3, move distance is 4.62436819283794, speed: 25
2025-09-11 21:15:35,025 [DEBUG] Truck: Time:<214.22076640524398> Truck:[OfficalTruck1] Arrived at NorthPitMine-DumpSite1 at 214.22076640524398
2025-09-11 21:15:35,025 [INFO] Truck: Time:<214.6813755708299> Truck:[OfficalTruck4] Finish loading at shovel NorthPitMine-LoadSite3-Shovel-2
2025-09-11 21:15:35,026 [DEBUG] Truck: Time:<214.6813755708299> Truck:[OfficalTruck4] Start moving to ORDER(4): NorthPitMine-DumpSite5, move distance is 1.86, speed: 25
2025-09-11 21:15:35,026 [INFO] Truck: Time:<206> Truck:[OfficalTruck4] breakdown for 12.107892156102476 minutes at 206
2025-09-11 21:15:35,026 [INFO] Truck: Time:<214.6813755708299> Truck:[OfficalTruck5] Start loading at shovel NorthPitMine-LoadSite3-Shovel-2, load time is 34.22222222222222
2025-09-11 21:15:35,027 [DEBUG] Truck: Time:<215.13798409140236> Truck:[CLTruck21] Arrived at NorthPitMine-DumpSite1 at 215.13798409140236
2025-09-11 21:15:35,027 [INFO] Truck: Time:<215.1857842725808> Truck:[CLTruck4] Arrived at NorthPitMine-LoadSite5 at 215.1857842725808
2025-09-11 21:15:35,027 [INFO] Truck: Time:<215.1857842725808> Truck:[CLTruck4] Start loading at shovel NorthPitMine-LoadSite5-Shovel-1, load time is 2.5836614173228347
2025-09-11 21:15:35,027 [INFO] Truck: Time:<215.22076640524398> Truck:[OfficalTruck1] Finish unloading at dumper NorthPitMine-DumpSite1-点位0, dumper tons is 1586.4267089202797
2025-09-11 21:15:35,027 [DEBUG] Truck: Time:<215.22076640524398> Truck:[OfficalTruck1] Start moving to ORDER(2):NorthPitMine-LoadSite3, move distance is 2.98, speed: 25
2025-09-11 21:15:35,027 [INFO] Truck: Time:<209> Truck:[OfficalTruck1] breakdown for 11.617871153182193 minutes at 209
2025-09-11 21:15:35,027 [INFO] Truck: Time:<215.5287385828985> Truck:[CLTruck27] Arrived at NorthPitMine-LoadSite3 at 215.5287385828985
2025-09-11 21:15:35,033 [INFO] Truck: Time:<216.13798409140236> Truck:[CLTruck21] Finish unloading at dumper NorthPitMine-DumpSite1-点位1, dumper tons is 456.96224584549907
2025-09-11 21:15:35,034 [DEBUG] Truck: Time:<216.13798409140236> Truck:[CLTruck21] Start moving to ORDER(2):NorthPitMine-LoadSite3, move distance is 2.98, speed: 25
2025-09-11 21:15:35,035 [INFO] Truck: Time:<204> Truck:[CLTruck21] breakdown for 6.069479899741829 minutes at 204
2025-09-11 21:15:35,036 [DEBUG] Truck: Time:<217.37506596257023> Truck:[CLTruck14] Arrived at NorthPitMine-DumpSite1 at 217.37506596257023
2025-09-11 21:15:35,036 [INFO] Truck: Time:<217.76944568990365> Truck:[CLTruck4] Finish loading at shovel NorthPitMine-LoadSite5-Shovel-1
2025-09-11 21:15:35,036 [DEBUG] Truck: Time:<217.76944568990365> Truck:[CLTruck4] Start moving to ORDER(0): NorthPitMine-DumpSite1, move distance is 5.15, speed: 25
2025-09-11 21:15:35,036 [INFO] Truck: Time:<204> Truck:[CLTruck4] breakdown for 10.543340938252175 minutes at 204
2025-09-11 21:15:35,039 [DEBUG] Truck: Time:<217.99725015968255> Truck:[XHTruck7] Arrived at NorthPitMine-DumpSite1 at 217.99725015968255
2025-09-11 21:15:35,040 [DEBUG] Truck: Time:<218.21511804582505> Truck:[XHTruck31] Arrived at NorthPitMine-DumpSite2 at 218.21511804582505
2025-09-11 21:15:35,040 [DEBUG] Truck: Time:<218.21527221936526> Truck:[XHTruck5] Arrived at NorthPitMine-DumpSite5 at 218.21527221936526
2025-09-11 21:15:35,040 [DEBUG] Truck: Time:<218.25519300565819> Truck:[XHTruck11] Arrived at NorthPitMine-DumpSite1 at 218.25519300565819
2025-09-11 21:15:35,040 [INFO] Truck: Time:<218.37506596257023> Truck:[CLTruck14] Finish unloading at dumper NorthPitMine-DumpSite1-点位0, dumper tons is 1624.2974044616747
2025-09-11 21:15:35,041 [DEBUG] Truck: Time:<218.37506596257023> Truck:[CLTruck14] Start moving to ORDER(2):NorthPitMine-LoadSite3, move distance is 2.98, speed: 25
2025-09-11 21:15:35,041 [INFO] Truck: Time:<210> Truck:[CLTruck14] breakdown for 7.351792744179004 minutes at 210
2025-09-11 21:15:35,041 [DEBUG] Truck: Time:<218.7499463892679> Truck:[CLTruck15] Arrived at NorthPitMine-DumpSite1 at 218.7499463892679
2025-09-11 21:15:35,041 [INFO] Truck: Time:<218.99725015968255> Truck:[XHTruck7] Finish unloading at dumper NorthPitMine-DumpSite1-点位1, dumper tons is 506.74319066765247
2025-09-11 21:15:35,042 [DEBUG] Truck: Time:<218.99725015968255> Truck:[XHTruck7] Start moving to ORDER(2):NorthPitMine-LoadSite3, move distance is 2.98, speed: 25
2025-09-11 21:15:35,042 [INFO] Truck: Time:<213> Truck:[XHTruck7] breakdown for 12.92661340637579 minutes at 213
2025-09-11 21:15:35,044 [INFO] Truck: Time:<219.0367700094232> Truck:[OfficalTruck9] is facing 0 mins delay caused by 2 pre-existing jam events on Road from NorthPitMine-LoadSite5 to NorthPitMine-DumpSite1
2025-09-11 21:15:35,044 [INFO] Truck: Time:<219.21511804582505> Truck:[XHTruck31] Finish unloading at dumper NorthPitMine-DumpSite2-点位0, dumper tons is 2073.4516353892654
2025-09-11 21:15:35,045 [DEBUG] Truck: Time:<219.21511804582505> Truck:[XHTruck31] Start moving to ORDER(2):NorthPitMine-LoadSite3, move distance is 5.094576714206433, speed: 25
2025-09-11 21:15:35,045 [INFO] Truck: Time:<219.21527221936526> Truck:[XHTruck5] Finish unloading at dumper NorthPitMine-DumpSite5-点位0, dumper tons is 2463.043754824107
2025-09-11 21:15:35,046 [DEBUG] Truck: Time:<219.21527221936526> Truck:[XHTruck5] Start moving to ORDER(3):NorthPitMine-LoadSite4, move distance is 6.9352790631816985, speed: 25
2025-09-11 21:15:35,046 [INFO] Truck: Time:<214> Truck:[XHTruck5] breakdown for 6.352392682832987 minutes at 214
2025-09-11 21:15:35,046 [INFO] Truck: Time:<219.25519300565819> Truck:[XHTruck11] Finish unloading at dumper NorthPitMine-DumpSite1-点位2, dumper tons is 185.79437026124154
2025-09-11 21:15:35,046 [DEBUG] Truck: Time:<219.25519300565819> Truck:[XHTruck11] Start moving to ORDER(2):NorthPitMine-LoadSite3, move distance is 2.98, speed: 25
2025-09-11 21:15:35,046 [INFO] Truck: Time:<219.7499463892679> Truck:[CLTruck15] Finish unloading at dumper NorthPitMine-DumpSite1-点位0, dumper tons is 1662.7041653309134
2025-09-11 21:15:35,046 [DEBUG] Truck: Time:<219.7499463892679> Truck:[CLTruck15] Start moving to ORDER(2):NorthPitMine-LoadSite3, move distance is 2.98, speed: 25
2025-09-11 21:15:35,046 [INFO] Truck: Time:<212> Truck:[CLTruck15] breakdown for 9.566986947451438 minutes at 212
2025-09-11 21:15:35,050 [INFO] Truck: Time:<220.23281149691618> Shovel NorthPitMine-LoadSite4-Shovel-1 maintenance completed
2025-09-11 21:15:35,051 [DEBUG] Truck: Time:<220.23281149691618> Truck:[XHTruck12] Start moving to ORDER(1): NorthPitMine-DumpSite2, move distance is 1.17, speed: 25
2025-09-11 21:15:35,051 [INFO] Truck: Time:<218> Truck:[XHTruck12] breakdown for 7.019867378313119 minutes at 218
2025-09-11 21:15:35,051 [INFO] Truck: Time:<220.23281149691618> Truck:[XHTruck17] Start loading at shovel NorthPitMine-LoadSite4-Shovel-1, load time is 4.060039370078741
2025-09-11 21:15:35,051 [INFO] Truck: Time:<220.55491013825932> Truck:[CLTruck20] Arrived at NorthPitMine-LoadSite4 at 220.55491013825932
2025-09-11 21:15:35,052 [INFO] Truck: Time:<220.83741568609176> Truck:[XHTruck8] Arrived at NorthPitMine-LoadSite3 at 220.83741568609176
2025-09-11 21:15:35,054 [INFO] Truck: Time:<221.86844444444444> Truck:[XHTruck28] Finish loading at shovel NorthPitMine-LoadSite4-Shovel-4
2025-09-11 21:15:35,056 [INFO] Truck: Time:<221.86844444444444> Shovel NorthPitMine-LoadSite4-Shovel-4 under maintenance for 46.80 minutes
2025-09-11 21:15:35,056 [INFO] Truck: Time:<221.9964345493107> Truck:[OfficalTruck6] Arrived at NorthPitMine-LoadSite4 at 221.9964345493107
2025-09-11 21:15:35,058 [DEBUG] Truck: Time:<222.11328293539628> Truck:[XHTruck14] Arrived at NorthPitMine-DumpSite1 at 222.11328293539628
2025-09-11 21:15:35,058 [INFO] Truck: Time:<222.20746399114418> Truck:[CLTruck21] is facing 0.44423249297662015 mins delay caused by 1 pre-existing jam events on Road from NorthPitMine-DumpSite1 to NorthPitMine-LoadSite3
2025-09-11 21:15:35,058 [DEBUG] Truck: Time:<222.8450689329033> Truck:[CLTruck18] Arrived at NorthPitMine-DumpSite1 at 222.8450689329033
2025-09-11 21:15:35,060 [INFO] Truck: Time:<223.11328293539628> Truck:[XHTruck14] Finish unloading at dumper NorthPitMine-DumpSite1-点位0, dumper tons is 1719.210609640313
2025-09-11 21:15:35,061 [DEBUG] Truck: Time:<223.11328293539628> Truck:[XHTruck14] Start moving to ORDER(2):NorthPitMine-LoadSite3, move distance is 2.98, speed: 25
2025-09-11 21:15:35,061 [INFO] Truck: Time:<211> Truck:[XHTruck14] breakdown for 7.702698776553465 minutes at 211
2025-09-11 21:15:35,062 [INFO] Truck: Time:<223.5609937465481> Truck:[XHTruck19] Arrived at NorthPitMine-LoadSite4 at 223.5609937465481
2025-09-11 21:15:35,062 [INFO] Truck: Time:<223.8450689329033> Truck:[CLTruck18] Finish unloading at dumper NorthPitMine-DumpSite1-点位1, dumper tons is 539.5123545023927
2025-09-11 21:15:35,062 [DEBUG] Truck: Time:<223.8450689329033> Truck:[CLTruck18] Start moving to ORDER(2):NorthPitMine-LoadSite3, move distance is 2.98, speed: 25
2025-09-11 21:15:35,062 [INFO] Truck: Time:<216> Truck:[CLTruck18] breakdown for 12.075448212062025 minutes at 216
2025-09-11 21:15:35,066 [INFO] Truck: Time:<224.2928508669949> Truck:[XHTruck17] Finish loading at shovel NorthPitMine-LoadSite4-Shovel-1
2025-09-11 21:15:35,066 [DEBUG] Truck: Time:<224.2928508669949> Truck:[XHTruck17] Start moving to ORDER(1): NorthPitMine-DumpSite2, move distance is 1.17, speed: 25
2025-09-11 21:15:35,066 [INFO] Truck: Time:<215> Truck:[XHTruck17] breakdown for 10.379175096013519 minutes at 215
2025-09-11 21:15:35,066 [INFO] Truck: Time:<224.2928508669949> Truck:[CLTruck13] Start loading at shovel NorthPitMine-LoadSite4-Shovel-1, load time is 2.5836614173228347
2025-09-11 21:15:35,069 [INFO] Truck: Time:<225.28213189042705> Truck:[OfficalTruck2] Arrived at NorthPitMine-LoadSite3 at 225.28213189042705
2025-09-11 21:15:35,070 [INFO] Truck: Time:<225.3007917005937> Truck:[XHTruck13] Arrived at NorthPitMine-LoadSite3 at 225.3007917005937
2025-09-11 21:15:35,070 [INFO] Truck: Time:<225.31046827405385> Truck:[XHTruck15] Arrived at NorthPitMine-LoadSite4 at 225.31046827405385
2025-09-11 21:15:35,070 [INFO] Truck: Time:<225.56766490219826> Truck:[XHTruck5] is facing 0 mins delay caused by 4 pre-existing jam events on Road from NorthPitMine-DumpSite5 to NorthPitMine-LoadSite4
2025-09-11 21:15:35,070 [INFO] Truck: Time:<225.7121251612969> Truck:[XHTruck26] Arrived at NorthPitMine-LoadSite4 at 225.7121251612969
2025-09-11 21:15:35,070 [INFO] Truck: Time:<225.72685870674923> Truck:[CLTruck14] is facing 3.9472421855219118 mins delay caused by 1 pre-existing jam events on Road from NorthPitMine-DumpSite1 to NorthPitMine-LoadSite3
2025-09-11 21:15:35,072 [INFO] Truck: Time:<226.40719300565817> Truck:[XHTruck11] Arrived at NorthPitMine-LoadSite3 at 226.40719300565817
2025-09-11 21:15:35,074 [INFO] Truck: Time:<226.61575648582038> Truck:[CLTruck25] Arrived at NorthPitMine-LoadSite3 at 226.61575648582038
2025-09-11 21:15:35,074 [DEBUG] Truck: Time:<226.65680060803152> Truck:[CLTruck11] Arrived at NorthPitMine-DumpSite2 at 226.65680060803152
2025-09-11 21:15:35,074 [INFO] Truck: Time:<226.71772105134613> Truck:[OfficalTruck7] Arrived at NorthPitMine-LoadSite3 at 226.71772105134613
2025-09-11 21:15:35,074 [INFO] Truck: Time:<226.83863755842617> Truck:[OfficalTruck1] is facing 4.986748132873946 mins delay caused by 2 pre-existing jam events on Road from NorthPitMine-DumpSite1 to NorthPitMine-LoadSite3
2025-09-11 21:15:35,076 [INFO] Truck: Time:<226.87651228431776> Truck:[CLTruck13] Finish loading at shovel NorthPitMine-LoadSite4-Shovel-1
2025-09-11 21:15:35,076 [DEBUG] Truck: Time:<226.87651228431776> Truck:[CLTruck13] Start moving to ORDER(1): NorthPitMine-DumpSite2, move distance is 1.17, speed: 25
2025-09-11 21:15:35,076 [INFO] Truck: Time:<211> Truck:[CLTruck13] breakdown for 13.163630265244409 minutes at 211
2025-09-11 21:15:35,077 [INFO] Truck: Time:<226.87651228431776> Truck:[CLTruck9] Start loading at shovel NorthPitMine-LoadSite4-Shovel-1, load time is 2.5836614173228347
2025-09-11 21:15:35,079 [INFO] Truck: Time:<227.64622222222215> Truck:[CLTruck23] Finish loading at shovel NorthPitMine-LoadSite4-Shovel-5
2025-09-11 21:15:35,080 [DEBUG] Truck: Time:<227.64622222222215> Truck:[CLTruck23] Start moving to ORDER(1): NorthPitMine-DumpSite2, move distance is 1.17, speed: 25
2025-09-11 21:15:35,080 [INFO] Truck: Time:<214> Truck:[CLTruck23] breakdown for 16.247082494574922 minutes at 214
2025-09-11 21:15:35,080 [INFO] Truck: Time:<227.64622222222215> Truck:[CLTruck6] Start loading at shovel NorthPitMine-LoadSite4-Shovel-5, load time is 15.555555555555555
2025-09-11 21:15:35,080 [INFO] Truck: Time:<227.65680060803152> Truck:[CLTruck11] Finish unloading at dumper NorthPitMine-DumpSite2-点位0, dumper tons is 2107.1975797446066
2025-09-11 21:15:35,081 [DEBUG] Truck: Time:<227.65680060803152> Truck:[CLTruck11] Start moving to ORDER(2):NorthPitMine-LoadSite3, move distance is 4.58553184514641, speed: 25
2025-09-11 21:15:35,082 [INFO] Truck: Time:<228.31278662815583> Truck:[CLTruck4] is facing 0 mins delay caused by 1 pre-existing jam events on Road from NorthPitMine-LoadSite5 to NorthPitMine-DumpSite1
2025-09-11 21:15:35,082 [INFO] Truck: Time:<229.31693333671933> Truck:[CLTruck15] is facing 7.474978777231039 mins delay caused by 3 pre-existing jam events on Road from NorthPitMine-DumpSite1 to NorthPitMine-LoadSite3
2025-09-11 21:15:35,082 [INFO] Truck: Time:<229.4601737016406> Truck:[CLTruck9] Finish loading at shovel NorthPitMine-LoadSite4-Shovel-1
2025-09-11 21:15:35,082 [DEBUG] Truck: Time:<229.4601737016406> Truck:[CLTruck9] Start moving to ORDER(1): NorthPitMine-DumpSite2, move distance is 1.17, speed: 25
2025-09-11 21:15:35,082 [INFO] Truck: Time:<206> Truck:[CLTruck9] breakdown for 7.453860921700965 minutes at 206
2025-09-11 21:15:35,082 [INFO] Truck: Time:<229.4601737016406> Truck:[CLTruck20] Start loading at shovel NorthPitMine-LoadSite4-Shovel-1, load time is 2.5836614173228347
2025-09-11 21:15:35,082 [INFO] Truck: Time:<229.8036964841208> Truck:[CLTruck21] Arrived at NorthPitMine-LoadSite3 at 229.8036964841208
2025-09-11 21:15:35,087 [INFO] Truck: Time:<229.8684444444445> Truck:[XHTruck16] Finish loading at shovel NorthPitMine-LoadSite4-Shovel-2
2025-09-11 21:15:35,088 [DEBUG] Truck: Time:<229.8684444444445> Truck:[XHTruck16] Start moving to ORDER(1): NorthPitMine-DumpSite2, move distance is 1.17, speed: 25
2025-09-11 21:15:35,088 [INFO] Truck: Time:<211> Truck:[XHTruck16] breakdown for 11.012371036637637 minutes at 211
2025-09-11 21:15:35,088 [INFO] Truck: Time:<229.8684444444445> Truck:[CLTruck3] Start loading at shovel NorthPitMine-LoadSite4-Shovel-2, load time is 15.555555555555555
2025-09-11 21:15:35,090 [DEBUG] Truck: Time:<230.06067887522929> Truck:[XHTruck12] Arrived at NorthPitMine-DumpSite2 at 230.06067887522929
2025-09-11 21:15:35,090 [INFO] Truck: Time:<230.81598171194975> Truck:[XHTruck14] is facing 5.618762846448815 mins delay caused by 3 pre-existing jam events on Road from NorthPitMine-DumpSite1 to NorthPitMine-LoadSite3
2025-09-11 21:15:35,090 [INFO] Truck: Time:<231.06067887522929> Truck:[XHTruck12] Finish unloading at dumper NorthPitMine-DumpSite2-点位0, dumper tons is 2161.7774147827
2025-09-11 21:15:35,090 [DEBUG] Truck: Time:<231.06067887522929> Truck:[XHTruck12] Start moving to ORDER(2):NorthPitMine-LoadSite3, move distance is 5.16196113484273, speed: 25
2025-09-11 21:15:35,090 [INFO] Truck: Time:<230> Truck:[XHTruck12] breakdown for 17.896289524567855 minutes at 230
2025-09-11 21:15:35,090 [DEBUG] Truck: Time:<231.2532677269324> Truck:[OfficalTruck4] Arrived at NorthPitMine-DumpSite5 at 231.2532677269324
2025-09-11 21:15:35,094 [DEBUG] Truck: Time:<231.39677000942322> Truck:[OfficalTruck9] Arrived at NorthPitMine-DumpSite1 at 231.39677000942322
2025-09-11 21:15:35,094 [INFO] Truck: Time:<231.4421021599205> Truck:[XHTruck31] Arrived at NorthPitMine-LoadSite3 at 231.4421021599205
2025-09-11 21:15:35,094 [INFO] Truck: Time:<231.92386356605834> Truck:[XHTruck7] is facing 4.510880992340217 mins delay caused by 3 pre-existing jam events on Road from NorthPitMine-DumpSite1 to NorthPitMine-LoadSite3
2025-09-11 21:15:35,095 [INFO] Truck: Time:<232.04383511896344> Truck:[CLTruck20] Finish loading at shovel NorthPitMine-LoadSite4-Shovel-1
2025-09-11 21:15:35,096 [INFO] Truck: Time:<232.04383511896344> Shovel NorthPitMine-LoadSite4-Shovel-1 under maintenance for 39.26 minutes
2025-09-11 21:15:35,096 [INFO] Truck: Time:<232.2532677269324> Truck:[OfficalTruck4] Finish unloading at dumper NorthPitMine-DumpSite5-点位0, dumper tons is 2545.3864933359364
2025-09-11 21:15:35,096 [DEBUG] Truck: Time:<232.2532677269324> Truck:[OfficalTruck4] Start moving to ORDER(3):NorthPitMine-LoadSite4, move distance is 5.34, speed: 25
2025-09-11 21:15:35,097 [INFO] Truck: Time:<232.2532677269324> Truck:[OfficalTruck4] is facing 0 mins delay caused by 2 pre-existing jam events on Road from NorthPitMine-DumpSite5 to NorthPitMine-LoadSite4
2025-09-11 21:15:35,097 [INFO] Truck: Time:<232.39677000942322> Truck:[OfficalTruck9] Finish unloading at dumper NorthPitMine-DumpSite1-点位0, dumper tons is 1794.9446100103637
2025-09-11 21:15:35,097 [DEBUG] Truck: Time:<232.39677000942322> Truck:[OfficalTruck9] Start moving to ORDER(2):NorthPitMine-LoadSite3, move distance is 2.98, speed: 25
2025-09-11 21:15:35,097 [INFO] Truck: Time:<225> Truck:[OfficalTruck9] breakdown for 12.068653669929695 minutes at 225
2025-09-11 21:15:35,099 [INFO] Truck: Time:<233.45525315396227> Shovel NorthPitMine-LoadSite4-Shovel-3 maintenance completed
2025-09-11 21:15:35,100 [DEBUG] Truck: Time:<233.45525315396227> Truck:[XHTruck29] Start moving to ORDER(1): NorthPitMine-DumpSite2, move distance is 1.17, speed: 25
2025-09-11 21:15:35,100 [INFO] Truck: Time:<208> Truck:[XHTruck29] breakdown for 10.250316695882782 minutes at 208
2025-09-11 21:15:35,100 [INFO] Truck: Time:<233.45525315396227> Truck:[XHTruck32] Start loading at shovel NorthPitMine-LoadSite4-Shovel-3, load time is 24.444444444444443
2025-09-11 21:15:35,103 [INFO] Truck: Time:<235.92051714496532> Truck:[CLTruck18] is facing 0.514227413433245 mins delay caused by 1 pre-existing jam events on Road from NorthPitMine-DumpSite1 to NorthPitMine-LoadSite3
2025-09-11 21:15:35,105 [INFO] Truck: Time:<236.82610089227114> Truck:[CLTruck14] Arrived at NorthPitMine-LoadSite3 at 236.82610089227114
2025-09-11 21:15:35,108 [INFO] Truck: Time:<237.00650381245924> Truck:[CLTruck1] Arrived at NorthPitMine-LoadSite4 at 237.00650381245924
2025-09-11 21:15:35,108 [INFO] Truck: Time:<237.01393698656366> Truck:[CLTruck10] Arrived at NorthPitMine-LoadSite4 at 237.01393698656366
2025-09-11 21:15:35,108 [INFO] Truck: Time:<237.02639119863392> Truck:[CLTruck17] Arrived at NorthPitMine-LoadSite4 at 237.02639119863392
2025-09-11 21:15:35,108 [DEBUG] Truck: Time:<237.48002596300842> Truck:[XHTruck17] Arrived at NorthPitMine-DumpSite2 at 237.48002596300842
2025-09-11 21:15:35,110 [INFO] Truck: Time:<238.48002596300842> Truck:[XHTruck17] Finish unloading at dumper NorthPitMine-DumpSite2-点位0, dumper tons is 2218.9150581870704
2025-09-11 21:15:35,111 [DEBUG] Truck: Time:<238.48002596300842> Truck:[XHTruck17] Start moving to ORDER(2):NorthPitMine-LoadSite3, move distance is 4.651926271296422, speed: 25
2025-09-11 21:15:35,111 [INFO] Truck: Time:<238.6620770363829> Truck:[CLTruck11] Arrived at NorthPitMine-LoadSite3 at 238.6620770363829
2025-09-11 21:15:35,112 [INFO] Truck: Time:<238.97738569130013> Truck:[OfficalTruck1] Arrived at NorthPitMine-LoadSite3 at 238.97738569130013
2025-09-11 21:15:35,114 [INFO] Truck: Time:<239.5337391909262> Shovel NorthPitMine-LoadSite3-Shovel-1 maintenance completed
2025-09-11 21:15:35,115 [INFO] Road: [RoadEvent] Road from NorthPitMine-LoadSite3 to NorthPitMine-DumpSite5 is in repair，the repair will last for 46.82 mins, and will end at 286.35, vehicle on this road will have to suffer punish_distance.
2025-09-11 21:15:35,115 [DEBUG] Truck: Time:<239.5337391909262> Truck:[CLTruck19] Start moving to ORDER(4): NorthPitMine-DumpSite5, move distance is 2.6208506984579674, speed: 25
2025-09-11 21:15:35,116 [INFO] Truck: Time:<226> Truck:[CLTruck19] breakdown for 14.54836748432889 minutes at 226
2025-09-11 21:15:35,116 [INFO] Truck: Time:<239.5337391909262> Truck:[XHTruck23] Start loading at shovel NorthPitMine-LoadSite3-Shovel-1, load time is 4.060039370078741
2025-09-11 21:15:35,116 [DEBUG] Truck: Time:<239.72203462334156> Truck:[CLTruck9] Arrived at NorthPitMine-DumpSite2 at 239.72203462334156
2025-09-11 21:15:35,116 [INFO] NorthPitMine: simulation finished with dispatcher ShortestTripDispatcher
2025-09-11 21:15:35,828 [INFO] NorthPitMine: simulation started with dispatcher PPODispatcher
