2025-09-11 21:07:53,587 [INFO] NorthPitMine: simulation started with dispatcher ShortestTripDispatcher
2025-09-11 21:07:53,587 [INFO] Truck: Time:<0> Truck:[OfficalTruck1] Activated at 0, Target load site is ORDER(4):NorthPitMine-LoadSite5, move distance is 2.1
2025-09-11 21:07:53,587 [INFO] Truck: Time:<0> Truck:[OfficalTruck2] Activated at 0, Target load site is ORDER(4):NorthPitMine-LoadSite5, move distance is 2.1
2025-09-11 21:07:53,587 [INFO] Truck: Time:<0> Truck:[OfficalTruck3] Activated at 0, Target load site is ORDER(4):NorthPitMine-LoadSite5, move distance is 2.1
2025-09-11 21:07:53,587 [INFO] Truck: Time:<0> Truck:[OfficalTruck4] Activated at 0, Target load site is ORDER(4):NorthPitMine-LoadSite5, move distance is 2.1
2025-09-11 21:07:53,587 [INFO] Truck: Time:<0> Truck:[OfficalTruck5] Activated at 0, Target load site is ORDER(4):NorthPitMine-LoadSite5, move distance is 2.1
2025-09-11 21:07:53,587 [INFO] Truck: Time:<0> Truck:[OfficalTruck6] Activated at 0, Target load site is ORDER(4):NorthPitMine-LoadSite5, move distance is 2.1
2025-09-11 21:07:53,587 [INFO] Truck: Time:<0> Truck:[OfficalTruck7] Activated at 0, Target load site is ORDER(2):NorthPitMine-LoadSite3, move distance is 3.14
2025-09-11 21:07:53,587 [INFO] Truck: Time:<0> Truck:[OfficalTruck8] Activated at 0, Target load site is ORDER(2):NorthPitMine-LoadSite3, move distance is 3.14
2025-09-11 21:07:53,587 [INFO] Truck: Time:<0> Truck:[OfficalTruck9] Activated at 0, Target load site is ORDER(2):NorthPitMine-LoadSite3, move distance is 3.14
2025-09-11 21:07:53,587 [INFO] Truck: Time:<0> Truck:[CLTruck1] Activated at 0, Target load site is ORDER(3):NorthPitMine-LoadSite4, move distance is 2.26
2025-09-11 21:07:53,587 [INFO] Truck: Time:<0> Truck:[CLTruck2] Activated at 0, Target load site is ORDER(3):NorthPitMine-LoadSite4, move distance is 2.26
2025-09-11 21:07:53,587 [INFO] Truck: Time:<0> Truck:[CLTruck3] Activated at 0, Target load site is ORDER(3):NorthPitMine-LoadSite4, move distance is 2.26
2025-09-11 21:07:53,587 [INFO] Truck: Time:<0> Truck:[CLTruck4] Activated at 0, Target load site is ORDER(3):NorthPitMine-LoadSite4, move distance is 2.26
2025-09-11 21:07:53,587 [INFO] Truck: Time:<0> Truck:[CLTruck5] Activated at 0, Target load site is ORDER(3):NorthPitMine-LoadSite4, move distance is 2.26
2025-09-11 21:07:53,587 [INFO] Truck: Time:<0> Truck:[CLTruck6] Activated at 0, Target load site is ORDER(3):NorthPitMine-LoadSite4, move distance is 2.26
2025-09-11 21:07:53,587 [INFO] Truck: Time:<0> Truck:[CLTruck7] Activated at 0, Target load site is ORDER(3):NorthPitMine-LoadSite4, move distance is 2.26
2025-09-11 21:07:53,587 [INFO] Truck: Time:<0> Truck:[CLTruck8] Activated at 0, Target load site is ORDER(1):NorthPitMine-LoadSite2, move distance is 4.3
2025-09-11 21:07:53,587 [INFO] Truck: Time:<0> Truck:[CLTruck9] Activated at 0, Target load site is ORDER(1):NorthPitMine-LoadSite2, move distance is 4.3
2025-09-11 21:07:53,603 [INFO] Truck: Time:<0> Truck:[CLTruck10] Activated at 0, Target load site is ORDER(1):NorthPitMine-LoadSite2, move distance is 4.3
2025-09-11 21:07:53,604 [INFO] Truck: Time:<0> Truck:[CLTruck11] Activated at 0, Target load site is ORDER(1):NorthPitMine-LoadSite2, move distance is 4.3
2025-09-11 21:07:53,604 [INFO] Truck: Time:<0> Truck:[CLTruck12] Activated at 0, Target load site is ORDER(1):NorthPitMine-LoadSite2, move distance is 4.3
2025-09-11 21:07:53,605 [INFO] Truck: Time:<0> Truck:[CLTruck13] Activated at 0, Target load site is ORDER(1):NorthPitMine-LoadSite2, move distance is 4.3
2025-09-11 21:07:53,606 [INFO] Truck: Time:<0> Truck:[CLTruck14] Activated at 0, Target load site is ORDER(1):NorthPitMine-LoadSite2, move distance is 4.3
2025-09-11 21:07:53,607 [INFO] Truck: Time:<0> Truck:[CLTruck15] Activated at 0, Target load site is ORDER(2):NorthPitMine-LoadSite3, move distance is 3.14
2025-09-11 21:07:53,607 [INFO] Truck: Time:<0> Truck:[CLTruck16] Activated at 0, Target load site is ORDER(1):NorthPitMine-LoadSite2, move distance is 4.3
2025-09-11 21:07:53,609 [INFO] Truck: Time:<0> Truck:[CLTruck17] Activated at 0, Target load site is ORDER(3):NorthPitMine-LoadSite4, move distance is 2.26
2025-09-11 21:07:53,609 [INFO] Truck: Time:<0> Truck:[CLTruck18] Activated at 0, Target load site is ORDER(4):NorthPitMine-LoadSite5, move distance is 2.1
2025-09-11 21:07:53,610 [INFO] Truck: Time:<0> Truck:[CLTruck19] Activated at 0, Target load site is ORDER(1):NorthPitMine-LoadSite2, move distance is 4.3
2025-09-11 21:07:53,610 [INFO] Truck: Time:<0> Truck:[CLTruck20] Activated at 0, Target load site is ORDER(3):NorthPitMine-LoadSite4, move distance is 2.26
2025-09-11 21:07:53,611 [INFO] Truck: Time:<0> Truck:[CLTruck21] Activated at 0, Target load site is ORDER(2):NorthPitMine-LoadSite3, move distance is 3.14
2025-09-11 21:07:53,611 [INFO] Truck: Time:<0> Truck:[CLTruck22] Activated at 0, Target load site is ORDER(4):NorthPitMine-LoadSite5, move distance is 2.1
2025-09-11 21:07:53,614 [INFO] Truck: Time:<0> Truck:[CLTruck23] Activated at 0, Target load site is ORDER(1):NorthPitMine-LoadSite2, move distance is 4.3
2025-09-11 21:07:53,614 [INFO] Truck: Time:<0> Truck:[CLTruck24] Activated at 0, Target load site is ORDER(3):NorthPitMine-LoadSite4, move distance is 2.26
2025-09-11 21:07:53,614 [INFO] Truck: Time:<0> Truck:[CLTruck25] Activated at 0, Target load site is ORDER(4):NorthPitMine-LoadSite5, move distance is 2.1
2025-09-11 21:07:53,614 [INFO] Truck: Time:<0> Truck:[CLTruck26] Activated at 0, Target load site is ORDER(2):NorthPitMine-LoadSite3, move distance is 3.14
2025-09-11 21:07:53,614 [INFO] Truck: Time:<0> Truck:[CLTruck27] Activated at 0, Target load site is ORDER(0):LoadSite1, move distance is 3.0
2025-09-11 21:07:53,614 [INFO] Truck: Time:<0> Truck:[CLTruck28] Activated at 0, Target load site is ORDER(0):LoadSite1, move distance is 3.0
2025-09-11 21:07:53,618 [INFO] Truck: Time:<0> Truck:[CLTruck29] Activated at 0, Target load site is ORDER(0):LoadSite1, move distance is 3.0
2025-09-11 21:07:53,618 [INFO] Truck: Time:<0> Truck:[XHTruck1] Activated at 0, Target load site is ORDER(4):NorthPitMine-LoadSite5, move distance is 2.1
2025-09-11 21:07:53,618 [INFO] Truck: Time:<0> Truck:[XHTruck2] Activated at 0, Target load site is ORDER(4):NorthPitMine-LoadSite5, move distance is 2.1
2025-09-11 21:07:53,618 [INFO] Truck: Time:<0> Truck:[XHTruck3] Activated at 0, Target load site is ORDER(1):NorthPitMine-LoadSite2, move distance is 4.3
2025-09-11 21:07:53,618 [INFO] Truck: Time:<0> Truck:[XHTruck4] Activated at 0, Target load site is ORDER(3):NorthPitMine-LoadSite4, move distance is 2.26
2025-09-11 21:07:53,618 [INFO] Truck: Time:<0> Truck:[XHTruck5] Activated at 0, Target load site is ORDER(2):NorthPitMine-LoadSite3, move distance is 3.14
2025-09-11 21:07:53,618 [INFO] Truck: Time:<0> Truck:[XHTruck6] Activated at 0, Target load site is ORDER(4):NorthPitMine-LoadSite5, move distance is 2.1
2025-09-11 21:07:53,618 [INFO] Truck: Time:<0> Truck:[XHTruck7] Activated at 0, Target load site is ORDER(1):NorthPitMine-LoadSite2, move distance is 4.3
2025-09-11 21:07:53,618 [INFO] Truck: Time:<0> Truck:[XHTruck8] Activated at 0, Target load site is ORDER(3):NorthPitMine-LoadSite4, move distance is 2.26
2025-09-11 21:07:53,618 [INFO] Truck: Time:<0> Truck:[XHTruck9] Activated at 0, Target load site is ORDER(2):NorthPitMine-LoadSite3, move distance is 3.14
2025-09-11 21:07:53,618 [INFO] Truck: Time:<0> Truck:[XHTruck10] Activated at 0, Target load site is ORDER(4):NorthPitMine-LoadSite5, move distance is 2.1
2025-09-11 21:07:53,618 [INFO] Truck: Time:<0> Truck:[XHTruck11] Activated at 0, Target load site is ORDER(1):NorthPitMine-LoadSite2, move distance is 4.3
2025-09-11 21:07:53,618 [INFO] Truck: Time:<0> Truck:[XHTruck12] Activated at 0, Target load site is ORDER(3):NorthPitMine-LoadSite4, move distance is 2.26
2025-09-11 21:07:53,618 [INFO] Truck: Time:<0> Truck:[XHTruck13] Activated at 0, Target load site is ORDER(4):NorthPitMine-LoadSite5, move distance is 2.1
2025-09-11 21:07:53,618 [INFO] Truck: Time:<0> Truck:[XHTruck14] Activated at 0, Target load site is ORDER(0):LoadSite1, move distance is 3.0
2025-09-11 21:07:53,618 [INFO] Truck: Time:<0> Truck:[XHTruck15] Activated at 0, Target load site is ORDER(2):NorthPitMine-LoadSite3, move distance is 3.14
2025-09-11 21:07:53,618 [INFO] Truck: Time:<0> Truck:[XHTruck16] Activated at 0, Target load site is ORDER(1):NorthPitMine-LoadSite2, move distance is 4.3
2025-09-11 21:07:53,618 [INFO] Truck: Time:<0> Truck:[XHTruck17] Activated at 0, Target load site is ORDER(3):NorthPitMine-LoadSite4, move distance is 2.26
2025-09-11 21:07:53,618 [INFO] Truck: Time:<0> Truck:[XHTruck18] Activated at 0, Target load site is ORDER(4):NorthPitMine-LoadSite5, move distance is 2.1
2025-09-11 21:07:53,618 [INFO] Truck: Time:<0> Truck:[XHTruck19] Activated at 0, Target load site is ORDER(2):NorthPitMine-LoadSite3, move distance is 3.14
2025-09-11 21:07:53,618 [INFO] Truck: Time:<0> Truck:[XHTruck20] Activated at 0, Target load site is ORDER(4):NorthPitMine-LoadSite5, move distance is 2.1
2025-09-11 21:07:53,634 [INFO] Truck: Time:<0> Truck:[XHTruck21] Activated at 0, Target load site is ORDER(1):NorthPitMine-LoadSite2, move distance is 4.3
2025-09-11 21:07:53,634 [INFO] Truck: Time:<0> Truck:[XHTruck22] Activated at 0, Target load site is ORDER(3):NorthPitMine-LoadSite4, move distance is 2.26
2025-09-11 21:07:53,634 [INFO] Truck: Time:<0> Truck:[XHTruck23] Activated at 0, Target load site is ORDER(0):LoadSite1, move distance is 3.0
2025-09-11 21:07:53,634 [INFO] Truck: Time:<0> Truck:[XHTruck24] Activated at 0, Target load site is ORDER(4):NorthPitMine-LoadSite5, move distance is 2.1
2025-09-11 21:07:53,634 [INFO] Truck: Time:<0> Truck:[XHTruck25] Activated at 0, Target load site is ORDER(1):NorthPitMine-LoadSite2, move distance is 4.3
2025-09-11 21:07:53,634 [INFO] Truck: Time:<0> Truck:[XHTruck26] Activated at 0, Target load site is ORDER(3):NorthPitMine-LoadSite4, move distance is 2.26
2025-09-11 21:07:53,634 [INFO] Truck: Time:<0> Truck:[XHTruck27] Activated at 0, Target load site is ORDER(2):NorthPitMine-LoadSite3, move distance is 3.14
2025-09-11 21:07:53,634 [INFO] Truck: Time:<0> Truck:[XHTruck28] Activated at 0, Target load site is ORDER(4):NorthPitMine-LoadSite5, move distance is 2.1
2025-09-11 21:07:53,634 [INFO] Truck: Time:<0> Truck:[XHTruck29] Activated at 0, Target load site is ORDER(1):NorthPitMine-LoadSite2, move distance is 4.3
2025-09-11 21:07:53,634 [INFO] Truck: Time:<0> Truck:[XHTruck30] Activated at 0, Target load site is ORDER(3):NorthPitMine-LoadSite4, move distance is 2.26
2025-09-11 21:07:53,634 [INFO] Truck: Time:<0> Truck:[XHTruck31] Activated at 0, Target load site is ORDER(2):NorthPitMine-LoadSite3, move distance is 3.14
2025-09-11 21:07:53,634 [INFO] Truck: Time:<0> Truck:[XHTruck32] Activated at 0, Target load site is ORDER(4):NorthPitMine-LoadSite5, move distance is 2.1
2025-09-11 21:07:53,634 [INFO] Truck: Time:<0> Truck:[XHTruck33] Activated at 0, Target load site is ORDER(0):LoadSite1, move distance is 3.0
2025-09-11 21:07:53,653 [INFO] Truck: Time:<5.04> Truck:[OfficalTruck1] Arrived at NorthPitMine-LoadSite5 at 5.04
2025-09-11 21:07:53,653 [INFO] Truck: Time:<5.04> Truck:[OfficalTruck2] Arrived at NorthPitMine-LoadSite5 at 5.04
2025-09-11 21:07:53,653 [INFO] Truck: Time:<5.04> Truck:[OfficalTruck3] Arrived at NorthPitMine-LoadSite5 at 5.04
2025-09-11 21:07:53,653 [INFO] Truck: Time:<5.04> Truck:[OfficalTruck4] Arrived at NorthPitMine-LoadSite5 at 5.04
2025-09-11 21:07:53,653 [INFO] Truck: Time:<5.04> Truck:[OfficalTruck5] Arrived at NorthPitMine-LoadSite5 at 5.04
2025-09-11 21:07:53,653 [INFO] Truck: Time:<5.04> Truck:[OfficalTruck6] Arrived at NorthPitMine-LoadSite5 at 5.04
2025-09-11 21:07:53,653 [INFO] Truck: Time:<5.04> Truck:[CLTruck18] Arrived at NorthPitMine-LoadSite5 at 5.04
2025-09-11 21:07:53,653 [INFO] Truck: Time:<5.04> Truck:[CLTruck22] Arrived at NorthPitMine-LoadSite5 at 5.04
2025-09-11 21:07:53,653 [INFO] Truck: Time:<5.04> Truck:[CLTruck25] Arrived at NorthPitMine-LoadSite5 at 5.04
2025-09-11 21:07:53,653 [INFO] Truck: Time:<5.04> Truck:[XHTruck1] Arrived at NorthPitMine-LoadSite5 at 5.04
2025-09-11 21:07:53,666 [INFO] Truck: Time:<5.04> Truck:[XHTruck2] Arrived at NorthPitMine-LoadSite5 at 5.04
2025-09-11 21:07:53,666 [INFO] Truck: Time:<5.04> Truck:[XHTruck6] Arrived at NorthPitMine-LoadSite5 at 5.04
2025-09-11 21:07:53,666 [INFO] Truck: Time:<5.04> Truck:[XHTruck10] Arrived at NorthPitMine-LoadSite5 at 5.04
2025-09-11 21:07:53,666 [INFO] Truck: Time:<5.04> Truck:[XHTruck13] Arrived at NorthPitMine-LoadSite5 at 5.04
2025-09-11 21:07:53,666 [INFO] Truck: Time:<5.04> Truck:[XHTruck18] Arrived at NorthPitMine-LoadSite5 at 5.04
2025-09-11 21:07:53,666 [INFO] Truck: Time:<5.04> Truck:[XHTruck20] Arrived at NorthPitMine-LoadSite5 at 5.04
2025-09-11 21:07:53,666 [INFO] Truck: Time:<5.04> Truck:[XHTruck24] Arrived at NorthPitMine-LoadSite5 at 5.04
2025-09-11 21:07:53,666 [INFO] Truck: Time:<5.04> Truck:[XHTruck28] Arrived at NorthPitMine-LoadSite5 at 5.04
2025-09-11 21:07:53,666 [INFO] Truck: Time:<5.04> Truck:[XHTruck32] Arrived at NorthPitMine-LoadSite5 at 5.04
2025-09-11 21:07:53,666 [INFO] Truck: Time:<5.04> Truck:[OfficalTruck1] Start loading at shovel NorthPitMine-LoadSite5-Shovel-1, load time is 5.684055118110236
2025-09-11 21:07:53,666 [INFO] Truck: Time:<5.04> Truck:[OfficalTruck2] Start loading at shovel NorthPitMine-LoadSite5-Shovel-2, load time is 5.684055118110236
2025-09-11 21:07:53,666 [INFO] Truck: Time:<5.4239999999999995> Truck:[CLTruck1] Arrived at NorthPitMine-LoadSite4 at 5.4239999999999995
2025-09-11 21:07:53,666 [INFO] Truck: Time:<5.4239999999999995> Truck:[CLTruck2] Arrived at NorthPitMine-LoadSite4 at 5.4239999999999995
2025-09-11 21:07:53,666 [INFO] Truck: Time:<5.4239999999999995> Truck:[CLTruck3] Arrived at NorthPitMine-LoadSite4 at 5.4239999999999995
2025-09-11 21:07:53,666 [INFO] Truck: Time:<5.4239999999999995> Truck:[CLTruck4] Arrived at NorthPitMine-LoadSite4 at 5.4239999999999995
2025-09-11 21:07:53,666 [INFO] Truck: Time:<5.4239999999999995> Truck:[CLTruck5] Arrived at NorthPitMine-LoadSite4 at 5.4239999999999995
2025-09-11 21:07:53,666 [INFO] Truck: Time:<5.4239999999999995> Truck:[CLTruck6] Arrived at NorthPitMine-LoadSite4 at 5.4239999999999995
2025-09-11 21:07:53,666 [INFO] Truck: Time:<5.4239999999999995> Truck:[CLTruck7] Arrived at NorthPitMine-LoadSite4 at 5.4239999999999995
2025-09-11 21:07:53,666 [INFO] Truck: Time:<5.4239999999999995> Truck:[CLTruck17] Arrived at NorthPitMine-LoadSite4 at 5.4239999999999995
2025-09-11 21:07:53,666 [INFO] Truck: Time:<5.4239999999999995> Truck:[CLTruck20] Arrived at NorthPitMine-LoadSite4 at 5.4239999999999995
2025-09-11 21:07:53,666 [INFO] Truck: Time:<5.4239999999999995> Truck:[CLTruck24] Arrived at NorthPitMine-LoadSite4 at 5.4239999999999995
2025-09-11 21:07:53,666 [INFO] Truck: Time:<5.4239999999999995> Truck:[XHTruck4] Arrived at NorthPitMine-LoadSite4 at 5.4239999999999995
2025-09-11 21:07:53,666 [INFO] Truck: Time:<5.4239999999999995> Truck:[XHTruck8] Arrived at NorthPitMine-LoadSite4 at 5.4239999999999995
2025-09-11 21:07:53,666 [INFO] Truck: Time:<5.4239999999999995> Truck:[XHTruck12] Arrived at NorthPitMine-LoadSite4 at 5.4239999999999995
2025-09-11 21:07:53,666 [INFO] Truck: Time:<5.4239999999999995> Truck:[XHTruck17] Arrived at NorthPitMine-LoadSite4 at 5.4239999999999995
2025-09-11 21:07:53,666 [INFO] Truck: Time:<5.4239999999999995> Truck:[XHTruck22] Arrived at NorthPitMine-LoadSite4 at 5.4239999999999995
2025-09-11 21:07:53,666 [INFO] Truck: Time:<5.4239999999999995> Truck:[XHTruck26] Arrived at NorthPitMine-LoadSite4 at 5.4239999999999995
2025-09-11 21:07:53,666 [INFO] Truck: Time:<5.4239999999999995> Truck:[XHTruck30] Arrived at NorthPitMine-LoadSite4 at 5.4239999999999995
2025-09-11 21:07:53,681 [INFO] Truck: Time:<5.4239999999999995> Truck:[CLTruck1] Start loading at shovel NorthPitMine-LoadSite4-Shovel-1, load time is 2.5836614173228347
2025-09-11 21:07:53,681 [INFO] Truck: Time:<5.4239999999999995> Truck:[CLTruck2] Start loading at shovel NorthPitMine-LoadSite4-Shovel-2, load time is 15.555555555555555
2025-09-11 21:07:53,681 [INFO] Truck: Time:<5.4239999999999995> Truck:[CLTruck3] Start loading at shovel NorthPitMine-LoadSite4-Shovel-3, load time is 15.555555555555555
2025-09-11 21:07:53,681 [INFO] Truck: Time:<5.4239999999999995> Truck:[CLTruck4] Start loading at shovel NorthPitMine-LoadSite4-Shovel-4, load time is 15.555555555555555
2025-09-11 21:07:53,681 [INFO] Truck: Time:<5.4239999999999995> Truck:[CLTruck5] Start loading at shovel NorthPitMine-LoadSite4-Shovel-5, load time is 15.555555555555555
2025-09-11 21:07:53,681 [INFO] Truck: Time:<7.199999999999999> Truck:[CLTruck27] Arrived at LoadSite1 at 7.199999999999999
2025-09-11 21:07:53,681 [INFO] Truck: Time:<7.199999999999999> Truck:[CLTruck28] Arrived at LoadSite1 at 7.199999999999999
2025-09-11 21:07:53,681 [INFO] Truck: Time:<7.199999999999999> Truck:[CLTruck29] Arrived at LoadSite1 at 7.199999999999999
2025-09-11 21:07:53,681 [INFO] Truck: Time:<7.199999999999999> Truck:[XHTruck14] Arrived at LoadSite1 at 7.199999999999999
2025-09-11 21:07:53,681 [INFO] Truck: Time:<7.199999999999999> Truck:[XHTruck23] Arrived at LoadSite1 at 7.199999999999999
2025-09-11 21:07:53,681 [INFO] Truck: Time:<7.199999999999999> Truck:[XHTruck33] Arrived at LoadSite1 at 7.199999999999999
2025-09-11 21:07:53,681 [INFO] Truck: Time:<7.199999999999999> Truck:[CLTruck27] Start loading at shovel LoadSite1-Shovel-1, load time is 15.555555555555555
2025-09-11 21:07:53,681 [INFO] Truck: Time:<7.199999999999999> Truck:[CLTruck28] Start loading at shovel LoadSite1-Shovel-2, load time is 15.555555555555555
2025-09-11 21:07:53,681 [INFO] Truck: Time:<7.199999999999999> Truck:[CLTruck29] Start loading at shovel LoadSite1-Shovel-3, load time is 15.555555555555555
2025-09-11 21:07:53,681 [INFO] Truck: Time:<7.199999999999999> Truck:[XHTruck14] Start loading at shovel LoadSite1-Shovel-4, load time is 24.444444444444443
2025-09-11 21:07:53,681 [INFO] Truck: Time:<7.199999999999999> Truck:[XHTruck23] Start loading at shovel LoadSite1-Shovel-5, load time is 24.444444444444443
2025-09-11 21:07:53,681 [INFO] Truck: Time:<7.536000000000001> Truck:[OfficalTruck7] Arrived at NorthPitMine-LoadSite3 at 7.536000000000001
2025-09-11 21:07:53,681 [INFO] Truck: Time:<7.536000000000001> Truck:[OfficalTruck8] Arrived at NorthPitMine-LoadSite3 at 7.536000000000001
2025-09-11 21:07:53,697 [INFO] Truck: Time:<7.536000000000001> Truck:[OfficalTruck9] Arrived at NorthPitMine-LoadSite3 at 7.536000000000001
2025-09-11 21:07:53,697 [INFO] Truck: Time:<7.536000000000001> Truck:[CLTruck15] Arrived at NorthPitMine-LoadSite3 at 7.536000000000001
2025-09-11 21:07:53,697 [INFO] Truck: Time:<7.536000000000001> Truck:[CLTruck21] Arrived at NorthPitMine-LoadSite3 at 7.536000000000001
2025-09-11 21:07:53,697 [INFO] Truck: Time:<7.536000000000001> Truck:[CLTruck26] Arrived at NorthPitMine-LoadSite3 at 7.536000000000001
2025-09-11 21:07:53,697 [INFO] Truck: Time:<7.536000000000001> Truck:[XHTruck5] Arrived at NorthPitMine-LoadSite3 at 7.536000000000001
2025-09-11 21:07:53,697 [INFO] Truck: Time:<7.536000000000001> Truck:[XHTruck9] Arrived at NorthPitMine-LoadSite3 at 7.536000000000001
2025-09-11 21:07:53,697 [INFO] Truck: Time:<7.536000000000001> Truck:[XHTruck15] Arrived at NorthPitMine-LoadSite3 at 7.536000000000001
2025-09-11 21:07:53,697 [INFO] Truck: Time:<7.536000000000001> Truck:[XHTruck19] Arrived at NorthPitMine-LoadSite3 at 7.536000000000001
2025-09-11 21:07:53,697 [INFO] Truck: Time:<7.536000000000001> Truck:[XHTruck27] Arrived at NorthPitMine-LoadSite3 at 7.536000000000001
2025-09-11 21:07:53,697 [INFO] Truck: Time:<7.536000000000001> Truck:[XHTruck31] Arrived at NorthPitMine-LoadSite3 at 7.536000000000001
2025-09-11 21:07:53,697 [INFO] Truck: Time:<7.536000000000001> Truck:[OfficalTruck7] Start loading at shovel NorthPitMine-LoadSite3-Shovel-1, load time is 5.684055118110236
2025-09-11 21:07:53,697 [INFO] Truck: Time:<7.536000000000001> Truck:[OfficalTruck8] Start loading at shovel NorthPitMine-LoadSite3-Shovel-2, load time is 34.22222222222222
2025-09-11 21:07:53,697 [INFO] Truck: Time:<7.536000000000001> Truck:[OfficalTruck9] Start loading at shovel NorthPitMine-LoadSite3-Shovel-3, load time is 34.22222222222222
2025-09-11 21:07:53,706 [INFO] Truck: Time:<8.007661417322835> Truck:[CLTruck1] Finish loading at shovel NorthPitMine-LoadSite4-Shovel-1
2025-09-11 21:07:53,706 [DEBUG] Truck: Time:<8.007661417322835> Truck:[CLTruck1] Start moving to ORDER(1): NorthPitMine-DumpSite2, move distance is 1.17, speed: 25
2025-09-11 21:07:53,706 [INFO] Truck: Time:<8.007661417322835> Truck:[CLTruck6] Start loading at shovel NorthPitMine-LoadSite4-Shovel-1, load time is 2.5836614173228347
2025-09-11 21:07:53,713 [INFO] Truck: Time:<10.319999999999999> Truck:[CLTruck8] Arrived at NorthPitMine-LoadSite2 at 10.319999999999999
2025-09-11 21:07:53,713 [INFO] Truck: Time:<10.319999999999999> Truck:[CLTruck9] Arrived at NorthPitMine-LoadSite2 at 10.319999999999999
2025-09-11 21:07:53,713 [INFO] Truck: Time:<10.319999999999999> Truck:[CLTruck10] Arrived at NorthPitMine-LoadSite2 at 10.319999999999999
2025-09-11 21:07:53,713 [INFO] Truck: Time:<10.319999999999999> Truck:[CLTruck11] Arrived at NorthPitMine-LoadSite2 at 10.319999999999999
2025-09-11 21:07:53,713 [INFO] Truck: Time:<10.319999999999999> Truck:[CLTruck12] Arrived at NorthPitMine-LoadSite2 at 10.319999999999999
2025-09-11 21:07:53,713 [INFO] Truck: Time:<10.319999999999999> Truck:[CLTruck13] Arrived at NorthPitMine-LoadSite2 at 10.319999999999999
2025-09-11 21:07:53,713 [INFO] Truck: Time:<10.319999999999999> Truck:[CLTruck14] Arrived at NorthPitMine-LoadSite2 at 10.319999999999999
2025-09-11 21:07:53,713 [INFO] Truck: Time:<10.319999999999999> Truck:[CLTruck16] Arrived at NorthPitMine-LoadSite2 at 10.319999999999999
2025-09-11 21:07:53,713 [INFO] Truck: Time:<10.319999999999999> Truck:[CLTruck19] Arrived at NorthPitMine-LoadSite2 at 10.319999999999999
2025-09-11 21:07:53,713 [INFO] Truck: Time:<10.319999999999999> Truck:[CLTruck23] Arrived at NorthPitMine-LoadSite2 at 10.319999999999999
2025-09-11 21:07:53,727 [INFO] Truck: Time:<10.319999999999999> Truck:[XHTruck3] Arrived at NorthPitMine-LoadSite2 at 10.319999999999999
2025-09-11 21:07:53,728 [INFO] Truck: Time:<10.319999999999999> Truck:[XHTruck7] Arrived at NorthPitMine-LoadSite2 at 10.319999999999999
2025-09-11 21:07:53,728 [INFO] Truck: Time:<10.319999999999999> Truck:[XHTruck11] Arrived at NorthPitMine-LoadSite2 at 10.319999999999999
2025-09-11 21:07:53,728 [INFO] Truck: Time:<10.319999999999999> Truck:[XHTruck16] Arrived at NorthPitMine-LoadSite2 at 10.319999999999999
2025-09-11 21:07:53,728 [INFO] Truck: Time:<10.319999999999999> Truck:[XHTruck21] Arrived at NorthPitMine-LoadSite2 at 10.319999999999999
2025-09-11 21:07:53,728 [INFO] Truck: Time:<10.319999999999999> Truck:[XHTruck25] Arrived at NorthPitMine-LoadSite2 at 10.319999999999999
2025-09-11 21:07:53,728 [INFO] Truck: Time:<10.319999999999999> Truck:[XHTruck29] Arrived at NorthPitMine-LoadSite2 at 10.319999999999999
2025-09-11 21:07:53,728 [INFO] Truck: Time:<10.319999999999999> Truck:[CLTruck8] Start loading at shovel NorthPitMine-LoadSite2-Shovel-1, load time is 2.5836614173228347
2025-09-11 21:07:53,728 [INFO] Truck: Time:<10.319999999999999> Truck:[CLTruck9] Start loading at shovel NorthPitMine-LoadSite2-Shovel-2, load time is 15.555555555555555
2025-09-11 21:07:53,728 [INFO] Truck: Time:<10.319999999999999> Truck:[CLTruck10] Start loading at shovel NorthPitMine-LoadSite2-Shovel-3, load time is 15.555555555555555
2025-09-11 21:07:53,728 [INFO] Truck: Time:<10.319999999999999> Truck:[CLTruck11] Start loading at shovel NorthPitMine-LoadSite2-Shovel-4, load time is 15.555555555555555
2025-09-11 21:07:53,728 [INFO] Truck: Time:<10.319999999999999> Truck:[CLTruck12] Start loading at shovel NorthPitMine-LoadSite2-Shovel-5, load time is 15.555555555555555
2025-09-11 21:07:53,728 [INFO] Truck: Time:<10.59132283464567> Truck:[CLTruck6] Finish loading at shovel NorthPitMine-LoadSite4-Shovel-1
2025-09-11 21:07:53,728 [DEBUG] Truck: Time:<10.59132283464567> Truck:[CLTruck6] Start moving to ORDER(1): NorthPitMine-DumpSite2, move distance is 1.17, speed: 25
2025-09-11 21:07:53,728 [INFO] Truck: Time:<10.59132283464567> Truck:[XHTruck4] Start loading at shovel NorthPitMine-LoadSite4-Shovel-1, load time is 4.060039370078741
2025-09-11 21:07:53,728 [INFO] Truck: Time:<10.724055118110236> Truck:[OfficalTruck1] Finish loading at shovel NorthPitMine-LoadSite5-Shovel-1
2025-09-11 21:07:53,728 [INFO] Truck: Time:<10.724055118110236> Truck:[OfficalTruck2] Finish loading at shovel NorthPitMine-LoadSite5-Shovel-2
2025-09-11 21:07:53,728 [DEBUG] Truck: Time:<10.724055118110236> Truck:[OfficalTruck1] Start moving to ORDER(0): NorthPitMine-DumpSite1, move distance is 5.15, speed: 25
2025-09-11 21:07:53,728 [DEBUG] Truck: Time:<10.724055118110236> Truck:[OfficalTruck2] Start moving to ORDER(0): NorthPitMine-DumpSite1, move distance is 5.15, speed: 25
2025-09-11 21:07:53,728 [INFO] Truck: Time:<10.724055118110236> Truck:[OfficalTruck3] Start loading at shovel NorthPitMine-LoadSite5-Shovel-1, load time is 5.684055118110236
2025-09-11 21:07:53,728 [INFO] Truck: Time:<10.724055118110236> Truck:[OfficalTruck4] Start loading at shovel NorthPitMine-LoadSite5-Shovel-2, load time is 5.684055118110236
2025-09-11 21:07:53,728 [DEBUG] Truck: Time:<10.815661417322834> Truck:[CLTruck1] Arrived at NorthPitMine-DumpSite2 at 10.815661417322834
2025-09-11 21:07:53,728 [INFO] Truck: Time:<11.815661417322834> Truck:[CLTruck1] Finish unloading at dumper NorthPitMine-DumpSite2-点位0, dumper tons is 37.524583815010075
2025-09-11 21:07:53,728 [DEBUG] Truck: Time:<11.815661417322834> Truck:[CLTruck1] Start moving to ORDER(2):NorthPitMine-LoadSite3, move distance is 3.41, speed: 25
2025-09-11 21:07:53,728 [INFO] Truck: Time:<12.903661417322834> Truck:[CLTruck8] Finish loading at shovel NorthPitMine-LoadSite2-Shovel-1
2025-09-11 21:07:53,728 [DEBUG] Truck: Time:<12.903661417322834> Truck:[CLTruck8] Start moving to ORDER(4): NorthPitMine-DumpSite5, move distance is 3.18, speed: 25
2025-09-11 21:07:53,728 [INFO] Truck: Time:<12.903661417322834> Truck:[CLTruck13] Start loading at shovel NorthPitMine-LoadSite2-Shovel-1, load time is 2.5836614173228347
2025-09-11 21:07:53,744 [INFO] Truck: Time:<13.220055118110238> Truck:[OfficalTruck7] Finish loading at shovel NorthPitMine-LoadSite3-Shovel-1
2025-09-11 21:07:53,744 [DEBUG] Truck: Time:<13.220055118110238> Truck:[OfficalTruck7] Start moving to ORDER(4): NorthPitMine-DumpSite5, move distance is 1.86, speed: 25
2025-09-11 21:07:53,744 [INFO] Truck: Time:<13.220055118110238> Truck:[CLTruck15] Start loading at shovel NorthPitMine-LoadSite3-Shovel-1, load time is 2.5836614173228347
2025-09-11 21:07:53,744 [DEBUG] Truck: Time:<13.39932283464567> Truck:[CLTruck6] Arrived at NorthPitMine-DumpSite2 at 13.39932283464567
2025-09-11 21:07:53,744 [INFO] Truck: Time:<14.39932283464567> Truck:[CLTruck6] Finish unloading at dumper NorthPitMine-DumpSite2-点位0, dumper tons is 73.56888402813667
2025-09-11 21:07:53,744 [INFO] Road: [RoadEvent] Road from NorthPitMine-DumpSite2 to NorthPitMine-LoadSite3 is in repair，the repair will last for 39.67 mins, and will end at 54.07, vehicle on this road will have to suffer punish_distance.
2025-09-11 21:07:53,744 [DEBUG] Truck: Time:<14.39932283464567> Truck:[CLTruck6] Start moving to ORDER(2):NorthPitMine-LoadSite3, move distance is 4.989596619975862, speed: 25
2025-09-11 21:07:53,744 [INFO] Truck: Time:<14.65136220472441> Truck:[XHTruck4] Finish loading at shovel NorthPitMine-LoadSite4-Shovel-1
2025-09-11 21:07:53,753 [DEBUG] Truck: Time:<14.65136220472441> Truck:[XHTruck4] Start moving to ORDER(1): NorthPitMine-DumpSite2, move distance is 1.17, speed: 25
2025-09-11 21:07:53,753 [INFO] Truck: Time:<14.65136220472441> Truck:[XHTruck26] Start loading at shovel NorthPitMine-LoadSite4-Shovel-1, load time is 4.060039370078741
2025-09-11 21:07:53,753 [INFO] Truck: Time:<15.487322834645669> Truck:[CLTruck13] Finish loading at shovel NorthPitMine-LoadSite2-Shovel-1
2025-09-11 21:07:53,753 [DEBUG] Truck: Time:<15.487322834645669> Truck:[CLTruck13] Start moving to ORDER(4): NorthPitMine-DumpSite5, move distance is 3.18, speed: 25
2025-09-11 21:07:53,753 [INFO] Truck: Time:<15.487322834645669> Truck:[XHTruck3] Start loading at shovel NorthPitMine-LoadSite2-Shovel-1, load time is 4.060039370078741
2025-09-11 21:07:53,753 [INFO] Truck: Time:<15.803716535433074> Truck:[CLTruck15] Finish loading at shovel NorthPitMine-LoadSite3-Shovel-1
2025-09-11 21:07:53,753 [DEBUG] Truck: Time:<15.803716535433074> Truck:[CLTruck15] Start moving to ORDER(4): NorthPitMine-DumpSite5, move distance is 1.86, speed: 25
2025-09-11 21:07:53,753 [INFO] Truck: Time:<15.803716535433074> Truck:[XHTruck5] Start loading at shovel NorthPitMine-LoadSite3-Shovel-1, load time is 4.060039370078741
2025-09-11 21:07:53,753 [INFO] Truck: Time:<16.408110236220473> Truck:[OfficalTruck3] Finish loading at shovel NorthPitMine-LoadSite5-Shovel-1
2025-09-11 21:07:53,753 [INFO] Truck: Time:<16.408110236220473> Truck:[OfficalTruck4] Finish loading at shovel NorthPitMine-LoadSite5-Shovel-2
2025-09-11 21:07:53,760 [DEBUG] Truck: Time:<16.408110236220473> Truck:[OfficalTruck3] Start moving to ORDER(0): NorthPitMine-DumpSite1, move distance is 5.15, speed: 25
2025-09-11 21:07:53,760 [DEBUG] Truck: Time:<16.408110236220473> Truck:[OfficalTruck4] Start moving to ORDER(0): NorthPitMine-DumpSite1, move distance is 5.15, speed: 25
2025-09-11 21:07:53,760 [INFO] Truck: Time:<16> Truck:[OfficalTruck4] breakdown for 10.24241367429909 minutes at 16
2025-09-11 21:07:53,760 [INFO] Truck: Time:<16.408110236220473> Truck:[OfficalTruck5] Start loading at shovel NorthPitMine-LoadSite5-Shovel-1, load time is 5.684055118110236
2025-09-11 21:07:53,760 [INFO] Truck: Time:<16.408110236220473> Truck:[OfficalTruck6] Start loading at shovel NorthPitMine-LoadSite5-Shovel-2, load time is 5.684055118110236
2025-09-11 21:07:53,764 [DEBUG] Truck: Time:<17.45936220472441> Truck:[XHTruck4] Arrived at NorthPitMine-DumpSite2 at 17.45936220472441
2025-09-11 21:07:53,764 [DEBUG] Truck: Time:<17.684055118110237> Truck:[OfficalTruck7] Arrived at NorthPitMine-DumpSite5 at 17.684055118110237
2025-09-11 21:07:53,766 [INFO] Truck: Time:<18.45936220472441> Truck:[XHTruck4] Finish unloading at dumper NorthPitMine-DumpSite2-点位0, dumper tons is 127.31418783248193
2025-09-11 21:07:53,766 [DEBUG] Truck: Time:<18.45936220472441> Truck:[XHTruck4] Start moving to ORDER(2):NorthPitMine-LoadSite3, move distance is 5.587709311078467, speed: 25
2025-09-11 21:07:53,766 [INFO] Truck: Time:<18.45936220472441> Truck:[XHTruck4] is facing 1.0319120596480653 mins delay caused by 1 pre-existing jam events on Road from NorthPitMine-DumpSite2 to NorthPitMine-LoadSite3
2025-09-11 21:07:53,766 [INFO] Truck: Time:<18.684055118110237> Truck:[OfficalTruck7] Finish unloading at dumper NorthPitMine-DumpSite5-点位0, dumper tons is 72.62943382612168
2025-09-11 21:07:53,766 [DEBUG] Truck: Time:<18.684055118110237> Truck:[OfficalTruck7] Start moving to ORDER(3):NorthPitMine-LoadSite4, move distance is 5.34, speed: 25
2025-09-11 21:07:53,766 [INFO] Truck: Time:<18.71140157480315> Truck:[XHTruck26] Finish loading at shovel NorthPitMine-LoadSite4-Shovel-1
2025-09-11 21:07:53,766 [DEBUG] Truck: Time:<18.71140157480315> Truck:[XHTruck26] Start moving to ORDER(1): NorthPitMine-DumpSite2, move distance is 1.17, speed: 25
2025-09-11 21:07:53,766 [INFO] Truck: Time:<19.547362204724408> Truck:[XHTruck3] Finish loading at shovel NorthPitMine-LoadSite2-Shovel-1
2025-09-11 21:07:53,766 [DEBUG] Truck: Time:<19.547362204724408> Truck:[XHTruck3] Start moving to ORDER(4): NorthPitMine-DumpSite5, move distance is 3.18, speed: 25
2025-09-11 21:07:53,766 [INFO] Truck: Time:<19.547362204724408> Truck:[XHTruck25] Start loading at shovel NorthPitMine-LoadSite2-Shovel-1, load time is 4.060039370078741
2025-09-11 21:07:53,766 [INFO] Truck: Time:<19.863755905511816> Truck:[XHTruck5] Finish loading at shovel NorthPitMine-LoadSite3-Shovel-1
2025-09-11 21:07:53,766 [DEBUG] Truck: Time:<19.863755905511816> Truck:[XHTruck5] Start moving to ORDER(4): NorthPitMine-DumpSite5, move distance is 1.86, speed: 25
2025-09-11 21:07:53,766 [INFO] Truck: Time:<19.863755905511816> Truck:[XHTruck5] is facing 1.152081515498915 mins delay caused by 1 pre-existing jam events on Road from NorthPitMine-LoadSite3 to NorthPitMine-DumpSite5
2025-09-11 21:07:53,776 [INFO] Truck: Time:<19.863755905511816> Truck:[XHTruck19] Start loading at shovel NorthPitMine-LoadSite3-Shovel-1, load time is 4.060039370078741
2025-09-11 21:07:53,776 [INFO] Truck: Time:<19.999661417322834> Truck:[CLTruck1] Arrived at NorthPitMine-LoadSite3 at 19.999661417322834
2025-09-11 21:07:53,776 [DEBUG] Truck: Time:<20.267716535433074> Truck:[CLTruck15] Arrived at NorthPitMine-DumpSite5 at 20.267716535433074
2025-09-11 21:07:53,776 [DEBUG] Truck: Time:<20.535661417322835> Truck:[CLTruck8] Arrived at NorthPitMine-DumpSite5 at 20.535661417322835
2025-09-11 21:07:53,776 [INFO] Truck: Time:<20.979555555555557> Truck:[CLTruck2] Finish loading at shovel NorthPitMine-LoadSite4-Shovel-2
2025-09-11 21:07:53,776 [INFO] Truck: Time:<20.979555555555557> Truck:[CLTruck3] Finish loading at shovel NorthPitMine-LoadSite4-Shovel-3
2025-09-11 21:07:53,776 [INFO] Truck: Time:<20.979555555555557> Truck:[CLTruck4] Finish loading at shovel NorthPitMine-LoadSite4-Shovel-4
2025-09-11 21:07:53,776 [INFO] Truck: Time:<20.979555555555557> Truck:[CLTruck5] Finish loading at shovel NorthPitMine-LoadSite4-Shovel-5
2025-09-11 21:07:53,776 [DEBUG] Truck: Time:<20.979555555555557> Truck:[CLTruck2] Start moving to ORDER(1): NorthPitMine-DumpSite2, move distance is 1.17, speed: 25
2025-09-11 21:07:53,776 [INFO] Truck: Time:<8> Truck:[CLTruck2] breakdown for 13.454122543511753 minutes at 8
2025-09-11 21:07:53,776 [DEBUG] Truck: Time:<20.979555555555557> Truck:[CLTruck3] Start moving to ORDER(1): NorthPitMine-DumpSite2, move distance is 1.17, speed: 25
2025-09-11 21:07:53,776 [DEBUG] Truck: Time:<20.979555555555557> Truck:[CLTruck4] Start moving to ORDER(1): NorthPitMine-DumpSite2, move distance is 1.17, speed: 25
2025-09-11 21:07:53,776 [DEBUG] Truck: Time:<20.979555555555557> Truck:[CLTruck5] Start moving to ORDER(1): NorthPitMine-DumpSite2, move distance is 1.17, speed: 25
2025-09-11 21:07:53,776 [INFO] Truck: Time:<20.979555555555557> Truck:[CLTruck7] Start loading at shovel NorthPitMine-LoadSite4-Shovel-2, load time is 15.555555555555555
2025-09-11 21:07:53,776 [INFO] Truck: Time:<20.979555555555557> Truck:[CLTruck17] Start loading at shovel NorthPitMine-LoadSite4-Shovel-3, load time is 15.555555555555555
2025-09-11 21:07:53,776 [INFO] Truck: Time:<20.979555555555557> Truck:[CLTruck20] Start loading at shovel NorthPitMine-LoadSite4-Shovel-4, load time is 15.555555555555555
2025-09-11 21:07:53,776 [INFO] Truck: Time:<20.979555555555557> Truck:[CLTruck24] Start loading at shovel NorthPitMine-LoadSite4-Shovel-5, load time is 15.555555555555555
2025-09-11 21:07:53,776 [INFO] Truck: Time:<21.267716535433074> Truck:[CLTruck15] Finish unloading at dumper NorthPitMine-DumpSite5-点位0, dumper tons is 111.10231456691103
2025-09-11 21:07:53,776 [INFO] Road: [RoadEvent] Road from NorthPitMine-DumpSite5 to NorthPitMine-LoadSite4 is in repair，the repair will last for 45.06 mins, and will end at 66.33, vehicle on this road will have to suffer punish_distance.
2025-09-11 21:07:53,776 [DEBUG] Truck: Time:<21.267716535433074> Truck:[CLTruck15] Start moving to ORDER(3):NorthPitMine-LoadSite4, move distance is 7.36473750493211, speed: 25
2025-09-11 21:07:53,776 [DEBUG] Truck: Time:<21.51940157480315> Truck:[XHTruck26] Arrived at NorthPitMine-DumpSite2 at 21.51940157480315
2025-09-11 21:07:53,776 [INFO] Truck: Time:<21.535661417322835> Truck:[CLTruck8] Finish unloading at dumper NorthPitMine-DumpSite5-点位1, dumper tons is 32.11434747502383
2025-09-11 21:07:53,776 [DEBUG] Truck: Time:<21.535661417322835> Truck:[CLTruck8] Start moving to ORDER(3):NorthPitMine-LoadSite4, move distance is 8.075052796097632, speed: 25
2025-09-11 21:07:53,792 [INFO] Truck: Time:<22.09216535433071> Truck:[OfficalTruck5] Finish loading at shovel NorthPitMine-LoadSite5-Shovel-1
2025-09-11 21:07:53,792 [INFO] Truck: Time:<22.09216535433071> Truck:[OfficalTruck6] Finish loading at shovel NorthPitMine-LoadSite5-Shovel-2
2025-09-11 21:07:53,792 [DEBUG] Truck: Time:<22.09216535433071> Truck:[OfficalTruck5] Start moving to ORDER(0): NorthPitMine-DumpSite1, move distance is 5.15, speed: 25
2025-09-11 21:07:53,792 [INFO] Truck: Time:<21> Truck:[OfficalTruck5] breakdown for 11.695572030438544 minutes at 21
2025-09-11 21:07:53,792 [DEBUG] Truck: Time:<22.09216535433071> Truck:[OfficalTruck6] Start moving to ORDER(0): NorthPitMine-DumpSite1, move distance is 5.15, speed: 25
2025-09-11 21:07:53,792 [INFO] Truck: Time:<18> Truck:[OfficalTruck6] breakdown for 15.278130693810601 minutes at 18
2025-09-11 21:07:53,792 [INFO] Truck: Time:<22.09216535433071> Truck:[CLTruck18] Start loading at shovel NorthPitMine-LoadSite5-Shovel-1, load time is 2.5836614173228347
2025-09-11 21:07:53,792 [INFO] Truck: Time:<22.09216535433071> Truck:[CLTruck22] Start loading at shovel NorthPitMine-LoadSite5-Shovel-2, load time is 2.5836614173228347
2025-09-11 21:07:53,792 [INFO] Truck: Time:<22.51940157480315> Truck:[XHTruck26] Finish unloading at dumper NorthPitMine-DumpSite2-点位0, dumper tons is 185.09634136338013
2025-09-11 21:07:53,792 [DEBUG] Truck: Time:<22.51940157480315> Truck:[XHTruck26] Start moving to ORDER(2):NorthPitMine-LoadSite3, move distance is 4.982359475460368, speed: 25
2025-09-11 21:07:53,792 [INFO] Truck: Time:<22.51940157480315> Truck:[XHTruck26] is facing 0 mins delay caused by 1 pre-existing jam events on Road from NorthPitMine-DumpSite2 to NorthPitMine-LoadSite3
2025-09-11 21:07:53,792 [INFO] Truck: Time:<22.755555555555553> Truck:[CLTruck27] Finish loading at shovel LoadSite1-Shovel-1
2025-09-11 21:07:53,792 [INFO] Truck: Time:<22.755555555555553> Truck:[CLTruck28] Finish loading at shovel LoadSite1-Shovel-2
2025-09-11 21:07:53,792 [INFO] Truck: Time:<22.755555555555553> Truck:[CLTruck29] Finish loading at shovel LoadSite1-Shovel-3
2025-09-11 21:07:53,792 [DEBUG] Truck: Time:<22.755555555555553> Truck:[CLTruck27] Start moving to ORDER(4): NorthPitMine-DumpSite5, move distance is 3.26, speed: 25
2025-09-11 21:07:53,792 [INFO] Truck: Time:<21> Truck:[CLTruck27] breakdown for 5.567408861067963 minutes at 21
2025-09-11 21:07:53,792 [DEBUG] Truck: Time:<22.755555555555553> Truck:[CLTruck28] Start moving to ORDER(4): NorthPitMine-DumpSite5, move distance is 3.26, speed: 25
2025-09-11 21:07:53,792 [INFO] Road: [RoadEvent] Road from LoadSite1 to NorthPitMine-DumpSite5 is in repair，the repair will last for 48.71 mins, and will end at 71.47, vehicle on this road will have to suffer punish_distance.
2025-09-11 21:07:53,792 [DEBUG] Truck: Time:<22.755555555555553> Truck:[CLTruck29] Start moving to ORDER(4): NorthPitMine-DumpSite5, move distance is 4.013699219638647, speed: 25
2025-09-11 21:07:53,792 [INFO] Truck: Time:<19> Truck:[CLTruck29] breakdown for 12.758250570236541 minutes at 19
2025-09-11 21:07:53,804 [INFO] Truck: Time:<22.755555555555553> Truck:[XHTruck33] Start loading at shovel LoadSite1-Shovel-1, load time is 24.444444444444443
2025-09-11 21:07:53,807 [DEBUG] Truck: Time:<23.084055118110236> Truck:[OfficalTruck1] Arrived at NorthPitMine-DumpSite1 at 23.084055118110236
2025-09-11 21:07:53,807 [DEBUG] Truck: Time:<23.084055118110236> Truck:[OfficalTruck2] Arrived at NorthPitMine-DumpSite1 at 23.084055118110236
2025-09-11 21:07:53,807 [DEBUG] Truck: Time:<23.11932283464567> Truck:[CLTruck13] Arrived at NorthPitMine-DumpSite5 at 23.11932283464567
2025-09-11 21:07:53,807 [INFO] Truck: Time:<23.60740157480315> Truck:[XHTruck25] Finish loading at shovel NorthPitMine-LoadSite2-Shovel-1
2025-09-11 21:07:53,807 [DEBUG] Truck: Time:<23.60740157480315> Truck:[XHTruck25] Start moving to ORDER(4): NorthPitMine-DumpSite5, move distance is 3.18, speed: 25
2025-09-11 21:07:53,807 [INFO] Truck: Time:<23.60740157480315> Truck:[XHTruck25] is facing 1.913227012515112 mins delay caused by 1 pre-existing jam events on Road from NorthPitMine-LoadSite2 to NorthPitMine-DumpSite5
2025-09-11 21:07:53,807 [DEBUG] Truck: Time:<23.787555555555556> Truck:[CLTruck3] Arrived at NorthPitMine-DumpSite2 at 23.787555555555556
2025-09-11 21:07:53,807 [DEBUG] Truck: Time:<23.787555555555556> Truck:[CLTruck4] Arrived at NorthPitMine-DumpSite2 at 23.787555555555556
2025-09-11 21:07:53,807 [DEBUG] Truck: Time:<23.787555555555556> Truck:[CLTruck5] Arrived at NorthPitMine-DumpSite2 at 23.787555555555556
2025-09-11 21:07:53,807 [INFO] Truck: Time:<23.923795275590557> Truck:[XHTruck19] Finish loading at shovel NorthPitMine-LoadSite3-Shovel-1
2025-09-11 21:07:53,807 [DEBUG] Truck: Time:<23.923795275590557> Truck:[XHTruck19] Start moving to ORDER(4): NorthPitMine-DumpSite5, move distance is 1.86, speed: 25
2025-09-11 21:07:53,807 [INFO] Truck: Time:<23.923795275590557> Truck:[CLTruck1] Start loading at shovel NorthPitMine-LoadSite3-Shovel-1, load time is 2.5836614173228347
2025-09-11 21:07:53,814 [INFO] Truck: Time:<24.084055118110236> Truck:[OfficalTruck1] Finish unloading at dumper NorthPitMine-DumpSite1-点位0, dumper tons is 84.10170207366518
2025-09-11 21:07:53,814 [INFO] Truck: Time:<24.084055118110236> Truck:[OfficalTruck2] Finish unloading at dumper NorthPitMine-DumpSite1-点位1, dumper tons is 80.92320698352549
2025-09-11 21:07:53,814 [DEBUG] Truck: Time:<24.084055118110236> Truck:[OfficalTruck1] Start moving to ORDER(2):NorthPitMine-LoadSite3, move distance is 2.98, speed: 25
2025-09-11 21:07:53,814 [DEBUG] Truck: Time:<24.084055118110236> Truck:[OfficalTruck2] Start moving to ORDER(2):NorthPitMine-LoadSite3, move distance is 2.98, speed: 25
2025-09-11 21:07:53,814 [INFO] Truck: Time:<24.11932283464567> Truck:[CLTruck13] Finish unloading at dumper NorthPitMine-DumpSite5-点位0, dumper tons is 147.81947987648425
2025-09-11 21:07:53,814 [DEBUG] Truck: Time:<24.11932283464567> Truck:[CLTruck13] Start moving to ORDER(3):NorthPitMine-LoadSite4, move distance is 6.526807703981135, speed: 25
2025-09-11 21:07:53,814 [INFO] Truck: Time:<17> Truck:[CLTruck13] breakdown for 12.120082166103774 minutes at 17
2025-09-11 21:07:53,814 [INFO] Truck: Time:<24.675826771653544> Truck:[CLTruck18] Finish loading at shovel NorthPitMine-LoadSite5-Shovel-1
2025-09-11 21:07:53,814 [INFO] Truck: Time:<24.675826771653544> Truck:[CLTruck22] Finish loading at shovel NorthPitMine-LoadSite5-Shovel-2
2025-09-11 21:07:53,814 [DEBUG] Truck: Time:<24.675826771653544> Truck:[CLTruck18] Start moving to ORDER(0): NorthPitMine-DumpSite1, move distance is 5.15, speed: 25
2025-09-11 21:07:53,814 [INFO] Road: [RoadEvent] Road from NorthPitMine-LoadSite5 to NorthPitMine-DumpSite1 is in repair，the repair will last for 64.40 mins, and will end at 89.08, vehicle on this road will have to suffer punish_distance.
2025-09-11 21:07:53,814 [DEBUG] Truck: Time:<24.675826771653544> Truck:[CLTruck22] Start moving to ORDER(0): NorthPitMine-DumpSite1, move distance is 6.778106349084529, speed: 25
2025-09-11 21:07:53,814 [INFO] Truck: Time:<16> Truck:[CLTruck22] breakdown for 10.132214985865724 minutes at 16
2025-09-11 21:07:53,814 [INFO] Truck: Time:<24.675826771653544> Truck:[CLTruck25] Start loading at shovel NorthPitMine-LoadSite5-Shovel-1, load time is 2.5836614173228347
2025-09-11 21:07:53,814 [INFO] Truck: Time:<24.675826771653544> Truck:[XHTruck1] Start loading at shovel NorthPitMine-LoadSite5-Shovel-2, load time is 4.060039370078741
2025-09-11 21:07:53,824 [INFO] Truck: Time:<24.787555555555556> Truck:[CLTruck3] Finish unloading at dumper NorthPitMine-DumpSite2-点位0, dumper tons is 223.0221083889498
2025-09-11 21:07:53,824 [INFO] Truck: Time:<24.787555555555556> Truck:[CLTruck4] Finish unloading at dumper NorthPitMine-DumpSite2-点位1, dumper tons is 33.080473341760104
2025-09-11 21:07:53,824 [INFO] Truck: Time:<24.787555555555556> Truck:[CLTruck5] Finish unloading at dumper NorthPitMine-DumpSite2-点位2, dumper tons is 35.76591593315616
2025-09-11 21:07:53,824 [DEBUG] Truck: Time:<24.787555555555556> Truck:[CLTruck3] Start moving to ORDER(2):NorthPitMine-LoadSite3, move distance is 4.583555303696712, speed: 25
2025-09-11 21:07:53,824 [INFO] Truck: Time:<24.787555555555556> Truck:[CLTruck3] is facing 0 mins delay caused by 1 pre-existing jam events on Road from NorthPitMine-DumpSite2 to NorthPitMine-LoadSite3
2025-09-11 21:07:53,824 [DEBUG] Truck: Time:<24.787555555555556> Truck:[CLTruck4] Start moving to ORDER(2):NorthPitMine-LoadSite3, move distance is 4.688624021413513, speed: 25
2025-09-11 21:07:53,824 [INFO] Truck: Time:<24.787555555555556> Truck:[CLTruck4] is facing 0 mins delay caused by 1 pre-existing jam events on Road from NorthPitMine-DumpSite2 to NorthPitMine-LoadSite3
2025-09-11 21:07:53,824 [DEBUG] Truck: Time:<24.787555555555556> Truck:[CLTruck5] Start moving to ORDER(2):NorthPitMine-LoadSite3, move distance is 4.944682354574114, speed: 25
2025-09-11 21:07:53,824 [INFO] Truck: Time:<24.787555555555556> Truck:[CLTruck5] is facing 0 mins delay caused by 1 pre-existing jam events on Road from NorthPitMine-DumpSite2 to NorthPitMine-LoadSite3
2025-09-11 21:07:53,830 [DEBUG] Truck: Time:<25.479837421010732> Truck:[XHTruck5] Arrived at NorthPitMine-DumpSite5 at 25.479837421010732
2025-09-11 21:07:53,830 [INFO] Truck: Time:<25.875555555555554> Truck:[CLTruck9] Finish loading at shovel NorthPitMine-LoadSite2-Shovel-2
2025-09-11 21:07:53,830 [INFO] Truck: Time:<25.875555555555554> Truck:[CLTruck10] Finish loading at shovel NorthPitMine-LoadSite2-Shovel-3
2025-09-11 21:07:53,830 [INFO] Truck: Time:<25.875555555555554> Truck:[CLTruck11] Finish loading at shovel NorthPitMine-LoadSite2-Shovel-4
2025-09-11 21:07:53,830 [INFO] Truck: Time:<25.875555555555554> Truck:[CLTruck12] Finish loading at shovel NorthPitMine-LoadSite2-Shovel-5
2025-09-11 21:07:53,830 [INFO] Road: [RoadEvent] Road from NorthPitMine-LoadSite2 to NorthPitMine-DumpSite5 is in repair，the repair will last for 29.24 mins, and will end at 55.12, vehicle on this road will have to suffer punish_distance.
2025-09-11 21:07:53,830 [DEBUG] Truck: Time:<25.875555555555554> Truck:[CLTruck9] Start moving to ORDER(4): NorthPitMine-DumpSite5, move distance is 4.226010709657306, speed: 25
2025-09-11 21:07:53,830 [INFO] Truck: Time:<15> Truck:[CLTruck9] breakdown for 11.045959907372696 minutes at 15
2025-09-11 21:07:53,830 [DEBUG] Truck: Time:<25.875555555555554> Truck:[CLTruck10] Start moving to ORDER(4): NorthPitMine-DumpSite5, move distance is 4.594319190972785, speed: 25
2025-09-11 21:07:53,830 [INFO] Truck: Time:<25.875555555555554> Truck:[CLTruck10] is facing 0 mins delay caused by 1 pre-existing jam events on Road from NorthPitMine-LoadSite2 to NorthPitMine-DumpSite5
2025-09-11 21:07:53,830 [DEBUG] Truck: Time:<25.875555555555554> Truck:[CLTruck11] Start moving to ORDER(4): NorthPitMine-DumpSite5, move distance is 4.468079260494185, speed: 25
2025-09-11 21:07:53,830 [INFO] Truck: Time:<25.875555555555554> Truck:[CLTruck11] is facing 0 mins delay caused by 1 pre-existing jam events on Road from NorthPitMine-LoadSite2 to NorthPitMine-DumpSite5
2025-09-11 21:07:53,830 [DEBUG] Truck: Time:<25.875555555555554> Truck:[CLTruck12] Start moving to ORDER(4): NorthPitMine-DumpSite5, move distance is 4.4613479993050245, speed: 25
2025-09-11 21:07:53,830 [INFO] Truck: Time:<25.875555555555554> Truck:[CLTruck12] is facing 0 mins delay caused by 1 pre-existing jam events on Road from NorthPitMine-LoadSite2 to NorthPitMine-DumpSite5
2025-09-11 21:07:53,830 [INFO] Truck: Time:<25.875555555555554> Truck:[CLTruck14] Start loading at shovel NorthPitMine-LoadSite2-Shovel-2, load time is 15.555555555555555
2025-09-11 21:07:53,830 [INFO] Truck: Time:<25.875555555555554> Truck:[CLTruck16] Start loading at shovel NorthPitMine-LoadSite2-Shovel-3, load time is 15.555555555555555
2025-09-11 21:07:53,830 [INFO] Truck: Time:<25.875555555555554> Truck:[CLTruck19] Start loading at shovel NorthPitMine-LoadSite2-Shovel-4, load time is 15.555555555555555
2025-09-11 21:07:53,830 [INFO] Truck: Time:<25.875555555555554> Truck:[CLTruck23] Start loading at shovel NorthPitMine-LoadSite2-Shovel-5, load time is 15.555555555555555
2025-09-11 21:07:53,839 [INFO] Truck: Time:<26.37435472258774> Truck:[CLTruck6] Arrived at NorthPitMine-LoadSite3 at 26.37435472258774
2025-09-11 21:07:53,839 [INFO] Truck: Time:<26.479837421010732> Truck:[XHTruck5] Finish unloading at dumper NorthPitMine-DumpSite5-点位0, dumper tons is 201.29070544994113
2025-09-11 21:07:53,839 [DEBUG] Truck: Time:<26.479837421010732> Truck:[XHTruck5] Start moving to ORDER(3):NorthPitMine-LoadSite4, move distance is 7.424699239448179, speed: 25
2025-09-11 21:07:53,839 [INFO] Truck: Time:<26> Truck:[XHTruck5] breakdown for 6.677115277839889 minutes at 26
2025-09-11 21:07:53,839 [INFO] Truck: Time:<26.50745669291339> Truck:[CLTruck1] Finish loading at shovel NorthPitMine-LoadSite3-Shovel-1
2025-09-11 21:07:53,839 [DEBUG] Truck: Time:<26.50745669291339> Truck:[CLTruck1] Start moving to ORDER(4): NorthPitMine-DumpSite5, move distance is 1.86, speed: 25
2025-09-11 21:07:53,839 [INFO] Truck: Time:<26> Truck:[CLTruck1] breakdown for 11.680803011872625 minutes at 26
2025-09-11 21:07:53,839 [INFO] Truck: Time:<26.50745669291339> Truck:[CLTruck6] Start loading at shovel NorthPitMine-LoadSite3-Shovel-1, load time is 2.5836614173228347
2025-09-11 21:07:53,847 [DEBUG] Truck: Time:<27.17936220472441> Truck:[XHTruck3] Arrived at NorthPitMine-DumpSite5 at 27.17936220472441
2025-09-11 21:07:53,847 [INFO] Truck: Time:<27.259488188976377> Truck:[CLTruck25] Finish loading at shovel NorthPitMine-LoadSite5-Shovel-1
2025-09-11 21:07:53,847 [DEBUG] Truck: Time:<27.259488188976377> Truck:[CLTruck25] Start moving to ORDER(0): NorthPitMine-DumpSite1, move distance is 8.226110042094003, speed: 25
2025-09-11 21:07:53,847 [INFO] Truck: Time:<21> Truck:[CLTruck25] breakdown for 8.4662163181608 minutes at 21
2025-09-11 21:07:53,847 [INFO] Truck: Time:<27.259488188976377> Truck:[XHTruck2] Start loading at shovel NorthPitMine-LoadSite5-Shovel-1, load time is 4.060039370078741
2025-09-11 21:07:53,847 [INFO] Truck: Time:<28.17936220472441> Truck:[XHTruck3] Finish unloading at dumper NorthPitMine-DumpSite5-点位0, dumper tons is 259.28479788568376
2025-09-11 21:07:53,847 [DEBUG] Truck: Time:<28.17936220472441> Truck:[XHTruck3] Start moving to ORDER(3):NorthPitMine-LoadSite4, move distance is 7.0696272564248615, speed: 25
2025-09-11 21:07:53,847 [INFO] Truck: Time:<28.17936220472441> Truck:[XHTruck3] is facing 7.590566366540973 mins delay caused by 3 pre-existing jam events on Road from NorthPitMine-DumpSite5 to NorthPitMine-LoadSite4
2025-09-11 21:07:53,847 [DEBUG] Truck: Time:<28.387795275590555> Truck:[XHTruck19] Arrived at NorthPitMine-DumpSite5 at 28.387795275590555
2025-09-11 21:07:53,853 [INFO] Truck: Time:<28.735866141732284> Truck:[XHTruck1] Finish loading at shovel NorthPitMine-LoadSite5-Shovel-2
2025-09-11 21:07:53,853 [DEBUG] Truck: Time:<28.735866141732284> Truck:[XHTruck1] Start moving to ORDER(0): NorthPitMine-DumpSite1, move distance is 6.904948499275824, speed: 25
2025-09-11 21:07:53,853 [INFO] Truck: Time:<28.735866141732284> Truck:[XHTruck6] Start loading at shovel NorthPitMine-LoadSite5-Shovel-2, load time is 4.060039370078741
2025-09-11 21:07:53,855 [DEBUG] Truck: Time:<28.768110236220473> Truck:[OfficalTruck3] Arrived at NorthPitMine-DumpSite1 at 28.768110236220473
2025-09-11 21:07:53,855 [INFO] Truck: Time:<29.091118110236224> Truck:[CLTruck6] Finish loading at shovel NorthPitMine-LoadSite3-Shovel-1
2025-09-11 21:07:53,855 [DEBUG] Truck: Time:<29.091118110236224> Truck:[CLTruck6] Start moving to ORDER(4): NorthPitMine-DumpSite5, move distance is 1.86, speed: 25
2025-09-11 21:07:53,855 [INFO] Truck: Time:<29.387795275590555> Truck:[XHTruck19] Finish unloading at dumper NorthPitMine-DumpSite5-点位0, dumper tons is 319.08859627180715
2025-09-11 21:07:53,855 [DEBUG] Truck: Time:<29.387795275590555> Truck:[XHTruck19] Start moving to ORDER(3):NorthPitMine-LoadSite4, move distance is 8.29891929807046, speed: 25
2025-09-11 21:07:53,855 [INFO] Truck: Time:<29.387795275590555> Truck:[XHTruck19] is facing 5.803295481470533 mins delay caused by 3 pre-existing jam events on Road from NorthPitMine-DumpSite5 to NorthPitMine-LoadSite4
2025-09-11 21:07:53,855 [INFO] Truck: Time:<29.768110236220473> Truck:[OfficalTruck3] Finish unloading at dumper NorthPitMine-DumpSite1-点位0, dumper tons is 161.0430931777653
2025-09-11 21:07:53,855 [DEBUG] Truck: Time:<29.768110236220473> Truck:[OfficalTruck3] Start moving to ORDER(2):NorthPitMine-LoadSite3, move distance is 2.98, speed: 25
2025-09-11 21:07:53,855 [INFO] Truck: Time:<25> Truck:[OfficalTruck3] breakdown for 7.976088389033309 minutes at 25
2025-09-11 21:07:53,855 [DEBUG] Truck: Time:<30.57955555555555> Truck:[CLTruck28] Arrived at NorthPitMine-DumpSite5 at 30.57955555555555
2025-09-11 21:07:53,855 [INFO] Truck: Time:<31.236055118110237> Truck:[OfficalTruck1] Arrived at NorthPitMine-LoadSite3 at 31.236055118110237
2025-09-11 21:07:53,855 [INFO] Truck: Time:<31.236055118110237> Truck:[OfficalTruck2] Arrived at NorthPitMine-LoadSite3 at 31.236055118110237
2025-09-11 21:07:53,855 [INFO] Truck: Time:<31.236055118110237> Truck:[OfficalTruck1] Start loading at shovel NorthPitMine-LoadSite3-Shovel-1, load time is 5.684055118110236
2025-09-11 21:07:53,855 [INFO] Truck: Time:<31.319527559055118> Truck:[XHTruck2] Finish loading at shovel NorthPitMine-LoadSite5-Shovel-1
2025-09-11 21:07:53,855 [DEBUG] Truck: Time:<31.319527559055118> Truck:[XHTruck2] Start moving to ORDER(0): NorthPitMine-DumpSite1, move distance is 6.599396691028593, speed: 25
2025-09-11 21:07:53,855 [INFO] Truck: Time:<27> Truck:[XHTruck2] breakdown for 8.849934684251199 minutes at 27
2025-09-11 21:07:53,855 [INFO] Truck: Time:<31.319527559055118> Truck:[XHTruck10] Start loading at shovel NorthPitMine-LoadSite5-Shovel-1, load time is 4.060039370078741
2025-09-11 21:07:53,855 [INFO] Truck: Time:<31.500055118110236> Truck:[OfficalTruck7] Arrived at NorthPitMine-LoadSite4 at 31.500055118110236
2025-09-11 21:07:53,855 [INFO] Truck: Time:<31.500055118110236> Truck:[OfficalTruck7] Start loading at shovel NorthPitMine-LoadSite4-Shovel-1, load time is 5.684055118110236
2025-09-11 21:07:53,855 [INFO] Truck: Time:<31.57955555555555> Truck:[CLTruck28] Finish unloading at dumper NorthPitMine-DumpSite5-点位0, dumper tons is 353.00070729417183
2025-09-11 21:07:53,855 [DEBUG] Truck: Time:<31.57955555555555> Truck:[CLTruck28] Start moving to ORDER(3):NorthPitMine-LoadSite4, move distance is 7.813378092652226, speed: 25
2025-09-11 21:07:53,855 [INFO] Truck: Time:<25> Truck:[CLTruck28] breakdown for 12.872886272265436 minutes at 25
2025-09-11 21:07:53,855 [INFO] Truck: Time:<31.644444444444442> Truck:[XHTruck14] Finish loading at shovel LoadSite1-Shovel-4
2025-09-11 21:07:53,855 [INFO] Truck: Time:<31.644444444444442> Truck:[XHTruck23] Finish loading at shovel LoadSite1-Shovel-5
2025-09-11 21:07:53,855 [DEBUG] Truck: Time:<31.644444444444442> Truck:[XHTruck14] Start moving to ORDER(4): NorthPitMine-DumpSite5, move distance is 4.350404798759965, speed: 25
2025-09-11 21:07:53,855 [DEBUG] Truck: Time:<31.644444444444442> Truck:[XHTruck23] Start moving to ORDER(4): NorthPitMine-DumpSite5, move distance is 4.369851905139871, speed: 25
2025-09-11 21:07:53,855 [INFO] Truck: Time:<19> Truck:[XHTruck23] breakdown for 11.704223467672485 minutes at 19
2025-09-11 21:07:53,855 [INFO] Truck: Time:<32.79590551181103> Truck:[XHTruck6] Finish loading at shovel NorthPitMine-LoadSite5-Shovel-2
2025-09-11 21:07:53,871 [DEBUG] Truck: Time:<32.79590551181103> Truck:[XHTruck6] Start moving to ORDER(0): NorthPitMine-DumpSite1, move distance is 7.557568294002402, speed: 25
2025-09-11 21:07:53,871 [INFO] Truck: Time:<26> Truck:[XHTruck6] breakdown for 2.8388529594446386 minutes at 26
2025-09-11 21:07:53,871 [INFO] Truck: Time:<32.79590551181103> Truck:[XHTruck13] Start loading at shovel NorthPitMine-LoadSite5-Shovel-2, load time is 4.060039370078741
2025-09-11 21:07:53,871 [INFO] Truck: Time:<32.901776610960795> Truck:[XHTruck4] Arrived at NorthPitMine-LoadSite3 at 32.901776610960795
2025-09-11 21:07:53,871 [DEBUG] Truck: Time:<33.15262858731826> Truck:[XHTruck25] Arrived at NorthPitMine-DumpSite5 at 33.15262858731826
2025-09-11 21:07:53,871 [INFO] Truck: Time:<33.15695269885062> Truck:[XHTruck5] is facing 13.700705470166428 mins delay caused by 3 pre-existing jam events on Road from NorthPitMine-DumpSite5 to NorthPitMine-LoadSite4
2025-09-11 21:07:53,871 [DEBUG] Truck: Time:<33.55511811023622> Truck:[CLTruck6] Arrived at NorthPitMine-DumpSite5 at 33.55511811023622
2025-09-11 21:07:53,871 [INFO] Truck: Time:<34.15262858731826> Truck:[XHTruck25] Finish unloading at dumper NorthPitMine-DumpSite5-点位0, dumper tons is 412.70933339511987
2025-09-11 21:07:53,871 [DEBUG] Truck: Time:<34.15262858731826> Truck:[XHTruck25] Start moving to ORDER(3):NorthPitMine-LoadSite4, move distance is 7.232723926234975, speed: 25
2025-09-11 21:07:53,871 [INFO] Truck: Time:<25> Truck:[XHTruck25] breakdown for 7.4872830738563465 minutes at 25
2025-09-11 21:07:53,871 [INFO] Truck: Time:<34.47706431590804> Truck:[XHTruck26] Arrived at NorthPitMine-LoadSite3 at 34.47706431590804
2025-09-11 21:07:53,871 [INFO] Truck: Time:<34.55511811023622> Truck:[CLTruck6] Finish unloading at dumper NorthPitMine-DumpSite5-点位1, dumper tons is 69.43572105170124
2025-09-11 21:07:53,871 [DEBUG] Truck: Time:<34.55511811023622> Truck:[CLTruck6] Start moving to ORDER(3):NorthPitMine-LoadSite4, move distance is 7.843486529907436, speed: 25
2025-09-11 21:07:53,871 [INFO] Truck: Time:<34.55511811023622> Truck:[CLTruck6] is facing 10.64278979329454 mins delay caused by 3 pre-existing jam events on Road from NorthPitMine-DumpSite5 to NorthPitMine-LoadSite4
2025-09-11 21:07:53,871 [INFO] Truck: Time:<35.37956692913386> Truck:[XHTruck10] Finish loading at shovel NorthPitMine-LoadSite5-Shovel-1
2025-09-11 21:07:53,871 [DEBUG] Truck: Time:<35.37956692913386> Truck:[XHTruck10] Start moving to ORDER(0): NorthPitMine-DumpSite1, move distance is 6.490337257767788, speed: 25
2025-09-11 21:07:53,871 [INFO] Truck: Time:<35> Truck:[XHTruck10] breakdown for 8.282692249961134 minutes at 35
2025-09-11 21:07:53,871 [INFO] Truck: Time:<35.37956692913386> Truck:[XHTruck18] Start loading at shovel NorthPitMine-LoadSite5-Shovel-1, load time is 4.060039370078741
2025-09-11 21:07:53,871 [INFO] Truck: Time:<35.513806125792094> Truck:[CLTruck29] is facing 17.546182476629166 mins delay caused by 2 pre-existing jam events on Road from LoadSite1 to NorthPitMine-DumpSite5
2025-09-11 21:07:53,871 [INFO] Truck: Time:<35.788088284427666> Truck:[CLTruck3] Arrived at NorthPitMine-LoadSite3 at 35.788088284427666
2025-09-11 21:07:53,887 [INFO] Truck: Time:<36.04025320694799> Truck:[CLTruck4] Arrived at NorthPitMine-LoadSite3 at 36.04025320694799
2025-09-11 21:07:53,887 [DEBUG] Truck: Time:<36.14696441662352> Truck:[CLTruck27] Arrived at NorthPitMine-DumpSite5 at 36.14696441662352
2025-09-11 21:07:53,887 [INFO] Truck: Time:<36.23940500074944> Truck:[CLTruck13] is facing 8.310524543762654 mins delay caused by 3 pre-existing jam events on Road from NorthPitMine-DumpSite5 to NorthPitMine-LoadSite4
2025-09-11 21:07:53,887 [INFO] Truck: Time:<36.535111111111114> Truck:[CLTruck7] Finish loading at shovel NorthPitMine-LoadSite4-Shovel-2
2025-09-11 21:07:53,887 [INFO] Truck: Time:<36.535111111111114> Truck:[CLTruck17] Finish loading at shovel NorthPitMine-LoadSite4-Shovel-3
2025-09-11 21:07:53,887 [INFO] Truck: Time:<36.535111111111114> Truck:[CLTruck20] Finish loading at shovel NorthPitMine-LoadSite4-Shovel-4
2025-09-11 21:07:53,887 [INFO] Truck: Time:<36.535111111111114> Truck:[CLTruck24] Finish loading at shovel NorthPitMine-LoadSite4-Shovel-5
2025-09-11 21:07:53,887 [DEBUG] Truck: Time:<36.535111111111114> Truck:[CLTruck7] Start moving to ORDER(1): NorthPitMine-DumpSite2, move distance is 1.17, speed: 25
2025-09-11 21:07:53,887 [INFO] Truck: Time:<35> Truck:[CLTruck7] breakdown for 10.184228379993025 minutes at 35
2025-09-11 21:07:53,887 [INFO] Road: [RoadEvent] Road from NorthPitMine-LoadSite4 to NorthPitMine-DumpSite2 is in repair，the repair will last for 44.49 mins, and will end at 81.02, vehicle on this road will have to suffer punish_distance.
2025-09-11 21:07:53,887 [DEBUG] Truck: Time:<36.535111111111114> Truck:[CLTruck17] Start moving to ORDER(1): NorthPitMine-DumpSite2, move distance is 1.6432057237918893, speed: 25
2025-09-11 21:07:53,887 [INFO] Truck: Time:<31> Truck:[CLTruck17] breakdown for 11.050450439374092 minutes at 31
2025-09-11 21:07:53,887 [DEBUG] Truck: Time:<36.535111111111114> Truck:[CLTruck20] Start moving to ORDER(1): NorthPitMine-DumpSite2, move distance is 1.7142204720129008, speed: 25
2025-09-11 21:07:53,887 [INFO] Truck: Time:<36> Truck:[CLTruck20] breakdown for 8.033023315425423 minutes at 36
2025-09-11 21:07:53,887 [DEBUG] Truck: Time:<36.535111111111114> Truck:[CLTruck24] Start moving to ORDER(1): NorthPitMine-DumpSite2, move distance is 1.412414483972433, speed: 25
2025-09-11 21:07:53,887 [INFO] Truck: Time:<36.535111111111114> Truck:[XHTruck8] Start loading at shovel NorthPitMine-LoadSite4-Shovel-2, load time is 24.444444444444443
2025-09-11 21:07:53,887 [INFO] Truck: Time:<36.535111111111114> Truck:[XHTruck12] Start loading at shovel NorthPitMine-LoadSite4-Shovel-3, load time is 24.444444444444443
2025-09-11 21:07:53,887 [INFO] Truck: Time:<36.535111111111114> Truck:[XHTruck17] Start loading at shovel NorthPitMine-LoadSite4-Shovel-4, load time is 24.444444444444443
2025-09-11 21:07:53,887 [INFO] Truck: Time:<36.535111111111114> Truck:[XHTruck22] Start loading at shovel NorthPitMine-LoadSite4-Shovel-5, load time is 24.444444444444443
2025-09-11 21:07:53,887 [DEBUG] Truck: Time:<36.582790753887615> Truck:[CLTruck12] Arrived at NorthPitMine-DumpSite5 at 36.582790753887615
2025-09-11 21:07:53,887 [DEBUG] Truck: Time:<36.5989457807416> Truck:[CLTruck11] Arrived at NorthPitMine-DumpSite5 at 36.5989457807416
2025-09-11 21:07:53,887 [INFO] Truck: Time:<36.65479320653343> Truck:[CLTruck5] Arrived at NorthPitMine-LoadSite3 at 36.65479320653343
2025-09-11 21:07:53,887 [INFO] Truck: Time:<36.85594488188977> Truck:[XHTruck13] Finish loading at shovel NorthPitMine-LoadSite5-Shovel-2
2025-09-11 21:07:53,887 [DEBUG] Truck: Time:<36.85594488188977> Truck:[XHTruck13] Start moving to ORDER(0): NorthPitMine-DumpSite1, move distance is 6.985200686459298, speed: 25
2025-09-11 21:07:53,887 [INFO] Truck: Time:<36> Truck:[XHTruck13] breakdown for 8.089128916865747 minutes at 36
2025-09-11 21:07:53,887 [INFO] Truck: Time:<36.85594488188977> Truck:[XHTruck20] Start loading at shovel NorthPitMine-LoadSite5-Shovel-2, load time is 4.060039370078741
2025-09-11 21:07:53,887 [DEBUG] Truck: Time:<36.90192161389024> Truck:[CLTruck10] Arrived at NorthPitMine-DumpSite5 at 36.90192161389024
2025-09-11 21:07:53,887 [INFO] Truck: Time:<36.920110236220474> Truck:[OfficalTruck1] Finish loading at shovel NorthPitMine-LoadSite3-Shovel-1
2025-09-11 21:07:53,887 [DEBUG] Truck: Time:<36.920110236220474> Truck:[OfficalTruck1] Start moving to ORDER(4): NorthPitMine-DumpSite5, move distance is 1.86, speed: 25
2025-09-11 21:07:53,887 [INFO] Truck: Time:<36.920110236220474> Truck:[OfficalTruck2] Start loading at shovel NorthPitMine-LoadSite3-Shovel-1, load time is 5.684055118110236
2025-09-11 21:07:53,887 [DEBUG] Truck: Time:<37.03582677165355> Truck:[CLTruck18] Arrived at NorthPitMine-DumpSite1 at 37.03582677165355
2025-09-11 21:07:53,887 [INFO] Truck: Time:<37.14696441662352> Truck:[CLTruck27] Finish unloading at dumper NorthPitMine-DumpSite5-点位0, dumper tons is 444.51091327826316
2025-09-11 21:07:53,887 [DEBUG] Truck: Time:<37.14696441662352> Truck:[CLTruck27] Start moving to ORDER(3):NorthPitMine-LoadSite4, move distance is 8.413156374934584, speed: 25
2025-09-11 21:07:53,887 [INFO] Truck: Time:<37.14696441662352> Truck:[CLTruck27] is facing 7.11293193884108 mins delay caused by 2 pre-existing jam events on Road from NorthPitMine-DumpSite5 to NorthPitMine-LoadSite4
2025-09-11 21:07:53,887 [INFO] Truck: Time:<37.18411023622047> Truck:[OfficalTruck7] Finish loading at shovel NorthPitMine-LoadSite4-Shovel-1
2025-09-11 21:07:53,887 [DEBUG] Truck: Time:<37.18411023622047> Truck:[OfficalTruck7] Start moving to ORDER(1): NorthPitMine-DumpSite2, move distance is 1.6723389424961077, speed: 25
2025-09-11 21:07:53,887 [DEBUG] Truck: Time:<37.24167809906731> Truck:[CLTruck2] Arrived at NorthPitMine-DumpSite2 at 37.24167809906731
2025-09-11 21:07:53,887 [INFO] Truck: Time:<37.37029604814131> Truck:[OfficalTruck6] is facing 3.3047784653916112 mins delay caused by 1 pre-existing jam events on Road from NorthPitMine-LoadSite5 to NorthPitMine-DumpSite1
2025-09-11 21:07:53,887 [INFO] Truck: Time:<37.582790753887615> Truck:[CLTruck12] Finish unloading at dumper NorthPitMine-DumpSite5-点位1, dumper tons is 101.86034334022196
2025-09-11 21:07:53,903 [DEBUG] Truck: Time:<37.582790753887615> Truck:[CLTruck12] Start moving to ORDER(3):NorthPitMine-LoadSite4, move distance is 6.8390439986399, speed: 25
2025-09-11 21:07:53,903 [INFO] Truck: Time:<37.582790753887615> Truck:[CLTruck12] is facing 6.919131288262533 mins delay caused by 2 pre-existing jam events on Road from NorthPitMine-DumpSite5 to NorthPitMine-LoadSite4
2025-09-11 21:07:53,903 [INFO] Truck: Time:<37.5989457807416> Truck:[CLTruck11] Finish unloading at dumper NorthPitMine-DumpSite5-点位2, dumper tons is 32.92399587129845
2025-09-11 21:07:53,903 [DEBUG] Truck: Time:<37.5989457807416> Truck:[CLTruck11] Start moving to ORDER(3):NorthPitMine-LoadSite4, move distance is 7.353246760645401, speed: 25
2025-09-11 21:07:53,903 [INFO] Truck: Time:<37.5989457807416> Truck:[CLTruck11] is facing 6.8239156565596515 mins delay caused by 2 pre-existing jam events on Road from NorthPitMine-DumpSite5 to NorthPitMine-LoadSite4
2025-09-11 21:07:53,903 [INFO] Truck: Time:<37.74419862525378> Truck:[OfficalTruck3] is facing 0 mins delay caused by 1 pre-existing jam events on Road from NorthPitMine-DumpSite1 to NorthPitMine-LoadSite3
2025-09-11 21:07:53,903 [INFO] Truck: Time:<37.90192161389024> Truck:[CLTruck10] Finish unloading at dumper NorthPitMine-DumpSite5-点位3, dumper tons is 37.46909441411544
2025-09-11 21:07:53,903 [DEBUG] Truck: Time:<37.90192161389024> Truck:[CLTruck10] Start moving to ORDER(3):NorthPitMine-LoadSite4, move distance is 7.679370631864448, speed: 25
2025-09-11 21:07:53,903 [INFO] Truck: Time:<37.90192161389024> Truck:[CLTruck10] is facing 6.470797054022381 mins delay caused by 2 pre-existing jam events on Road from NorthPitMine-DumpSite5 to NorthPitMine-LoadSite4
2025-09-11 21:07:53,903 [INFO] Truck: Time:<38.03582677165355> Truck:[CLTruck18] Finish unloading at dumper NorthPitMine-DumpSite1-点位0, dumper tons is 193.41920629352597
2025-09-11 21:07:53,903 [DEBUG] Truck: Time:<38.03582677165355> Truck:[CLTruck18] Start moving to ORDER(3):NorthPitMine-LoadSite4, move distance is 3.41, speed: 25
2025-09-11 21:07:53,903 [INFO] Truck: Time:<38> Truck:[CLTruck18] breakdown for 12.291223620304848 minutes at 38
2025-09-11 21:07:53,903 [INFO] Truck: Time:<38.24167809906731> Truck:[CLTruck2] Finish unloading at dumper NorthPitMine-DumpSite2-点位0, dumper tons is 255.08366645943948
2025-09-11 21:07:53,903 [DEBUG] Truck: Time:<38.24167809906731> Truck:[CLTruck2] Start moving to ORDER(4):NorthPitMine-LoadSite5, move distance is 5.59, speed: 25
2025-09-11 21:07:53,903 [INFO] Truck: Time:<38.94308654727014> Truck:[CLTruck15] Arrived at NorthPitMine-LoadSite4 at 38.94308654727014
2025-09-11 21:07:53,903 [INFO] Truck: Time:<38.94308654727014> Truck:[CLTruck15] Start loading at shovel NorthPitMine-LoadSite4-Shovel-1, load time is 2.5836614173228347
2025-09-11 21:07:53,903 [DEBUG] Truck: Time:<39.01052391051957> Truck:[OfficalTruck4] Arrived at NorthPitMine-DumpSite1 at 39.01052391051957
2025-09-11 21:07:53,903 [INFO] Truck: Time:<39.4396062992126> Truck:[XHTruck18] Finish loading at shovel NorthPitMine-LoadSite5-Shovel-1
2025-09-11 21:07:53,903 [DEBUG] Truck: Time:<39.4396062992126> Truck:[XHTruck18] Start moving to ORDER(0): NorthPitMine-DumpSite1, move distance is 6.777870378929771, speed: 25
2025-09-11 21:07:53,903 [INFO] Truck: Time:<20> Truck:[XHTruck18] breakdown for 8.883554639454125 minutes at 20
2025-09-11 21:07:53,903 [INFO] Truck: Time:<39.4396062992126> Truck:[XHTruck24] Start loading at shovel NorthPitMine-LoadSite5-Shovel-1, load time is 4.060039370078741
2025-09-11 21:07:53,903 [DEBUG] Truck: Time:<39.924905872644956> Truck:[CLTruck24] Arrived at NorthPitMine-DumpSite2 at 39.924905872644956
2025-09-11 21:07:53,903 [INFO] Truck: Time:<40.01052391051957> Truck:[OfficalTruck4] Finish unloading at dumper NorthPitMine-DumpSite1-点位0, dumper tons is 273.4120854703044
2025-09-11 21:07:53,903 [DEBUG] Truck: Time:<40.01052391051957> Truck:[OfficalTruck4] Start moving to ORDER(3):NorthPitMine-LoadSite4, move distance is 3.41, speed: 25
2025-09-11 21:07:53,903 [INFO] Truck: Time:<29> Truck:[OfficalTruck4] breakdown for 6.0732959506390936 minutes at 29
2025-09-11 21:07:53,903 [INFO] Truck: Time:<40.16946224330631> Truck:[XHTruck2] is facing 2.762889702238159 mins delay caused by 2 pre-existing jam events on Road from NorthPitMine-LoadSite5 to NorthPitMine-DumpSite1
2025-09-11 21:07:53,903 [INFO] Truck: Time:<40.91578812795715> Truck:[CLTruck8] Arrived at NorthPitMine-LoadSite4 at 40.91578812795715
2025-09-11 21:07:53,903 [INFO] Truck: Time:<40.91598425196851> Truck:[XHTruck20] Finish loading at shovel NorthPitMine-LoadSite5-Shovel-2
2025-09-11 21:07:53,903 [DEBUG] Truck: Time:<40.91598425196851> Truck:[XHTruck20] Start moving to ORDER(0): NorthPitMine-DumpSite1, move distance is 7.6005601520749195, speed: 25
2025-09-11 21:07:53,903 [INFO] Truck: Time:<32> Truck:[XHTruck20] breakdown for 12.831149882333804 minutes at 32
2025-09-11 21:07:53,919 [INFO] Truck: Time:<40.91598425196851> Truck:[XHTruck28] Start loading at shovel NorthPitMine-LoadSite5-Shovel-2, load time is 4.060039370078741
2025-09-11 21:07:53,919 [INFO] Truck: Time:<40.924905872644956> Truck:[CLTruck24] Finish unloading at dumper NorthPitMine-DumpSite2-点位0, dumper tons is 290.45670482071233
2025-09-11 21:07:53,919 [INFO] Road: [RoadEvent] Road from NorthPitMine-DumpSite2 to NorthPitMine-LoadSite5 is in repair，the repair will last for 49.80 mins, and will end at 90.72, vehicle on this road will have to suffer punish_distance.
2025-09-11 21:07:53,919 [DEBUG] Truck: Time:<40.924905872644956> Truck:[CLTruck24] Start moving to ORDER(4):NorthPitMine-LoadSite5, move distance is 7.925873159070708, speed: 25
2025-09-11 21:07:53,919 [DEBUG] Truck: Time:<41.19772369821113> Truck:[OfficalTruck7] Arrived at NorthPitMine-DumpSite2 at 41.19772369821113
2025-09-11 21:07:53,919 [DEBUG] Truck: Time:<41.38411023622047> Truck:[OfficalTruck1] Arrived at NorthPitMine-DumpSite5 at 41.38411023622047
2025-09-11 21:07:53,919 [INFO] Truck: Time:<41.43111111111111> Truck:[CLTruck14] Finish loading at shovel NorthPitMine-LoadSite2-Shovel-2
2025-09-11 21:07:53,919 [INFO] Truck: Time:<41.43111111111111> Truck:[CLTruck16] Finish loading at shovel NorthPitMine-LoadSite2-Shovel-3
2025-09-11 21:07:53,919 [INFO] Truck: Time:<41.43111111111111> Truck:[CLTruck19] Finish loading at shovel NorthPitMine-LoadSite2-Shovel-4
2025-09-11 21:07:53,919 [INFO] Truck: Time:<41.43111111111111> Truck:[CLTruck23] Finish loading at shovel NorthPitMine-LoadSite2-Shovel-5
2025-09-11 21:07:53,919 [DEBUG] Truck: Time:<41.43111111111111> Truck:[CLTruck14] Start moving to ORDER(4): NorthPitMine-DumpSite5, move distance is 3.9673089072549366, speed: 25
2025-09-11 21:07:53,919 [INFO] Truck: Time:<31> Truck:[CLTruck14] breakdown for 12.106986948281875 minutes at 31
2025-09-11 21:07:53,919 [DEBUG] Truck: Time:<41.43111111111111> Truck:[CLTruck16] Start moving to ORDER(4): NorthPitMine-DumpSite5, move distance is 4.1842659731312795, speed: 25
2025-09-11 21:07:53,919 [DEBUG] Truck: Time:<41.43111111111111> Truck:[CLTruck19] Start moving to ORDER(4): NorthPitMine-DumpSite5, move distance is 4.578952445437054, speed: 25
2025-09-11 21:07:53,919 [INFO] Truck: Time:<23> Truck:[CLTruck19] breakdown for 11.989406191797272 minutes at 23
2025-09-11 21:07:53,919 [DEBUG] Truck: Time:<41.43111111111111> Truck:[CLTruck23] Start moving to ORDER(4): NorthPitMine-DumpSite5, move distance is 4.889699745941318, speed: 25
2025-09-11 21:07:53,919 [INFO] Truck: Time:<30> Truck:[CLTruck23] breakdown for 14.113669053332494 minutes at 30
2025-09-11 21:07:53,919 [INFO] Truck: Time:<41.43111111111111> Truck:[XHTruck7] Start loading at shovel NorthPitMine-LoadSite2-Shovel-2, load time is 24.444444444444443
2025-09-11 21:07:53,919 [INFO] Truck: Time:<41.43111111111111> Truck:[XHTruck11] Start loading at shovel NorthPitMine-LoadSite2-Shovel-3, load time is 24.444444444444443
2025-09-11 21:07:53,919 [INFO] Truck: Time:<41.43111111111111> Truck:[XHTruck16] Start loading at shovel NorthPitMine-LoadSite2-Shovel-4, load time is 24.444444444444443
2025-09-11 21:07:53,919 [INFO] Truck: Time:<41.43111111111111> Truck:[XHTruck21] Start loading at shovel NorthPitMine-LoadSite2-Shovel-5, load time is 24.444444444444443
2025-09-11 21:07:53,919 [INFO] Truck: Time:<41.52674796459298> Truck:[CLTruck15] Finish loading at shovel NorthPitMine-LoadSite4-Shovel-1
2025-09-11 21:07:53,919 [DEBUG] Truck: Time:<41.52674796459298> Truck:[CLTruck15] Start moving to ORDER(1): NorthPitMine-DumpSite2, move distance is 1.6079831211536322, speed: 25
2025-09-11 21:07:53,919 [INFO] Truck: Time:<37> Truck:[CLTruck15] breakdown for 13.983436784761361 minutes at 37
2025-09-11 21:07:53,919 [INFO] Truck: Time:<41.52674796459298> Truck:[CLTruck8] Start loading at shovel NorthPitMine-LoadSite4-Shovel-1, load time is 2.5836614173228347
2025-09-11 21:07:53,919 [INFO] Truck: Time:<41.63991166117461> Truck:[XHTruck25] is facing 5.021282028959002 mins delay caused by 2 pre-existing jam events on Road from NorthPitMine-DumpSite5 to NorthPitMine-LoadSite4
2025-09-11 21:07:53,919 [INFO] Truck: Time:<41.75822222222222> Truck:[OfficalTruck8] Finish loading at shovel NorthPitMine-LoadSite3-Shovel-2
2025-09-11 21:07:53,919 [INFO] Truck: Time:<41.75822222222222> Truck:[OfficalTruck9] Finish loading at shovel NorthPitMine-LoadSite3-Shovel-3
2025-09-11 21:07:53,919 [INFO] Truck: Time:<41.75822222222222> Shovel NorthPitMine-LoadSite3-Shovel-2 under maintenance for 52.60 minutes
2025-09-11 21:07:53,919 [DEBUG] Truck: Time:<41.75822222222222> Truck:[OfficalTruck9] Start moving to ORDER(4): NorthPitMine-DumpSite5, move distance is 1.86, speed: 25
2025-09-11 21:07:53,919 [INFO] Truck: Time:<31> Truck:[OfficalTruck9] breakdown for 9.27900164085596 minutes at 31
2025-09-11 21:07:53,919 [INFO] Truck: Time:<41.75822222222222> Truck:[CLTruck26] Start loading at shovel NorthPitMine-LoadSite3-Shovel-3, load time is 15.555555555555555
2025-09-11 21:07:53,934 [DEBUG] Truck: Time:<42.08541596146836> Truck:[XHTruck14] Arrived at NorthPitMine-DumpSite5 at 42.08541596146836
2025-09-11 21:07:53,934 [INFO] Truck: Time:<42.19772369821113> Truck:[OfficalTruck7] Finish unloading at dumper NorthPitMine-DumpSite2-点位0, dumper tons is 363.5873968037426
2025-09-11 21:07:53,934 [DEBUG] Truck: Time:<42.19772369821113> Truck:[OfficalTruck7] Start moving to ORDER(4):NorthPitMine-LoadSite5, move distance is 7.660609863309665, speed: 25
2025-09-11 21:07:53,934 [INFO] Truck: Time:<42.38411023622047> Truck:[OfficalTruck1] Finish unloading at dumper NorthPitMine-DumpSite5-点位0, dumper tons is 518.9869604522988
2025-09-11 21:07:53,934 [DEBUG] Truck: Time:<42.38411023622047> Truck:[OfficalTruck1] Start moving to ORDER(3):NorthPitMine-LoadSite4, move distance is 7.521027176309014, speed: 25
2025-09-11 21:07:53,934 [INFO] Truck: Time:<41> Truck:[OfficalTruck1] breakdown for 6.458776211087056 minutes at 41
2025-09-11 21:07:53,934 [INFO] Truck: Time:<42.60416535433071> Truck:[OfficalTruck2] Finish loading at shovel NorthPitMine-LoadSite3-Shovel-1
2025-09-11 21:07:53,934 [DEBUG] Truck: Time:<42.60416535433071> Truck:[OfficalTruck2] Start moving to ORDER(4): NorthPitMine-DumpSite5, move distance is 1.86, speed: 25
2025-09-11 21:07:53,934 [INFO] Truck: Time:<29> Truck:[OfficalTruck2] breakdown for 15.065490045960306 minutes at 29
2025-09-11 21:07:53,934 [INFO] Truck: Time:<42.60416535433071> Truck:[XHTruck4] Start loading at shovel NorthPitMine-LoadSite3-Shovel-1, load time is 4.060039370078741
2025-09-11 21:07:53,934 [DEBUG] Truck: Time:<42.65225970478601> Truck:[CLTruck1] Arrived at NorthPitMine-DumpSite5 at 42.65225970478601
2025-09-11 21:07:53,934 [INFO] Truck: Time:<43.08541596146836> Truck:[XHTruck14] Finish unloading at dumper NorthPitMine-DumpSite5-点位1, dumper tons is 156.81698487716477
2025-09-11 21:07:53,934 [DEBUG] Truck: Time:<43.08541596146836> Truck:[XHTruck14] Start moving to ORDER(3):NorthPitMine-LoadSite4, move distance is 6.899291092847751, speed: 25
2025-09-11 21:07:53,934 [INFO] Truck: Time:<43.08541596146836> Truck:[XHTruck14] is facing 6.775158979043255 mins delay caused by 3 pre-existing jam events on Road from NorthPitMine-DumpSite5 to NorthPitMine-LoadSite4
2025-09-11 21:07:53,934 [INFO] Truck: Time:<43.34866791211692> Truck:[XHTruck23] is facing 2.7810727609842942 mins delay caused by 2 pre-existing jam events on Road from LoadSite1 to NorthPitMine-DumpSite5
2025-09-11 21:07:53,934 [INFO] Truck: Time:<43.49964566929134> Truck:[XHTruck24] Finish loading at shovel NorthPitMine-LoadSite5-Shovel-1
2025-09-11 21:07:53,950 [DEBUG] Truck: Time:<43.49964566929134> Truck:[XHTruck24] Start moving to ORDER(0): NorthPitMine-DumpSite1, move distance is 7.227681406412698, speed: 25
2025-09-11 21:07:53,950 [INFO] Truck: Time:<28> Truck:[XHTruck24] breakdown for 12.515224142000754 minutes at 28
2025-09-11 21:07:53,950 [INFO] Truck: Time:<43.49964566929134> Truck:[XHTruck32] Start loading at shovel NorthPitMine-LoadSite5-Shovel-1, load time is 4.060039370078741
2025-09-11 21:07:53,950 [INFO] Truck: Time:<43.65225970478601> Truck:[CLTruck1] Finish unloading at dumper NorthPitMine-DumpSite5-点位0, dumper tons is 554.8670906429462
2025-09-11 21:07:53,953 [DEBUG] Truck: Time:<43.65225970478601> Truck:[CLTruck1] Start moving to ORDER(3):NorthPitMine-LoadSite4, move distance is 7.897506284441151, speed: 25
2025-09-11 21:07:53,953 [INFO] Truck: Time:<43.65225970478601> Truck:[CLTruck1] is facing 3.501145453028922 mins delay caused by 3 pre-existing jam events on Road from NorthPitMine-DumpSite5 to NorthPitMine-LoadSite4
2025-09-11 21:07:53,953 [INFO] Truck: Time:<43.66225917909499> Truck:[XHTruck10] is facing 1.9726688921251938 mins delay caused by 3 pre-existing jam events on Road from NorthPitMine-LoadSite5 to NorthPitMine-DumpSite1
2025-09-11 21:07:53,953 [INFO] Truck: Time:<44.110409381915815> Truck:[CLTruck8] Finish loading at shovel NorthPitMine-LoadSite4-Shovel-1
2025-09-11 21:07:53,953 [DEBUG] Truck: Time:<44.110409381915815> Truck:[CLTruck8] Start moving to ORDER(1): NorthPitMine-DumpSite2, move distance is 1.4712046915740538, speed: 25
2025-09-11 21:07:53,953 [INFO] Truck: Time:<33> Truck:[CLTruck8] breakdown for 13.50965206201015 minutes at 33
2025-09-11 21:07:53,953 [INFO] Truck: Time:<44.45244182782099> Truck:[CLTruck28] is facing 2.0878136083517003 mins delay caused by 3 pre-existing jam events on Road from NorthPitMine-DumpSite5 to NorthPitMine-LoadSite4
2025-09-11 21:07:53,953 [INFO] Truck: Time:<44.89619862525378> Truck:[OfficalTruck3] Arrived at NorthPitMine-LoadSite3 at 44.89619862525378
2025-09-11 21:07:53,953 [INFO] Truck: Time:<44.945073798755516> Truck:[XHTruck13] is facing 0 mins delay caused by 4 pre-existing jam events on Road from NorthPitMine-LoadSite5 to NorthPitMine-DumpSite1
2025-09-11 21:07:53,953 [INFO] Truck: Time:<44.97602362204725> Truck:[XHTruck28] Finish loading at shovel NorthPitMine-LoadSite5-Shovel-2
2025-09-11 21:07:53,953 [DEBUG] Truck: Time:<44.97602362204725> Truck:[XHTruck28] Start moving to ORDER(0): NorthPitMine-DumpSite1, move distance is 7.505616424889125, speed: 25
2025-09-11 21:07:53,953 [INFO] Truck: Time:<27> Truck:[XHTruck28] breakdown for 9.974776473187774 minutes at 27
2025-09-11 21:07:53,966 [DEBUG] Truck: Time:<45.307742539994265> Truck:[XHTruck1] Arrived at NorthPitMine-DumpSite1 at 45.307742539994265
2025-09-11 21:07:53,966 [DEBUG] Truck: Time:<46.14773738476926> Truck:[OfficalTruck5] Arrived at NorthPitMine-DumpSite1 at 46.14773738476926
2025-09-11 21:07:53,966 [INFO] Truck: Time:<46.307742539994265> Truck:[XHTruck1] Finish unloading at dumper NorthPitMine-DumpSite1-点位0, dumper tons is 332.381546135801
2025-09-11 21:07:53,966 [DEBUG] Truck: Time:<46.307742539994265> Truck:[XHTruck1] Start moving to ORDER(3):NorthPitMine-LoadSite4, move distance is 3.41, speed: 25
2025-09-11 21:07:53,966 [INFO] Truck: Time:<36> Truck:[XHTruck1] breakdown for 10.476569708869125 minutes at 36
2025-09-11 21:07:53,966 [INFO] Truck: Time:<46.66420472440945> Truck:[XHTruck4] Finish loading at shovel NorthPitMine-LoadSite3-Shovel-1
2025-09-11 21:07:53,966 [DEBUG] Truck: Time:<46.66420472440945> Truck:[XHTruck4] Start moving to ORDER(4): NorthPitMine-DumpSite5, move distance is 1.86, speed: 25
2025-09-11 21:07:53,966 [INFO] Truck: Time:<40> Truck:[XHTruck4] breakdown for 8.535416131681234 minutes at 40
2025-09-11 21:07:53,966 [INFO] Truck: Time:<46.66420472440945> Truck:[XHTruck26] Start loading at shovel NorthPitMine-LoadSite3-Shovel-1, load time is 4.060039370078741
2025-09-11 21:07:53,966 [DEBUG] Truck: Time:<47.063941166105785> Truck:[CLTruck9] Arrived at NorthPitMine-DumpSite5 at 47.063941166105785
2025-09-11 21:07:53,966 [INFO] Truck: Time:<47.14773738476926> Truck:[OfficalTruck5] Finish unloading at dumper NorthPitMine-DumpSite1-点位1, dumper tons is 150.82106609490134
2025-09-11 21:07:53,966 [INFO] Road: [RoadEvent] Road from NorthPitMine-DumpSite1 to NorthPitMine-LoadSite3 is in repair，the repair will last for 58.03 mins, and will end at 105.18, vehicle on this road will have to suffer punish_distance.
2025-09-11 21:07:53,966 [DEBUG] Truck: Time:<47.14773738476926> Truck:[OfficalTruck5] Start moving to ORDER(2):NorthPitMine-LoadSite3, move distance is 4.460079234787523, speed: 25
2025-09-11 21:07:53,966 [INFO] Truck: Time:<43> Truck:[OfficalTruck5] breakdown for 11.327919602362382 minutes at 43
2025-09-11 21:07:53,966 [INFO] Truck: Time:<47.199999999999996> Truck:[XHTruck33] Finish loading at shovel LoadSite1-Shovel-1
2025-09-11 21:07:53,966 [DEBUG] Truck: Time:<47.199999999999996> Truck:[XHTruck33] Start moving to ORDER(4): NorthPitMine-DumpSite5, move distance is 4.225023695226437, speed: 25
2025-09-11 21:07:53,966 [INFO] Truck: Time:<44> Truck:[XHTruck33] breakdown for 11.026462216116332 minutes at 44
2025-09-11 21:07:53,966 [INFO] Truck: Time:<47.55968503937008> Truck:[XHTruck32] Finish loading at shovel NorthPitMine-LoadSite5-Shovel-1
2025-09-11 21:07:53,982 [DEBUG] Truck: Time:<47.55968503937008> Truck:[XHTruck32] Start moving to ORDER(0): NorthPitMine-DumpSite1, move distance is 6.586899664080422, speed: 25
2025-09-11 21:07:53,982 [INFO] Truck: Time:<21> Truck:[XHTruck32] breakdown for 12.310247868078413 minutes at 21
2025-09-11 21:07:53,982 [INFO] Truck: Time:<48.063941166105785> Truck:[CLTruck9] Finish unloading at dumper NorthPitMine-DumpSite5-点位0, dumper tons is 592.5375176332639
2025-09-11 21:07:53,982 [DEBUG] Truck: Time:<48.063941166105785> Truck:[CLTruck9] Start moving to ORDER(3):NorthPitMine-LoadSite4, move distance is 7.2818662883478495, speed: 25
2025-09-11 21:07:53,982 [INFO] Truck: Time:<48> Truck:[CLTruck9] breakdown for 13.884976772879739 minutes at 48
2025-09-11 21:07:53,982 [INFO] Truck: Time:<48.323160938666724> Truck:[XHTruck18] is facing 0 mins delay caused by 4 pre-existing jam events on Road from NorthPitMine-LoadSite5 to NorthPitMine-DumpSite1
2025-09-11 21:07:53,982 [DEBUG] Truck: Time:<48.6822635593675> Truck:[CLTruck20] Arrived at NorthPitMine-DumpSite2 at 48.6822635593675
2025-09-11 21:07:53,982 [INFO] Truck: Time:<48.84288644730753> Truck:[OfficalTruck1] is facing 0 mins delay caused by 4 pre-existing jam events on Road from NorthPitMine-DumpSite5 to NorthPitMine-LoadSite4
2025-09-11 21:07:53,982 [DEBUG] Truck: Time:<49.52733949110414> Truck:[CLTruck7] Arrived at NorthPitMine-DumpSite2 at 49.52733949110414
2025-09-11 21:07:53,982 [INFO] Truck: Time:<49.6822635593675> Truck:[CLTruck20] Finish unloading at dumper NorthPitMine-DumpSite2-点位0, dumper tons is 401.3102608261885
2025-09-11 21:07:53,982 [DEBUG] Truck: Time:<49.6822635593675> Truck:[CLTruck20] Start moving to ORDER(2):NorthPitMine-LoadSite3, move distance is 5.066609775427314, speed: 25
2025-09-11 21:07:53,982 [INFO] Truck: Time:<46> Truck:[CLTruck20] breakdown for 9.367206696494865 minutes at 46
2025-09-11 21:07:53,982 [INFO] Truck: Time:<50.52733949110414> Truck:[CLTruck7] Finish unloading at dumper NorthPitMine-DumpSite2-点位1, dumper tons is 69.71049931913909
2025-09-11 21:07:53,982 [DEBUG] Truck: Time:<50.52733949110414> Truck:[CLTruck7] Start moving to ORDER(2):NorthPitMine-LoadSite3, move distance is 4.137129049875298, speed: 25
2025-09-11 21:07:53,982 [INFO] Truck: Time:<50.72424409448819> Truck:[XHTruck26] Finish loading at shovel NorthPitMine-LoadSite3-Shovel-1
2025-09-11 21:07:53,982 [INFO] Road: [RoadEvent] Road from NorthPitMine-LoadSite3 to NorthPitMine-DumpSite5 is in repair，the repair will last for 56.14 mins, and will end at 106.86, vehicle on this road will have to suffer punish_distance.
2025-09-11 21:07:53,982 [DEBUG] Truck: Time:<50.72424409448819> Truck:[XHTruck26] Start moving to ORDER(4): NorthPitMine-DumpSite5, move distance is 2.547682029360908, speed: 25
2025-09-11 21:07:53,982 [INFO] Truck: Time:<30> Truck:[XHTruck26] breakdown for 15.304843268336677 minutes at 30
2025-09-11 21:07:53,982 [INFO] Truck: Time:<50.72424409448819> Truck:[CLTruck3] Start loading at shovel NorthPitMine-LoadSite3-Shovel-1, load time is 2.5836614173228347
2025-09-11 21:07:53,998 [DEBUG] Truck: Time:<51.07549699532214> Truck:[CLTruck22] Arrived at NorthPitMine-DumpSite1 at 51.07549699532214
2025-09-11 21:07:53,998 [DEBUG] Truck: Time:<51.47334944662617> Truck:[CLTruck16] Arrived at NorthPitMine-DumpSite5 at 51.47334944662617
2025-09-11 21:07:53,998 [DEBUG] Truck: Time:<51.52925528758574> Truck:[CLTruck17] Arrived at NorthPitMine-DumpSite2 at 51.52925528758574
2025-09-11 21:07:53,998 [INFO] Truck: Time:<51.65767809906731> Truck:[CLTruck2] Arrived at NorthPitMine-LoadSite5 at 51.65767809906731
2025-09-11 21:07:53,998 [INFO] Truck: Time:<51.65767809906731> Truck:[CLTruck2] Start loading at shovel NorthPitMine-LoadSite5-Shovel-1, load time is 2.5836614173228347
2025-09-11 21:07:53,998 [INFO] Truck: Time:<52.07549699532214> Truck:[CLTruck22] Finish unloading at dumper NorthPitMine-DumpSite1-点位0, dumper tons is 370.41030785051765
2025-09-11 21:07:53,998 [DEBUG] Truck: Time:<52.07549699532214> Truck:[CLTruck22] Start moving to ORDER(2):NorthPitMine-LoadSite3, move distance is 3.5637697957097965, speed: 25
2025-09-11 21:07:53,998 [INFO] Truck: Time:<40> Truck:[CLTruck22] breakdown for 10.48902539018141 minutes at 40
2025-09-11 21:07:54,006 [INFO] Truck: Time:<52.47334944662617> Truck:[CLTruck16] Finish unloading at dumper NorthPitMine-DumpSite5-点位0, dumper tons is 630.2894559609609
2025-09-11 21:07:54,006 [DEBUG] Truck: Time:<52.47334944662617> Truck:[CLTruck16] Start moving to ORDER(3):NorthPitMine-LoadSite4, move distance is 7.403223765261733, speed: 25
2025-09-11 21:07:54,006 [INFO] Truck: Time:<43> Truck:[CLTruck16] breakdown for 14.074731836850408 minutes at 43
2025-09-11 21:07:54,006 [INFO] Truck: Time:<52.52925528758574> Truck:[CLTruck17] Finish unloading at dumper NorthPitMine-DumpSite2-点位0, dumper tons is 434.5070601468541
2025-09-11 21:07:54,006 [DEBUG] Truck: Time:<52.52925528758574> Truck:[CLTruck17] Start moving to ORDER(2):NorthPitMine-LoadSite3, move distance is 4.547913039649925, speed: 25
2025-09-11 21:07:54,006 [INFO] Truck: Time:<52.73703398668505> Truck:[XHTruck3] Arrived at NorthPitMine-LoadSite4 at 52.73703398668505
2025-09-11 21:07:54,006 [INFO] Truck: Time:<52.73703398668505> Truck:[XHTruck3] Start loading at shovel NorthPitMine-LoadSite4-Shovel-1, load time is 4.060039370078741
2025-09-11 21:07:54,006 [DEBUG] Truck: Time:<53.035074513532926> Truck:[OfficalTruck6] Arrived at NorthPitMine-DumpSite1 at 53.035074513532926
2025-09-11 21:07:54,012 [INFO] Truck: Time:<53.30790551181103> Truck:[CLTruck3] Finish loading at shovel NorthPitMine-LoadSite3-Shovel-1
2025-09-11 21:07:54,014 [DEBUG] Truck: Time:<53.30790551181103> Truck:[CLTruck3] Start moving to ORDER(4): NorthPitMine-DumpSite5, move distance is 2.7437913128587983, speed: 25
2025-09-11 21:07:54,014 [INFO] Truck: Time:<39> Truck:[CLTruck3] breakdown for 15.166474939438551 minutes at 39
2025-09-11 21:07:54,014 [INFO] Truck: Time:<53.30790551181103> Truck:[OfficalTruck3] Start loading at shovel NorthPitMine-LoadSite3-Shovel-1, load time is 5.684055118110236
2025-09-11 21:07:54,014 [INFO] Truck: Time:<53.747134134302314> Truck:[XHTruck20] is facing 0 mins delay caused by 5 pre-existing jam events on Road from NorthPitMine-LoadSite5 to NorthPitMine-DumpSite1
2025-09-11 21:07:54,014 [DEBUG] Truck: Time:<53.77292237686143> Truck:[XHTruck6] Arrived at NorthPitMine-DumpSite1 at 53.77292237686143
2025-09-11 21:07:54,014 [INFO] Truck: Time:<54.035074513532926> Truck:[OfficalTruck6] Finish unloading at dumper NorthPitMine-DumpSite1-点位0, dumper tons is 452.9459338429782
2025-09-11 21:07:54,014 [DEBUG] Truck: Time:<54.035074513532926> Truck:[OfficalTruck6] Start moving to ORDER(2):NorthPitMine-LoadSite3, move distance is 3.9466204414742165, speed: 25
2025-09-11 21:07:54,014 [INFO] Truck: Time:<54.24133951639015> Truck:[CLTruck2] Finish loading at shovel NorthPitMine-LoadSite5-Shovel-1
2025-09-11 21:07:54,014 [DEBUG] Truck: Time:<54.24133951639015> Truck:[CLTruck2] Start moving to ORDER(0): NorthPitMine-DumpSite1, move distance is 6.789414620760068, speed: 25
2025-09-11 21:07:54,014 [INFO] Truck: Time:<53> Truck:[CLTruck2] breakdown for 15.032627951219368 minutes at 53
2025-09-11 21:07:54,014 [INFO] Truck: Time:<54.26781986115866> Truck:[OfficalTruck4] Arrived at NorthPitMine-LoadSite4 at 54.26781986115866
2025-09-11 21:07:54,014 [INFO] Truck: Time:<54.77292237686143> Truck:[XHTruck6] Finish unloading at dumper NorthPitMine-DumpSite1-点位1, dumper tons is 209.9774924743735
2025-09-11 21:07:54,014 [DEBUG] Truck: Time:<54.77292237686143> Truck:[XHTruck6] Start moving to ORDER(2):NorthPitMine-LoadSite3, move distance is 3.965388137482423, speed: 25
2025-09-11 21:07:54,014 [INFO] Truck: Time:<49> Truck:[XHTruck6] breakdown for 9.979475990041173 minutes at 49
2025-09-11 21:07:54,014 [INFO] Truck: Time:<54.950800095235024> Truck:[XHTruck28] is facing 0 mins delay caused by 4 pre-existing jam events on Road from NorthPitMine-LoadSite5 to NorthPitMine-DumpSite1
2025-09-11 21:07:54,032 [INFO] Truck: Time:<55.1084970724302> Truck:[XHTruck19] Arrived at NorthPitMine-LoadSite4 at 55.1084970724302
2025-09-11 21:07:54,032 [DEBUG] Truck: Time:<55.46836860816279> Truck:[CLTruck25] Arrived at NorthPitMine-DumpSite1 at 55.46836860816279
2025-09-11 21:07:54,032 [DEBUG] Truck: Time:<55.50122386307818> Truck:[OfficalTruck9] Arrived at NorthPitMine-DumpSite5 at 55.50122386307818
2025-09-11 21:07:54,032 [INFO] Truck: Time:<56.014869811292094> Truck:[XHTruck24] is facing 0 mins delay caused by 2 pre-existing jam events on Road from NorthPitMine-LoadSite5 to NorthPitMine-DumpSite1
2025-09-11 21:07:54,032 [INFO] Truck: Time:<56.46836860816279> Truck:[CLTruck25] Finish unloading at dumper NorthPitMine-DumpSite1-点位0, dumper tons is 491.33103456171455
2025-09-11 21:07:54,032 [DEBUG] Truck: Time:<56.46836860816279> Truck:[CLTruck25] Start moving to ORDER(2):NorthPitMine-LoadSite3, move distance is 4.068889467717193, speed: 25
2025-09-11 21:07:54,032 [INFO] Truck: Time:<55> Truck:[CLTruck25] breakdown for 8.954911277249849 minutes at 55
2025-09-11 21:07:54,032 [INFO] Truck: Time:<56.50122386307818> Truck:[OfficalTruck9] Finish unloading at dumper NorthPitMine-DumpSite5-点位0, dumper tons is 704.0998233680913
2025-09-11 21:07:54,032 [DEBUG] Truck: Time:<56.50122386307818> Truck:[OfficalTruck9] Start moving to ORDER(3):NorthPitMine-LoadSite4, move distance is 7.369115840483789, speed: 25
2025-09-11 21:07:54,032 [INFO] Truck: Time:<56.50122386307818> Truck:[OfficalTruck9] is facing 2.3319429144477493 mins delay caused by 5 pre-existing jam events on Road from NorthPitMine-DumpSite5 to NorthPitMine-LoadSite4
2025-09-11 21:07:54,032 [DEBUG] Truck: Time:<56.61738524543691> Truck:[XHTruck23] Arrived at NorthPitMine-DumpSite5 at 56.61738524543691
2025-09-11 21:07:54,032 [INFO] Truck: Time:<56.78431224886339> Truck:[XHTruck1] is facing 0 mins delay caused by 1 pre-existing jam events on Road from NorthPitMine-DumpSite1 to NorthPitMine-LoadSite4
2025-09-11 21:07:54,032 [INFO] Truck: Time:<56.79707335676379> Truck:[XHTruck3] Finish loading at shovel NorthPitMine-LoadSite4-Shovel-1
2025-09-11 21:07:54,032 [DEBUG] Truck: Time:<56.79707335676379> Truck:[XHTruck3] Start moving to ORDER(1): NorthPitMine-DumpSite2, move distance is 1.6897182996829285, speed: 25
2025-09-11 21:07:54,032 [INFO] Truck: Time:<33> Truck:[XHTruck3] breakdown for 10.179551558910429 minutes at 33
2025-09-11 21:07:54,032 [INFO] Truck: Time:<56.79707335676379> Truck:[OfficalTruck4] Start loading at shovel NorthPitMine-LoadSite4-Shovel-1, load time is 5.684055118110236
2025-09-11 21:07:54,049 [INFO] Truck: Time:<57.31377777777778> Truck:[CLTruck26] Finish loading at shovel NorthPitMine-LoadSite3-Shovel-3
2025-09-11 21:07:54,050 [DEBUG] Truck: Time:<57.31377777777778> Truck:[CLTruck26] Start moving to ORDER(4): NorthPitMine-DumpSite5, move distance is 2.649085713969719, speed: 25
2025-09-11 21:07:54,050 [INFO] Truck: Time:<55> Truck:[CLTruck26] breakdown for 7.9433667960999905 minutes at 55
2025-09-11 21:07:54,050 [INFO] Truck: Time:<57.31377777777778> Truck:[XHTruck15] Start loading at shovel NorthPitMine-LoadSite3-Shovel-3, load time is 24.444444444444443
2025-09-11 21:07:54,051 [INFO] Truck: Time:<57.61738524543691> Truck:[XHTruck23] Finish unloading at dumper NorthPitMine-DumpSite5-点位0, dumper tons is 757.3526925727259
2025-09-11 21:07:54,052 [DEBUG] Truck: Time:<57.61738524543691> Truck:[XHTruck23] Start moving to ORDER(3):NorthPitMine-LoadSite4, move distance is 6.949634409418118, speed: 25
2025-09-11 21:07:54,052 [INFO] Truck: Time:<48> Truck:[XHTruck23] breakdown for 9.017933510055748 minutes at 48
2025-09-11 21:07:54,054 [INFO] Truck: Time:<58.22646221611633> Truck:[XHTruck33] is facing 0 mins delay caused by 1 pre-existing jam events on Road from LoadSite1 to NorthPitMine-DumpSite5
2025-09-11 21:07:54,054 [INFO] Truck: Time:<58.51105039195839> Truck:[CLTruck18] Arrived at NorthPitMine-LoadSite4 at 58.51105039195839
2025-09-11 21:07:54,055 [DEBUG] Truck: Time:<58.7709040040131> Truck:[XHTruck2] Arrived at NorthPitMine-DumpSite1 at 58.7709040040131
2025-09-11 21:07:54,055 [INFO] Truck: Time:<58.991960629921266> Truck:[OfficalTruck3] Finish loading at shovel NorthPitMine-LoadSite3-Shovel-1
2025-09-11 21:07:54,056 [DEBUG] Truck: Time:<58.991960629921266> Truck:[OfficalTruck3] Start moving to ORDER(4): NorthPitMine-DumpSite5, move distance is 2.8394022959410705, speed: 25
2025-09-11 21:07:54,056 [INFO] Truck: Time:<46> Truck:[OfficalTruck3] breakdown for 10.367134467810223 minutes at 46
2025-09-11 21:07:54,057 [DEBUG] Truck: Time:<59.369344240123056> Truck:[CLTruck15] Arrived at NorthPitMine-DumpSite2 at 59.369344240123056
2025-09-11 21:07:54,057 [DEBUG] Truck: Time:<59.66362085609069> Truck:[XHTruck4] Arrived at NorthPitMine-DumpSite5 at 59.66362085609069
2025-09-11 21:07:54,057 [INFO] Truck: Time:<59.7709040040131> Truck:[XHTruck2] Finish unloading at dumper NorthPitMine-DumpSite1-点位0, dumper tons is 551.4125142046004
2025-09-11 21:07:54,057 [DEBUG] Truck: Time:<59.7709040040131> Truck:[XHTruck2] Start moving to ORDER(2):NorthPitMine-LoadSite3, move distance is 3.7591121796128624, speed: 25
2025-09-11 21:07:54,057 [INFO] Truck: Time:<56> Truck:[XHTruck2] breakdown for 9.595421846789025 minutes at 56
2025-09-11 21:07:54,057 [INFO] Truck: Time:<59.947001454414654> Truck:[CLTruck24] Arrived at NorthPitMine-LoadSite5 at 59.947001454414654
2025-09-11 21:07:54,057 [INFO] Truck: Time:<59.947001454414654> Truck:[CLTruck24] Start loading at shovel NorthPitMine-LoadSite5-Shovel-1, load time is 2.5836614173228347
2025-09-11 21:07:54,062 [INFO] Truck: Time:<60.21426803406682> Truck:[CLTruck13] Arrived at NorthPitMine-LoadSite4 at 60.21426803406682
2025-09-11 21:07:54,062 [INFO] Truck: Time:<60.369344240123056> Truck:[CLTruck15] Finish unloading at dumper NorthPitMine-DumpSite2-点位0, dumper tons is 472.4292949409353
2025-09-11 21:07:54,062 [DEBUG] Truck: Time:<60.369344240123056> Truck:[CLTruck15] Start moving to ORDER(2):NorthPitMine-LoadSite3, move distance is 3.41, speed: 25
2025-09-11 21:07:54,062 [INFO] Truck: Time:<60.45644921080485> Truck:[CLTruck7] Arrived at NorthPitMine-LoadSite3 at 60.45644921080485
2025-09-11 21:07:54,062 [INFO] Truck: Time:<60.45644921080485> Truck:[CLTruck7] Start loading at shovel NorthPitMine-LoadSite3-Shovel-1, load time is 2.5836614173228347
2025-09-11 21:07:54,062 [INFO] Truck: Time:<60.58318737015432> Truck:[OfficalTruck7] Arrived at NorthPitMine-LoadSite5 at 60.58318737015432
2025-09-11 21:07:54,062 [INFO] Truck: Time:<60.58318737015432> Truck:[OfficalTruck7] Start loading at shovel NorthPitMine-LoadSite5-Shovel-2, load time is 5.684055118110236
2025-09-11 21:07:54,062 [INFO] Truck: Time:<60.66362085609069> Truck:[XHTruck4] Finish unloading at dumper NorthPitMine-DumpSite5-点位0, dumper tons is 808.4393184532138
2025-09-11 21:07:54,062 [DEBUG] Truck: Time:<60.66362085609069> Truck:[XHTruck4] Start moving to ORDER(3):NorthPitMine-LoadSite4, move distance is 7.301253045041201, speed: 25
2025-09-11 21:07:54,062 [INFO] Truck: Time:<60.66362085609069> Truck:[XHTruck4] is facing 0 mins delay caused by 5 pre-existing jam events on Road from NorthPitMine-DumpSite5 to NorthPitMine-LoadSite4
2025-09-11 21:07:54,062 [INFO] Truck: Time:<60.91562763888591> Truck:[CLTruck12] Arrived at NorthPitMine-LoadSite4 at 60.91562763888591
2025-09-11 21:07:54,062 [INFO] Truck: Time:<60.97955555555556> Truck:[XHTruck8] Finish loading at shovel NorthPitMine-LoadSite4-Shovel-2
2025-09-11 21:07:54,062 [INFO] Truck: Time:<60.97955555555556> Truck:[XHTruck12] Finish loading at shovel NorthPitMine-LoadSite4-Shovel-3
2025-09-11 21:07:54,062 [INFO] Truck: Time:<60.97955555555556> Truck:[XHTruck17] Finish loading at shovel NorthPitMine-LoadSite4-Shovel-4
2025-09-11 21:07:54,062 [INFO] Truck: Time:<60.97955555555556> Truck:[XHTruck22] Finish loading at shovel NorthPitMine-LoadSite4-Shovel-5
2025-09-11 21:07:54,062 [DEBUG] Truck: Time:<60.97955555555556> Truck:[XHTruck8] Start moving to ORDER(1): NorthPitMine-DumpSite2, move distance is 1.368630296506044, speed: 25
2025-09-11 21:07:54,062 [INFO] Truck: Time:<39> Truck:[XHTruck8] breakdown for 9.801162429162638 minutes at 39
2025-09-11 21:07:54,062 [DEBUG] Truck: Time:<60.97955555555556> Truck:[XHTruck12] Start moving to ORDER(1): NorthPitMine-DumpSite2, move distance is 1.5309260398243216, speed: 25
2025-09-11 21:07:54,062 [INFO] Truck: Time:<38> Truck:[XHTruck12] breakdown for 6.81106278601385 minutes at 38
2025-09-11 21:07:54,062 [DEBUG] Truck: Time:<60.97955555555556> Truck:[XHTruck17] Start moving to ORDER(1): NorthPitMine-DumpSite2, move distance is 1.6764545321710402, speed: 25
2025-09-11 21:07:54,062 [INFO] Truck: Time:<18> Truck:[XHTruck17] breakdown for 9.967180933632001 minutes at 18
2025-09-11 21:07:54,062 [DEBUG] Truck: Time:<60.97955555555556> Truck:[XHTruck22] Start moving to ORDER(1): NorthPitMine-DumpSite2, move distance is 1.652210736111507, speed: 25
2025-09-11 21:07:54,062 [INFO] Truck: Time:<27> Truck:[XHTruck22] breakdown for 11.883974798956462 minutes at 27
2025-09-11 21:07:54,062 [INFO] Truck: Time:<60.97955555555556> Truck:[XHTruck30] Start loading at shovel NorthPitMine-LoadSite4-Shovel-2, load time is 24.444444444444443
2025-09-11 21:07:54,062 [INFO] Truck: Time:<60.97955555555556> Truck:[XHTruck19] Start loading at shovel NorthPitMine-LoadSite4-Shovel-3, load time is 24.444444444444443
2025-09-11 21:07:54,062 [INFO] Truck: Time:<60.97955555555556> Truck:[CLTruck13] Start loading at shovel NorthPitMine-LoadSite4-Shovel-4, load time is 15.555555555555555
2025-09-11 21:07:54,062 [INFO] Truck: Time:<60.97955555555556> Truck:[CLTruck12] Start loading at shovel NorthPitMine-LoadSite4-Shovel-5, load time is 15.555555555555555
2025-09-11 21:07:54,077 [DEBUG] Truck: Time:<61.150952703703695> Truck:[CLTruck8] Arrived at NorthPitMine-DumpSite2 at 61.150952703703695
2025-09-11 21:07:54,077 [DEBUG] Truck: Time:<61.21173748986287> Truck:[XHTruck10] Arrived at NorthPitMine-DumpSite1 at 61.21173748986287
2025-09-11 21:07:54,077 [DEBUG] Truck: Time:<61.70955544625783> Truck:[XHTruck13] Arrived at NorthPitMine-DumpSite1 at 61.70955544625783
2025-09-11 21:07:54,077 [INFO] Truck: Time:<61.948917938985524> Truck:[CLTruck9] is facing 0 mins delay caused by 5 pre-existing jam events on Road from NorthPitMine-DumpSite5 to NorthPitMine-LoadSite4
2025-09-11 21:07:54,082 [INFO] Truck: Time:<62.07065366285022> Truck:[CLTruck11] Arrived at NorthPitMine-LoadSite4 at 62.07065366285022
2025-09-11 21:07:54,082 [DEBUG] Truck: Time:<62.13365540029102> Truck:[OfficalTruck2] Arrived at NorthPitMine-DumpSite5 at 62.13365540029102
2025-09-11 21:07:54,082 [INFO] Truck: Time:<62.150952703703695> Truck:[CLTruck8] Finish unloading at dumper NorthPitMine-DumpSite2-点位0, dumper tons is 505.66046258362553
2025-09-11 21:07:54,082 [DEBUG] Truck: Time:<62.150952703703695> Truck:[CLTruck8] Start moving to ORDER(2):NorthPitMine-LoadSite3, move distance is 3.41, speed: 25
2025-09-11 21:07:54,082 [INFO] Truck: Time:<62.150952703703695> Truck:[CLTruck8] is facing 10.89940892745232 mins delay caused by 1 pre-existing jam events on Road from NorthPitMine-DumpSite2 to NorthPitMine-LoadSite3
2025-09-11 21:07:54,082 [INFO] Truck: Time:<62.21173748986287> Truck:[XHTruck10] Finish unloading at dumper NorthPitMine-DumpSite1-点位0, dumper tons is 611.3718524552949
2025-09-11 21:07:54,082 [DEBUG] Truck: Time:<62.21173748986287> Truck:[XHTruck10] Start moving to ORDER(2):NorthPitMine-LoadSite3, move distance is 4.667394348410575, speed: 25
2025-09-11 21:07:54,082 [INFO] Truck: Time:<62.21173748986287> Truck:[XHTruck10] is facing 0 mins delay caused by 1 pre-existing jam events on Road from NorthPitMine-DumpSite1 to NorthPitMine-LoadSite3
2025-09-11 21:07:54,082 [INFO] Truck: Time:<62.481128474874026> Truck:[OfficalTruck4] Finish loading at shovel NorthPitMine-LoadSite4-Shovel-1
2025-09-11 21:07:54,082 [DEBUG] Truck: Time:<62.481128474874026> Truck:[OfficalTruck4] Start moving to ORDER(1): NorthPitMine-DumpSite2, move distance is 1.7290343952206264, speed: 25
2025-09-11 21:07:54,082 [INFO] Truck: Time:<52> Truck:[OfficalTruck4] breakdown for 9.394469192569737 minutes at 52
2025-09-11 21:07:54,082 [INFO] Truck: Time:<62.481128474874026> Truck:[CLTruck18] Start loading at shovel NorthPitMine-LoadSite4-Shovel-1, load time is 2.5836614173228347
2025-09-11 21:07:54,082 [INFO] Truck: Time:<62.53066287173749> Truck:[CLTruck24] Finish loading at shovel NorthPitMine-LoadSite5-Shovel-1
2025-09-11 21:07:54,082 [DEBUG] Truck: Time:<62.53066287173749> Truck:[CLTruck24] Start moving to ORDER(0): NorthPitMine-DumpSite1, move distance is 6.947288344376801, speed: 25
2025-09-11 21:07:54,082 [INFO] Truck: Time:<62.56452238550355> Truck:[CLTruck22] is facing 0 mins delay caused by 1 pre-existing jam events on Road from NorthPitMine-DumpSite1 to NorthPitMine-LoadSite3
2025-09-11 21:07:54,082 [DEBUG] Truck: Time:<62.69286672955401> Truck:[CLTruck29] Arrived at NorthPitMine-DumpSite5 at 62.69286672955401
2025-09-11 21:07:54,082 [INFO] Truck: Time:<62.70955544625783> Truck:[XHTruck13] Finish unloading at dumper NorthPitMine-DumpSite1-点位1, dumper tons is 261.1169530205283
2025-09-11 21:07:54,082 [DEBUG] Truck: Time:<62.70955544625783> Truck:[XHTruck13] Start moving to ORDER(2):NorthPitMine-LoadSite3, move distance is 4.309457090049637, speed: 25
2025-09-11 21:07:54,082 [INFO] Truck: Time:<62.70955544625783> Truck:[XHTruck13] is facing 0 mins delay caused by 1 pre-existing jam events on Road from NorthPitMine-DumpSite1 to NorthPitMine-LoadSite3
2025-09-11 21:07:54,082 [INFO] Truck: Time:<62.803208184387294> Truck:[CLTruck10] Arrived at NorthPitMine-LoadSite4 at 62.803208184387294
2025-09-11 21:07:54,094 [INFO] Truck: Time:<63.040110628127685> Truck:[CLTruck7] Finish loading at shovel NorthPitMine-LoadSite3-Shovel-1
2025-09-11 21:07:54,094 [DEBUG] Truck: Time:<63.040110628127685> Truck:[CLTruck7] Start moving to ORDER(4): NorthPitMine-DumpSite5, move distance is 2.381449525843605, speed: 25
2025-09-11 21:07:54,094 [INFO] Truck: Time:<52> Truck:[CLTruck7] breakdown for 6.84448612640386 minutes at 52
2025-09-11 21:07:54,094 [DEBUG] Truck: Time:<63.05963943680483> Truck:[CLTruck14] Arrived at NorthPitMine-DumpSite5 at 63.05963943680483
2025-09-11 21:07:54,094 [INFO] Truck: Time:<63.13365540029102> Truck:[OfficalTruck2] Finish unloading at dumper NorthPitMine-DumpSite5-点位0, dumper tons is 890.3012580474361
2025-09-11 21:07:54,094 [DEBUG] Truck: Time:<63.13365540029102> Truck:[OfficalTruck2] Start moving to ORDER(3):NorthPitMine-LoadSite4, move distance is 7.319778106750263, speed: 25
2025-09-11 21:07:54,094 [INFO] Truck: Time:<62> Truck:[OfficalTruck2] breakdown for 8.161829484622963 minutes at 62
2025-09-11 21:07:54,094 [INFO] Truck: Time:<63.44424658274556> Truck:[CLTruck17] Arrived at NorthPitMine-LoadSite3 at 63.44424658274556
2025-09-11 21:07:54,094 [INFO] Truck: Time:<63.44424658274556> Truck:[CLTruck17] Start loading at shovel NorthPitMine-LoadSite3-Shovel-1, load time is 2.5836614173228347
2025-09-11 21:07:54,094 [INFO] Truck: Time:<63.50696357307105> Truck:[OfficalTruck6] Arrived at NorthPitMine-LoadSite3 at 63.50696357307105
2025-09-11 21:07:54,094 [INFO] Truck: Time:<63.69286672955401> Truck:[CLTruck29] Finish unloading at dumper NorthPitMine-DumpSite5-点位1, dumper tons is 192.23719001425417
2025-09-11 21:07:54,094 [DEBUG] Truck: Time:<63.69286672955401> Truck:[CLTruck29] Start moving to ORDER(3):NorthPitMine-LoadSite4, move distance is 6.700738193217107, speed: 25
2025-09-11 21:07:54,094 [INFO] Truck: Time:<63> Truck:[CLTruck29] breakdown for 6.885796253575813 minutes at 63
2025-09-11 21:07:54,105 [INFO] Truck: Time:<64.01973111309755> Truck:[XHTruck25] Arrived at NorthPitMine-LoadSite4 at 64.01973111309755
2025-09-11 21:07:54,105 [INFO] Truck: Time:<64.02227557530861> Truck:[CLTruck6] Arrived at NorthPitMine-LoadSite4 at 64.02227557530861
2025-09-11 21:07:54,105 [INFO] Truck: Time:<64.05963943680483> Truck:[CLTruck14] Finish unloading at dumper NorthPitMine-DumpSite5-点位2, dumper tons is 65.12030182065175
2025-09-11 21:07:54,105 [DEBUG] Truck: Time:<64.05963943680483> Truck:[CLTruck14] Start moving to ORDER(3):NorthPitMine-LoadSite4, move distance is 7.9228305736324725, speed: 25
2025-09-11 21:07:54,105 [INFO] Truck: Time:<64.05963943680483> Truck:[CLTruck14] is facing 0 mins delay caused by 4 pre-existing jam events on Road from NorthPitMine-DumpSite5 to NorthPitMine-LoadSite4
2025-09-11 21:07:54,105 [DEBUG] Truck: Time:<64.41000317195731> Truck:[CLTruck19] Arrived at NorthPitMine-DumpSite5 at 64.41000317195731
2025-09-11 21:07:54,105 [INFO] Truck: Time:<64.4514716553076> Truck:[CLTruck27] Arrived at NorthPitMine-LoadSite4 at 64.4514716553076
2025-09-11 21:07:54,105 [DEBUG] Truck: Time:<64.59004984809818> Truck:[XHTruck18] Arrived at NorthPitMine-DumpSite1 at 64.59004984809818
2025-09-11 21:07:54,105 [INFO] Truck: Time:<64.67693634369267> Truck:[XHTruck5] Arrived at NorthPitMine-LoadSite4 at 64.67693634369267
2025-09-11 21:07:54,105 [INFO] Truck: Time:<64.75239836690261> Truck:[XHTruck6] is facing 0 mins delay caused by 1 pre-existing jam events on Road from NorthPitMine-DumpSite1 to NorthPitMine-LoadSite3
2025-09-11 21:07:54,105 [INFO] Truck: Time:<64.96831224886338> Truck:[XHTruck1] Arrived at NorthPitMine-LoadSite4 at 64.96831224886338
2025-09-11 21:07:54,110 [INFO] Truck: Time:<65.06478989219686> Truck:[CLTruck18] Finish loading at shovel NorthPitMine-LoadSite4-Shovel-1
2025-09-11 21:07:54,110 [DEBUG] Truck: Time:<65.06478989219686> Truck:[CLTruck18] Start moving to ORDER(1): NorthPitMine-DumpSite2, move distance is 1.7367941137456713, speed: 25
2025-09-11 21:07:54,110 [INFO] Truck: Time:<52> Truck:[CLTruck18] breakdown for 11.340736108734403 minutes at 52
2025-09-11 21:07:54,110 [INFO] Truck: Time:<65.06478989219686> Truck:[CLTruck10] Start loading at shovel NorthPitMine-LoadSite4-Shovel-1, load time is 2.5836614173228347
2025-09-11 21:07:54,110 [INFO] Truck: Time:<65.29236285853804> Truck:[CLTruck28] Arrived at NorthPitMine-LoadSite4 at 65.29236285853804
2025-09-11 21:07:54,110 [INFO] Truck: Time:<65.41000317195731> Truck:[CLTruck19] Finish unloading at dumper NorthPitMine-DumpSite5-点位0, dumper tons is 923.6203830893261
2025-09-11 21:07:54,110 [DEBUG] Truck: Time:<65.41000317195731> Truck:[CLTruck19] Start moving to ORDER(3):NorthPitMine-LoadSite4, move distance is 7.307076540195337, speed: 25
2025-09-11 21:07:54,110 [INFO] Truck: Time:<62> Truck:[CLTruck19] breakdown for 13.301397862061581 minutes at 62
2025-09-11 21:07:54,110 [INFO] Truck: Time:<65.42327988541264> Truck:[CLTruck25] is facing 0 mins delay caused by 1 pre-existing jam events on Road from NorthPitMine-DumpSite1 to NorthPitMine-LoadSite3
2025-09-11 21:07:54,110 [INFO] Truck: Time:<65.59004984809818> Truck:[XHTruck18] Finish unloading at dumper NorthPitMine-DumpSite1-点位0, dumper tons is 664.2767001265995
2025-09-11 21:07:54,110 [DEBUG] Truck: Time:<65.59004984809818> Truck:[XHTruck18] Start moving to ORDER(2):NorthPitMine-LoadSite3, move distance is 4.556489039828792, speed: 25
2025-09-11 21:07:54,110 [INFO] Truck: Time:<58> Truck:[XHTruck18] breakdown for 13.43029967877392 minutes at 58
2025-09-11 21:07:54,110 [INFO] Truck: Time:<65.87555555555555> Truck:[XHTruck7] Finish loading at shovel NorthPitMine-LoadSite2-Shovel-2
2025-09-11 21:07:54,110 [INFO] Truck: Time:<65.87555555555555> Truck:[XHTruck11] Finish loading at shovel NorthPitMine-LoadSite2-Shovel-3
2025-09-11 21:07:54,110 [INFO] Truck: Time:<65.87555555555555> Truck:[XHTruck16] Finish loading at shovel NorthPitMine-LoadSite2-Shovel-4
2025-09-11 21:07:54,110 [INFO] Truck: Time:<65.87555555555555> Truck:[XHTruck21] Finish loading at shovel NorthPitMine-LoadSite2-Shovel-5
2025-09-11 21:07:54,110 [DEBUG] Truck: Time:<65.87555555555555> Truck:[XHTruck7] Start moving to ORDER(4): NorthPitMine-DumpSite5, move distance is 3.18, speed: 25
2025-09-11 21:07:54,110 [INFO] Truck: Time:<55> Truck:[XHTruck7] breakdown for 10.21734541253159 minutes at 55
2025-09-11 21:07:54,110 [DEBUG] Truck: Time:<65.87555555555555> Truck:[XHTruck11] Start moving to ORDER(4): NorthPitMine-DumpSite5, move distance is 3.18, speed: 25
2025-09-11 21:07:54,110 [INFO] Truck: Time:<52> Truck:[XHTruck11] breakdown for 7.727396140158783 minutes at 52
2025-09-11 21:07:54,126 [DEBUG] Truck: Time:<65.87555555555555> Truck:[XHTruck16] Start moving to ORDER(4): NorthPitMine-DumpSite5, move distance is 3.18, speed: 25
2025-09-11 21:07:54,126 [INFO] Truck: Time:<48> Truck:[XHTruck16] breakdown for 7.4716299038780525 minutes at 48
2025-09-11 21:07:54,126 [DEBUG] Truck: Time:<65.87555555555555> Truck:[XHTruck21] Start moving to ORDER(4): NorthPitMine-DumpSite5, move distance is 3.18, speed: 25
2025-09-11 21:07:54,126 [INFO] Truck: Time:<43> Truck:[XHTruck21] breakdown for 12.90842202068625 minutes at 43
2025-09-11 21:07:54,126 [INFO] Truck: Time:<65.87555555555555> Truck:[XHTruck29] Start loading at shovel NorthPitMine-LoadSite2-Shovel-2, load time is 24.444444444444443
2025-09-11 21:07:54,126 [INFO] Truck: Time:<66.0279080000684> Truck:[CLTruck17] Finish loading at shovel NorthPitMine-LoadSite3-Shovel-1
2025-09-11 21:07:54,126 [DEBUG] Truck: Time:<66.0279080000684> Truck:[CLTruck17] Start moving to ORDER(4): NorthPitMine-DumpSite5, move distance is 2.651366704198763, speed: 25
2025-09-11 21:07:54,126 [INFO] Truck: Time:<53> Truck:[CLTruck17] breakdown for 8.056079220870615 minutes at 53
2025-09-11 21:07:54,126 [INFO] Truck: Time:<66.0279080000684> Truck:[OfficalTruck6] Start loading at shovel NorthPitMine-LoadSite3-Shovel-1, load time is 5.684055118110236
2025-09-11 21:07:54,126 [INFO] Truck: Time:<66.1074202404737> Truck:[CLTruck1] Arrived at NorthPitMine-LoadSite4 at 66.1074202404737
2025-09-11 21:07:54,126 [INFO] Truck: Time:<66.26724248826456> Truck:[OfficalTruck7] Finish loading at shovel NorthPitMine-LoadSite5-Shovel-2
2025-09-11 21:07:54,126 [DEBUG] Truck: Time:<66.26724248826456> Truck:[OfficalTruck7] Start moving to ORDER(0): NorthPitMine-DumpSite1, move distance is 7.576487263792384, speed: 25
2025-09-11 21:07:54,126 [INFO] Truck: Time:<55> Truck:[OfficalTruck7] breakdown for 9.458478874249815 minutes at 55
2025-09-11 21:07:54,126 [INFO] Truck: Time:<66.41887356334621> Truck:[XHTruck14] Arrived at NorthPitMine-LoadSite4 at 66.41887356334621
2025-09-11 21:07:54,126 [INFO] Truck: Time:<66.54808128347658> Truck:[CLTruck16] is facing 0 mins delay caused by 2 pre-existing jam events on Road from NorthPitMine-DumpSite5 to NorthPitMine-LoadSite4
2025-09-11 21:07:54,126 [INFO] Truck: Time:<66.63531875549265> Truck:[XHTruck23] is facing 0 mins delay caused by 2 pre-existing jam events on Road from NorthPitMine-DumpSite5 to NorthPitMine-LoadSite4
2025-09-11 21:07:54,126 [INFO] Truck: Time:<66.89335167044916> Truck:[OfficalTruck1] Arrived at NorthPitMine-LoadSite4 at 66.89335167044916
2025-09-11 21:07:54,126 [DEBUG] Truck: Time:<67.28005955470276> Truck:[CLTruck23] Arrived at NorthPitMine-DumpSite5 at 67.28005955470276
2025-09-11 21:07:54,126 [INFO] Truck: Time:<67.64845130951969> Truck:[CLTruck10] Finish loading at shovel NorthPitMine-LoadSite4-Shovel-1
2025-09-11 21:07:54,126 [DEBUG] Truck: Time:<67.64845130951969> Truck:[CLTruck10] Start moving to ORDER(1): NorthPitMine-DumpSite2, move distance is 1.4648416306156358, speed: 25
2025-09-11 21:07:54,126 [INFO] Truck: Time:<63> Truck:[CLTruck10] breakdown for 13.392813001366896 minutes at 63
2025-09-11 21:07:54,126 [INFO] Truck: Time:<67.64845130951969> Truck:[XHTruck5] Start loading at shovel NorthPitMine-LoadSite4-Shovel-1, load time is 4.060039370078741
2025-09-11 21:07:54,126 [INFO] Truck: Time:<68.28005955470276> Truck:[CLTruck23] Finish unloading at dumper NorthPitMine-DumpSite5-点位0, dumper tons is 958.6598702470546
2025-09-11 21:07:54,142 [DEBUG] Truck: Time:<68.28005955470276> Truck:[CLTruck23] Start moving to ORDER(3):NorthPitMine-LoadSite4, move distance is 5.34, speed: 25
2025-09-11 21:07:54,142 [INFO] Truck: Time:<68.28005955470276> Truck:[CLTruck23] is facing 0 mins delay caused by 3 pre-existing jam events on Road from NorthPitMine-DumpSite5 to NorthPitMine-LoadSite4
2025-09-11 21:07:54,142 [DEBUG] Truck: Time:<68.36651908465979> Truck:[XHTruck33] Arrived at NorthPitMine-DumpSite5 at 68.36651908465979
2025-09-11 21:07:54,142 [INFO] Truck: Time:<68.55334424012305> Truck:[CLTruck15] Arrived at NorthPitMine-LoadSite3 at 68.55334424012305
2025-09-11 21:07:54,142 [INFO] Truck: Time:<69.1798471506217> Truck:[OfficalTruck5] Arrived at NorthPitMine-LoadSite3 at 69.1798471506217
2025-09-11 21:07:54,142 [INFO] Truck: Time:<69.27396746760951> Truck:[CLTruck2] is facing 0 mins delay caused by 1 pre-existing jam events on Road from NorthPitMine-LoadSite5 to NorthPitMine-DumpSite1
2025-09-11 21:07:54,142 [INFO] Truck: Time:<69.36632585080213> Truck:[XHTruck2] is facing 11.690395012924013 mins delay caused by 2 pre-existing jam events on Road from NorthPitMine-DumpSite1 to NorthPitMine-LoadSite3
2025-09-11 21:07:54,142 [INFO] Truck: Time:<69.36651908465979> Truck:[XHTruck33] Finish unloading at dumper NorthPitMine-DumpSite5-点位0, dumper tons is 1017.0487007545792
2025-09-11 21:07:54,142 [DEBUG] Truck: Time:<69.36651908465979> Truck:[XHTruck33] Start moving to ORDER(3):NorthPitMine-LoadSite4, move distance is 5.34, speed: 25
2025-09-11 21:07:54,142 [INFO] Truck: Time:<69.36651908465979> Truck:[XHTruck33] is facing 10.624198459598972 mins delay caused by 3 pre-existing jam events on Road from NorthPitMine-DumpSite5 to NorthPitMine-LoadSite4
2025-09-11 21:07:54,142 [INFO] Truck: Time:<70.57866298312983> Truck:[CLTruck29] is facing 14.78326637598758 mins delay caused by 3 pre-existing jam events on Road from NorthPitMine-DumpSite5 to NorthPitMine-LoadSite4
2025-09-11 21:07:54,153 [DEBUG] Truck: Time:<71.03194883491325> Truck:[XHTruck3] Arrived at NorthPitMine-DumpSite2 at 71.03194883491325
2025-09-11 21:07:54,153 [INFO] Truck: Time:<71.11756989520707> Truck:[CLTruck22] Arrived at NorthPitMine-LoadSite3 at 71.11756989520707
2025-09-11 21:07:54,153 [INFO] Truck: Time:<71.20933371688791> Truck:[CLTruck20] Arrived at NorthPitMine-LoadSite3 at 71.20933371688791
2025-09-11 21:07:54,153 [INFO] Truck: Time:<71.29548488491398> Truck:[OfficalTruck2] is facing 12.145004362300718 mins delay caused by 4 pre-existing jam events on Road from NorthPitMine-DumpSite5 to NorthPitMine-LoadSite4
2025-09-11 21:07:54,153 [DEBUG] Truck: Time:<71.46484083714779> Truck:[XHTruck12] Arrived at NorthPitMine-DumpSite2 at 71.46484083714779
2025-09-11 21:07:54,153 [DEBUG] Truck: Time:<71.6149502874051> Truck:[CLTruck26] Arrived at NorthPitMine-DumpSite5 at 71.6149502874051
2025-09-11 21:07:54,153 [INFO] Truck: Time:<71.70849067959843> Truck:[XHTruck5] Finish loading at shovel NorthPitMine-LoadSite4-Shovel-1
2025-09-11 21:07:54,158 [DEBUG] Truck: Time:<71.70849067959843> Truck:[XHTruck5] Start moving to ORDER(1): NorthPitMine-DumpSite2, move distance is 1.5226762485531515, speed: 25
2025-09-11 21:07:54,158 [INFO] Truck: Time:<61> Truck:[XHTruck5] breakdown for 4.534857267447632 minutes at 61
2025-09-11 21:07:54,159 [INFO] Truck: Time:<71.70849067959843> Truck:[CLTruck28] Start loading at shovel NorthPitMine-LoadSite4-Shovel-1, load time is 2.5836614173228347
2025-09-11 21:07:54,159 [INFO] Truck: Time:<71.71196311817863> Truck:[OfficalTruck6] Finish loading at shovel NorthPitMine-LoadSite3-Shovel-1
2025-09-11 21:07:54,160 [DEBUG] Truck: Time:<71.71196311817863> Truck:[OfficalTruck6] Start moving to ORDER(4): NorthPitMine-DumpSite5, move distance is 2.772195240133773, speed: 25
2025-09-11 21:07:54,160 [INFO] Truck: Time:<71.71196311817863> Truck:[CLTruck15] Start loading at shovel NorthPitMine-LoadSite3-Shovel-1, load time is 2.5836614173228347
2025-09-11 21:07:54,160 [DEBUG] Truck: Time:<71.98847849928212> Truck:[XHTruck20] Arrived at NorthPitMine-DumpSite1 at 71.98847849928212
2025-09-11 21:07:54,163 [INFO] Truck: Time:<72.03194883491325> Truck:[XHTruck3] Finish unloading at dumper NorthPitMine-DumpSite2-点位0, dumper tons is 561.1659427069404
2025-09-11 21:07:54,164 [DEBUG] Truck: Time:<72.03194883491325> Truck:[XHTruck3] Start moving to ORDER(4):NorthPitMine-LoadSite5, move distance is 8.83434451849013, speed: 25
2025-09-11 21:07:54,164 [DEBUG] Truck: Time:<72.14352423329105> Truck:[XHTruck26] Arrived at NorthPitMine-DumpSite5 at 72.14352423329105
2025-09-11 21:07:54,164 [INFO] Truck: Time:<72.46484083714779> Truck:[XHTruck12] Finish unloading at dumper NorthPitMine-DumpSite2-点位1, dumper tons is 121.07004898832788
2025-09-11 21:07:54,165 [DEBUG] Truck: Time:<72.46484083714779> Truck:[XHTruck12] Start moving to ORDER(4):NorthPitMine-LoadSite5, move distance is 7.927562634178288, speed: 25
2025-09-11 21:07:54,165 [INFO] Truck: Time:<72.6149502874051> Truck:[CLTruck26] Finish unloading at dumper NorthPitMine-DumpSite5-点位0, dumper tons is 1051.5682099096464
2025-09-11 21:07:54,166 [DEBUG] Truck: Time:<72.6149502874051> Truck:[CLTruck26] Start moving to ORDER(3):NorthPitMine-LoadSite4, move distance is 5.34, speed: 25
2025-09-11 21:07:54,166 [INFO] Truck: Time:<72.6149502874051> Truck:[CLTruck26] is facing 14.351206328318476 mins delay caused by 5 pre-existing jam events on Road from NorthPitMine-DumpSite5 to NorthPitMine-LoadSite4
2025-09-11 21:07:54,166 [INFO] Truck: Time:<72.86353035451202> Truck:[XHTruck22] is facing 8.395760234875393 mins delay caused by 1 pre-existing jam events on Road from NorthPitMine-LoadSite4 to NorthPitMine-DumpSite2
2025-09-11 21:07:54,167 [DEBUG] Truck: Time:<72.96427951496892> Truck:[XHTruck28] Arrived at NorthPitMine-DumpSite1 at 72.96427951496892
2025-09-11 21:07:54,167 [INFO] Truck: Time:<72.98847849928212> Truck:[XHTruck20] Finish unloading at dumper NorthPitMine-DumpSite1-点位0, dumper tons is 721.7510351233776
2025-09-11 21:07:54,167 [DEBUG] Truck: Time:<72.98847849928212> Truck:[XHTruck20] Start moving to ORDER(2):NorthPitMine-LoadSite3, move distance is 4.470461848381785, speed: 25
2025-09-11 21:07:54,168 [INFO] Truck: Time:<66> Truck:[XHTruck20] breakdown for 13.676103432200978 minutes at 66
2025-09-11 21:07:54,170 [INFO] Truck: Time:<73.05225246237696> Truck:[XHTruck13] Arrived at NorthPitMine-LoadSite3 at 73.05225246237696
2025-09-11 21:07:54,170 [INFO] Truck: Time:<73.14352423329105> Truck:[XHTruck26] Finish unloading at dumper NorthPitMine-DumpSite5-点位1, dumper tons is 249.23443413796255
2025-09-11 21:07:54,170 [DEBUG] Truck: Time:<73.14352423329105> Truck:[XHTruck26] Start moving to ORDER(3):NorthPitMine-LoadSite4, move distance is 5.34, speed: 25
2025-09-11 21:07:54,170 [INFO] Truck: Time:<73.14352423329105> Truck:[XHTruck26] is facing 12.765484490660619 mins delay caused by 5 pre-existing jam events on Road from NorthPitMine-DumpSite5 to NorthPitMine-LoadSite4
2025-09-11 21:07:54,173 [DEBUG] Truck: Time:<73.36130518668257> Truck:[XHTruck24] Arrived at NorthPitMine-DumpSite1 at 73.36130518668257
2025-09-11 21:07:54,173 [INFO] Truck: Time:<73.41348392604826> Truck:[XHTruck10] Arrived at NorthPitMine-LoadSite3 at 73.41348392604826
2025-09-11 21:07:54,173 [INFO] Truck: Time:<73.96427951496892> Truck:[XHTruck28] Finish unloading at dumper NorthPitMine-DumpSite1-点位1, dumper tons is 311.34483328449517
2025-09-11 21:07:54,173 [DEBUG] Truck: Time:<73.96427951496892> Truck:[XHTruck28] Start moving to ORDER(3):NorthPitMine-LoadSite4, move distance is 3.41, speed: 25
2025-09-11 21:07:54,173 [DEBUG] Truck: Time:<74.0654306963327> Truck:[XHTruck8] Arrived at NorthPitMine-DumpSite2 at 74.0654306963327
2025-09-11 21:07:54,173 [INFO] Truck: Time:<74.26932989686043> Truck:[XHTruck6] Arrived at NorthPitMine-LoadSite3 at 74.26932989686043
2025-09-11 21:07:54,173 [INFO] Truck: Time:<74.29215209692126> Truck:[CLTruck28] Finish loading at shovel NorthPitMine-LoadSite4-Shovel-1
2025-09-11 21:07:54,173 [DEBUG] Truck: Time:<74.29215209692126> Truck:[CLTruck28] Start moving to ORDER(1): NorthPitMine-DumpSite2, move distance is 1.5958368485126624, speed: 25
2025-09-11 21:07:54,173 [INFO] Truck: Time:<55> Truck:[CLTruck28] breakdown for 5.538672417115002 minutes at 55
2025-09-11 21:07:54,173 [INFO] Truck: Time:<74.29562453550146> Truck:[CLTruck15] Finish loading at shovel NorthPitMine-LoadSite3-Shovel-1
2025-09-11 21:07:54,173 [DEBUG] Truck: Time:<74.29562453550146> Truck:[CLTruck15] Start moving to ORDER(4): NorthPitMine-DumpSite5, move distance is 2.6464796113296645, speed: 25
2025-09-11 21:07:54,173 [INFO] Truck: Time:<64> Truck:[CLTruck15] breakdown for 6.2937439289720345 minutes at 64
2025-09-11 21:07:54,173 [INFO] Truck: Time:<74.29562453550146> Truck:[OfficalTruck5] Start loading at shovel NorthPitMine-LoadSite3-Shovel-1, load time is 5.684055118110236
2025-09-11 21:07:54,173 [INFO] Truck: Time:<74.36130518668257> Truck:[XHTruck24] Finish unloading at dumper NorthPitMine-DumpSite1-点位0, dumper tons is 772.5631134874953
2025-09-11 21:07:54,173 [DEBUG] Truck: Time:<74.36130518668257> Truck:[XHTruck24] Start moving to ORDER(3):NorthPitMine-LoadSite4, move distance is 3.41, speed: 25
2025-09-11 21:07:54,173 [INFO] Truck: Time:<61> Truck:[XHTruck24] breakdown for 15.065921152905842 minutes at 61
2025-09-11 21:07:54,173 [DEBUG] Truck: Time:<74.97022736639805> Truck:[XHTruck17] Arrived at NorthPitMine-DumpSite2 at 74.97022736639805
2025-09-11 21:07:54,173 [DEBUG] Truck: Time:<75.05947960211068> Truck:[CLTruck3] Arrived at NorthPitMine-DumpSite5 at 75.05947960211068
2025-09-11 21:07:54,173 [INFO] Truck: Time:<75.0654306963327> Truck:[XHTruck8] Finish unloading at dumper NorthPitMine-DumpSite2-点位0, dumper tons is 621.3644437082734
2025-09-11 21:07:54,185 [DEBUG] Truck: Time:<75.0654306963327> Truck:[XHTruck8] Start moving to ORDER(4):NorthPitMine-LoadSite5, move distance is 7.046538480390179, speed: 25
2025-09-11 21:07:54,185 [INFO] Truck: Time:<75.0654306963327> Truck:[XHTruck8] is facing 5.080970795146533 mins delay caused by 1 pre-existing jam events on Road from NorthPitMine-DumpSite2 to NorthPitMine-LoadSite5
2025-09-11 21:07:54,186 [INFO] Truck: Time:<75.1886146079339> Truck:[CLTruck25] Arrived at NorthPitMine-LoadSite3 at 75.1886146079339
2025-09-11 21:07:54,186 [DEBUG] Truck: Time:<75.6000756165562> Truck:[CLTruck7] Arrived at NorthPitMine-DumpSite5 at 75.6000756165562
2025-09-11 21:07:54,186 [DEBUG] Truck: Time:<75.6784921012415> Truck:[XHTruck32] Arrived at NorthPitMine-DumpSite1 at 75.6784921012415
2025-09-11 21:07:54,186 [INFO] Truck: Time:<75.72572136251438> Truck:[OfficalTruck7] is facing 0 mins delay caused by 1 pre-existing jam events on Road from NorthPitMine-LoadSite5 to NorthPitMine-DumpSite1
2025-09-11 21:07:54,187 [INFO] Truck: Time:<75.97022736639805> Truck:[XHTruck17] Finish unloading at dumper NorthPitMine-DumpSite2-点位1, dumper tons is 176.81833138090445
2025-09-11 21:07:54,188 [DEBUG] Truck: Time:<75.97022736639805> Truck:[XHTruck17] Start moving to ORDER(4):NorthPitMine-LoadSite5, move distance is 8.291985304952522, speed: 25
2025-09-11 21:07:54,188 [INFO] Truck: Time:<75.97022736639805> Truck:[XHTruck17] is facing 3.395245305355605 mins delay caused by 1 pre-existing jam events on Road from NorthPitMine-DumpSite2 to NorthPitMine-LoadSite5
2025-09-11 21:07:54,190 [DEBUG] Truck: Time:<76.02528021597327> Truck:[OfficalTruck4] Arrived at NorthPitMine-DumpSite2 at 76.02528021597327
2025-09-11 21:07:54,192 [INFO] Truck: Time:<76.05947960211068> Truck:[CLTruck3] Finish unloading at dumper NorthPitMine-DumpSite5-点位0, dumper tons is 1085.7583283450679
2025-09-11 21:07:54,192 [DEBUG] Truck: Time:<76.05947960211068> Truck:[CLTruck3] Start moving to ORDER(3):NorthPitMine-LoadSite4, move distance is 5.34, speed: 25
2025-09-11 21:07:54,192 [INFO] Truck: Time:<76.05947960211068> Truck:[CLTruck3] is facing 11.301316405499424 mins delay caused by 6 pre-existing jam events on Road from NorthPitMine-DumpSite5 to NorthPitMine-LoadSite4
2025-09-11 21:07:54,192 [DEBUG] Truck: Time:<76.17366060799006> Truck:[OfficalTruck3] Arrived at NorthPitMine-DumpSite5 at 76.17366060799006
2025-09-11 21:07:54,192 [INFO] Truck: Time:<76.24334794704606> Truck:[XHTruck5] is facing 10.517920299586576 mins delay caused by 2 pre-existing jam events on Road from NorthPitMine-LoadSite4 to NorthPitMine-DumpSite2
2025-09-11 21:07:54,192 [INFO] Truck: Time:<76.40552600093126> Truck:[CLTruck18] is facing 9.22958370083532 mins delay caused by 2 pre-existing jam events on Road from NorthPitMine-LoadSite4 to NorthPitMine-DumpSite2
2025-09-11 21:07:54,192 [INFO] Truck: Time:<76.51904479468703> Truck:[OfficalTruck9] Arrived at NorthPitMine-LoadSite4 at 76.51904479468703
2025-09-11 21:07:54,192 [INFO] Truck: Time:<76.51904479468703> Truck:[OfficalTruck9] Start loading at shovel NorthPitMine-LoadSite4-Shovel-1, load time is 5.684055118110236
2025-09-11 21:07:54,192 [INFO] Truck: Time:<76.5351111111111> Truck:[CLTruck13] Finish loading at shovel NorthPitMine-LoadSite4-Shovel-4
2025-09-11 21:07:54,192 [INFO] Truck: Time:<76.5351111111111> Truck:[CLTruck12] Finish loading at shovel NorthPitMine-LoadSite4-Shovel-5
2025-09-11 21:07:54,192 [DEBUG] Truck: Time:<76.5351111111111> Truck:[CLTruck13] Start moving to ORDER(1): NorthPitMine-DumpSite2, move distance is 1.630179838321976, speed: 25
2025-09-11 21:07:54,192 [INFO] Truck: Time:<47> Truck:[CLTruck13] breakdown for 12.89841748232098 minutes at 47
2025-09-11 21:07:54,192 [DEBUG] Truck: Time:<76.5351111111111> Truck:[CLTruck12] Start moving to ORDER(1): NorthPitMine-DumpSite2, move distance is 1.5565076370314233, speed: 25
2025-09-11 21:07:54,192 [INFO] Truck: Time:<65> Truck:[CLTruck12] breakdown for 14.727871511749406 minutes at 65
2025-09-11 21:07:54,192 [INFO] Truck: Time:<76.5351111111111> Truck:[CLTruck6] Start loading at shovel NorthPitMine-LoadSite4-Shovel-4, load time is 15.555555555555555
2025-09-11 21:07:54,192 [INFO] Truck: Time:<76.5351111111111> Truck:[CLTruck27] Start loading at shovel NorthPitMine-LoadSite4-Shovel-5, load time is 15.555555555555555
2025-09-11 21:07:54,192 [INFO] Truck: Time:<76.6000756165562> Truck:[CLTruck7] Finish unloading at dumper NorthPitMine-DumpSite5-点位1, dumper tons is 285.49215589763236
2025-09-11 21:07:54,192 [DEBUG] Truck: Time:<76.6000756165562> Truck:[CLTruck7] Start moving to ORDER(3):NorthPitMine-LoadSite4, move distance is 5.34, speed: 25
2025-09-11 21:07:54,192 [INFO] Truck: Time:<76.6000756165562> Truck:[CLTruck7] is facing 9.679528362162888 mins delay caused by 5 pre-existing jam events on Road from NorthPitMine-DumpSite5 to NorthPitMine-LoadSite4
2025-09-11 21:07:54,192 [INFO] Truck: Time:<76.6784921012415> Truck:[XHTruck32] Finish unloading at dumper NorthPitMine-DumpSite1-点位0, dumper tons is 826.5492056256769
2025-09-11 21:07:54,192 [DEBUG] Truck: Time:<76.6784921012415> Truck:[XHTruck32] Start moving to ORDER(3):NorthPitMine-LoadSite4, move distance is 3.41, speed: 25
2025-09-11 21:07:54,202 [INFO] Truck: Time:<77.02528021597327> Truck:[OfficalTruck4] Finish unloading at dumper NorthPitMine-DumpSite2-点位0, dumper tons is 704.1485377368049
2025-09-11 21:07:54,202 [DEBUG] Truck: Time:<77.02528021597327> Truck:[OfficalTruck4] Start moving to ORDER(4):NorthPitMine-LoadSite5, move distance is 7.38668382671644, speed: 25
2025-09-11 21:07:54,202 [INFO] Truck: Time:<74> Truck:[OfficalTruck4] breakdown for 11.79252715508714 minutes at 74
2025-09-11 21:07:54,202 [INFO] Truck: Time:<77.17366060799006> Truck:[OfficalTruck3] Finish unloading at dumper NorthPitMine-DumpSite5-点位0, dumper tons is 1161.4987558008756
2025-09-11 21:07:54,206 [DEBUG] Truck: Time:<77.17366060799006> Truck:[OfficalTruck3] Start moving to ORDER(3):NorthPitMine-LoadSite4, move distance is 5.34, speed: 25
2025-09-11 21:07:54,206 [INFO] Truck: Time:<77.17366060799006> Truck:[OfficalTruck3] is facing 7.958773387861302 mins delay caused by 5 pre-existing jam events on Road from NorthPitMine-DumpSite5 to NorthPitMine-LoadSite4
2025-09-11 21:07:54,210 [INFO] Truck: Time:<78.18662816418957> Truck:[XHTruck4] Arrived at NorthPitMine-LoadSite4 at 78.18662816418957
2025-09-11 21:07:54,210 [DEBUG] Truck: Time:<78.36523169449968> Truck:[OfficalTruck6] Arrived at NorthPitMine-DumpSite5 at 78.36523169449968
2025-09-11 21:07:54,210 [INFO] Truck: Time:<78.71140103401889> Truck:[CLTruck19] is facing 1.9172422384466108 mins delay caused by 5 pre-existing jam events on Road from NorthPitMine-DumpSite5 to NorthPitMine-LoadSite4
2025-09-11 21:07:54,210 [INFO] Truck: Time:<79.0203495268721> Truck:[XHTruck18] is facing 0.9789490501532798 mins delay caused by 1 pre-existing jam events on Road from NorthPitMine-DumpSite1 to NorthPitMine-LoadSite3
2025-09-11 21:07:54,210 [DEBUG] Truck: Time:<79.20415489824181> Truck:[CLTruck24] Arrived at NorthPitMine-DumpSite1 at 79.20415489824181
2025-09-11 21:07:54,210 [INFO] Truck: Time:<79.36523169449968> Truck:[OfficalTruck6] Finish unloading at dumper NorthPitMine-DumpSite5-点位0, dumper tons is 1242.1767151948873
2025-09-11 21:07:54,210 [DEBUG] Truck: Time:<79.36523169449968> Truck:[OfficalTruck6] Start moving to ORDER(3):NorthPitMine-LoadSite4, move distance is 5.34, speed: 25
2025-09-11 21:07:54,210 [INFO] Truck: Time:<79.36523169449968> Truck:[OfficalTruck6] is facing 6.946361297165363 mins delay caused by 6 pre-existing jam events on Road from NorthPitMine-DumpSite5 to NorthPitMine-LoadSite4
2025-09-11 21:07:54,210 [INFO] Truck: Time:<79.42539703102037> Truck:[CLTruck9] Arrived at NorthPitMine-LoadSite4 at 79.42539703102037
2025-09-11 21:07:54,210 [INFO] Truck: Time:<79.83082451403627> Truck:[CLTruck28] is facing 15.355366200812309 mins delay caused by 3 pre-existing jam events on Road from NorthPitMine-LoadSite4 to NorthPitMine-DumpSite2
2025-09-11 21:07:54,210 [INFO] Truck: Time:<79.9796796536117> Truck:[OfficalTruck5] Finish loading at shovel NorthPitMine-LoadSite3-Shovel-1
2025-09-11 21:07:54,210 [DEBUG] Truck: Time:<79.9796796536117> Truck:[OfficalTruck5] Start moving to ORDER(4): NorthPitMine-DumpSite5, move distance is 2.659550428152215, speed: 25
2025-09-11 21:07:54,210 [INFO] Truck: Time:<67> Truck:[OfficalTruck5] breakdown for 11.952913045531206 minutes at 67
2025-09-11 21:07:54,210 [INFO] Truck: Time:<79.9796796536117> Truck:[CLTruck22] Start loading at shovel NorthPitMine-LoadSite3-Shovel-1, load time is 2.5836614173228347
2025-09-11 21:07:54,210 [INFO] Truck: Time:<80.20415489824181> Truck:[CLTruck24] Finish unloading at dumper NorthPitMine-DumpSite1-点位0, dumper tons is 862.7865016700895
2025-09-11 21:07:54,222 [INFO] Road: [RoadEvent] Road from NorthPitMine-DumpSite1 to NorthPitMine-LoadSite4 is in repair，the repair will last for 26.74 mins, and will end at 106.94, vehicle on this road will have to suffer punish_distance.
2025-09-11 21:07:54,222 [DEBUG] Truck: Time:<80.20415489824181> Truck:[CLTruck24] Start moving to ORDER(3):NorthPitMine-LoadSite4, move distance is 4.71489211191519, speed: 25
2025-09-11 21:07:54,222 [INFO] Truck: Time:<63> Truck:[CLTruck24] breakdown for 11.171974490878526 minutes at 63
2025-09-11 21:07:54,222 [DEBUG] Truck: Time:<80.44726731101603> Truck:[CLTruck17] Arrived at NorthPitMine-DumpSite5 at 80.44726731101603
2025-09-11 21:07:54,222 [DEBUG] Truck: Time:<80.97918545943361> Truck:[XHTruck16] Arrived at NorthPitMine-DumpSite5 at 80.97918545943361
2025-09-11 21:07:54,226 [INFO] Truck: Time:<81.04126431088659> Truck:[CLTruck10] is facing 12.473984598245996 mins delay caused by 3 pre-existing jam events on Road from NorthPitMine-LoadSite4 to NorthPitMine-DumpSite2
2025-09-11 21:07:54,226 [INFO] Truck: Time:<81.09605955470276> Truck:[CLTruck23] Arrived at NorthPitMine-LoadSite4 at 81.09605955470276
2025-09-11 21:07:54,228 [INFO] Truck: Time:<81.23436163115602> Truck:[CLTruck8] Arrived at NorthPitMine-LoadSite3 at 81.23436163115602
2025-09-11 21:07:54,228 [DEBUG] Truck: Time:<81.23495169571434> Truck:[XHTruck11] Arrived at NorthPitMine-DumpSite5 at 81.23495169571434
2025-09-11 21:07:54,228 [INFO] Truck: Time:<81.44726731101603> Truck:[CLTruck17] Finish unloading at dumper NorthPitMine-DumpSite5-点位0, dumper tons is 1278.7845113865415
2025-09-11 21:07:54,228 [DEBUG] Truck: Time:<81.44726731101603> Truck:[CLTruck17] Start moving to ORDER(3):NorthPitMine-LoadSite4, move distance is 5.34, speed: 25
2025-09-11 21:07:54,228 [INFO] Truck: Time:<80> Truck:[CLTruck17] breakdown for 7.930674977730867 minutes at 80
2025-09-11 21:07:54,228 [INFO] Truck: Time:<81.75822222222223> Truck:[XHTruck15] Finish loading at shovel NorthPitMine-LoadSite3-Shovel-3
2025-09-11 21:07:54,230 [DEBUG] Truck: Time:<81.75822222222223> Truck:[XHTruck15] Start moving to ORDER(4): NorthPitMine-DumpSite5, move distance is 2.863229761719373, speed: 25
2025-09-11 21:07:54,230 [INFO] Truck: Time:<73> Truck:[XHTruck15] breakdown for 5.632771631777346 minutes at 73
2025-09-11 21:07:54,230 [INFO] Truck: Time:<81.75822222222223> Truck:[XHTruck31] Start loading at shovel NorthPitMine-LoadSite3-Shovel-3, load time is 24.444444444444443
2025-09-11 21:07:54,230 [INFO] Truck: Time:<81.97918545943361> Truck:[XHTruck16] Finish unloading at dumper NorthPitMine-DumpSite5-点位1, dumper tons is 341.448505314972
2025-09-11 21:07:54,230 [DEBUG] Truck: Time:<81.97918545943361> Truck:[XHTruck16] Start moving to ORDER(3):NorthPitMine-LoadSite4, move distance is 5.34, speed: 25
2025-09-11 21:07:54,230 [INFO] Truck: Time:<81.97918545943361> Truck:[XHTruck16] is facing 12.407089479305718 mins delay caused by 5 pre-existing jam events on Road from NorthPitMine-DumpSite5 to NorthPitMine-LoadSite4
2025-09-11 21:07:54,232 [INFO] Truck: Time:<82.14827951496892> Truck:[XHTruck28] Arrived at NorthPitMine-LoadSite4 at 82.14827951496892
2025-09-11 21:07:54,232 [INFO] Truck: Time:<82.20309991279727> Truck:[OfficalTruck9] Finish loading at shovel NorthPitMine-LoadSite4-Shovel-1
2025-09-11 21:07:54,232 [DEBUG] Truck: Time:<82.20309991279727> Truck:[OfficalTruck9] Start moving to ORDER(1): NorthPitMine-DumpSite2, move distance is 1.17, speed: 25
2025-09-11 21:07:54,232 [INFO] Truck: Time:<76> Truck:[OfficalTruck9] breakdown for 10.291239988849778 minutes at 76
2025-09-11 21:07:54,232 [INFO] Truck: Time:<82.20309991279727> Truck:[XHTruck4] Start loading at shovel NorthPitMine-LoadSite4-Shovel-1, load time is 4.060039370078741
2025-09-11 21:07:54,232 [INFO] Truck: Time:<82.23495169571434> Truck:[XHTruck11] Finish unloading at dumper NorthPitMine-DumpSite5-点位2, dumper tons is 118.29959582031458
2025-09-11 21:07:54,232 [INFO] Road: [RoadEvent] Road from NorthPitMine-DumpSite5 to NorthPitMine-LoadSite4 is in repair，the repair will last for 42.42 mins, and will end at 124.65, vehicle on this road will have to suffer punish_distance.
2025-09-11 21:07:54,238 [DEBUG] Truck: Time:<82.23495169571434> Truck:[XHTruck11] Start moving to ORDER(3):NorthPitMine-LoadSite4, move distance is 8.465133781069936, speed: 25
2025-09-11 21:07:54,238 [INFO] Truck: Time:<81> Truck:[XHTruck11] breakdown for 13.572589468372716 minutes at 81
2025-09-11 21:07:54,238 [INFO] Truck: Time:<82.56334107093453> Truck:[CLTruck22] Finish loading at shovel NorthPitMine-LoadSite3-Shovel-1
2025-09-11 21:07:54,238 [DEBUG] Truck: Time:<82.56334107093453> Truck:[CLTruck22] Start moving to ORDER(4): NorthPitMine-DumpSite5, move distance is 2.982058570428582, speed: 25
2025-09-11 21:07:54,238 [INFO] Truck: Time:<68> Truck:[CLTruck22] breakdown for 7.3472471922536045 minutes at 68
2025-09-11 21:07:54,238 [INFO] Truck: Time:<82.56334107093453> Truck:[XHTruck13] Start loading at shovel NorthPitMine-LoadSite3-Shovel-1, load time is 4.060039370078741
2025-09-11 21:07:54,238 [INFO] Truck: Time:<83.07443281352276> Truck:[CLTruck14] Arrived at NorthPitMine-LoadSite4 at 83.07443281352276
2025-09-11 21:07:54,238 [INFO] Truck: Time:<83.31444133809613> Truck:[XHTruck23] Arrived at NorthPitMine-LoadSite4 at 83.31444133809613
2025-09-11 21:07:54,238 [DEBUG] Truck: Time:<83.72490096808714> Truck:[XHTruck7] Arrived at NorthPitMine-DumpSite5 at 83.72490096808714
2025-09-11 21:07:54,247 [INFO] Truck: Time:<84.31581832010474> Truck:[CLTruck16] Arrived at NorthPitMine-LoadSite4 at 84.31581832010474
2025-09-11 21:07:54,247 [INFO] Truck: Time:<84.72490096808714> Truck:[XHTruck7] Finish unloading at dumper NorthPitMine-DumpSite5-点位0, dumper tons is 1338.0060765642693
2025-09-11 21:07:54,247 [DEBUG] Truck: Time:<84.72490096808714> Truck:[XHTruck7] Start moving to ORDER(3):NorthPitMine-LoadSite4, move distance is 7.3866709835650175, speed: 25
2025-09-11 21:07:54,247 [INFO] Truck: Time:<84.72490096808714> Truck:[XHTruck7] is facing 8.640015181613364 mins delay caused by 6 pre-existing jam events on Road from NorthPitMine-DumpSite5 to NorthPitMine-LoadSite4
2025-09-11 21:07:54,247 [INFO] Truck: Time:<84.8624921012415> Truck:[XHTruck32] Arrived at NorthPitMine-LoadSite4 at 84.8624921012415
2025-09-11 21:07:54,253 [DEBUG] Truck: Time:<85.22459635605503> Truck:[XHTruck22] Arrived at NorthPitMine-DumpSite2 at 85.22459635605503
2025-09-11 21:07:54,253 [INFO] Truck: Time:<85.424> Truck:[XHTruck30] Finish loading at shovel NorthPitMine-LoadSite4-Shovel-2
2025-09-11 21:07:54,254 [INFO] Truck: Time:<85.424> Truck:[XHTruck19] Finish loading at shovel NorthPitMine-LoadSite4-Shovel-3
2025-09-11 21:07:54,255 [DEBUG] Truck: Time:<85.424> Truck:[XHTruck30] Start moving to ORDER(1): NorthPitMine-DumpSite2, move distance is 1.17, speed: 25
2025-09-11 21:07:54,255 [INFO] Truck: Time:<67> Truck:[XHTruck30] breakdown for 7.117405914857432 minutes at 67
2025-09-11 21:07:54,256 [DEBUG] Truck: Time:<85.424> Truck:[XHTruck19] Start moving to ORDER(1): NorthPitMine-DumpSite2, move distance is 1.17, speed: 25
2025-09-11 21:07:54,256 [INFO] Truck: Time:<68> Truck:[XHTruck19] breakdown for 6.948885519378257 minutes at 68
2025-09-11 21:07:54,256 [INFO] Truck: Time:<85.424> Truck:[CLTruck11] Start loading at shovel NorthPitMine-LoadSite4-Shovel-2, load time is 15.555555555555555
2025-09-11 21:07:54,257 [INFO] Truck: Time:<85.424> Truck:[XHTruck25] Start loading at shovel NorthPitMine-LoadSite4-Shovel-3, load time is 24.444444444444443
2025-09-11 21:07:54,257 [DEBUG] Truck: Time:<85.56856255743367> Truck:[CLTruck2] Arrived at NorthPitMine-DumpSite1 at 85.56856255743367
2025-09-11 21:07:54,260 [INFO] Truck: Time:<86.22459635605503> Truck:[XHTruck22] Finish unloading at dumper NorthPitMine-DumpSite2-点位0, dumper tons is 762.8154587293236
2025-09-11 21:07:54,262 [DEBUG] Truck: Time:<86.22459635605503> Truck:[XHTruck22] Start moving to ORDER(4):NorthPitMine-LoadSite5, move distance is 7.641513749197313, speed: 25
2025-09-11 21:07:54,262 [INFO] Truck: Time:<82> Truck:[XHTruck22] breakdown for 12.185690747430204 minutes at 82
2025-09-11 21:07:54,262 [INFO] Truck: Time:<86.26313928287601> Truck:[XHTruck4] Finish loading at shovel NorthPitMine-LoadSite4-Shovel-1
2025-09-11 21:07:54,263 [DEBUG] Truck: Time:<86.26313928287601> Truck:[XHTruck4] Start moving to ORDER(1): NorthPitMine-DumpSite2, move distance is 1.17, speed: 25
2025-09-11 21:07:54,263 [INFO] Truck: Time:<71> Truck:[XHTruck4] breakdown for 7.535786073747282 minutes at 71
2025-09-11 21:07:54,264 [INFO] Truck: Time:<86.26313928287601> Truck:[CLTruck9] Start loading at shovel NorthPitMine-LoadSite4-Shovel-1, load time is 2.5836614173228347
2025-09-11 21:07:54,264 [DEBUG] Truck: Time:<86.4159775762418> Truck:[XHTruck21] Arrived at NorthPitMine-DumpSite5 at 86.4159775762418
2025-09-11 21:07:54,264 [INFO] Truck: Time:<86.56856255743367> Truck:[CLTruck2] Finish unloading at dumper NorthPitMine-DumpSite1-点位0, dumper tons is 899.2340424167138
2025-09-11 21:07:54,264 [DEBUG] Truck: Time:<86.56856255743367> Truck:[CLTruck2] Start moving to ORDER(2):NorthPitMine-LoadSite3, move distance is 3.907919379446892, speed: 25
2025-09-11 21:07:54,264 [INFO] Truck: Time:<79> Truck:[CLTruck2] breakdown for 10.348075407837237 minutes at 79
2025-09-11 21:07:54,264 [INFO] Truck: Time:<86.62338044101327> Truck:[XHTruck13] Finish loading at shovel NorthPitMine-LoadSite3-Shovel-1
2025-09-11 21:07:54,264 [DEBUG] Truck: Time:<86.62338044101327> Truck:[XHTruck13] Start moving to ORDER(4): NorthPitMine-DumpSite5, move distance is 2.7954249061569194, speed: 25
2025-09-11 21:07:54,264 [INFO] Truck: Time:<79> Truck:[XHTruck13] breakdown for 11.321413734449337 minutes at 79
2025-09-11 21:07:54,264 [INFO] Truck: Time:<86.62338044101327> Truck:[XHTruck10] Start loading at shovel NorthPitMine-LoadSite3-Shovel-1, load time is 4.060039370078741
2025-09-11 21:07:54,264 [DEBUG] Truck: Time:<86.94091953166469> Truck:[CLTruck15] Arrived at NorthPitMine-DumpSite5 at 86.94091953166469
2025-09-11 21:07:54,269 [INFO] Truck: Time:<87.4159775762418> Truck:[XHTruck21] Finish unloading at dumper NorthPitMine-DumpSite5-点位0, dumper tons is 1390.902931367897
2025-09-11 21:07:54,269 [DEBUG] Truck: Time:<87.4159775762418> Truck:[XHTruck21] Start moving to ORDER(3):NorthPitMine-LoadSite4, move distance is 5.878128864121914, speed: 25
2025-09-11 21:07:54,269 [INFO] Truck: Time:<87.4159775762418> Truck:[XHTruck21] is facing 12.377485787514466 mins delay caused by 7 pre-existing jam events on Road from NorthPitMine-DumpSite5 to NorthPitMine-LoadSite4
2025-09-11 21:07:54,269 [INFO] Truck: Time:<87.94091953166469> Truck:[CLTruck15] Finish unloading at dumper NorthPitMine-DumpSite5-点位1, dumper tons is 373.6692407908873
2025-09-11 21:07:54,269 [DEBUG] Truck: Time:<87.94091953166469> Truck:[CLTruck15] Start moving to ORDER(3):NorthPitMine-LoadSite4, move distance is 6.76355701074392, speed: 25
2025-09-11 21:07:54,269 [INFO] Truck: Time:<87.94091953166469> Truck:[CLTruck15] is facing 10.610750740544685 mins delay caused by 6 pre-existing jam events on Road from NorthPitMine-DumpSite5 to NorthPitMine-LoadSite4
2025-09-11 21:07:54,269 [INFO] Truck: Time:<88.81780737106041> Truck:[OfficalTruck4] is facing 0 mins delay caused by 4 pre-existing jam events on Road from NorthPitMine-DumpSite2 to NorthPitMine-LoadSite5
2025-09-11 21:07:54,269 [INFO] Truck: Time:<88.84680070019884> Truck:[CLTruck9] Finish loading at shovel NorthPitMine-LoadSite4-Shovel-1
2025-09-11 21:07:54,269 [DEBUG] Truck: Time:<88.84680070019884> Truck:[CLTruck9] Start moving to ORDER(1): NorthPitMine-DumpSite2, move distance is 1.17, speed: 25
2025-09-11 21:07:54,269 [INFO] Truck: Time:<85> Truck:[CLTruck9] breakdown for 11.48942402637448 minutes at 85
2025-09-11 21:07:54,269 [INFO] Truck: Time:<88.84680070019884> Truck:[CLTruck14] Start loading at shovel NorthPitMine-LoadSite4-Shovel-1, load time is 2.5836614173228347
2025-09-11 21:07:54,269 [INFO] Truck: Time:<89.37794228874691> Truck:[CLTruck17] is facing 8.889230662105659 mins delay caused by 6 pre-existing jam events on Road from NorthPitMine-DumpSite5 to NorthPitMine-LoadSite4
2025-09-11 21:07:54,269 [INFO] Truck: Time:<89.43352859343209> Truck:[CLTruck13] is facing 16.405261721334973 mins delay caused by 2 pre-existing jam events on Road from NorthPitMine-LoadSite4 to NorthPitMine-DumpSite2
2025-09-11 21:07:54,269 [DEBUG] Truck: Time:<89.80341557475619> Truck:[CLTruck18] Arrived at NorthPitMine-DumpSite2 at 89.80341557475619
2025-09-11 21:07:54,269 [INFO] Truck: Time:<90.07859009479701> Truck:[XHTruck2] Arrived at NorthPitMine-LoadSite3 at 90.07859009479701
2025-09-11 21:07:54,269 [INFO] Truck: Time:<90.32> Truck:[XHTruck29] Finish loading at shovel NorthPitMine-LoadSite2-Shovel-2
2025-09-11 21:07:54,269 [INFO] Road: [RoadEvent] Road from NorthPitMine-LoadSite2 to NorthPitMine-DumpSite5 is in repair，the repair will last for 58.18 mins, and will end at 148.50, vehicle on this road will have to suffer punish_distance.
2025-09-11 21:07:54,269 [DEBUG] Truck: Time:<90.32> Truck:[XHTruck29] Start moving to ORDER(4): NorthPitMine-DumpSite5, move distance is 4.513176231730546, speed: 25
2025-09-11 21:07:54,269 [INFO] Truck: Time:<88> Truck:[XHTruck29] breakdown for 3.5136056090124415 minutes at 88
2025-09-11 21:07:54,269 [DEBUG] Truck: Time:<90.4156912431602> Truck:[XHTruck5] Arrived at NorthPitMine-DumpSite2 at 90.4156912431602
2025-09-11 21:07:54,269 [INFO] Truck: Time:<90.68341981109201> Truck:[XHTruck10] Finish loading at shovel NorthPitMine-LoadSite3-Shovel-1
2025-09-11 21:07:54,285 [DEBUG] Truck: Time:<90.68341981109201> Truck:[XHTruck10] Start moving to ORDER(4): NorthPitMine-DumpSite5, move distance is 2.889461025218914, speed: 25
2025-09-11 21:07:54,285 [INFO] Truck: Time:<72> Truck:[XHTruck10] breakdown for 7.567236205032927 minutes at 72
2025-09-11 21:07:54,285 [INFO] Truck: Time:<90.68341981109201> Truck:[CLTruck25] Start loading at shovel NorthPitMine-LoadSite3-Shovel-1, load time is 2.5836614173228347
2025-09-11 21:07:54,285 [INFO] Truck: Time:<90.80341557475619> Truck:[CLTruck18] Finish unloading at dumper NorthPitMine-DumpSite2-点位0, dumper tons is 799.8108330715272
2025-09-11 21:07:54,285 [DEBUG] Truck: Time:<90.80341557475619> Truck:[CLTruck18] Start moving to ORDER(2):NorthPitMine-LoadSite3, move distance is 3.41, speed: 25
2025-09-11 21:07:54,285 [INFO] Truck: Time:<78> Truck:[CLTruck18] breakdown for 12.48846359049264 minutes at 78
2025-09-11 21:07:54,285 [INFO] Truck: Time:<90.93487227261448> Truck:[XHTruck18] Arrived at NorthPitMine-LoadSite3 at 90.93487227261448
2025-09-11 21:07:54,285 [INFO] Truck: Time:<91.2629826228605> Truck:[CLTruck12] is facing 12.861751320715829 mins delay caused by 2 pre-existing jam events on Road from NorthPitMine-LoadSite4 to NorthPitMine-DumpSite2
2025-09-11 21:07:54,285 [INFO] Truck: Time:<91.4156912431602> Truck:[XHTruck5] Finish unloading at dumper NorthPitMine-DumpSite2-点位1, dumper tons is 234.9581026106523
2025-09-11 21:07:54,285 [DEBUG] Truck: Time:<91.4156912431602> Truck:[XHTruck5] Start moving to ORDER(4):NorthPitMine-LoadSite5, move distance is 5.59, speed: 25
2025-09-11 21:07:54,285 [INFO] Truck: Time:<88> Truck:[XHTruck5] breakdown for 8.768167968334724 minutes at 88
2025-09-11 21:07:54,285 [INFO] Truck: Time:<91.43046211752167> Truck:[CLTruck14] Finish loading at shovel NorthPitMine-LoadSite4-Shovel-1
2025-09-11 21:07:54,285 [DEBUG] Truck: Time:<91.43046211752167> Truck:[CLTruck14] Start moving to ORDER(1): NorthPitMine-DumpSite2, move distance is 1.17, speed: 25
2025-09-11 21:07:54,285 [INFO] Truck: Time:<87> Truck:[CLTruck14] breakdown for 11.695048262873009 minutes at 87
2025-09-11 21:07:54,285 [INFO] Truck: Time:<91.43046211752167> Truck:[XHTruck23] Start loading at shovel NorthPitMine-LoadSite4-Shovel-1, load time is 4.060039370078741
2025-09-11 21:07:54,285 [INFO] Truck: Time:<91.49099115917568> Truck:[XHTruck12] Arrived at NorthPitMine-LoadSite5 at 91.49099115917568
2025-09-11 21:07:54,285 [INFO] Truck: Time:<91.49099115917568> Truck:[XHTruck12] Start loading at shovel NorthPitMine-LoadSite5-Shovel-1, load time is 4.060039370078741
2025-09-11 21:07:54,298 [INFO] Truck: Time:<92.09066666666666> Truck:[CLTruck6] Finish loading at shovel NorthPitMine-LoadSite4-Shovel-4
2025-09-11 21:07:54,298 [INFO] Truck: Time:<92.09066666666666> Truck:[CLTruck27] Finish loading at shovel NorthPitMine-LoadSite4-Shovel-5
2025-09-11 21:07:54,298 [DEBUG] Truck: Time:<92.09066666666666> Truck:[CLTruck6] Start moving to ORDER(1): NorthPitMine-DumpSite2, move distance is 1.17, speed: 25
2025-09-11 21:07:54,298 [INFO] Truck: Time:<50> Truck:[CLTruck6] breakdown for 12.884620818426333 minutes at 50
2025-09-11 21:07:54,298 [DEBUG] Truck: Time:<92.09066666666666> Truck:[CLTruck27] Start moving to ORDER(1): NorthPitMine-DumpSite2, move distance is 1.17, speed: 25
2025-09-11 21:07:54,298 [INFO] Truck: Time:<85> Truck:[CLTruck27] breakdown for 11.45772322638694 minutes at 85
2025-09-11 21:07:54,298 [INFO] Truck: Time:<92.09066666666666> Truck:[XHTruck14] Start loading at shovel NorthPitMine-LoadSite4-Shovel-4, load time is 24.444444444444443
2025-09-11 21:07:54,298 [INFO] Truck: Time:<92.09066666666666> Truck:[OfficalTruck1] Start loading at shovel NorthPitMine-LoadSite4-Shovel-5, load time is 34.22222222222222
2025-09-11 21:07:54,301 [INFO] Truck: Time:<92.37288551937826> Truck:[XHTruck19] is facing 11.247358090670087 mins delay caused by 2 pre-existing jam events on Road from NorthPitMine-LoadSite4 to NorthPitMine-DumpSite2
2025-09-11 21:07:54,301 [INFO] Truck: Time:<92.49433990164705> Truck:[OfficalTruck9] is facing 11.004449326132498 mins delay caused by 2 pre-existing jam events on Road from NorthPitMine-LoadSite4 to NorthPitMine-DumpSite2
2025-09-11 21:07:54,301 [INFO] Truck: Time:<92.54140591485744> Truck:[XHTruck30] is facing 10.910317299711732 mins delay caused by 2 pre-existing jam events on Road from NorthPitMine-LoadSite4 to NorthPitMine-DumpSite2
2025-09-11 21:07:54,301 [INFO] Truck: Time:<92.80671754425876> Truck:[XHTruck33] Arrived at NorthPitMine-LoadSite4 at 92.80671754425876
2025-09-11 21:07:54,306 [INFO] Truck: Time:<93.23437567928957> Truck:[XHTruck3] Arrived at NorthPitMine-LoadSite5 at 93.23437567928957
2025-09-11 21:07:54,306 [INFO] Truck: Time:<93.23437567928957> Truck:[XHTruck3] Start loading at shovel NorthPitMine-LoadSite5-Shovel-2, load time is 4.060039370078741
2025-09-11 21:07:54,306 [INFO] Truck: Time:<93.26708122841484> Truck:[CLTruck25] Finish loading at shovel NorthPitMine-LoadSite3-Shovel-1
2025-09-11 21:07:54,307 [DEBUG] Truck: Time:<93.26708122841484> Truck:[CLTruck25] Start moving to ORDER(4): NorthPitMine-DumpSite5, move distance is 2.520970186770424, speed: 25
2025-09-11 21:07:54,307 [INFO] Truck: Time:<69> Truck:[CLTruck25] breakdown for 7.119268038303561 minutes at 69
2025-09-11 21:07:54,307 [INFO] Truck: Time:<93.26708122841484> Truck:[CLTruck8] Start loading at shovel NorthPitMine-LoadSite3-Shovel-1, load time is 2.5836614173228347
2025-09-11 21:07:54,307 [INFO] Truck: Time:<93.7989253566233> Truck:[XHTruck4] is facing 13.028509669800568 mins delay caused by 3 pre-existing jam events on Road from NorthPitMine-LoadSite4 to NorthPitMine-DumpSite2
2025-09-11 21:07:54,307 [DEBUG] Truck: Time:<93.9092907956161> Truck:[OfficalTruck7] Arrived at NorthPitMine-DumpSite1 at 93.9092907956161
2025-09-11 21:07:54,309 [DEBUG] Truck: Time:<94.26274528212608> Truck:[XHTruck15] Arrived at NorthPitMine-DumpSite5 at 94.26274528212608
2025-09-11 21:07:54,309 [INFO] Truck: Time:<94.35609010817038> Shovel NorthPitMine-LoadSite3-Shovel-2 maintenance completed
2025-09-11 21:07:54,310 [DEBUG] Truck: Time:<94.35609010817038> Truck:[OfficalTruck8] Start moving to ORDER(4): NorthPitMine-DumpSite5, move distance is 2.6605350289507608, speed: 25
2025-09-11 21:07:54,310 [INFO] Truck: Time:<86> Truck:[OfficalTruck8] breakdown for 10.685267716686624 minutes at 86
2025-09-11 21:07:54,310 [INFO] Truck: Time:<94.35609010817038> Truck:[CLTruck21] Start loading at shovel NorthPitMine-LoadSite3-Shovel-2, load time is 15.555555555555555
2025-09-11 21:07:54,310 [INFO] Truck: Time:<94.9092907956161> Truck:[OfficalTruck7] Finish unloading at dumper NorthPitMine-DumpSite1-点位0, dumper tons is 981.0735605222521
2025-09-11 21:07:54,310 [DEBUG] Truck: Time:<94.9092907956161> Truck:[OfficalTruck7] Start moving to ORDER(2):NorthPitMine-LoadSite3, move distance is 4.355979952755923, speed: 25
2025-09-11 21:07:54,313 [INFO] Truck: Time:<95.26274528212608> Truck:[XHTruck15] Finish unloading at dumper NorthPitMine-DumpSite5-点位0, dumper tons is 1444.5651205047036
2025-09-11 21:07:54,314 [DEBUG] Truck: Time:<95.26274528212608> Truck:[XHTruck15] Start moving to ORDER(3):NorthPitMine-LoadSite4, move distance is 7.9104151877771605, speed: 25
2025-09-11 21:07:54,314 [INFO] Truck: Time:<95> Truck:[XHTruck15] breakdown for 2.3978730849319074 minutes at 95
2025-09-11 21:07:54,314 [INFO] Truck: Time:<95.49050148760041> Truck:[XHTruck23] Finish loading at shovel NorthPitMine-LoadSite4-Shovel-1
2025-09-11 21:07:54,314 [DEBUG] Truck: Time:<95.49050148760041> Truck:[XHTruck23] Start moving to ORDER(1): NorthPitMine-DumpSite2, move distance is 1.17, speed: 25
2025-09-11 21:07:54,314 [INFO] Truck: Time:<95.49050148760041> Truck:[XHTruck23] is facing 9.645357407846344 mins delay caused by 2 pre-existing jam events on Road from NorthPitMine-LoadSite4 to NorthPitMine-DumpSite2
2025-09-11 21:07:54,315 [INFO] Truck: Time:<95.49050148760041> Truck:[XHTruck33] Start loading at shovel NorthPitMine-LoadSite4-Shovel-1, load time is 4.060039370078741
2025-09-11 21:07:54,315 [INFO] Truck: Time:<95.55103052925442> Truck:[XHTruck12] Finish loading at shovel NorthPitMine-LoadSite5-Shovel-1
2025-09-11 21:07:54,315 [DEBUG] Truck: Time:<95.55103052925442> Truck:[XHTruck12] Start moving to ORDER(0): NorthPitMine-DumpSite1, move distance is 5.15, speed: 25
2025-09-11 21:07:54,316 [INFO] Truck: Time:<95.55103052925442> Truck:[XHTruck12] is facing 0 mins delay caused by 1 pre-existing jam events on Road from NorthPitMine-LoadSite5 to NorthPitMine-DumpSite1
2025-09-11 21:07:54,317 [INFO] Truck: Time:<95.80754116408706> Truck:[XHTruck11] is facing 3.8870067043150716 mins delay caused by 6 pre-existing jam events on Road from NorthPitMine-DumpSite5 to NorthPitMine-LoadSite4
2025-09-11 21:07:54,317 [INFO] Truck: Time:<95.85074264573767> Truck:[CLTruck8] Finish loading at shovel NorthPitMine-LoadSite3-Shovel-1
2025-09-11 21:07:54,317 [INFO] Truck: Time:<95.85074264573767> Shovel NorthPitMine-LoadSite3-Shovel-1 under maintenance for 45.23 minutes
2025-09-11 21:07:54,317 [DEBUG] Truck: Time:<97.03086882261012> Truck:[CLTruck10] Arrived at NorthPitMine-DumpSite2 at 97.03086882261012
2025-09-11 21:07:54,317 [INFO] Truck: Time:<97.05809384441567> Truck:[XHTruck8] Arrived at NorthPitMine-LoadSite5 at 97.05809384441567
2025-09-11 21:07:54,317 [INFO] Truck: Time:<97.05809384441567> Truck:[XHTruck8] Start loading at shovel NorthPitMine-LoadSite5-Shovel-1, load time is 4.060039370078741
2025-09-11 21:07:54,317 [DEBUG] Truck: Time:<97.06752883221672> Truck:[CLTruck22] Arrived at NorthPitMine-DumpSite5 at 97.06752883221672
2025-09-11 21:07:54,317 [INFO] Truck: Time:<97.29441504936831> Truck:[XHTruck3] Finish loading at shovel NorthPitMine-LoadSite5-Shovel-2
2025-09-11 21:07:54,317 [DEBUG] Truck: Time:<97.29441504936831> Truck:[XHTruck3] Start moving to ORDER(0): NorthPitMine-DumpSite1, move distance is 5.15, speed: 25
2025-09-11 21:07:54,317 [INFO] Truck: Time:<91> Truck:[XHTruck3] breakdown for 11.20545546497291 minutes at 91
2025-09-11 21:07:54,317 [INFO] Truck: Time:<97.39369036759939> Truck:[XHTruck20] Arrived at NorthPitMine-LoadSite3 at 97.39369036759939
2025-09-11 21:07:54,317 [INFO] Truck: Time:<97.61122633958841> Truck:[XHTruck24] Arrived at NorthPitMine-LoadSite4 at 97.61122633958841
2025-09-11 21:07:54,317 [INFO] Truck: Time:<97.66061836705798> Truck:[XHTruck15] is facing 2.581651643910708 mins delay caused by 7 pre-existing jam events on Road from NorthPitMine-DumpSite5 to NorthPitMine-LoadSite4
2025-09-11 21:07:54,317 [INFO] Truck: Time:<97.9447941754626> Truck:[XHTruck13] is facing 4.069873976979378 mins delay caused by 2 pre-existing jam events on Road from NorthPitMine-LoadSite3 to NorthPitMine-DumpSite5
2025-09-11 21:07:54,317 [INFO] Truck: Time:<97.94843399585136> Truck:[OfficalTruck3] Arrived at NorthPitMine-LoadSite4 at 97.94843399585136
2025-09-11 21:07:54,329 [INFO] Truck: Time:<98.03086882261012> Truck:[CLTruck10] Finish unloading at dumper NorthPitMine-DumpSite2-点位0, dumper tons is 835.4733591494828
2025-09-11 21:07:54,329 [DEBUG] Truck: Time:<98.03086882261012> Truck:[CLTruck10] Start moving to ORDER(4):NorthPitMine-LoadSite5, move distance is 5.59, speed: 25
2025-09-11 21:07:54,329 [INFO] Truck: Time:<90> Truck:[CLTruck10] breakdown for 12.104782017310464 minutes at 90
2025-09-11 21:07:54,332 [INFO] Truck: Time:<98.06752883221672> Truck:[CLTruck22] Finish unloading at dumper NorthPitMine-DumpSite5-点位0, dumper tons is 1479.5764959449066
2025-09-11 21:07:54,332 [DEBUG] Truck: Time:<98.06752883221672> Truck:[CLTruck22] Start moving to ORDER(3):NorthPitMine-LoadSite4, move distance is 7.868072013359402, speed: 25
2025-09-11 21:07:54,332 [INFO] Truck: Time:<98.06752883221672> Truck:[CLTruck22] is facing 2.2165502951140015 mins delay caused by 8 pre-existing jam events on Road from NorthPitMine-DumpSite5 to NorthPitMine-LoadSite4
2025-09-11 21:07:54,332 [INFO] Truck: Time:<98.1656269689343> Truck:[CLTruck19] Arrived at NorthPitMine-LoadSite4 at 98.1656269689343
2025-09-11 21:07:54,332 [INFO] Truck: Time:<98.25065601612494> Truck:[XHTruck10] is facing 3.585767096221158 mins delay caused by 2 pre-existing jam events on Road from NorthPitMine-LoadSite3 to NorthPitMine-DumpSite5
2025-09-11 21:07:54,332 [DEBUG] Truck: Time:<98.31551372670822> Truck:[OfficalTruck5] Arrived at NorthPitMine-DumpSite5 at 98.31551372670822
2025-09-11 21:07:54,332 [INFO] Truck: Time:<98.41028710348523> Truck:[XHTruck22] is facing 0 mins delay caused by 2 pre-existing jam events on Road from NorthPitMine-DumpSite2 to NorthPitMine-LoadSite5
2025-09-11 21:07:54,332 [INFO] Truck: Time:<98.72500872395166> Truck:[XHTruck26] Arrived at NorthPitMine-LoadSite4 at 98.72500872395166
2025-09-11 21:07:54,341 [DEBUG] Truck: Time:<99.01619915127897> Truck:[CLTruck28] Arrived at NorthPitMine-DumpSite2 at 99.01619915127897
2025-09-11 21:07:54,341 [INFO] Truck: Time:<99.09560397871908> Truck:[CLTruck7] Arrived at NorthPitMine-LoadSite4 at 99.09560397871908
2025-09-11 21:07:54,341 [INFO] Truck: Time:<99.12759299166504> Truck:[OfficalTruck6] Arrived at NorthPitMine-LoadSite4 at 99.12759299166504
2025-09-11 21:07:54,341 [INFO] Truck: Time:<99.2662374036397> Truck:[XHTruck17] Arrived at NorthPitMine-LoadSite5 at 99.2662374036397
2025-09-11 21:07:54,341 [INFO] Truck: Time:<99.2662374036397> Truck:[XHTruck17] Start loading at shovel NorthPitMine-LoadSite5-Shovel-2, load time is 4.060039370078741
2025-09-11 21:07:54,341 [INFO] Truck: Time:<99.31551372670822> Truck:[OfficalTruck5] Finish unloading at dumper NorthPitMine-DumpSite5-点位0, dumper tons is 1552.4368188163924
2025-09-11 21:07:54,341 [DEBUG] Truck: Time:<99.31551372670822> Truck:[OfficalTruck5] Start moving to ORDER(3):NorthPitMine-LoadSite4, move distance is 7.324522963032832, speed: 25
2025-09-11 21:07:54,341 [INFO] Truck: Time:<99.31551372670822> Truck:[OfficalTruck5] is facing 3.874779415081508 mins delay caused by 7 pre-existing jam events on Road from NorthPitMine-DumpSite5 to NorthPitMine-LoadSite4
2025-09-11 21:07:54,341 [INFO] Truck: Time:<99.55054085767915> Truck:[XHTruck33] Finish loading at shovel NorthPitMine-LoadSite4-Shovel-1
2025-09-11 21:07:54,341 [DEBUG] Truck: Time:<99.55054085767915> Truck:[XHTruck33] Start moving to ORDER(1): NorthPitMine-DumpSite2, move distance is 1.17, speed: 25
2025-09-11 21:07:54,341 [INFO] Truck: Time:<99> Truck:[XHTruck33] breakdown for 11.4301368541738 minutes at 99
2025-09-11 21:07:54,341 [INFO] Truck: Time:<99.55054085767915> Truck:[XHTruck24] Start loading at shovel NorthPitMine-LoadSite4-Shovel-1, load time is 4.060039370078741
2025-09-11 21:07:54,341 [INFO] Truck: Time:<99.78215661572357> Truck:[CLTruck26] Arrived at NorthPitMine-LoadSite4 at 99.78215661572357
2025-09-11 21:07:54,341 [INFO] Truck: Time:<100.01619915127897> Truck:[CLTruck28] Finish unloading at dumper NorthPitMine-DumpSite2-点位0, dumper tons is 868.4069650160369
2025-09-11 21:07:54,348 [DEBUG] Truck: Time:<100.01619915127897> Truck:[CLTruck28] Start moving to ORDER(4):NorthPitMine-LoadSite5, move distance is 5.59, speed: 25
2025-09-11 21:07:54,348 [INFO] Truck: Time:<90> Truck:[CLTruck28] breakdown for 15.988084598074368 minutes at 90
2025-09-11 21:07:54,348 [INFO] Truck: Time:<100.17679600761011> Truck:[CLTruck3] Arrived at NorthPitMine-LoadSite4 at 100.17679600761011
2025-09-11 21:07:54,348 [INFO] Truck: Time:<100.18385921149492> Truck:[XHTruck5] is facing 0 mins delay caused by 3 pre-existing jam events on Road from NorthPitMine-DumpSite2 to NorthPitMine-LoadSite5
2025-09-11 21:07:54,348 [INFO] Truck: Time:<100.33622472657332> Truck:[CLTruck9] is facing 6.537858042767419 mins delay caused by 2 pre-existing jam events on Road from NorthPitMine-LoadSite4 to NorthPitMine-DumpSite2
2025-09-11 21:07:54,348 [INFO] Truck: Time:<100.3863492667184> Truck:[CLTruck25] is facing 2.1485465700381656 mins delay caused by 1 pre-existing jam events on Road from NorthPitMine-LoadSite3 to NorthPitMine-DumpSite5
2025-09-11 21:07:54,348 [INFO] Truck: Time:<100.97955555555556> Truck:[CLTruck11] Finish loading at shovel NorthPitMine-LoadSite4-Shovel-2
2025-09-11 21:07:54,348 [DEBUG] Truck: Time:<100.97955555555556> Truck:[CLTruck11] Start moving to ORDER(1): NorthPitMine-DumpSite2, move distance is 1.17, speed: 25
2025-09-11 21:07:54,348 [INFO] Truck: Time:<100> Truck:[CLTruck11] breakdown for 6.279862025410003 minutes at 100
2025-09-11 21:07:54,348 [INFO] Truck: Time:<100.97955555555556> Truck:[XHTruck1] Start loading at shovel NorthPitMine-LoadSite4-Shovel-2, load time is 24.444444444444443
2025-09-11 21:07:54,348 [INFO] Truck: Time:<101.00795670341532> Truck:[OfficalTruck2] Arrived at NorthPitMine-LoadSite4 at 101.00795670341532
2025-09-11 21:07:54,348 [INFO] Truck: Time:<101.1181332144944> Truck:[XHTruck8] Finish loading at shovel NorthPitMine-LoadSite5-Shovel-1
2025-09-11 21:07:54,353 [DEBUG] Truck: Time:<101.1181332144944> Truck:[XHTruck8] Start moving to ORDER(0): NorthPitMine-DumpSite1, move distance is 5.15, speed: 25
2025-09-11 21:07:54,353 [INFO] Truck: Time:<100> Truck:[XHTruck8] breakdown for 14.141864190850832 minutes at 100
2025-09-11 21:07:54,353 [INFO] Truck: Time:<101.44370102283847> Truck:[CLTruck29] Arrived at NorthPitMine-LoadSite4 at 101.44370102283847
2025-09-11 21:07:54,353 [INFO] Truck: Time:<102.69187045771679> Truck:[CLTruck24] Arrived at NorthPitMine-LoadSite4 at 102.69187045771679
2025-09-11 21:07:54,353 [INFO] Truck: Time:<103.12551038039467> Truck:[CLTruck14] is facing 3.2445929691653714 mins delay caused by 3 pre-existing jam events on Road from NorthPitMine-LoadSite4 to NorthPitMine-DumpSite2
2025-09-11 21:07:54,353 [INFO] Truck: Time:<103.32627677371845> Truck:[XHTruck17] Finish loading at shovel NorthPitMine-LoadSite5-Shovel-2
2025-09-11 21:07:54,353 [DEBUG] Truck: Time:<103.32627677371845> Truck:[XHTruck17] Start moving to ORDER(0): NorthPitMine-DumpSite1, move distance is 5.15, speed: 25
2025-09-11 21:07:54,353 [INFO] Truck: Time:<95> Truck:[XHTruck17] breakdown for 9.913105371974535 minutes at 95
2025-09-11 21:07:54,353 [INFO] Truck: Time:<103.54838989305361> Truck:[CLTruck27] is facing 2.2245382520869685 mins delay caused by 3 pre-existing jam events on Road from NorthPitMine-LoadSite4 to NorthPitMine-DumpSite2
2025-09-11 21:07:54,353 [INFO] Truck: Time:<103.6105802277579> Truck:[XHTruck24] Finish loading at shovel NorthPitMine-LoadSite4-Shovel-1
2025-09-11 21:07:54,353 [DEBUG] Truck: Time:<103.6105802277579> Truck:[XHTruck24] Start moving to ORDER(1): NorthPitMine-DumpSite2, move distance is 1.17, speed: 25
2025-09-11 21:07:54,353 [INFO] Truck: Time:<94> Truck:[XHTruck24] breakdown for 8.47951284459294 minutes at 94
2025-09-11 21:07:54,364 [INFO] Truck: Time:<103.6105802277579> Truck:[OfficalTruck3] Start loading at shovel NorthPitMine-LoadSite4-Shovel-1, load time is 5.684055118110236
2025-09-11 21:07:54,364 [DEBUG] Truck: Time:<104.66522856516575> Truck:[XHTruck29] Arrived at NorthPitMine-DumpSite5 at 104.66522856516575
2025-09-11 21:07:54,364 [INFO] Truck: Time:<104.97528748509299> Truck:[CLTruck6] is facing 4.510496928181208 mins delay caused by 3 pre-existing jam events on Road from NorthPitMine-LoadSite4 to NorthPitMine-DumpSite2
2025-09-11 21:07:54,364 [INFO] Truck: Time:<105.041357824857> Truck:[OfficalTruck8] is facing 0 mins delay caused by 1 pre-existing jam events on Road from NorthPitMine-LoadSite3 to NorthPitMine-DumpSite5
2025-09-11 21:07:54,364 [INFO] Truck: Time:<105.36364268223032> Truck:[OfficalTruck7] Arrived at NorthPitMine-LoadSite3 at 105.36364268223032
2025-09-11 21:07:54,364 [INFO] Truck: Time:<105.66522856516575> Truck:[XHTruck29] Finish unloading at dumper NorthPitMine-DumpSite5-点位0, dumper tons is 1612.1010222238806
2025-09-11 21:07:54,364 [DEBUG] Truck: Time:<105.66522856516575> Truck:[XHTruck29] Start moving to ORDER(3):NorthPitMine-LoadSite4, move distance is 8.068668148751266, speed: 25
2025-09-11 21:07:54,364 [INFO] Truck: Time:<99> Truck:[XHTruck29] breakdown for 10.67687030275859 minutes at 99
2025-09-11 21:07:54,364 [INFO] Truck: Time:<106.20266666666667> Truck:[XHTruck31] Finish loading at shovel NorthPitMine-LoadSite3-Shovel-3
2025-09-11 21:07:54,364 [DEBUG] Truck: Time:<106.20266666666667> Truck:[XHTruck31] Start moving to ORDER(4): NorthPitMine-DumpSite5, move distance is 2.6330419531051947, speed: 25
2025-09-11 21:07:54,364 [INFO] Truck: Time:<88> Truck:[XHTruck31] breakdown for 11.696109105476378 minutes at 88
2025-09-11 21:07:54,364 [INFO] Truck: Time:<106.20266666666667> Truck:[CLTruck5] Start loading at shovel NorthPitMine-LoadSite3-Shovel-3, load time is 15.555555555555555
2025-09-11 21:07:54,364 [DEBUG] Truck: Time:<106.25972321456916> Truck:[XHTruck30] Arrived at NorthPitMine-DumpSite2 at 106.25972321456916
2025-09-11 21:07:54,364 [INFO] Truck: Time:<106.29564447594345> Truck:[CLTruck2] Arrived at NorthPitMine-LoadSite3 at 106.29564447594345
2025-09-11 21:07:54,364 [DEBUG] Truck: Time:<106.30678922777955> Truck:[OfficalTruck9] Arrived at NorthPitMine-DumpSite2 at 106.30678922777955
2025-09-11 21:07:54,364 [DEBUG] Truck: Time:<106.42824361004834> Truck:[XHTruck19] Arrived at NorthPitMine-DumpSite2 at 106.42824361004834
2025-09-11 21:07:54,364 [INFO] Truck: Time:<106.54584855517987> Truck:[OfficalTruck4] Arrived at NorthPitMine-LoadSite5 at 106.54584855517987
2025-09-11 21:07:54,364 [INFO] Truck: Time:<106.54584855517987> Truck:[OfficalTruck4] Start loading at shovel NorthPitMine-LoadSite5-Shovel-1, load time is 5.684055118110236
2025-09-11 21:07:54,364 [INFO] Truck: Time:<107.20227493873932> Truck:[XHTruck16] Arrived at NorthPitMine-LoadSite4 at 107.20227493873932
2025-09-11 21:07:54,364 [INFO] Truck: Time:<107.25941758096556> Truck:[CLTruck11] is facing 1.7908377029663007 mins delay caused by 3 pre-existing jam events on Road from NorthPitMine-LoadSite4 to NorthPitMine-DumpSite2
2025-09-11 21:07:54,364 [INFO] Truck: Time:<107.25972321456916> Truck:[XHTruck30] Finish unloading at dumper NorthPitMine-DumpSite2-点位0, dumper tons is 918.664341598615
2025-09-11 21:07:54,379 [DEBUG] Truck: Time:<107.25972321456916> Truck:[XHTruck30] Start moving to ORDER(4):NorthPitMine-LoadSite5, move distance is 5.59, speed: 25
2025-09-11 21:07:54,379 [INFO] Truck: Time:<107.25972321456916> Truck:[XHTruck30] is facing 0 mins delay caused by 1 pre-existing jam events on Road from NorthPitMine-DumpSite2 to NorthPitMine-LoadSite5
2025-09-11 21:07:54,379 [INFO] Truck: Time:<107.30678922777955> Truck:[OfficalTruck9] Finish unloading at dumper NorthPitMine-DumpSite2-点位1, dumper tons is 315.0826735473553
2025-09-11 21:07:54,379 [DEBUG] Truck: Time:<107.30678922777955> Truck:[OfficalTruck9] Start moving to ORDER(4):NorthPitMine-LoadSite5, move distance is 5.59, speed: 25
2025-09-11 21:07:54,379 [INFO] Truck: Time:<107.30678922777955> Truck:[OfficalTruck9] is facing 0 mins delay caused by 1 pre-existing jam events on Road from NorthPitMine-DumpSite2 to NorthPitMine-LoadSite5
2025-09-11 21:07:54,379 [INFO] Truck: Time:<107.42824361004834> Truck:[XHTruck19] Finish unloading at dumper NorthPitMine-DumpSite2-点位2, dumper tons is 95.20740751731533
2025-09-11 21:07:54,379 [DEBUG] Truck: Time:<107.42824361004834> Truck:[XHTruck19] Start moving to ORDER(4):NorthPitMine-LoadSite5, move distance is 5.59, speed: 25
2025-09-11 21:07:54,379 [INFO] Truck: Time:<95> Truck:[XHTruck19] breakdown for 7.558352169765833 minutes at 95
2025-09-11 21:07:54,379 [DEBUG] Truck: Time:<107.86035227245175> Truck:[CLTruck12] Arrived at NorthPitMine-DumpSite2 at 107.86035227245175
2025-09-11 21:07:54,379 [DEBUG] Truck: Time:<107.91103052925442> Truck:[XHTruck12] Arrived at NorthPitMine-DumpSite1 at 107.91103052925442
2025-09-11 21:07:54,379 [DEBUG] Truck: Time:<107.94385889544675> Truck:[XHTruck23] Arrived at NorthPitMine-DumpSite2 at 107.94385889544675
2025-09-11 21:07:54,379 [DEBUG] Truck: Time:<108.58092814514058> Truck:[CLTruck27] Arrived at NorthPitMine-DumpSite2 at 108.58092814514058
2025-09-11 21:07:54,379 [DEBUG] Truck: Time:<108.58522428500558> Truck:[CLTruck25] Arrived at NorthPitMine-DumpSite5 at 108.58522428500558
2025-09-11 21:07:54,379 [DEBUG] Truck: Time:<108.72368792721859> Truck:[XHTruck13] Arrived at NorthPitMine-DumpSite5 at 108.72368792721859
2025-09-11 21:07:54,379 [DEBUG] Truck: Time:<108.77112957287149> Truck:[XHTruck10] Arrived at NorthPitMine-DumpSite5 at 108.77112957287149
2025-09-11 21:07:54,379 [INFO] Truck: Time:<108.86035227245175> Truck:[CLTruck12] Finish unloading at dumper NorthPitMine-DumpSite2-点位0, dumper tons is 955.9240890579508
2025-09-11 21:07:54,379 [DEBUG] Truck: Time:<108.86035227245175> Truck:[CLTruck12] Start moving to ORDER(2):NorthPitMine-LoadSite3, move distance is 3.41, speed: 25
2025-09-11 21:07:54,379 [INFO] Truck: Time:<106> Truck:[CLTruck12] breakdown for 11.899108703655035 minutes at 106
2025-09-11 21:07:54,379 [INFO] Truck: Time:<108.91103052925442> Truck:[XHTruck12] Finish unloading at dumper NorthPitMine-DumpSite1-点位0, dumper tons is 1040.1209089416648
2025-09-11 21:07:54,379 [DEBUG] Truck: Time:<108.91103052925442> Truck:[XHTruck12] Start moving to ORDER(2):NorthPitMine-LoadSite3, move distance is 2.98, speed: 25
2025-09-11 21:07:54,379 [INFO] Truck: Time:<108.94385889544675> Truck:[XHTruck23] Finish unloading at dumper NorthPitMine-DumpSite2-点位1, dumper tons is 372.8540049576111
2025-09-11 21:07:54,379 [INFO] Road: [RoadEvent] Road from NorthPitMine-DumpSite2 to NorthPitMine-LoadSite3 is in repair，the repair will last for 37.34 mins, and will end at 146.29, vehicle on this road will have to suffer punish_distance.
2025-09-11 21:07:54,379 [DEBUG] Truck: Time:<108.94385889544675> Truck:[XHTruck23] Start moving to ORDER(2):NorthPitMine-LoadSite3, move distance is 5.420529162437753, speed: 25
2025-09-11 21:07:54,379 [INFO] Truck: Time:<98> Truck:[XHTruck23] breakdown for 14.641828796620505 minutes at 98
2025-09-11 21:07:54,396 [DEBUG] Truck: Time:<109.17810334956005> Truck:[CLTruck14] Arrived at NorthPitMine-DumpSite2 at 109.17810334956005
2025-09-11 21:07:54,396 [INFO] Truck: Time:<109.29463534586813> Truck:[OfficalTruck3] Finish loading at shovel NorthPitMine-LoadSite4-Shovel-1
2025-09-11 21:07:54,396 [INFO] Truck: Time:<109.29463534586813> Shovel NorthPitMine-LoadSite4-Shovel-1 under maintenance for 49.19 minutes
2025-09-11 21:07:54,396 [INFO] Truck: Time:<109.58092814514058> Truck:[CLTruck27] Finish unloading at dumper NorthPitMine-DumpSite2-点位2, dumper tons is 129.1916893406817
2025-09-11 21:07:54,396 [DEBUG] Truck: Time:<109.58092814514058> Truck:[CLTruck27] Start moving to ORDER(2):NorthPitMine-LoadSite3, move distance is 4.724550357156797, speed: 25
2025-09-11 21:07:54,396 [INFO] Truck: Time:<109.58522428500558> Truck:[CLTruck25] Finish unloading at dumper NorthPitMine-DumpSite5-点位0, dumper tons is 1644.2579807612856
2025-09-11 21:07:54,396 [DEBUG] Truck: Time:<109.58522428500558> Truck:[CLTruck25] Start moving to ORDER(3):NorthPitMine-LoadSite4, move distance is 8.063774362755376, speed: 25
2025-09-11 21:07:54,396 [INFO] Truck: Time:<109.58522428500558> Truck:[CLTruck25] is facing 0 mins delay caused by 1 pre-existing jam events on Road from NorthPitMine-DumpSite5 to NorthPitMine-LoadSite4
2025-09-11 21:07:54,396 [DEBUG] Truck: Time:<109.63543502642386> Truck:[XHTruck4] Arrived at NorthPitMine-DumpSite2 at 109.63543502642386
2025-09-11 21:07:54,396 [DEBUG] Truck: Time:<109.68208276934074> Truck:[CLTruck9] Arrived at NorthPitMine-DumpSite2 at 109.68208276934074
2025-09-11 21:07:54,396 [INFO] Truck: Time:<109.72368792721859> Truck:[XHTruck13] Finish unloading at dumper NorthPitMine-DumpSite5-点位1, dumper tons is 423.2414736091623
2025-09-11 21:07:54,396 [DEBUG] Truck: Time:<109.72368792721859> Truck:[XHTruck13] Start moving to ORDER(3):NorthPitMine-LoadSite4, move distance is 7.634076077768429, speed: 25
2025-09-11 21:07:54,396 [INFO] Truck: Time:<109.72368792721859> Truck:[XHTruck13] is facing 0 mins delay caused by 1 pre-existing jam events on Road from NorthPitMine-DumpSite5 to NorthPitMine-LoadSite4
2025-09-11 21:07:54,396 [DEBUG] Truck: Time:<109.7512219267398> Truck:[CLTruck13] Arrived at NorthPitMine-DumpSite2 at 109.7512219267398
2025-09-11 21:07:54,396 [INFO] Truck: Time:<109.77112957287149> Truck:[XHTruck10] Finish unloading at dumper NorthPitMine-DumpSite5-点位2, dumper tons is 172.0057079745503
2025-09-11 21:07:54,396 [DEBUG] Truck: Time:<109.77112957287149> Truck:[XHTruck10] Start moving to ORDER(3):NorthPitMine-LoadSite4, move distance is 7.357757918455662, speed: 25
2025-09-11 21:07:54,396 [INFO] Truck: Time:<105> Truck:[XHTruck10] breakdown for 10.936143626623975 minutes at 105
2025-09-11 21:07:54,396 [INFO] Truck: Time:<109.86844444444445> Truck:[XHTruck25] Finish loading at shovel NorthPitMine-LoadSite4-Shovel-3
2025-09-11 21:07:54,396 [DEBUG] Truck: Time:<109.86844444444445> Truck:[XHTruck25] Start moving to ORDER(1): NorthPitMine-DumpSite2, move distance is 1.17, speed: 25
2025-09-11 21:07:54,396 [INFO] Truck: Time:<101> Truck:[XHTruck25] breakdown for 11.464195306025076 minutes at 101
2025-09-11 21:07:54,396 [INFO] Truck: Time:<109.86844444444445> Truck:[CLTruck1] Start loading at shovel NorthPitMine-LoadSite4-Shovel-3, load time is 15.555555555555555
2025-09-11 21:07:54,396 [INFO] Truck: Time:<109.91164566372593> Truck:[CLTruck21] Finish loading at shovel NorthPitMine-LoadSite3-Shovel-2
2025-09-11 21:07:54,396 [DEBUG] Truck: Time:<109.91164566372593> Truck:[CLTruck21] Start moving to ORDER(4): NorthPitMine-DumpSite5, move distance is 1.86, speed: 25
2025-09-11 21:07:54,396 [INFO] Truck: Time:<94> Truck:[CLTruck21] breakdown for 8.73039314670369 minutes at 94
2025-09-11 21:07:54,396 [INFO] Truck: Time:<109.91164566372593> Truck:[XHTruck9] Start loading at shovel NorthPitMine-LoadSite3-Shovel-2, load time is 24.444444444444443
2025-09-11 21:07:54,411 [INFO] Truck: Time:<110.13565083992059> Truck:[CLTruck10] is facing 0 mins delay caused by 1 pre-existing jam events on Road from NorthPitMine-DumpSite2 to NorthPitMine-LoadSite5
2025-09-11 21:07:54,411 [INFO] Truck: Time:<110.17810334956005> Truck:[CLTruck14] Finish unloading at dumper NorthPitMine-DumpSite2-点位0, dumper tons is 993.8100529487912
2025-09-11 21:07:54,411 [DEBUG] Truck: Time:<110.17810334956005> Truck:[CLTruck14] Start moving to ORDER(2):NorthPitMine-LoadSite3, move distance is 4.365797814732851, speed: 25
2025-09-11 21:07:54,411 [INFO] Truck: Time:<110> Truck:[CLTruck14] breakdown for 8.912945942182324 minutes at 110
2025-09-11 21:07:54,411 [INFO] Truck: Time:<110.63543502642386> Truck:[XHTruck4] Finish unloading at dumper NorthPitMine-DumpSite2-点位1, dumper tons is 429.2637977460622
2025-09-11 21:07:54,411 [DEBUG] Truck: Time:<110.63543502642386> Truck:[XHTruck4] Start moving to ORDER(2):NorthPitMine-LoadSite3, move distance is 5.151237467843224, speed: 25
2025-09-11 21:07:54,411 [INFO] Truck: Time:<96> Truck:[XHTruck4] breakdown for 13.352603884409444 minutes at 96
2025-09-11 21:07:54,411 [INFO] Truck: Time:<110.68208276934074> Truck:[CLTruck9] Finish unloading at dumper NorthPitMine-DumpSite2-点位2, dumper tons is 167.67560711781792
2025-09-11 21:07:54,411 [DEBUG] Truck: Time:<110.68208276934074> Truck:[CLTruck9] Start moving to ORDER(2):NorthPitMine-LoadSite3, move distance is 4.878131131151955, speed: 25
2025-09-11 21:07:54,411 [INFO] Truck: Time:<110> Truck:[CLTruck9] breakdown for 6.365951558534894 minutes at 110
2025-09-11 21:07:54,411 [INFO] Truck: Time:<110.7512219267398> Truck:[CLTruck13] Finish unloading at dumper NorthPitMine-DumpSite2-点位3, dumper tons is 34.83115182490084
2025-09-11 21:07:54,411 [DEBUG] Truck: Time:<110.7512219267398> Truck:[CLTruck13] Start moving to ORDER(2):NorthPitMine-LoadSite3, move distance is 5.04828299191275, speed: 25
2025-09-11 21:07:54,411 [INFO] Truck: Time:<111.08317295085257> Truck:[CLTruck17] Arrived at NorthPitMine-LoadSite4 at 111.08317295085257
2025-09-11 21:07:54,411 [INFO] Truck: Time:<111.09292651025655> Truck:[XHTruck7] Arrived at NorthPitMine-LoadSite4 at 111.09292651025655
2025-09-11 21:07:54,411 [DEBUG] Truck: Time:<111.42664189433883> Truck:[OfficalTruck8] Arrived at NorthPitMine-DumpSite5 at 111.42664189433883
2025-09-11 21:07:54,411 [INFO] Truck: Time:<111.47587916524883> Truck:[CLTruck18] Arrived at NorthPitMine-LoadSite3 at 111.47587916524883
2025-09-11 21:07:54,411 [DEBUG] Truck: Time:<111.85825528393187> Truck:[CLTruck11] Arrived at NorthPitMine-DumpSite2 at 111.85825528393187
2025-09-11 21:07:54,424 [INFO] Truck: Time:<112.22990367329011> Truck:[OfficalTruck4] Finish loading at shovel NorthPitMine-LoadSite5-Shovel-1
2025-09-11 21:07:54,424 [DEBUG] Truck: Time:<112.22990367329011> Truck:[OfficalTruck4] Start moving to ORDER(0): NorthPitMine-DumpSite1, move distance is 5.15, speed: 25
2025-09-11 21:07:54,424 [INFO] Truck: Time:<94> Truck:[OfficalTruck4] breakdown for 11.331159997257828 minutes at 94
2025-09-11 21:07:54,424 [DEBUG] Truck: Time:<112.2937844132742> Truck:[CLTruck6] Arrived at NorthPitMine-DumpSite2 at 112.2937844132742
2025-09-11 21:07:54,424 [INFO] Truck: Time:<112.42664189433883> Truck:[OfficalTruck8] Finish unloading at dumper NorthPitMine-DumpSite5-点位0, dumper tons is 1714.037203539257
2025-09-11 21:07:54,424 [DEBUG] Truck: Time:<112.42664189433883> Truck:[OfficalTruck8] Start moving to ORDER(3):NorthPitMine-LoadSite4, move distance is 7.673331882278418, speed: 25
2025-09-11 21:07:54,424 [INFO] Truck: Time:<112.42664189433883> Truck:[OfficalTruck8] is facing 0 mins delay caused by 2 pre-existing jam events on Road from NorthPitMine-DumpSite5 to NorthPitMine-LoadSite4
2025-09-11 21:07:54,427 [INFO] Truck: Time:<112.85825528393187> Truck:[CLTruck11] Finish unloading at dumper NorthPitMine-DumpSite2-点位0, dumper tons is 1030.3002059658243
2025-09-11 21:07:54,427 [DEBUG] Truck: Time:<112.85825528393187> Truck:[CLTruck11] Start moving to ORDER(2):NorthPitMine-LoadSite3, move distance is 4.811760411160154, speed: 25
2025-09-11 21:07:54,427 [INFO] Truck: Time:<113.2937844132742> Truck:[CLTruck6] Finish unloading at dumper NorthPitMine-DumpSite2-点位1, dumper tons is 462.0950701795868
2025-09-11 21:07:54,427 [DEBUG] Truck: Time:<113.2937844132742> Truck:[CLTruck6] Start moving to ORDER(2):NorthPitMine-LoadSite3, move distance is 5.087778935221821, speed: 25
2025-09-11 21:07:54,427 [INFO] Truck: Time:<113.59985921149492> Truck:[XHTruck5] Arrived at NorthPitMine-LoadSite5 at 113.59985921149492
2025-09-11 21:07:54,427 [INFO] Truck: Time:<113.59985921149492> Truck:[XHTruck5] Start loading at shovel NorthPitMine-LoadSite5-Shovel-1, load time is 4.060039370078741
2025-09-11 21:07:54,427 [DEBUG] Truck: Time:<113.78867771185296> Truck:[XHTruck33] Arrived at NorthPitMine-DumpSite2 at 113.78867771185296
2025-09-11 21:07:54,427 [INFO] Truck: Time:<113.90097263764886> Truck:[XHTruck21] Arrived at NorthPitMine-LoadSite4 at 113.90097263764886
2025-09-11 21:07:54,427 [INFO] Truck: Time:<114.78420709799478> Truck:[CLTruck15] Arrived at NorthPitMine-LoadSite4 at 114.78420709799478
2025-09-11 21:07:54,427 [INFO] Truck: Time:<114.78867771185296> Truck:[XHTruck33] Finish unloading at dumper NorthPitMine-DumpSite2-点位0, dumper tons is 1086.2443290299705
2025-09-11 21:07:54,427 [DEBUG] Truck: Time:<114.78867771185296> Truck:[XHTruck33] Start moving to ORDER(2):NorthPitMine-LoadSite3, move distance is 4.545656768417117, speed: 25
2025-09-11 21:07:54,427 [DEBUG] Truck: Time:<114.89809307235083> Truck:[XHTruck24] Arrived at NorthPitMine-DumpSite2 at 114.89809307235083
2025-09-11 21:07:54,427 [INFO] Truck: Time:<115.89809307235083> Truck:[XHTruck24] Finish unloading at dumper NorthPitMine-DumpSite2-点位0, dumper tons is 1146.1083067382124
2025-09-11 21:07:54,427 [DEBUG] Truck: Time:<115.89809307235083> Truck:[XHTruck24] Start moving to ORDER(2):NorthPitMine-LoadSite3, move distance is 4.867813768759368, speed: 25
2025-09-11 21:07:54,427 [INFO] Truck: Time:<116.06303052925442> Truck:[XHTruck12] Arrived at NorthPitMine-LoadSite3 at 116.06303052925442
2025-09-11 21:07:54,427 [INFO] Truck: Time:<116.34209886792434> Truck:[XHTruck29] is facing 11.37157684209463 mins delay caused by 3 pre-existing jam events on Road from NorthPitMine-DumpSite5 to NorthPitMine-LoadSite4
2025-09-11 21:07:54,427 [INFO] Truck: Time:<116.5351111111111> Truck:[XHTruck14] Finish loading at shovel NorthPitMine-LoadSite4-Shovel-4
2025-09-11 21:07:54,427 [DEBUG] Truck: Time:<116.5351111111111> Truck:[XHTruck14] Start moving to ORDER(1): NorthPitMine-DumpSite2, move distance is 1.17, speed: 25
2025-09-11 21:07:54,427 [INFO] Truck: Time:<88> Truck:[XHTruck14] breakdown for 13.353656903381456 minutes at 88
2025-09-11 21:07:54,443 [INFO] Truck: Time:<116.5351111111111> Truck:[CLTruck23] Start loading at shovel NorthPitMine-LoadSite4-Shovel-4, load time is 15.555555555555555
2025-09-11 21:07:54,443 [INFO] Truck: Time:<116.74992010155879> Truck:[XHTruck22] Arrived at NorthPitMine-LoadSite5 at 116.74992010155879
2025-09-11 21:07:54,443 [INFO] Truck: Time:<116.74992010155879> Truck:[XHTruck22] Start loading at shovel NorthPitMine-LoadSite5-Shovel-2, load time is 4.060039370078741
2025-09-11 21:07:54,443 [INFO] Truck: Time:<117.65989858157366> Truck:[XHTruck5] Finish loading at shovel NorthPitMine-LoadSite5-Shovel-1
2025-09-11 21:07:54,443 [DEBUG] Truck: Time:<117.65989858157366> Truck:[XHTruck5] Start moving to ORDER(0): NorthPitMine-DumpSite1, move distance is 5.15, speed: 25
2025-09-11 21:07:54,443 [INFO] Truck: Time:<119.16745195939329> Truck:[CLTruck22] Arrived at NorthPitMine-LoadSite4 at 119.16745195939329
2025-09-11 21:07:54,443 [INFO] Truck: Time:<119.22726646163387> Truck:[XHTruck15] Arrived at NorthPitMine-LoadSite4 at 119.22726646163387
2025-09-11 21:07:54,456 [INFO] Truck: Time:<120.01086894296998> Truck:[XHTruck11] Arrived at NorthPitMine-LoadSite4 at 120.01086894296998
2025-09-11 21:07:54,456 [INFO] Truck: Time:<120.67572321456916> Truck:[XHTruck30] Arrived at NorthPitMine-LoadSite5 at 120.67572321456916
2025-09-11 21:07:54,456 [INFO] Truck: Time:<120.67572321456916> Truck:[XHTruck30] Start loading at shovel NorthPitMine-LoadSite5-Shovel-1, load time is 4.060039370078741
2025-09-11 21:07:54,456 [INFO] Truck: Time:<120.70727319949546> Truck:[XHTruck10] is facing 7.482904502721639 mins delay caused by 3 pre-existing jam events on Road from NorthPitMine-DumpSite5 to NorthPitMine-LoadSite4
2025-09-11 21:07:54,456 [INFO] Truck: Time:<120.72278922777954> Truck:[OfficalTruck9] Arrived at NorthPitMine-LoadSite5 at 120.72278922777954
2025-09-11 21:07:54,459 [INFO] Truck: Time:<120.76914825306852> Truck:[OfficalTruck5] Arrived at NorthPitMine-LoadSite4 at 120.76914825306852
2025-09-11 21:07:54,459 [INFO] Truck: Time:<120.80995947163753> Truck:[XHTruck22] Finish loading at shovel NorthPitMine-LoadSite5-Shovel-2
2025-09-11 21:07:54,459 [INFO] Truck: Time:<120.80995947163753> Shovel NorthPitMine-LoadSite5-Shovel-2 under maintenance for 46.50 minutes
2025-09-11 21:07:54,459 [DEBUG] Truck: Time:<120.85987051434122> Truck:[XHTruck3] Arrived at NorthPitMine-DumpSite1 at 120.85987051434122
2025-09-11 21:07:54,459 [INFO] Truck: Time:<120.9198490023169> Truck:[CLTruck27] Arrived at NorthPitMine-LoadSite3 at 120.9198490023169
2025-09-11 21:07:54,459 [INFO] Truck: Time:<121.75822222222223> Truck:[CLTruck5] Finish loading at shovel NorthPitMine-LoadSite3-Shovel-3
2025-09-11 21:07:54,459 [INFO] Truck: Time:<121.75822222222223> Shovel NorthPitMine-LoadSite3-Shovel-3 under maintenance for 39.29 minutes
2025-09-11 21:07:54,459 [INFO] Truck: Time:<121.85987051434122> Truck:[XHTruck3] Finish unloading at dumper NorthPitMine-DumpSite1-点位0, dumper tons is 1100.0604555397147
2025-09-11 21:07:54,459 [DEBUG] Truck: Time:<121.85987051434122> Truck:[XHTruck3] Start moving to ORDER(2):NorthPitMine-LoadSite3, move distance is 2.98, speed: 25
2025-09-11 21:07:54,459 [INFO] Truck: Time:<116> Truck:[XHTruck3] breakdown for 8.840986991360518 minutes at 116
2025-09-11 21:07:54,469 [INFO] Truck: Time:<122.8671011073304> Truck:[CLTruck13] Arrived at NorthPitMine-LoadSite3 at 122.8671011073304
2025-09-11 21:07:54,469 [DEBUG] Truck: Time:<123.10603881042962> Truck:[CLTruck21] Arrived at NorthPitMine-DumpSite5 at 123.10603881042962
2025-09-11 21:07:54,469 [INFO] Truck: Time:<123.55165083992058> Truck:[CLTruck10] Arrived at NorthPitMine-LoadSite5 at 123.55165083992058
2025-09-11 21:07:54,469 [INFO] Truck: Time:<123.56106367054794> Truck:[OfficalTruck4] is facing 13.987090637495372 mins delay caused by 2 pre-existing jam events on Road from NorthPitMine-LoadSite5 to NorthPitMine-DumpSite1
2025-09-11 21:07:54,469 [INFO] Truck: Time:<123.58568769206725> Truck:[XHTruck23] is facing 0 mins delay caused by 1 pre-existing jam events on Road from NorthPitMine-DumpSite2 to NorthPitMine-LoadSite3
2025-09-11 21:07:54,475 [INFO] Truck: Time:<123.98803891083331> Truck:[XHTruck4] is facing 0 mins delay caused by 1 pre-existing jam events on Road from NorthPitMine-DumpSite2 to NorthPitMine-LoadSite3
2025-09-11 21:07:54,475 [INFO] Truck: Time:<124.10603881042962> Truck:[CLTruck21] Finish unloading at dumper NorthPitMine-DumpSite5-点位0, dumper tons is 1747.0601826894401
2025-09-11 21:07:54,475 [DEBUG] Truck: Time:<124.10603881042962> Truck:[CLTruck21] Start moving to ORDER(3):NorthPitMine-LoadSite4, move distance is 8.066733124561674, speed: 25
2025-09-11 21:07:54,475 [INFO] Truck: Time:<124.10603881042962> Truck:[CLTruck21] is facing 3.608933888775879 mins delay caused by 4 pre-existing jam events on Road from NorthPitMine-DumpSite5 to NorthPitMine-LoadSite4
2025-09-11 21:07:54,475 [DEBUG] Truck: Time:<124.14063975046952> Truck:[XHTruck25] Arrived at NorthPitMine-DumpSite2 at 124.14063975046952
2025-09-11 21:07:54,475 [DEBUG] Truck: Time:<124.21807645959552> Truck:[XHTruck31] Arrived at NorthPitMine-DumpSite5 at 124.21807645959552
2025-09-11 21:07:54,475 [INFO] Truck: Time:<124.40648027071623> Truck:[CLTruck11] Arrived at NorthPitMine-LoadSite3 at 124.40648027071623
2025-09-11 21:07:54,475 [INFO] Truck: Time:<124.7357625846479> Truck:[XHTruck30] Finish loading at shovel NorthPitMine-LoadSite5-Shovel-1
2025-09-11 21:07:54,475 [INFO] Road: [RoadEvent] Road from NorthPitMine-LoadSite5 to NorthPitMine-DumpSite1 is in repair，the repair will last for 58.70 mins, and will end at 183.43, vehicle on this road will have to suffer punish_distance.
2025-09-11 21:07:54,475 [DEBUG] Truck: Time:<124.7357625846479> Truck:[XHTruck30] Start moving to ORDER(0): NorthPitMine-DumpSite1, move distance is 6.7836435563042965, speed: 25
2025-09-11 21:07:54,475 [INFO] Truck: Time:<124.7357625846479> Truck:[XHTruck30] is facing 8.452102054338589 mins delay caused by 3 pre-existing jam events on Road from NorthPitMine-LoadSite5 to NorthPitMine-DumpSite1
2025-09-11 21:07:54,475 [INFO] Truck: Time:<124.7357625846479> Truck:[OfficalTruck9] Start loading at shovel NorthPitMine-LoadSite5-Shovel-1, load time is 5.684055118110236
2025-09-11 21:07:54,491 [INFO] Truck: Time:<125.14063975046952> Truck:[XHTruck25] Finish unloading at dumper NorthPitMine-DumpSite2-点位0, dumper tons is 1197.4248040533923
2025-09-11 21:07:54,491 [DEBUG] Truck: Time:<125.14063975046952> Truck:[XHTruck25] Start moving to ORDER(2):NorthPitMine-LoadSite3, move distance is 4.012515664759739, speed: 25
2025-09-11 21:07:54,491 [INFO] Truck: Time:<125.14063975046952> Truck:[XHTruck25] is facing 0 mins delay caused by 2 pre-existing jam events on Road from NorthPitMine-DumpSite2 to NorthPitMine-LoadSite3
2025-09-11 21:07:54,491 [INFO] Truck: Time:<125.21807645959552> Truck:[XHTruck31] Finish unloading at dumper NorthPitMine-DumpSite5-点位0, dumper tons is 1804.6961518072164
2025-09-11 21:07:54,491 [DEBUG] Truck: Time:<125.21807645959552> Truck:[XHTruck31] Start moving to ORDER(3):NorthPitMine-LoadSite4, move distance is 5.34, speed: 25
2025-09-11 21:07:54,491 [INFO] Truck: Time:<125.21807645959552> Truck:[XHTruck31] is facing 4.324544387964833 mins delay caused by 3 pre-existing jam events on Road from NorthPitMine-DumpSite5 to NorthPitMine-LoadSite4
2025-09-11 21:07:54,491 [INFO] Truck: Time:<125.424> Truck:[XHTruck1] Finish loading at shovel NorthPitMine-LoadSite4-Shovel-2
2025-09-11 21:07:54,491 [INFO] Truck: Time:<125.424> Truck:[CLTruck1] Finish loading at shovel NorthPitMine-LoadSite4-Shovel-3
2025-09-11 21:07:54,491 [DEBUG] Truck: Time:<125.424> Truck:[XHTruck1] Start moving to ORDER(1): NorthPitMine-DumpSite2, move distance is 1.17, speed: 25
2025-09-11 21:07:54,491 [INFO] Truck: Time:<96> Truck:[XHTruck1] breakdown for 9.62993190097138 minutes at 96
2025-09-11 21:07:54,491 [DEBUG] Truck: Time:<125.424> Truck:[CLTruck1] Start moving to ORDER(1): NorthPitMine-DumpSite2, move distance is 1.17, speed: 25
2025-09-11 21:07:54,491 [INFO] Truck: Time:<94> Truck:[CLTruck1] breakdown for 11.623329137966481 minutes at 94
2025-09-11 21:07:54,491 [INFO] Truck: Time:<125.424> Truck:[CLTruck16] Start loading at shovel NorthPitMine-LoadSite4-Shovel-2, load time is 15.555555555555555
2025-09-11 21:07:54,491 [INFO] Truck: Time:<125.424> Truck:[XHTruck32] Start loading at shovel NorthPitMine-LoadSite4-Shovel-3, load time is 24.444444444444443
2025-09-11 21:07:54,491 [INFO] Truck: Time:<125.50445385780657> Truck:[CLTruck6] Arrived at NorthPitMine-LoadSite3 at 125.50445385780657
2025-09-11 21:07:54,491 [DEBUG] Truck: Time:<125.59938214569299> Truck:[XHTruck17] Arrived at NorthPitMine-DumpSite1 at 125.59938214569299
2025-09-11 21:07:54,491 [INFO] Truck: Time:<125.69825395605403> Truck:[XHTruck33] Arrived at NorthPitMine-LoadSite3 at 125.69825395605403
2025-09-11 21:07:54,506 [INFO] Truck: Time:<126.31288888888889> Truck:[OfficalTruck1] Finish loading at shovel NorthPitMine-LoadSite4-Shovel-5
2025-09-11 21:07:54,506 [DEBUG] Truck: Time:<126.31288888888889> Truck:[OfficalTruck1] Start moving to ORDER(1): NorthPitMine-DumpSite2, move distance is 1.17, speed: 25
2025-09-11 21:07:54,506 [INFO] Truck: Time:<119> Truck:[OfficalTruck1] breakdown for 15.801245781281656 minutes at 119
2025-09-11 21:07:54,506 [INFO] Truck: Time:<126.31288888888889> Truck:[XHTruck28] Start loading at shovel NorthPitMine-LoadSite4-Shovel-5, load time is 24.444444444444443
2025-09-11 21:07:54,506 [INFO] Truck: Time:<126.59938214569299> Truck:[XHTruck17] Finish unloading at dumper NorthPitMine-DumpSite1-点位0, dumper tons is 1157.5979070388598
2025-09-11 21:07:54,506 [DEBUG] Truck: Time:<126.59938214569299> Truck:[XHTruck17] Start moving to ORDER(2):NorthPitMine-LoadSite3, move distance is 2.98, speed: 25
2025-09-11 21:07:54,506 [INFO] Truck: Time:<120> Truck:[XHTruck17] breakdown for 10.48743668394944 minutes at 120
2025-09-11 21:07:54,506 [INFO] Truck: Time:<127.58084611737331> Truck:[XHTruck24] Arrived at NorthPitMine-LoadSite3 at 127.58084611737331
2025-09-11 21:07:54,506 [DEBUG] Truck: Time:<127.61999740534525> Truck:[XHTruck8] Arrived at NorthPitMine-DumpSite1 at 127.61999740534525
2025-09-11 21:07:54,506 [INFO] Truck: Time:<128.04547051386282> Truck:[XHTruck13] Arrived at NorthPitMine-LoadSite4 at 128.04547051386282
2025-09-11 21:07:54,506 [INFO] Truck: Time:<128.40259577981416> Truck:[XHTruck19] Arrived at NorthPitMine-LoadSite5 at 128.40259577981416
2025-09-11 21:07:54,506 [INFO] Truck: Time:<128.61999740534526> Truck:[XHTruck8] Finish unloading at dumper NorthPitMine-DumpSite1-点位0, dumper tons is 1215.1502710884647
2025-09-11 21:07:54,522 [DEBUG] Truck: Time:<128.61999740534526> Truck:[XHTruck8] Start moving to ORDER(2):NorthPitMine-LoadSite3, move distance is 2.98, speed: 25
2025-09-11 21:07:54,522 [INFO] Truck: Time:<120> Truck:[XHTruck8] breakdown for 7.517127466672049 minutes at 120
2025-09-11 21:07:54,522 [INFO] Truck: Time:<128.75554904264033> Truck:[CLTruck9] Arrived at NorthPitMine-LoadSite3 at 128.75554904264033
2025-09-11 21:07:54,522 [INFO] Truck: Time:<128.93828275561847> Truck:[CLTruck25] Arrived at NorthPitMine-LoadSite4 at 128.93828275561847
2025-09-11 21:07:54,525 [INFO] Truck: Time:<128.9434609761068> Truck:[CLTruck12] Arrived at NorthPitMine-LoadSite3 at 128.9434609761068
2025-09-11 21:07:54,525 [INFO] Truck: Time:<129.42028374935333> Truck:[CLTruck28] Arrived at NorthPitMine-LoadSite5 at 129.42028374935333
2025-09-11 21:07:54,532 [INFO] Truck: Time:<129.56896404710122> Truck:[CLTruck14] Arrived at NorthPitMine-LoadSite3 at 129.56896404710122
2025-09-11 21:07:54,532 [DEBUG] Truck: Time:<130.01989858157367> Truck:[XHTruck5] Arrived at NorthPitMine-DumpSite1 at 130.01989858157367
2025-09-11 21:07:54,532 [INFO] Truck: Time:<130.41981770275814> Truck:[OfficalTruck9] Finish loading at shovel NorthPitMine-LoadSite5-Shovel-1
2025-09-11 21:07:54,532 [DEBUG] Truck: Time:<130.41981770275814> Truck:[OfficalTruck9] Start moving to ORDER(0): NorthPitMine-DumpSite1, move distance is 7.017632852048542, speed: 25
2025-09-11 21:07:54,532 [INFO] Truck: Time:<124> Truck:[OfficalTruck9] breakdown for 9.420337765117381 minutes at 124
2025-09-11 21:07:54,532 [INFO] Truck: Time:<130.41981770275814> Truck:[XHTruck19] Start loading at shovel NorthPitMine-LoadSite5-Shovel-1, load time is 4.060039370078741
2025-09-11 21:07:54,532 [INFO] Truck: Time:<130.84263841180703> Truck:[OfficalTruck8] Arrived at NorthPitMine-LoadSite4 at 130.84263841180703
2025-09-11 21:07:54,543 [INFO] Truck: Time:<131.01989858157367> Truck:[XHTruck5] Finish unloading at dumper NorthPitMine-DumpSite1-点位0, dumper tons is 1274.7427857530445
2025-09-11 21:07:54,543 [DEBUG] Truck: Time:<131.01989858157367> Truck:[XHTruck5] Start moving to ORDER(2):NorthPitMine-LoadSite3, move distance is 2.98, speed: 25
2025-09-11 21:07:54,543 [INFO] Truck: Time:<132.09066666666666> Truck:[CLTruck23] Finish loading at shovel NorthPitMine-LoadSite4-Shovel-4
2025-09-11 21:07:54,543 [DEBUG] Truck: Time:<132.09066666666666> Truck:[CLTruck23] Start moving to ORDER(1): NorthPitMine-DumpSite2, move distance is 1.17, speed: 25
2025-09-11 21:07:54,543 [INFO] Truck: Time:<131> Truck:[CLTruck23] breakdown for 9.312278567445185 minutes at 131
2025-09-11 21:07:54,543 [INFO] Truck: Time:<132.09066666666666> Truck:[CLTruck19] Start loading at shovel NorthPitMine-LoadSite4-Shovel-4, load time is 15.555555555555555
2025-09-11 21:07:54,543 [DEBUG] Truck: Time:<132.69676801449256> Truck:[XHTruck14] Arrived at NorthPitMine-DumpSite2 at 132.69676801449256
2025-09-11 21:07:54,543 [INFO] Truck: Time:<133.69676801449256> Truck:[XHTruck14] Finish unloading at dumper NorthPitMine-DumpSite2-点位0, dumper tons is 1255.3614099143608
2025-09-11 21:07:54,543 [DEBUG] Truck: Time:<133.69676801449256> Truck:[XHTruck14] Start moving to ORDER(2):NorthPitMine-LoadSite3, move distance is 4.549961394778294, speed: 25
2025-09-11 21:07:54,553 [INFO] Truck: Time:<133.69676801449256> Truck:[XHTruck14] is facing 4.713690646840395 mins delay caused by 1 pre-existing jam events on Road from NorthPitMine-DumpSite2 to NorthPitMine-LoadSite3
2025-09-11 21:07:54,553 [INFO] Truck: Time:<134.35609010817038> Truck:[XHTruck9] Finish loading at shovel NorthPitMine-LoadSite3-Shovel-2
2025-09-11 21:07:54,553 [DEBUG] Truck: Time:<134.35609010817038> Truck:[XHTruck9] Start moving to ORDER(4): NorthPitMine-DumpSite5, move distance is 1.86, speed: 25
2025-09-11 21:07:54,553 [INFO] Truck: Time:<106> Truck:[XHTruck9] breakdown for 10.143409019539742 minutes at 106
2025-09-11 21:07:54,553 [INFO] Truck: Time:<134.35609010817038> Truck:[XHTruck27] Start loading at shovel NorthPitMine-LoadSite3-Shovel-2, load time is 24.444444444444443
2025-09-11 21:07:54,553 [INFO] Truck: Time:<134.47985707283686> Truck:[XHTruck19] Finish loading at shovel NorthPitMine-LoadSite5-Shovel-1
2025-09-11 21:07:54,553 [DEBUG] Truck: Time:<134.47985707283686> Truck:[XHTruck19] Start moving to ORDER(0): NorthPitMine-DumpSite1, move distance is 7.269995080896699, speed: 25
2025-09-11 21:07:54,553 [INFO] Truck: Time:<130> Truck:[XHTruck19] breakdown for 8.21469062857362 minutes at 130
2025-09-11 21:07:54,553 [INFO] Truck: Time:<134.47985707283686> Truck:[CLTruck28] Start loading at shovel NorthPitMine-LoadSite5-Shovel-1, load time is 2.5836614173228347
2025-09-11 21:07:54,553 [INFO] Truck: Time:<134.7706773458929> Truck:[XHTruck25] Arrived at NorthPitMine-LoadSite3 at 134.7706773458929
2025-09-11 21:07:54,563 [INFO] Truck: Time:<136.1371248720173> Truck:[XHTruck8] is facing 1.4905286049603799 mins delay caused by 1 pre-existing jam events on Road from NorthPitMine-DumpSite1 to NorthPitMine-LoadSite3
2025-09-11 21:07:54,563 [INFO] Truck: Time:<136.35100883365703> Truck:[XHTruck4] Arrived at NorthPitMine-LoadSite3 at 136.35100883365703
2025-09-11 21:07:54,563 [INFO] Truck: Time:<136.59495768191786> Truck:[XHTruck23] Arrived at NorthPitMine-LoadSite3 at 136.59495768191786
2025-09-11 21:07:54,563 [INFO] Truck: Time:<137.0635184901597> Truck:[CLTruck28] Finish loading at shovel NorthPitMine-LoadSite5-Shovel-1
2025-09-11 21:07:54,563 [DEBUG] Truck: Time:<137.0635184901597> Truck:[CLTruck28] Start moving to ORDER(0): NorthPitMine-DumpSite1, move distance is 7.647643819354346, speed: 25
2025-09-11 21:07:54,563 [INFO] Truck: Time:<118> Truck:[CLTruck28] breakdown for 11.43313949702387 minutes at 118
2025-09-11 21:07:54,563 [INFO] Truck: Time:<137.08681882964243> Truck:[XHTruck17] is facing 0.5408346473352506 mins delay caused by 1 pre-existing jam events on Road from NorthPitMine-DumpSite1 to NorthPitMine-LoadSite3
2025-09-11 21:07:54,563 [INFO] Truck: Time:<137.85285750570173> Truck:[XHTruck3] Arrived at NorthPitMine-LoadSite3 at 137.85285750570173
2025-09-11 21:07:54,563 [DEBUG] Truck: Time:<137.86193190097137> Truck:[XHTruck1] Arrived at NorthPitMine-DumpSite2 at 137.86193190097137
2025-09-11 21:07:54,574 [INFO] Truck: Time:<138.17189858157366> Truck:[XHTruck5] Arrived at NorthPitMine-LoadSite3 at 138.17189858157366
2025-09-11 21:07:54,574 [INFO] Truck: Time:<138.86193190097137> Truck:[XHTruck1] Finish unloading at dumper NorthPitMine-DumpSite2-点位0, dumper tons is 1311.6381260918447
2025-09-11 21:07:54,574 [DEBUG] Truck: Time:<138.86193190097137> Truck:[XHTruck1] Start moving to ORDER(2):NorthPitMine-LoadSite3, move distance is 4.835826944864398, speed: 25
2025-09-11 21:07:54,574 [INFO] Truck: Time:<138.86193190097137> Truck:[XHTruck1] is facing 0 mins delay caused by 1 pre-existing jam events on Road from NorthPitMine-DumpSite2 to NorthPitMine-LoadSite3
2025-09-11 21:07:54,582 [DEBUG] Truck: Time:<139.8553291379665> Truck:[CLTruck1] Arrived at NorthPitMine-DumpSite2 at 139.8553291379665
2025-09-11 21:07:54,582 [INFO] Truck: Time:<140.8553291379665> Truck:[CLTruck1] Finish unloading at dumper NorthPitMine-DumpSite2-点位0, dumper tons is 1346.7209201271794
2025-09-11 21:07:54,584 [DEBUG] Truck: Time:<140.8553291379665> Truck:[CLTruck1] Start moving to ORDER(2):NorthPitMine-LoadSite3, move distance is 5.007145006833376, speed: 25
2025-09-11 21:07:54,584 [INFO] Truck: Time:<138> Truck:[CLTruck1] breakdown for 5.786260086358863 minutes at 138
2025-09-11 21:07:54,584 [INFO] Truck: Time:<140.97955555555555> Truck:[CLTruck16] Finish loading at shovel NorthPitMine-LoadSite4-Shovel-2
2025-09-11 21:07:54,584 [INFO] Truck: Time:<140.97955555555555> Shovel NorthPitMine-LoadSite4-Shovel-2 under maintenance for 45.39 minutes
2025-09-11 21:07:54,584 [INFO] Truck: Time:<141.07683050992193> Shovel NorthPitMine-LoadSite3-Shovel-1 maintenance completed
2025-09-11 21:07:54,584 [INFO] Road: [RoadEvent] Road from NorthPitMine-LoadSite3 to NorthPitMine-DumpSite5 is in repair，the repair will last for 53.95 mins, and will end at 195.02, vehicle on this road will have to suffer punish_distance.
2025-09-11 21:07:54,584 [DEBUG] Truck: Time:<141.07683050992193> Truck:[CLTruck8] Start moving to ORDER(4): NorthPitMine-DumpSite5, move distance is 2.82576859188731, speed: 25
2025-09-11 21:07:54,584 [INFO] Truck: Time:<128> Truck:[CLTruck8] breakdown for 7.078954118174399 minutes at 128
2025-09-11 21:07:54,584 [INFO] Truck: Time:<141.07683050992193> Truck:[XHTruck2] Start loading at shovel NorthPitMine-LoadSite3-Shovel-1, load time is 4.060039370078741
2025-09-11 21:07:54,594 [INFO] Truck: Time:<142.35862084756036> Truck:[XHTruck31] Arrived at NorthPitMine-LoadSite4 at 142.35862084756036
2025-09-11 21:07:54,594 [INFO] Truck: Time:<142.6945477014105> Truck:[XHTruck19] is facing 0 mins delay caused by 2 pre-existing jam events on Road from NorthPitMine-LoadSite5 to NorthPitMine-DumpSite1
2025-09-11 21:07:54,594 [DEBUG] Truck: Time:<144.21094523411185> Truck:[CLTruck23] Arrived at NorthPitMine-DumpSite2 at 144.21094523411185
2025-09-11 21:07:54,594 [INFO] Truck: Time:<144.77965347697767> Truck:[XHTruck8] Arrived at NorthPitMine-LoadSite3 at 144.77965347697767
2025-09-11 21:07:54,594 [INFO] Truck: Time:<144.77965347697767> Truck:[XHTruck17] Arrived at NorthPitMine-LoadSite3 at 144.77965347697767
2025-09-11 21:07:54,594 [DEBUG] Truck: Time:<144.92213467017055> Truck:[OfficalTruck1] Arrived at NorthPitMine-DumpSite2 at 144.92213467017055
2025-09-11 21:07:54,604 [INFO] Truck: Time:<145.1368698800007> Truck:[XHTruck2] Finish loading at shovel NorthPitMine-LoadSite3-Shovel-1
2025-09-11 21:07:54,604 [DEBUG] Truck: Time:<145.1368698800007> Truck:[XHTruck2] Start moving to ORDER(4): NorthPitMine-DumpSite5, move distance is 2.6619467336368166, speed: 25
2025-09-11 21:07:54,604 [INFO] Truck: Time:<145> Truck:[XHTruck2] breakdown for 3.8762824336962876 minutes at 145
2025-09-11 21:07:54,604 [INFO] Truck: Time:<145.1368698800007> Truck:[XHTruck18] Start loading at shovel NorthPitMine-LoadSite3-Shovel-1, load time is 4.060039370078741
2025-09-11 21:07:54,607 [INFO] Truck: Time:<145.21094523411185> Truck:[CLTruck23] Finish unloading at dumper NorthPitMine-DumpSite2-点位0, dumper tons is 1383.383065642615
2025-09-11 21:07:54,609 [INFO] Road: [RoadEvent] Road from NorthPitMine-DumpSite2 to NorthPitMine-LoadSite5 is in repair，the repair will last for 72.83 mins, and will end at 218.04, vehicle on this road will have to suffer punish_distance.
2025-09-11 21:07:54,609 [DEBUG] Truck: Time:<145.21094523411185> Truck:[CLTruck23] Start moving to ORDER(4):NorthPitMine-LoadSite5, move distance is 7.978558565625397, speed: 25
2025-09-11 21:07:54,609 [INFO] Truck: Time:<145.21094523411185> Truck:[CLTruck23] is facing 0 mins delay caused by 1 pre-existing jam events on Road from NorthPitMine-DumpSite2 to NorthPitMine-LoadSite5
2025-09-11 21:07:54,609 [INFO] Truck: Time:<145.84879670651068> Truck:[XHTruck10] Arrived at NorthPitMine-LoadSite4 at 145.84879670651068
2025-09-11 21:07:54,609 [INFO] Truck: Time:<145.92213467017055> Truck:[OfficalTruck1] Finish unloading at dumper NorthPitMine-DumpSite2-点位1, dumper tons is 537.9933500425366
2025-09-11 21:07:54,611 [DEBUG] Truck: Time:<145.92213467017055> Truck:[OfficalTruck1] Start moving to ORDER(4):NorthPitMine-LoadSite5, move distance is 8.047229820458421, speed: 25
2025-09-11 21:07:54,613 [INFO] Truck: Time:<146.64158922432534> Truck:[CLTruck1] is facing 0 mins delay caused by 1 pre-existing jam events on Road from NorthPitMine-DumpSite2 to NorthPitMine-LoadSite3
2025-09-11 21:07:54,614 [INFO] Truck: Time:<147.0751321981535> Truck:[CLTruck21] Arrived at NorthPitMine-LoadSite4 at 147.0751321981535
2025-09-11 21:07:54,614 [INFO] Truck: Time:<147.078479267022> Truck:[XHTruck29] Arrived at NorthPitMine-LoadSite4 at 147.078479267022
2025-09-11 21:07:54,614 [INFO] Truck: Time:<147.6462222222222> Truck:[CLTruck19] Finish loading at shovel NorthPitMine-LoadSite4-Shovel-4
2025-09-11 21:07:54,616 [INFO] Road: [RoadEvent] Road from NorthPitMine-LoadSite4 to NorthPitMine-DumpSite2 is in repair，the repair will last for 48.84 mins, and will end at 196.49, vehicle on this road will have to suffer punish_distance.
2025-09-11 21:07:54,618 [DEBUG] Truck: Time:<147.6462222222222> Truck:[CLTruck19] Start moving to ORDER(1): NorthPitMine-DumpSite2, move distance is 1.5449100402291378, speed: 25
2025-09-11 21:07:54,618 [INFO] Truck: Time:<100> Truck:[CLTruck19] breakdown for 9.63714270107964 minutes at 100
2025-09-11 21:07:54,618 [INFO] Truck: Time:<147.6462222222222> Truck:[CLTruck29] Start loading at shovel NorthPitMine-LoadSite4-Shovel-4, load time is 15.555555555555555
2025-09-11 21:07:54,620 [INFO] Truck: Time:<148.49665798718357> Truck:[CLTruck28] is facing 0 mins delay caused by 1 pre-existing jam events on Road from NorthPitMine-LoadSite5 to NorthPitMine-DumpSite1
2025-09-11 21:07:54,620 [DEBUG] Truck: Time:<148.96349912771012> Truck:[XHTruck9] Arrived at NorthPitMine-DumpSite5 at 148.96349912771012
2025-09-11 21:07:54,625 [INFO] Truck: Time:<149.19690925007944> Truck:[XHTruck18] Finish loading at shovel NorthPitMine-LoadSite3-Shovel-1
2025-09-11 21:07:54,625 [DEBUG] Truck: Time:<149.19690925007944> Truck:[XHTruck18] Start moving to ORDER(4): NorthPitMine-DumpSite5, move distance is 2.543351983270453, speed: 25
2025-09-11 21:07:54,625 [INFO] Truck: Time:<149> Truck:[XHTruck18] breakdown for 12.673677322132063 minutes at 149
2025-09-11 21:07:54,625 [INFO] Truck: Time:<149.19690925007944> Truck:[XHTruck20] Start loading at shovel NorthPitMine-LoadSite3-Shovel-1, load time is 4.060039370078741
2025-09-11 21:07:54,625 [INFO] Truck: Time:<149.33036600880087> Truck:[XHTruck14] Arrived at NorthPitMine-LoadSite3 at 149.33036600880087
2025-09-11 21:07:54,625 [DEBUG] Truck: Time:<149.4686091741168> Truck:[XHTruck30] Arrived at NorthPitMine-DumpSite1 at 149.4686091741168
2025-09-11 21:07:54,625 [INFO] Truck: Time:<149.86844444444444> Truck:[XHTruck32] Finish loading at shovel NorthPitMine-LoadSite4-Shovel-3
2025-09-11 21:07:54,625 [DEBUG] Truck: Time:<149.86844444444444> Truck:[XHTruck32] Start moving to ORDER(1): NorthPitMine-DumpSite2, move distance is 1.5808071876029692, speed: 25
2025-09-11 21:07:54,625 [INFO] Truck: Time:<138> Truck:[XHTruck32] breakdown for 12.24379783156705 minutes at 138
2025-09-11 21:07:54,625 [INFO] Truck: Time:<149.86844444444444> Truck:[CLTruck3] Start loading at shovel NorthPitMine-LoadSite4-Shovel-3, load time is 15.555555555555555
2025-09-11 21:07:54,635 [DEBUG] Truck: Time:<149.90815430804332> Truck:[OfficalTruck4] Arrived at NorthPitMine-DumpSite1 at 149.90815430804332
2025-09-11 21:07:54,635 [INFO] Truck: Time:<149.96349912771012> Truck:[XHTruck9] Finish unloading at dumper NorthPitMine-DumpSite5-点位0, dumper tons is 1863.4116392909068
2025-09-11 21:07:54,635 [DEBUG] Truck: Time:<149.96349912771012> Truck:[XHTruck9] Start moving to ORDER(3):NorthPitMine-LoadSite4, move distance is 5.34, speed: 25
2025-09-11 21:07:54,635 [INFO] Truck: Time:<150.46791656864593> Truck:[XHTruck1] Arrived at NorthPitMine-LoadSite3 at 150.46791656864593
2025-09-11 21:07:54,635 [INFO] Truck: Time:<150.4686091741168> Truck:[XHTruck30] Finish unloading at dumper NorthPitMine-DumpSite1-点位0, dumper tons is 1324.3563414031903
2025-09-11 21:07:54,635 [DEBUG] Truck: Time:<150.4686091741168> Truck:[XHTruck30] Start moving to ORDER(3):NorthPitMine-LoadSite4, move distance is 3.41, speed: 25
2025-09-11 21:07:54,635 [INFO] Truck: Time:<145> Truck:[XHTruck30] breakdown for 9.335529454653523 minutes at 145
2025-09-11 21:07:54,645 [INFO] Truck: Time:<150.75733333333335> Truck:[XHTruck28] Finish loading at shovel NorthPitMine-LoadSite4-Shovel-5
2025-09-11 21:07:54,645 [DEBUG] Truck: Time:<150.75733333333335> Truck:[XHTruck28] Start moving to ORDER(1): NorthPitMine-DumpSite2, move distance is 1.580442860350464, speed: 25
2025-09-11 21:07:54,645 [INFO] Truck: Time:<115> Truck:[XHTruck28] breakdown for 19.122791801317188 minutes at 115
2025-09-11 21:07:54,645 [INFO] Truck: Time:<150.75733333333335> Truck:[XHTruck26] Start loading at shovel NorthPitMine-LoadSite4-Shovel-5, load time is 24.444444444444443
2025-09-11 21:07:54,645 [INFO] Truck: Time:<150.90815430804332> Truck:[OfficalTruck4] Finish unloading at dumper NorthPitMine-DumpSite1-点位1, dumper tons is 393.5263742938175
2025-09-11 21:07:54,645 [DEBUG] Truck: Time:<150.90815430804332> Truck:[OfficalTruck4] Start moving to ORDER(3):NorthPitMine-LoadSite4, move distance is 3.41, speed: 25
2025-09-11 21:07:54,645 [INFO] Truck: Time:<147> Truck:[OfficalTruck4] breakdown for 8.744285614545271 minutes at 147
2025-09-11 21:07:54,655 [INFO] Truck: Time:<153.2569486201582> Truck:[XHTruck20] Finish loading at shovel NorthPitMine-LoadSite3-Shovel-1
2025-09-11 21:07:54,655 [DEBUG] Truck: Time:<153.2569486201582> Truck:[XHTruck20] Start moving to ORDER(4): NorthPitMine-DumpSite5, move distance is 2.492141531332718, speed: 25
2025-09-11 21:07:54,655 [INFO] Truck: Time:<148> Truck:[XHTruck20] breakdown for 11.266992931586945 minutes at 148
2025-09-11 21:07:54,655 [INFO] Truck: Time:<153.2569486201582> Truck:[OfficalTruck7] Start loading at shovel NorthPitMine-LoadSite3-Shovel-1, load time is 5.684055118110236
2025-09-11 21:07:54,655 [DEBUG] Truck: Time:<154.93762924862588> Truck:[CLTruck8] Arrived at NorthPitMine-DumpSite5 at 154.93762924862588
2025-09-11 21:07:54,655 [DEBUG] Truck: Time:<155.40182447442533> Truck:[XHTruck2] Arrived at NorthPitMine-DumpSite5 at 155.40182447442533
2025-09-11 21:07:54,655 [INFO] Truck: Time:<155.93762924862588> Truck:[CLTruck8] Finish unloading at dumper NorthPitMine-DumpSite5-点位0, dumper tons is 1894.9764034935351
2025-09-11 21:07:54,666 [INFO] Road: [RoadEvent] Road from NorthPitMine-DumpSite5 to NorthPitMine-LoadSite4 is in repair，the repair will last for 70.72 mins, and will end at 226.66, vehicle on this road will have to suffer punish_distance.
2025-09-11 21:07:54,666 [DEBUG] Truck: Time:<155.93762924862588> Truck:[CLTruck8] Start moving to ORDER(3):NorthPitMine-LoadSite4, move distance is 7.063776661179459, speed: 25
2025-09-11 21:07:54,666 [INFO] Truck: Time:<156.40182447442533> Truck:[XHTruck2] Finish unloading at dumper NorthPitMine-DumpSite5-点位1, dumper tons is 473.1260748813828
2025-09-11 21:07:54,666 [DEBUG] Truck: Time:<156.40182447442533> Truck:[XHTruck2] Start moving to ORDER(3):NorthPitMine-LoadSite4, move distance is 7.325924500076119, speed: 25
2025-09-11 21:07:54,666 [INFO] Truck: Time:<152> Truck:[XHTruck2] breakdown for 6.474427569791541 minutes at 152
2025-09-11 21:07:54,666 [DEBUG] Truck: Time:<156.682474312792> Truck:[OfficalTruck9] Arrived at NorthPitMine-DumpSite1 at 156.682474312792
2025-09-11 21:07:54,666 [INFO] Truck: Time:<157.682474312792> Truck:[OfficalTruck9] Finish unloading at dumper NorthPitMine-DumpSite1-点位0, dumper tons is 1405.3893609507606
2025-09-11 21:07:54,666 [DEBUG] Truck: Time:<157.682474312792> Truck:[OfficalTruck9] Start moving to ORDER(3):NorthPitMine-LoadSite4, move distance is 3.41, speed: 25
2025-09-11 21:07:54,666 [INFO] Truck: Time:<154> Truck:[OfficalTruck9] breakdown for 12.909545976513385 minutes at 154
2025-09-11 21:07:54,666 [INFO] Truck: Time:<158.48649530242741> Shovel NorthPitMine-LoadSite4-Shovel-1 maintenance completed
2025-09-11 21:07:54,677 [DEBUG] Truck: Time:<158.48649530242741> Truck:[OfficalTruck3] Start moving to ORDER(1): NorthPitMine-DumpSite2, move distance is 1.8233138961797632, speed: 25
2025-09-11 21:07:54,677 [INFO] Truck: Time:<137> Truck:[OfficalTruck3] breakdown for 8.735129315486114 minutes at 137
2025-09-11 21:07:54,678 [INFO] Truck: Time:<158.48649530242741> Truck:[CLTruck7] Start loading at shovel NorthPitMine-LoadSite4-Shovel-1, load time is 2.5836614173228347
2025-09-11 21:07:54,678 [INFO] Truck: Time:<158.65873724072546> Truck:[CLTruck1] Arrived at NorthPitMine-LoadSite3 at 158.65873724072546
2025-09-11 21:07:54,678 [INFO] Truck: Time:<158.8005345526148> Truck:[XHTruck27] Finish loading at shovel NorthPitMine-LoadSite3-Shovel-2
2025-09-11 21:07:54,678 [DEBUG] Truck: Time:<158.8005345526148> Truck:[XHTruck27] Start moving to ORDER(4): NorthPitMine-DumpSite5, move distance is 2.704675991885526, speed: 25
2025-09-11 21:07:54,678 [INFO] Truck: Time:<154> Truck:[XHTruck27] breakdown for 7.547863961808393 minutes at 154
2025-09-11 21:07:54,678 [INFO] Truck: Time:<158.8005345526148> Truck:[CLTruck4] Start loading at shovel NorthPitMine-LoadSite3-Shovel-2, load time is 15.555555555555555
2025-09-11 21:07:54,678 [INFO] Truck: Time:<158.94100373826842> Truck:[OfficalTruck7] Finish loading at shovel NorthPitMine-LoadSite3-Shovel-1
2025-09-11 21:07:54,678 [DEBUG] Truck: Time:<158.94100373826842> Truck:[OfficalTruck7] Start moving to ORDER(4): NorthPitMine-DumpSite5, move distance is 2.831979644131826, speed: 25
2025-09-11 21:07:54,678 [INFO] Truck: Time:<154> Truck:[OfficalTruck7] breakdown for 8.312754569228638 minutes at 154
2025-09-11 21:07:54,678 [INFO] Truck: Time:<158.94100373826842> Truck:[CLTruck13] Start loading at shovel NorthPitMine-LoadSite3-Shovel-1, load time is 2.5836614173228347
2025-09-11 21:07:54,686 [DEBUG] Truck: Time:<160.1425358955626> Truck:[XHTruck19] Arrived at NorthPitMine-DumpSite1 at 160.1425358955626
2025-09-11 21:07:54,686 [DEBUG] Truck: Time:<160.9911490198518> Truck:[CLTruck19] Arrived at NorthPitMine-DumpSite2 at 160.9911490198518
2025-09-11 21:07:54,686 [INFO] Truck: Time:<161.04542464697434> Shovel NorthPitMine-LoadSite3-Shovel-3 maintenance completed
2025-09-11 21:07:54,686 [DEBUG] Truck: Time:<161.04542464697434> Truck:[CLTruck5] Start moving to ORDER(4): NorthPitMine-DumpSite5, move distance is 2.7361936728067304, speed: 25
2025-09-11 21:07:54,686 [INFO] Truck: Time:<144> Truck:[CLTruck5] breakdown for 12.693887361263236 minutes at 144
2025-09-11 21:07:54,686 [INFO] Truck: Time:<161.04542464697434> Truck:[CLTruck20] Start loading at shovel NorthPitMine-LoadSite3-Shovel-3, load time is 15.555555555555555
2025-09-11 21:07:54,686 [INFO] Truck: Time:<161.07015671975026> Truck:[CLTruck7] Finish loading at shovel NorthPitMine-LoadSite4-Shovel-1
2025-09-11 21:07:54,686 [DEBUG] Truck: Time:<161.07015671975026> Truck:[CLTruck7] Start moving to ORDER(1): NorthPitMine-DumpSite2, move distance is 1.3419090847774642, speed: 25
2025-09-11 21:07:54,686 [INFO] Truck: Time:<121> Truck:[CLTruck7] breakdown for 14.757209006294623 minutes at 121
2025-09-11 21:07:54,696 [INFO] Truck: Time:<161.07015671975026> Truck:[CLTruck26] Start loading at shovel NorthPitMine-LoadSite4-Shovel-1, load time is 2.5836614173228347
2025-09-11 21:07:54,696 [INFO] Truck: Time:<161.1425358955626> Truck:[XHTruck19] Finish unloading at dumper NorthPitMine-DumpSite1-点位0, dumper tons is 1457.1511311730944
2025-09-11 21:07:54,696 [INFO] Road: [RoadEvent] Road from NorthPitMine-DumpSite1 to NorthPitMine-LoadSite2 is in repair，the repair will last for 42.07 mins, and will end at 203.21, vehicle on this road will have to suffer punish_distance.
2025-09-11 21:07:54,696 [DEBUG] Truck: Time:<161.1425358955626> Truck:[XHTruck19] Start moving to ORDER(1):NorthPitMine-LoadSite2, move distance is 6.64106539873521, speed: 25
2025-09-11 21:07:54,696 [INFO] Truck: Time:<156> Truck:[XHTruck19] breakdown for 7.716264251365728 minutes at 156
2025-09-11 21:07:54,696 [INFO] Truck: Time:<161.52466515559126> Truck:[CLTruck13] Finish loading at shovel NorthPitMine-LoadSite3-Shovel-1
2025-09-11 21:07:54,696 [DEBUG] Truck: Time:<161.52466515559126> Truck:[CLTruck13] Start moving to ORDER(4): NorthPitMine-DumpSite5, move distance is 2.642388712633899, speed: 25
2025-09-11 21:07:54,696 [INFO] Truck: Time:<159> Truck:[CLTruck13] breakdown for 11.047291413668711 minutes at 159
2025-09-11 21:07:54,696 [INFO] Truck: Time:<161.52466515559126> Truck:[XHTruck33] Start loading at shovel NorthPitMine-LoadSite3-Shovel-1, load time is 4.060039370078741
2025-09-11 21:07:54,696 [INFO] Truck: Time:<161.8705865722115> Truck:[XHTruck18] is facing 2.506977624780228 mins delay caused by 1 pre-existing jam events on Road from NorthPitMine-LoadSite3 to NorthPitMine-DumpSite5
2025-09-11 21:07:54,696 [INFO] Truck: Time:<161.9911490198518> Truck:[CLTruck19] Finish unloading at dumper NorthPitMine-DumpSite2-点位0, dumper tons is 1419.372024982077
2025-09-11 21:07:54,696 [DEBUG] Truck: Time:<161.9911490198518> Truck:[CLTruck19] Start moving to ORDER(4):NorthPitMine-LoadSite5, move distance is 8.785186053090458, speed: 25
2025-09-11 21:07:54,703 [INFO] Truck: Time:<162.77949912771012> Truck:[XHTruck9] Arrived at NorthPitMine-LoadSite4 at 162.77949912771012
2025-09-11 21:07:54,710 [INFO] Truck: Time:<163.20177777777775> Truck:[CLTruck29] Finish loading at shovel NorthPitMine-LoadSite4-Shovel-4
2025-09-11 21:07:54,711 [INFO] Truck: Time:<163.20177777777775> Shovel NorthPitMine-LoadSite4-Shovel-4 under maintenance for 39.58 minutes
2025-09-11 21:07:54,712 [INFO] Truck: Time:<163.6538181370731> Truck:[CLTruck26] Finish loading at shovel NorthPitMine-LoadSite4-Shovel-1
2025-09-11 21:07:54,715 [DEBUG] Truck: Time:<163.6538181370731> Truck:[CLTruck26] Start moving to ORDER(1): NorthPitMine-DumpSite2, move distance is 1.5179211740772984, speed: 25
2025-09-11 21:07:54,715 [INFO] Truck: Time:<152> Truck:[CLTruck26] breakdown for 10.573451081153395 minutes at 152
2025-09-11 21:07:54,717 [INFO] Truck: Time:<163.6538181370731> Truck:[XHTruck16] Start loading at shovel NorthPitMine-LoadSite4-Shovel-1, load time is 4.060039370078741
2025-09-11 21:07:54,718 [INFO] Truck: Time:<164.3594857916128> Truck:[CLTruck23] Arrived at NorthPitMine-LoadSite5 at 164.3594857916128
2025-09-11 21:07:54,718 [INFO] Truck: Time:<164.3594857916128> Truck:[CLTruck23] Start loading at shovel NorthPitMine-LoadSite5-Shovel-1, load time is 2.5836614173228347
2025-09-11 21:07:54,718 [INFO] Truck: Time:<164.52394155174514> Truck:[XHTruck20] is facing 0 mins delay caused by 1 pre-existing jam events on Road from NorthPitMine-LoadSite3 to NorthPitMine-DumpSite5
2025-09-11 21:07:54,718 [INFO] Truck: Time:<165.23548623927076> Truck:[OfficalTruck1] Arrived at NorthPitMine-LoadSite5 at 165.23548623927076
2025-09-11 21:07:54,718 [INFO] Truck: Time:<165.42399999999998> Truck:[CLTruck3] Finish loading at shovel NorthPitMine-LoadSite4-Shovel-3
2025-09-11 21:07:54,726 [DEBUG] Truck: Time:<165.42399999999998> Truck:[CLTruck3] Start moving to ORDER(1): NorthPitMine-DumpSite2, move distance is 1.7062646571863052, speed: 25
2025-09-11 21:07:54,726 [INFO] Truck: Time:<151> Truck:[CLTruck3] breakdown for 7.470917729577481 minutes at 151
2025-09-11 21:07:54,726 [INFO] Truck: Time:<165.42399999999998> Truck:[CLTruck17] Start loading at shovel NorthPitMine-LoadSite4-Shovel-3, load time is 15.555555555555555
2025-09-11 21:07:54,726 [INFO] Truck: Time:<165.58470452567002> Truck:[XHTruck33] Finish loading at shovel NorthPitMine-LoadSite3-Shovel-1
2025-09-11 21:07:54,726 [DEBUG] Truck: Time:<165.58470452567002> Truck:[XHTruck33] Start moving to ORDER(4): NorthPitMine-DumpSite5, move distance is 2.5310084533876096, speed: 25
2025-09-11 21:07:54,726 [INFO] Truck: Time:<141> Truck:[XHTruck33] breakdown for 17.72627698709413 minutes at 141
2025-09-11 21:07:54,726 [INFO] Truck: Time:<165.58470452567002> Truck:[CLTruck12] Start loading at shovel NorthPitMine-LoadSite3-Shovel-1, load time is 2.5836614173228347
2025-09-11 21:07:54,726 [DEBUG] Truck: Time:<165.90617952625863> Truck:[XHTruck32] Arrived at NorthPitMine-DumpSite2 at 165.90617952625863
2025-09-11 21:07:54,726 [INFO] Truck: Time:<166.3483985144232> Truck:[XHTruck27] is facing 0 mins delay caused by 1 pre-existing jam events on Road from NorthPitMine-LoadSite3 to NorthPitMine-DumpSite5
2025-09-11 21:07:54,726 [DEBUG] Truck: Time:<166.851003153634> Truck:[CLTruck28] Arrived at NorthPitMine-DumpSite1 at 166.851003153634
2025-09-11 21:07:54,726 [INFO] Truck: Time:<166.90617952625863> Truck:[XHTruck32] Finish unloading at dumper NorthPitMine-DumpSite2-点位0, dumper tons is 1478.241389471577
2025-09-11 21:07:54,726 [DEBUG] Truck: Time:<166.90617952625863> Truck:[XHTruck32] Start moving to ORDER(4):NorthPitMine-LoadSite5, move distance is 7.071185209501356, speed: 25
2025-09-11 21:07:54,726 [INFO] Truck: Time:<166.90617952625863> Truck:[XHTruck32] is facing 0 mins delay caused by 1 pre-existing jam events on Road from NorthPitMine-DumpSite2 to NorthPitMine-LoadSite5
2025-09-11 21:07:54,726 [INFO] Truck: Time:<166.94314720893564> Truck:[CLTruck23] Finish loading at shovel NorthPitMine-LoadSite5-Shovel-1
2025-09-11 21:07:54,737 [DEBUG] Truck: Time:<166.94314720893564> Truck:[CLTruck23] Start moving to ORDER(0): NorthPitMine-DumpSite1, move distance is 7.221395542027863, speed: 25
2025-09-11 21:07:54,737 [INFO] Truck: Time:<163> Truck:[CLTruck23] breakdown for 8.234101535227618 minutes at 163
2025-09-11 21:07:54,737 [INFO] Truck: Time:<166.94314720893564> Truck:[OfficalTruck1] Start loading at shovel NorthPitMine-LoadSite5-Shovel-1, load time is 5.684055118110236
2025-09-11 21:07:54,737 [INFO] Truck: Time:<167.25375830749707> Truck:[OfficalTruck7] is facing 0 mins delay caused by 1 pre-existing jam events on Road from NorthPitMine-LoadSite3 to NorthPitMine-DumpSite5
2025-09-11 21:07:54,737 [INFO] Truck: Time:<167.31019060690681> Shovel NorthPitMine-LoadSite5-Shovel-2 maintenance completed
2025-09-11 21:07:54,747 [DEBUG] Truck: Time:<167.31019060690681> Truck:[XHTruck22] Start moving to ORDER(0): NorthPitMine-DumpSite1, move distance is 7.082724254918235, speed: 25
2025-09-11 21:07:54,747 [INFO] Truck: Time:<143> Truck:[XHTruck22] breakdown for 11.276145517375394 minutes at 143
2025-09-11 21:07:54,747 [INFO] Truck: Time:<167.31019060690681> Truck:[CLTruck10] Start loading at shovel NorthPitMine-LoadSite5-Shovel-2, load time is 2.5836614173228347
2025-09-11 21:07:54,747 [INFO] Truck: Time:<167.71385750715183> Truck:[XHTruck16] Finish loading at shovel NorthPitMine-LoadSite4-Shovel-1
2025-09-11 21:07:54,754 [DEBUG] Truck: Time:<167.71385750715183> Truck:[XHTruck16] Start moving to ORDER(1): NorthPitMine-DumpSite2, move distance is 1.663466450872944, speed: 25
2025-09-11 21:07:54,754 [INFO] Truck: Time:<142> Truck:[XHTruck16] breakdown for 3.662059163854563 minutes at 142
2025-09-11 21:07:54,757 [INFO] Truck: Time:<167.71385750715183> Truck:[XHTruck7] Start loading at shovel NorthPitMine-LoadSite4-Shovel-1, load time is 4.060039370078741
2025-09-11 21:07:54,757 [INFO] Truck: Time:<167.8364399225886> Truck:[OfficalTruck4] Arrived at NorthPitMine-LoadSite4 at 167.8364399225886
2025-09-11 21:07:54,757 [INFO] Truck: Time:<167.851003153634> Truck:[CLTruck28] Finish unloading at dumper NorthPitMine-DumpSite1-点位0, dumper tons is 1495.4025420513296
2025-09-11 21:07:54,757 [DEBUG] Truck: Time:<167.851003153634> Truck:[CLTruck28] Start moving to ORDER(1):NorthPitMine-LoadSite2, move distance is 7.629764055483057, speed: 25
2025-09-11 21:07:54,757 [INFO] Truck: Time:<162> Truck:[CLTruck28] breakdown for 10.77773296626397 minutes at 162
2025-09-11 21:07:54,757 [INFO] Truck: Time:<167.98813862877032> Truck:[XHTruck30] Arrived at NorthPitMine-LoadSite4 at 167.98813862877032
2025-09-11 21:07:54,768 [INFO] Truck: Time:<168.16836594299286> Truck:[CLTruck12] Finish loading at shovel NorthPitMine-LoadSite3-Shovel-1
2025-09-11 21:07:54,768 [DEBUG] Truck: Time:<168.16836594299286> Truck:[CLTruck12] Start moving to ORDER(4): NorthPitMine-DumpSite5, move distance is 2.980623544679336, speed: 25
2025-09-11 21:07:54,768 [INFO] Truck: Time:<132> Truck:[CLTruck12] breakdown for 8.59364515739062 minutes at 132
2025-09-11 21:07:54,768 [INFO] Truck: Time:<168.16836594299286> Truck:[XHTruck23] Start loading at shovel NorthPitMine-LoadSite3-Shovel-1, load time is 4.060039370078741
2025-09-11 21:07:54,768 [INFO] Truck: Time:<169.89385202422966> Truck:[CLTruck10] Finish loading at shovel NorthPitMine-LoadSite5-Shovel-2
2025-09-11 21:07:54,778 [DEBUG] Truck: Time:<169.89385202422966> Truck:[CLTruck10] Start moving to ORDER(0): NorthPitMine-DumpSite1, move distance is 7.490139184506861, speed: 25
2025-09-11 21:07:54,778 [INFO] Truck: Time:<163> Truck:[CLTruck10] breakdown for 8.850340736878994 minutes at 163
2025-09-11 21:07:54,786 [DEBUG] Truck: Time:<170.4816089568408> Truck:[XHTruck18] Arrived at NorthPitMine-DumpSite5 at 170.4816089568408
2025-09-11 21:07:54,788 [DEBUG] Truck: Time:<170.50508122694367> Truck:[XHTruck20] Arrived at NorthPitMine-DumpSite5 at 170.50508122694367
2025-09-11 21:07:54,790 [INFO] Truck: Time:<171.3759166710064> Truck:[XHTruck16] is facing 1.7772782621844097 mins delay caused by 1 pre-existing jam events on Road from NorthPitMine-LoadSite4 to NorthPitMine-DumpSite2
2025-09-11 21:07:54,790 [INFO] Truck: Time:<171.4816089568408> Truck:[XHTruck18] Finish unloading at dumper NorthPitMine-DumpSite5-点位0, dumper tons is 1945.8126122438193
2025-09-11 21:07:54,790 [DEBUG] Truck: Time:<171.4816089568408> Truck:[XHTruck18] Start moving to ORDER(3):NorthPitMine-LoadSite4, move distance is 6.676251949382765, speed: 25
2025-09-11 21:07:54,790 [INFO] Truck: Time:<171.50508122694367> Truck:[XHTruck20] Finish unloading at dumper NorthPitMine-DumpSite5-点位1, dumper tons is 531.7879005356119
2025-09-11 21:07:54,790 [DEBUG] Truck: Time:<171.50508122694367> Truck:[XHTruck20] Start moving to ORDER(3):NorthPitMine-LoadSite4, move distance is 7.301572534528812, speed: 25
2025-09-11 21:07:54,790 [DEBUG] Truck: Time:<171.59757796874496> Truck:[OfficalTruck3] Arrived at NorthPitMine-DumpSite2 at 171.59757796874496
2025-09-11 21:07:54,790 [INFO] Truck: Time:<171.77389687723058> Truck:[XHTruck7] Finish loading at shovel NorthPitMine-LoadSite4-Shovel-1
2025-09-11 21:07:54,790 [DEBUG] Truck: Time:<171.77389687723058> Truck:[XHTruck7] Start moving to ORDER(1): NorthPitMine-DumpSite2, move distance is 1.7845215627796478, speed: 25
2025-09-11 21:07:54,790 [INFO] Truck: Time:<154> Truck:[XHTruck7] breakdown for 4.422817821447762 minutes at 154
2025-09-11 21:07:54,798 [INFO] Truck: Time:<171.77389687723058> Truck:[OfficalTruck5] Start loading at shovel NorthPitMine-LoadSite4-Shovel-1, load time is 5.684055118110236
2025-09-11 21:07:54,798 [INFO] Truck: Time:<172.22840531307162> Truck:[XHTruck23] Finish loading at shovel NorthPitMine-LoadSite3-Shovel-1
2025-09-11 21:07:54,798 [DEBUG] Truck: Time:<172.22840531307162> Truck:[XHTruck23] Start moving to ORDER(4): NorthPitMine-DumpSite5, move distance is 2.7983329881668193, speed: 25
2025-09-11 21:07:54,798 [INFO] Truck: Time:<169> Truck:[XHTruck23] breakdown for 8.337879438120396 minutes at 169
2025-09-11 21:07:54,798 [INFO] Truck: Time:<172.22840531307162> Truck:[XHTruck8] Start loading at shovel NorthPitMine-LoadSite3-Shovel-1, load time is 4.060039370078741
2025-09-11 21:07:54,798 [INFO] Truck: Time:<172.57195656925998> Truck:[CLTruck13] is facing 1.5246760986554406 mins delay caused by 2 pre-existing jam events on Road from NorthPitMine-LoadSite3 to NorthPitMine-DumpSite5
2025-09-11 21:07:54,798 [INFO] Truck: Time:<172.59757796874496> Truck:[OfficalTruck3] Finish unloading at dumper NorthPitMine-DumpSite2-点位0, dumper tons is 1548.6583549824802
2025-09-11 21:07:54,808 [DEBUG] Truck: Time:<172.59757796874496> Truck:[OfficalTruck3] Start moving to ORDER(4):NorthPitMine-LoadSite5, move distance is 7.739033389960627, speed: 25
2025-09-11 21:07:54,808 [INFO] Truck: Time:<172.59757796874496> Truck:[OfficalTruck3] is facing 0 mins delay caused by 1 pre-existing jam events on Road from NorthPitMine-DumpSite2 to NorthPitMine-LoadSite5
2025-09-11 21:07:54,808 [INFO] Truck: Time:<172.62720232704586> Truck:[OfficalTruck1] Finish loading at shovel NorthPitMine-LoadSite5-Shovel-1
2025-09-11 21:07:54,808 [INFO] Truck: Time:<172.62720232704586> Shovel NorthPitMine-LoadSite5-Shovel-1 under maintenance for 45.90 minutes
2025-09-11 21:07:54,808 [DEBUG] Truck: Time:<172.83962089494847> Truck:[XHTruck27] Arrived at NorthPitMine-DumpSite5 at 172.83962089494847
2025-09-11 21:07:54,808 [INFO] Truck: Time:<172.89069323545658> Truck:[CLTruck8] Arrived at NorthPitMine-LoadSite4 at 172.89069323545658
2025-09-11 21:07:54,808 [INFO] Truck: Time:<172.89491772957746> Truck:[CLTruck3] is facing 0.15874888238491724 mins delay caused by 1 pre-existing jam events on Road from NorthPitMine-LoadSite4 to NorthPitMine-DumpSite2
2025-09-11 21:07:54,808 [DEBUG] Truck: Time:<173.67318799949166> Truck:[XHTruck28] Arrived at NorthPitMine-DumpSite2 at 173.67318799949166
2025-09-11 21:07:54,808 [INFO] Truck: Time:<173.73931200823756> Truck:[CLTruck5] is facing 0.14841447810377062 mins delay caused by 2 pre-existing jam events on Road from NorthPitMine-LoadSite3 to NorthPitMine-DumpSite5
2025-09-11 21:07:54,808 [INFO] Truck: Time:<173.83962089494847> Truck:[XHTruck27] Finish unloading at dumper NorthPitMine-DumpSite5-点位0, dumper tons is 2000.147203985142
2025-09-11 21:07:54,818 [DEBUG] Truck: Time:<173.83962089494847> Truck:[XHTruck27] Start moving to ORDER(3):NorthPitMine-LoadSite4, move distance is 7.746686981698694, speed: 25
2025-09-11 21:07:54,818 [DEBUG] Truck: Time:<174.05050945341344> Truck:[OfficalTruck7] Arrived at NorthPitMine-DumpSite5 at 174.05050945341344
2025-09-11 21:07:54,818 [INFO] Truck: Time:<174.2272692182265> Truck:[CLTruck26] is facing 0 mins delay caused by 1 pre-existing jam events on Road from NorthPitMine-LoadSite4 to NorthPitMine-DumpSite2
2025-09-11 21:07:54,818 [INFO] Truck: Time:<174.35609010817035> Truck:[CLTruck4] Finish loading at shovel NorthPitMine-LoadSite3-Shovel-2
2025-09-11 21:07:54,818 [DEBUG] Truck: Time:<174.35609010817035> Truck:[CLTruck4] Start moving to ORDER(4): NorthPitMine-DumpSite5, move distance is 2.5604758327180512, speed: 25
2025-09-11 21:07:54,818 [INFO] Truck: Time:<159> Truck:[CLTruck4] breakdown for 3.0156796154020435 minutes at 159
2025-09-11 21:07:54,828 [INFO] Truck: Time:<174.35609010817035> Truck:[CLTruck18] Start loading at shovel NorthPitMine-LoadSite3-Shovel-2, load time is 15.555555555555555
2025-09-11 21:07:54,828 [INFO] Truck: Time:<174.67318799949166> Truck:[XHTruck28] Finish unloading at dumper NorthPitMine-DumpSite2-点位0, dumper tons is 1606.7219278489179
2025-09-11 21:07:54,828 [DEBUG] Truck: Time:<174.67318799949166> Truck:[XHTruck28] Start moving to ORDER(4):NorthPitMine-LoadSite5, move distance is 7.418484089006272, speed: 25
2025-09-11 21:07:54,828 [INFO] Truck: Time:<173> Truck:[XHTruck28] breakdown for 7.623036100192375 minutes at 173
2025-09-11 21:07:54,828 [INFO] Truck: Time:<175.05050945341344> Truck:[OfficalTruck7] Finish unloading at dumper NorthPitMine-DumpSite5-点位0, dumper tons is 2080.6647559674934
2025-09-11 21:07:54,828 [DEBUG] Truck: Time:<175.05050945341344> Truck:[OfficalTruck7] Start moving to ORDER(3):NorthPitMine-LoadSite4, move distance is 7.765465749782472, speed: 25
2025-09-11 21:07:54,828 [INFO] Truck: Time:<175.2017777777778> Truck:[XHTruck26] Finish loading at shovel NorthPitMine-LoadSite4-Shovel-5
2025-09-11 21:07:54,828 [DEBUG] Truck: Time:<175.2017777777778> Truck:[XHTruck26] Start moving to ORDER(1): NorthPitMine-DumpSite2, move distance is 1.753400538280388, speed: 25
2025-09-11 21:07:54,828 [INFO] Truck: Time:<171> Truck:[XHTruck26] breakdown for 12.105409886081384 minutes at 171
2025-09-11 21:07:54,828 [INFO] Truck: Time:<175.2017777777778> Truck:[CLTruck24] Start loading at shovel NorthPitMine-LoadSite4-Shovel-5, load time is 15.555555555555555
2025-09-11 21:07:54,828 [INFO] Truck: Time:<175.8273657260449> Truck:[CLTruck7] is facing 0 mins delay caused by 1 pre-existing jam events on Road from NorthPitMine-LoadSite4 to NorthPitMine-DumpSite2
2025-09-11 21:07:54,839 [INFO] Truck: Time:<176.19671469867833> Truck:[XHTruck7] is facing 0 mins delay caused by 1 pre-existing jam events on Road from NorthPitMine-LoadSite4 to NorthPitMine-DumpSite2
2025-09-11 21:07:54,839 [INFO] Truck: Time:<176.28844468315037> Truck:[XHTruck8] Finish loading at shovel NorthPitMine-LoadSite3-Shovel-1
2025-09-11 21:07:54,840 [DEBUG] Truck: Time:<176.28844468315037> Truck:[XHTruck8] Start moving to ORDER(4): NorthPitMine-DumpSite5, move distance is 2.7832789565482434, speed: 25
2025-09-11 21:07:54,840 [INFO] Truck: Time:<164> Truck:[XHTruck8] breakdown for 11.872114036690062 minutes at 164
2025-09-11 21:07:54,840 [INFO] Truck: Time:<176.28844468315037> Truck:[XHTruck17] Start loading at shovel NorthPitMine-LoadSite3-Shovel-1, load time is 4.060039370078741
2025-09-11 21:07:54,840 [INFO] Truck: Time:<176.60098020252988> Truck:[CLTruck20] Finish loading at shovel NorthPitMine-LoadSite3-Shovel-3
2025-09-11 21:07:54,840 [DEBUG] Truck: Time:<176.60098020252988> Truck:[CLTruck20] Start moving to ORDER(4): NorthPitMine-DumpSite5, move distance is 2.716103578459651, speed: 25
2025-09-11 21:07:54,840 [INFO] Truck: Time:<146> Truck:[CLTruck20] breakdown for 11.124942417990898 minutes at 146
2025-09-11 21:07:54,840 [INFO] Truck: Time:<176.60098020252988> Truck:[XHTruck6] Start loading at shovel NorthPitMine-LoadSite3-Shovel-3, load time is 24.444444444444443
2025-09-11 21:07:54,840 [INFO] Truck: Time:<176.7620111003835> Truck:[CLTruck12] is facing 0 mins delay caused by 1 pre-existing jam events on Road from NorthPitMine-LoadSite3 to NorthPitMine-DumpSite5
2025-09-11 21:07:54,840 [DEBUG] Truck: Time:<177.14551441528587> Truck:[XHTruck16] Arrived at NorthPitMine-DumpSite2 at 177.14551441528587
2025-09-11 21:07:54,849 [DEBUG] Truck: Time:<177.1487017892095> Truck:[CLTruck3] Arrived at NorthPitMine-DumpSite2 at 177.1487017892095
2025-09-11 21:07:54,849 [INFO] Truck: Time:<177.37176972357238> Truck:[CLTruck4] is facing 0 mins delay caused by 1 pre-existing jam events on Road from NorthPitMine-LoadSite3 to NorthPitMine-DumpSite5
2025-09-11 21:07:54,849 [INFO] Truck: Time:<177.4579519953408> Truck:[OfficalTruck5] Finish loading at shovel NorthPitMine-LoadSite4-Shovel-1
2025-09-11 21:07:54,849 [DEBUG] Truck: Time:<177.4579519953408> Truck:[OfficalTruck5] Start moving to ORDER(1): NorthPitMine-DumpSite2, move distance is 1.6682185151312823, speed: 25
2025-09-11 21:07:54,849 [INFO] Truck: Time:<171> Truck:[OfficalTruck5] breakdown for 10.173174682149192 minutes at 171
2025-09-11 21:07:54,849 [INFO] Truck: Time:<177.4579519953408> Truck:[XHTruck9] Start loading at shovel NorthPitMine-LoadSite4-Shovel-1, load time is 4.060039370078741
2025-09-11 21:07:54,849 [DEBUG] Truck: Time:<177.87028003601202> Truck:[CLTruck26] Arrived at NorthPitMine-DumpSite2 at 177.87028003601202
2025-09-11 21:07:54,854 [INFO] Truck: Time:<178.14551441528587> Truck:[XHTruck16] Finish unloading at dumper NorthPitMine-DumpSite2-点位0, dumper tons is 1659.4616321196515
2025-09-11 21:07:54,854 [DEBUG] Truck: Time:<178.14551441528587> Truck:[XHTruck16] Start moving to ORDER(4):NorthPitMine-LoadSite5, move distance is 7.936720610898454, speed: 25
2025-09-11 21:07:54,854 [INFO] Truck: Time:<178.14551441528587> Truck:[XHTruck16] is facing 0 mins delay caused by 2 pre-existing jam events on Road from NorthPitMine-DumpSite2 to NorthPitMine-LoadSite5
2025-09-11 21:07:54,854 [INFO] Truck: Time:<178.1487017892095> Truck:[CLTruck3] Finish unloading at dumper NorthPitMine-DumpSite2-点位1, dumper tons is 569.4937798236624
2025-09-11 21:07:54,854 [DEBUG] Truck: Time:<178.1487017892095> Truck:[CLTruck3] Start moving to ORDER(4):NorthPitMine-LoadSite5, move distance is 8.325404264490995, speed: 25
2025-09-11 21:07:54,854 [INFO] Truck: Time:<178.1487017892095> Truck:[CLTruck3] is facing 0 mins delay caused by 2 pre-existing jam events on Road from NorthPitMine-DumpSite2 to NorthPitMine-LoadSite5
2025-09-11 21:07:54,854 [INFO] Truck: Time:<178.7760202893054> Truck:[OfficalTruck9] Arrived at NorthPitMine-LoadSite4 at 178.7760202893054
2025-09-11 21:07:54,854 [INFO] Truck: Time:<178.87028003601202> Truck:[CLTruck26] Finish unloading at dumper NorthPitMine-DumpSite2-点位2, dumper tons is 201.6170653067621
2025-09-11 21:07:54,859 [DEBUG] Truck: Time:<178.87028003601202> Truck:[CLTruck26] Start moving to ORDER(4):NorthPitMine-LoadSite5, move distance is 7.290150718301724, speed: 25
2025-09-11 21:07:54,859 [INFO] Truck: Time:<176> Truck:[CLTruck26] breakdown for 6.35835530525616 minutes at 176
2025-09-11 21:07:54,859 [DEBUG] Truck: Time:<179.0479475295108> Truck:[CLTruck7] Arrived at NorthPitMine-DumpSite2 at 179.0479475295108
2025-09-11 21:07:54,859 [INFO] Truck: Time:<180.0479475295108> Truck:[CLTruck7] Finish unloading at dumper NorthPitMine-DumpSite2-点位0, dumper tons is 1696.75131617269
2025-09-11 21:07:54,859 [DEBUG] Truck: Time:<180.0479475295108> Truck:[CLTruck7] Start moving to ORDER(4):NorthPitMine-LoadSite5, move distance is 8.196693958732542, speed: 25
2025-09-11 21:07:54,859 [INFO] Truck: Time:<180.0479475295108> Truck:[CLTruck7] is facing 0 mins delay caused by 2 pre-existing jam events on Road from NorthPitMine-DumpSite2 to NorthPitMine-LoadSite5
2025-09-11 21:07:54,859 [INFO] Truck: Time:<180.34848405322913> Truck:[XHTruck17] Finish loading at shovel NorthPitMine-LoadSite3-Shovel-1
2025-09-11 21:07:54,859 [DEBUG] Truck: Time:<180.34848405322913> Truck:[XHTruck17] Start moving to ORDER(4): NorthPitMine-DumpSite5, move distance is 2.5133836066990827, speed: 25
2025-09-11 21:07:54,859 [INFO] Truck: Time:<180> Truck:[XHTruck17] breakdown for 10.943260577541116 minutes at 180
2025-09-11 21:07:54,859 [INFO] Truck: Time:<180.34848405322913> Truck:[XHTruck14] Start loading at shovel NorthPitMine-LoadSite3-Shovel-1, load time is 4.060039370078741
2025-09-11 21:07:54,869 [DEBUG] Truck: Time:<180.43836557823678> Truck:[CLTruck13] Arrived at NorthPitMine-DumpSite5 at 180.43836557823678
2025-09-11 21:07:54,869 [DEBUG] Truck: Time:<180.45459130107747> Truck:[CLTruck5] Arrived at NorthPitMine-DumpSite5 at 180.45459130107747
2025-09-11 21:07:54,869 [INFO] Truck: Time:<180.45847084439956> Truck:[XHTruck2] Arrived at NorthPitMine-LoadSite4 at 180.45847084439956
2025-09-11 21:07:54,869 [DEBUG] Truck: Time:<180.47956644934948> Truck:[XHTruck7] Arrived at NorthPitMine-DumpSite2 at 180.47956644934948
2025-09-11 21:07:54,869 [INFO] Truck: Time:<180.56628475119203> Truck:[XHTruck23] is facing 0 mins delay caused by 1 pre-existing jam events on Road from NorthPitMine-LoadSite3 to NorthPitMine-DumpSite5
2025-09-11 21:07:54,869 [INFO] Truck: Time:<180.97955555555552> Truck:[CLTruck17] Finish loading at shovel NorthPitMine-LoadSite4-Shovel-3
2025-09-11 21:07:54,869 [DEBUG] Truck: Time:<180.97955555555552> Truck:[CLTruck17] Start moving to ORDER(1): NorthPitMine-DumpSite2, move distance is 1.5707040093494025, speed: 25
2025-09-11 21:07:54,869 [INFO] Truck: Time:<171> Truck:[CLTruck17] breakdown for 12.636602138395917 minutes at 171
2025-09-11 21:07:54,869 [INFO] Truck: Time:<180.97955555555552> Truck:[CLTruck15] Start loading at shovel NorthPitMine-LoadSite4-Shovel-3, load time is 15.555555555555555
2025-09-11 21:07:54,869 [INFO] Truck: Time:<181.43836557823678> Truck:[CLTruck13] Finish unloading at dumper NorthPitMine-DumpSite5-点位0, dumper tons is 2117.689789103519
2025-09-11 21:07:54,869 [DEBUG] Truck: Time:<181.43836557823678> Truck:[CLTruck13] Start moving to ORDER(3):NorthPitMine-LoadSite4, move distance is 7.994492513904742, speed: 25
2025-09-11 21:07:54,869 [INFO] Truck: Time:<181.43836557823678> Truck:[CLTruck13] is facing 7.621387879384642 mins delay caused by 1 pre-existing jam events on Road from NorthPitMine-DumpSite5 to NorthPitMine-LoadSite4
2025-09-11 21:07:54,869 [INFO] Truck: Time:<181.45459130107747> Truck:[CLTruck5] Finish unloading at dumper NorthPitMine-DumpSite5-点位1, dumper tons is 567.6409041687521
2025-09-11 21:07:54,869 [DEBUG] Truck: Time:<181.45459130107747> Truck:[CLTruck5] Start moving to ORDER(3):NorthPitMine-LoadSite4, move distance is 8.036988637739077, speed: 25
2025-09-11 21:07:54,869 [INFO] Truck: Time:<180> Truck:[CLTruck5] breakdown for 10.771811541858373 minutes at 180
2025-09-11 21:07:54,869 [INFO] Truck: Time:<181.47956644934948> Truck:[XHTruck7] Finish unloading at dumper NorthPitMine-DumpSite2-点位0, dumper tons is 1756.82991541548
2025-09-11 21:07:54,879 [DEBUG] Truck: Time:<181.47956644934948> Truck:[XHTruck7] Start moving to ORDER(4):NorthPitMine-LoadSite5, move distance is 8.2242016934167, speed: 25
2025-09-11 21:07:54,879 [INFO] Truck: Time:<181.47956644934948> Truck:[XHTruck7] is facing 0 mins delay caused by 2 pre-existing jam events on Road from NorthPitMine-DumpSite2 to NorthPitMine-LoadSite5
2025-09-11 21:07:54,879 [INFO] Truck: Time:<181.51799136541956> Truck:[XHTruck9] Finish loading at shovel NorthPitMine-LoadSite4-Shovel-1
2025-09-11 21:07:54,879 [DEBUG] Truck: Time:<181.51799136541956> Truck:[XHTruck9] Start moving to ORDER(1): NorthPitMine-DumpSite2, move distance is 1.9910837528478862, speed: 25
2025-09-11 21:07:54,879 [INFO] Truck: Time:<175> Truck:[XHTruck9] breakdown for 9.120560868390886 minutes at 175
2025-09-11 21:07:54,879 [INFO] Truck: Time:<181.51799136541956> Truck:[OfficalTruck4] Start loading at shovel NorthPitMine-LoadSite4-Shovel-1, load time is 5.684055118110236
2025-09-11 21:07:54,879 [INFO] Truck: Time:<182.29622409968403> Truck:[XHTruck28] is facing 0 mins delay caused by 2 pre-existing jam events on Road from NorthPitMine-DumpSite2 to NorthPitMine-LoadSite5
2025-09-11 21:07:54,879 [INFO] Truck: Time:<183.0755955472689> Truck:[CLTruck19] Arrived at NorthPitMine-LoadSite5 at 183.0755955472689
2025-09-11 21:07:54,889 [INFO] Truck: Time:<183.0755955472689> Truck:[CLTruck19] Start loading at shovel NorthPitMine-LoadSite5-Shovel-2, load time is 2.5836614173228347
2025-09-11 21:07:54,889 [INFO] Truck: Time:<183.31098151276416> Truck:[XHTruck33] is facing 0 mins delay caused by 1 pre-existing jam events on Road from NorthPitMine-LoadSite3 to NorthPitMine-DumpSite5
2025-09-11 21:07:54,889 [DEBUG] Truck: Time:<183.5169117220957> Truck:[CLTruck4] Arrived at NorthPitMine-DumpSite5 at 183.5169117220957
2025-09-11 21:07:54,889 [INFO] Truck: Time:<183.8770240290619> Truck:[XHTruck32] Arrived at NorthPitMine-LoadSite5 at 183.8770240290619
2025-09-11 21:07:54,889 [DEBUG] Truck: Time:<183.9155076076139> Truck:[CLTruck12] Arrived at NorthPitMine-DumpSite5 at 183.9155076076139
2025-09-11 21:07:54,889 [INFO] Truck: Time:<184.40852342330788> Truck:[XHTruck14] Finish loading at shovel NorthPitMine-LoadSite3-Shovel-1
2025-09-11 21:07:54,889 [DEBUG] Truck: Time:<184.40852342330788> Truck:[XHTruck14] Start moving to ORDER(4): NorthPitMine-DumpSite5, move distance is 2.4225382151855865, speed: 25
2025-09-11 21:07:54,889 [INFO] Truck: Time:<162> Truck:[XHTruck14] breakdown for 16.18632408439234 minutes at 162
2025-09-11 21:07:54,889 [INFO] Truck: Time:<184.40852342330788> Truck:[XHTruck1] Start loading at shovel NorthPitMine-LoadSite3-Shovel-1, load time is 4.060039370078741
2025-09-11 21:07:54,889 [INFO] Truck: Time:<184.5169117220957> Truck:[CLTruck4] Finish unloading at dumper NorthPitMine-DumpSite5-点位0, dumper tons is 2151.0070244326425
2025-09-11 21:07:54,889 [DEBUG] Truck: Time:<184.5169117220957> Truck:[CLTruck4] Start moving to ORDER(3):NorthPitMine-LoadSite4, move distance is 8.679545057822349, speed: 25
2025-09-11 21:07:54,889 [INFO] Truck: Time:<184.5169117220957> Truck:[CLTruck4] is facing 3.751225462554272 mins delay caused by 1 pre-existing jam events on Road from NorthPitMine-DumpSite5 to NorthPitMine-LoadSite4
2025-09-11 21:07:54,889 [INFO] Truck: Time:<184.7973571038928> Truck:[XHTruck19] Arrived at NorthPitMine-LoadSite2 at 184.7973571038928
2025-09-11 21:07:54,889 [INFO] Truck: Time:<184.7973571038928> Truck:[XHTruck19] Start loading at shovel NorthPitMine-LoadSite2-Shovel-1, load time is 4.060039370078741
2025-09-11 21:07:54,889 [INFO] Truck: Time:<184.9155076076139> Truck:[CLTruck12] Finish unloading at dumper NorthPitMine-DumpSite5-点位1, dumper tons is 605.264763824186
2025-09-11 21:07:54,889 [DEBUG] Truck: Time:<184.9155076076139> Truck:[CLTruck12] Start moving to ORDER(3):NorthPitMine-LoadSite4, move distance is 7.715022451050433, speed: 25
2025-09-11 21:07:54,889 [INFO] Truck: Time:<184.9155076076139> Truck:[CLTruck12] is facing 4.46718903375028 mins delay caused by 1 pre-existing jam events on Road from NorthPitMine-DumpSite5 to NorthPitMine-LoadSite4
2025-09-11 21:07:54,900 [INFO] Truck: Time:<185.2286353412682> Truck:[CLTruck26] is facing 0 mins delay caused by 2 pre-existing jam events on Road from NorthPitMine-DumpSite2 to NorthPitMine-LoadSite5
2025-09-11 21:07:54,900 [INFO] Truck: Time:<185.65925696459175> Truck:[CLTruck19] Finish loading at shovel NorthPitMine-LoadSite5-Shovel-2
2025-09-11 21:07:54,900 [DEBUG] Truck: Time:<185.65925696459175> Truck:[CLTruck19] Start moving to ORDER(0): NorthPitMine-DumpSite1, move distance is 5.15, speed: 25
2025-09-11 21:07:54,900 [INFO] Truck: Time:<178> Truck:[CLTruck19] breakdown for 9.455651011247578 minutes at 178
2025-09-11 21:07:54,900 [INFO] Truck: Time:<186.3693241372296> Shovel NorthPitMine-LoadSite4-Shovel-2 maintenance completed
2025-09-11 21:07:54,900 [DEBUG] Truck: Time:<186.3693241372296> Truck:[CLTruck16] Start moving to ORDER(1): NorthPitMine-DumpSite2, move distance is 1.7340311303437357, speed: 25
2025-09-11 21:07:54,900 [INFO] Truck: Time:<159> Truck:[CLTruck16] breakdown for 9.271138357586329 minutes at 159
2025-09-11 21:07:54,900 [INFO] Truck: Time:<186.3693241372296> Truck:[OfficalTruck6] Start loading at shovel NorthPitMine-LoadSite4-Shovel-2, load time is 34.22222222222222
2025-09-11 21:07:54,900 [INFO] Truck: Time:<187.20204648352978> Truck:[OfficalTruck4] Finish loading at shovel NorthPitMine-LoadSite4-Shovel-1
2025-09-11 21:07:54,900 [DEBUG] Truck: Time:<187.20204648352978> Truck:[OfficalTruck4] Start moving to ORDER(1): NorthPitMine-DumpSite2, move distance is 1.6465495304061128, speed: 25
2025-09-11 21:07:54,900 [INFO] Truck: Time:<187.20204648352978> Truck:[XHTruck30] Start loading at shovel NorthPitMine-LoadSite4-Shovel-1, load time is 4.060039370078741
2025-09-11 21:07:54,900 [DEBUG] Truck: Time:<187.2822839227924> Truck:[XHTruck23] Arrived at NorthPitMine-DumpSite5 at 187.2822839227924
2025-09-11 21:07:54,900 [INFO] Truck: Time:<187.50461363535945> Truck:[XHTruck18] Arrived at NorthPitMine-LoadSite4 at 187.50461363535945
2025-09-11 21:07:54,900 [INFO] Truck: Time:<187.72592262052078> Truck:[CLTruck20] is facing 4.004956398420381 mins delay caused by 1 pre-existing jam events on Road from NorthPitMine-LoadSite3 to NorthPitMine-DumpSite5
2025-09-11 21:07:54,910 [INFO] Truck: Time:<188.16055871984042> Truck:[XHTruck8] is facing 3.4128111843512654 mins delay caused by 1 pre-existing jam events on Road from NorthPitMine-LoadSite3 to NorthPitMine-DumpSite5
2025-09-11 21:07:54,910 [INFO] Truck: Time:<188.2822839227924> Truck:[XHTruck23] Finish unloading at dumper NorthPitMine-DumpSite5-点位0, dumper tons is 2205.073875027742
2025-09-11 21:07:54,910 [DEBUG] Truck: Time:<188.2822839227924> Truck:[XHTruck23] Start moving to ORDER(3):NorthPitMine-LoadSite4, move distance is 6.83408435676794, speed: 25
2025-09-11 21:07:54,910 [INFO] Truck: Time:<188.2822839227924> Truck:[XHTruck23] is facing 4.029147495653607 mins delay caused by 2 pre-existing jam events on Road from NorthPitMine-DumpSite5 to NorthPitMine-LoadSite4
2025-09-11 21:07:54,910 [INFO] Truck: Time:<188.46856279338664> Truck:[XHTruck1] Finish loading at shovel NorthPitMine-LoadSite3-Shovel-1
2025-09-11 21:07:54,910 [DEBUG] Truck: Time:<188.46856279338664> Truck:[XHTruck1] Start moving to ORDER(4): NorthPitMine-DumpSite5, move distance is 2.1143372061155956, speed: 25
2025-09-11 21:07:54,910 [INFO] Truck: Time:<153> Truck:[XHTruck1] breakdown for 12.93024286371826 minutes at 153
2025-09-11 21:07:54,910 [INFO] Truck: Time:<188.46856279338664> Truck:[CLTruck1] Start loading at shovel NorthPitMine-LoadSite3-Shovel-1, load time is 2.5836614173228347
2025-09-11 21:07:54,910 [INFO] Truck: Time:<188.85739647397156> Truck:[XHTruck19] Finish loading at shovel NorthPitMine-LoadSite2-Shovel-1
2025-09-11 21:07:54,910 [DEBUG] Truck: Time:<188.85739647397156> Truck:[XHTruck19] Start moving to ORDER(4): NorthPitMine-DumpSite5, move distance is 3.18, speed: 25
2025-09-11 21:07:54,910 [INFO] Truck: Time:<183> Truck:[XHTruck19] breakdown for 11.77809057011438 minutes at 183
2025-09-11 21:07:54,910 [INFO] Truck: Time:<189.02885530981283> Truck:[XHTruck20] Arrived at NorthPitMine-LoadSite4 at 189.02885530981283
2025-09-11 21:07:54,910 [DEBUG] Truck: Time:<189.3854018008944> Truck:[XHTruck33] Arrived at NorthPitMine-DumpSite5 at 189.3854018008944
2025-09-11 21:07:54,910 [INFO] Truck: Time:<189.9116456637259> Truck:[CLTruck18] Finish loading at shovel NorthPitMine-LoadSite3-Shovel-2
2025-09-11 21:07:54,910 [DEBUG] Truck: Time:<189.9116456637259> Truck:[CLTruck18] Start moving to ORDER(4): NorthPitMine-DumpSite5, move distance is 2.682112830811122, speed: 25
2025-09-11 21:07:54,910 [INFO] Truck: Time:<165> Truck:[CLTruck18] breakdown for 10.824663296242425 minutes at 165
2025-09-11 21:07:54,922 [INFO] Truck: Time:<189.9116456637259> Truck:[XHTruck12] Start loading at shovel NorthPitMine-LoadSite3-Shovel-2, load time is 24.444444444444443
2025-09-11 21:07:54,926 [INFO] Truck: Time:<190.3854018008944> Truck:[XHTruck33] Finish unloading at dumper NorthPitMine-DumpSite5-点位0, dumper tons is 2262.2186537582925
2025-09-11 21:07:54,926 [DEBUG] Truck: Time:<190.3854018008944> Truck:[XHTruck33] Start moving to ORDER(3):NorthPitMine-LoadSite4, move distance is 7.60133850548864, speed: 25
2025-09-11 21:07:54,926 [INFO] Truck: Time:<184> Truck:[XHTruck33] breakdown for 7.7513323562246566 minutes at 184
2025-09-11 21:07:54,926 [INFO] Truck: Time:<190.63855223381046> Truck:[XHTruck9] is facing 0 mins delay caused by 1 pre-existing jam events on Road from NorthPitMine-LoadSite4 to NorthPitMine-DumpSite2
2025-09-11 21:07:54,926 [INFO] Truck: Time:<190.75733333333335> Truck:[CLTruck24] Finish loading at shovel NorthPitMine-LoadSite4-Shovel-5
2025-09-11 21:07:54,931 [DEBUG] Truck: Time:<190.75733333333335> Truck:[CLTruck24] Start moving to ORDER(1): NorthPitMine-DumpSite2, move distance is 1.6034005685536166, speed: 25
2025-09-11 21:07:54,931 [INFO] Truck: Time:<176> Truck:[CLTruck24] breakdown for 5.5477155169926 minutes at 176
2025-09-11 21:07:54,931 [INFO] Truck: Time:<190.75733333333335> Truck:[XHTruck11] Start loading at shovel NorthPitMine-LoadSite4-Shovel-5, load time is 24.444444444444443
2025-09-11 21:07:54,931 [INFO] Truck: Time:<191.05222421070948> Truck:[CLTruck1] Finish loading at shovel NorthPitMine-LoadSite3-Shovel-1
2025-09-11 21:07:54,931 [DEBUG] Truck: Time:<191.05222421070948> Truck:[CLTruck1] Start moving to ORDER(4): NorthPitMine-DumpSite5, move distance is 2.3468291941332513, speed: 25
2025-09-11 21:07:54,931 [INFO] Truck: Time:<175> Truck:[CLTruck1] breakdown for 9.115089169119706 minutes at 175
2025-09-11 21:07:54,931 [DEBUG] Truck: Time:<191.15376535650446> Truck:[OfficalTruck4] Arrived at NorthPitMine-DumpSite2 at 191.15376535650446
2025-09-11 21:07:54,941 [INFO] Truck: Time:<191.17125810465046> Truck:[OfficalTruck3] Arrived at NorthPitMine-LoadSite5 at 191.17125810465046
2025-09-11 21:07:54,942 [INFO] Truck: Time:<191.17125810465046> Truck:[OfficalTruck3] Start loading at shovel NorthPitMine-LoadSite5-Shovel-2, load time is 5.684055118110236
2025-09-11 21:07:54,942 [INFO] Truck: Time:<191.26208585360854> Truck:[XHTruck30] Finish loading at shovel NorthPitMine-LoadSite4-Shovel-1
2025-09-11 21:07:54,942 [DEBUG] Truck: Time:<191.26208585360854> Truck:[XHTruck30] Start moving to ORDER(1): NorthPitMine-DumpSite2, move distance is 1.791979071741758, speed: 25
2025-09-11 21:07:54,942 [INFO] Truck: Time:<187> Truck:[XHTruck30] breakdown for 7.071356322834486 minutes at 187
2025-09-11 21:07:54,942 [INFO] Truck: Time:<191.26208585360854> Truck:[CLTruck8] Start loading at shovel NorthPitMine-LoadSite4-Shovel-1, load time is 2.5836614173228347
2025-09-11 21:07:54,942 [INFO] Truck: Time:<191.29174463077024> Truck:[XHTruck17] is facing 0.9144609766113145 mins delay caused by 1 pre-existing jam events on Road from NorthPitMine-LoadSite3 to NorthPitMine-DumpSite5
2025-09-11 21:07:54,942 [DEBUG] Truck: Time:<191.51534895573212> Truck:[XHTruck26] Arrived at NorthPitMine-DumpSite2 at 191.51534895573212
2025-09-11 21:07:54,942 [DEBUG] Truck: Time:<191.63485111380507> Truck:[OfficalTruck5] Arrived at NorthPitMine-DumpSite2 at 191.63485111380507
2025-09-11 21:07:54,951 [INFO] Truck: Time:<192.15376535650446> Truck:[OfficalTruck4] Finish unloading at dumper NorthPitMine-DumpSite2-点位0, dumper tons is 1837.5518242471014
2025-09-11 21:07:54,954 [DEBUG] Truck: Time:<192.15376535650446> Truck:[OfficalTruck4] Start moving to ORDER(4):NorthPitMine-LoadSite5, move distance is 8.16360700046015, speed: 25
2025-09-11 21:07:54,954 [INFO] Truck: Time:<192.15376535650446> Truck:[OfficalTruck4] is facing 0 mins delay caused by 4 pre-existing jam events on Road from NorthPitMine-DumpSite2 to NorthPitMine-LoadSite5
2025-09-11 21:07:54,954 [INFO] Truck: Time:<192.22640284293584> Truck:[CLTruck5] is facing 0 mins delay caused by 2 pre-existing jam events on Road from NorthPitMine-DumpSite5 to NorthPitMine-LoadSite4
2025-09-11 21:07:54,954 [INFO] Truck: Time:<192.43166965102535> Truck:[XHTruck27] Arrived at NorthPitMine-LoadSite4 at 192.43166965102535
2025-09-11 21:07:54,954 [DEBUG] Truck: Time:<192.5085980450301> Truck:[CLTruck23] Arrived at NorthPitMine-DumpSite1 at 192.5085980450301
2025-09-11 21:07:54,954 [INFO] Truck: Time:<192.51534895573212> Truck:[XHTruck26] Finish unloading at dumper NorthPitMine-DumpSite2-点位1, dumper tons is 619.9315470924586
2025-09-11 21:07:54,954 [INFO] Road: [RoadEvent] Road from NorthPitMine-DumpSite2 to NorthPitMine-LoadSite3 is in repair，the repair will last for 51.32 mins, and will end at 243.84, vehicle on this road will have to suffer punish_distance.
2025-09-11 21:07:54,954 [DEBUG] Truck: Time:<192.51534895573212> Truck:[XHTruck26] Start moving to ORDER(2):NorthPitMine-LoadSite3, move distance is 4.64563088244044, speed: 25
2025-09-11 21:07:54,954 [INFO] Truck: Time:<192.63485111380507> Truck:[OfficalTruck5] Finish unloading at dumper NorthPitMine-DumpSite2-点位2, dumper tons is 274.4880235696058
2025-09-11 21:07:54,961 [DEBUG] Truck: Time:<192.63485111380507> Truck:[OfficalTruck5] Start moving to ORDER(4):NorthPitMine-LoadSite5, move distance is 6.816456129020419, speed: 25
2025-09-11 21:07:54,961 [INFO] Truck: Time:<192> Truck:[OfficalTruck5] breakdown for 6.059619401127927 minutes at 192
2025-09-11 21:07:54,961 [INFO] Truck: Time:<193.5085980450301> Truck:[CLTruck23] Finish unloading at dumper NorthPitMine-DumpSite1-点位0, dumper tons is 1528.0583776422254
2025-09-11 21:07:54,961 [INFO] Road: [RoadEvent] Road from NorthPitMine-DumpSite1 to NorthPitMine-LoadSite3 is in repair，the repair will last for 63.89 mins, and will end at 257.39, vehicle on this road will have to suffer punish_distance.
2025-09-11 21:07:54,972 [DEBUG] Truck: Time:<193.5085980450301> Truck:[CLTruck23] Start moving to ORDER(2):NorthPitMine-LoadSite3, move distance is 3.6709530317855656, speed: 25
2025-09-11 21:07:54,972 [INFO] Truck: Time:<192> Truck:[CLTruck23] breakdown for 7.540682176580524 minutes at 192
2025-09-11 21:07:54,972 [INFO] Truck: Time:<193.61615769395144> Truck:[CLTruck17] is facing 0 mins delay caused by 1 pre-existing jam events on Road from NorthPitMine-LoadSite4 to NorthPitMine-DumpSite2
2025-09-11 21:07:54,972 [INFO] Truck: Time:<193.6876272528914> Truck:[OfficalTruck7] Arrived at NorthPitMine-LoadSite4 at 193.6876272528914
2025-09-11 21:07:54,982 [INFO] Truck: Time:<193.84574727093138> Truck:[CLTruck8] Finish loading at shovel NorthPitMine-LoadSite4-Shovel-1
2025-09-11 21:07:54,982 [DEBUG] Truck: Time:<193.84574727093138> Truck:[CLTruck8] Start moving to ORDER(1): NorthPitMine-DumpSite2, move distance is 1.6825213857679686, speed: 25
2025-09-11 21:07:54,982 [INFO] Truck: Time:<185> Truck:[CLTruck8] breakdown for 9.491087641067038 minutes at 185
2025-09-11 21:07:54,982 [INFO] Truck: Time:<193.84574727093138> Truck:[XHTruck2] Start loading at shovel NorthPitMine-LoadSite4-Shovel-1, load time is 4.060039370078741
2025-09-11 21:07:54,993 [DEBUG] Truck: Time:<195.41715324064538> Truck:[XHTruck9] Arrived at NorthPitMine-DumpSite2 at 195.41715324064538
2025-09-11 21:07:54,993 [DEBUG] Truck: Time:<195.584874336086> Truck:[XHTruck22] Arrived at NorthPitMine-DumpSite1 at 195.584874336086
2025-09-11 21:07:54,993 [INFO] Truck: Time:<196.41715324064538> Truck:[XHTruck9] Finish unloading at dumper NorthPitMine-DumpSite2-点位0, dumper tons is 1890.1024058954988
2025-09-11 21:07:54,993 [DEBUG] Truck: Time:<196.41715324064538> Truck:[XHTruck9] Start moving to ORDER(2):NorthPitMine-LoadSite3, move distance is 4.832098223453887, speed: 25
2025-09-11 21:07:54,993 [INFO] Truck: Time:<196.53511111111106> Truck:[CLTruck15] Finish loading at shovel NorthPitMine-LoadSite4-Shovel-3
2025-09-11 21:07:55,000 [DEBUG] Truck: Time:<196.53511111111106> Truck:[CLTruck15] Start moving to ORDER(1): NorthPitMine-DumpSite2, move distance is 1.17, speed: 25
2025-09-11 21:07:55,000 [INFO] Truck: Time:<163> Truck:[CLTruck15] breakdown for 11.416954269335934 minutes at 163
2025-09-11 21:07:55,003 [INFO] Truck: Time:<196.53511111111106> Truck:[CLTruck25] Start loading at shovel NorthPitMine-LoadSite4-Shovel-3, load time is 15.555555555555555
2025-09-11 21:07:55,003 [INFO] Truck: Time:<196.584874336086> Truck:[XHTruck22] Finish unloading at dumper NorthPitMine-DumpSite1-点位0, dumper tons is 1582.9961022315654
2025-09-11 21:07:55,003 [DEBUG] Truck: Time:<196.584874336086> Truck:[XHTruck22] Start moving to ORDER(2):NorthPitMine-LoadSite3, move distance is 4.101671388773283, speed: 25
2025-09-11 21:07:55,003 [INFO] Truck: Time:<181> Truck:[XHTruck22] breakdown for 8.585565196354143 minutes at 181
2025-09-11 21:07:55,003 [DEBUG] Truck: Time:<196.7205268039251> Truck:[CLTruck10] Arrived at NorthPitMine-DumpSite1 at 196.7205268039251
2025-09-11 21:07:55,003 [INFO] Truck: Time:<196.85531322276069> Truck:[OfficalTruck3] Finish loading at shovel NorthPitMine-LoadSite5-Shovel-2
2025-09-11 21:07:55,003 [DEBUG] Truck: Time:<196.85531322276069> Truck:[OfficalTruck3] Start moving to ORDER(0): NorthPitMine-DumpSite1, move distance is 5.15, speed: 25
2025-09-11 21:07:55,003 [INFO] Truck: Time:<183> Truck:[OfficalTruck3] breakdown for 7.013510283417909 minutes at 183
2025-09-11 21:07:55,003 [INFO] Truck: Time:<196.9401698530573> Truck:[CLTruck28] Arrived at NorthPitMine-LoadSite2 at 196.9401698530573
2025-09-11 21:07:55,003 [INFO] Truck: Time:<196.9401698530573> Truck:[CLTruck28] Start loading at shovel NorthPitMine-LoadSite2-Shovel-1, load time is 2.5836614173228347
2025-09-11 21:07:55,003 [INFO] Truck: Time:<197.19364388144217> Truck:[XHTruck16] Arrived at NorthPitMine-LoadSite5 at 197.19364388144217
2025-09-11 21:07:55,003 [INFO] Truck: Time:<197.19364388144217> Truck:[XHTruck16] Start loading at shovel NorthPitMine-LoadSite5-Shovel-2, load time is 4.060039370078741
2025-09-11 21:07:55,003 [DEBUG] Truck: Time:<197.38584731639> Truck:[CLTruck17] Arrived at NorthPitMine-DumpSite2 at 197.38584731639
2025-09-11 21:07:55,003 [INFO] Truck: Time:<197.7205268039251> Truck:[CLTruck10] Finish unloading at dumper NorthPitMine-DumpSite1-点位0, dumper tons is 1618.7723987010256
2025-09-11 21:07:55,013 [DEBUG] Truck: Time:<197.7205268039251> Truck:[CLTruck10] Start moving to ORDER(2):NorthPitMine-LoadSite3, move distance is 4.058736577714097, speed: 25
2025-09-11 21:07:55,013 [INFO] Truck: Time:<197.90578664101014> Truck:[XHTruck2] Finish loading at shovel NorthPitMine-LoadSite4-Shovel-1
2025-09-11 21:07:55,013 [DEBUG] Truck: Time:<197.90578664101014> Truck:[XHTruck2] Start moving to ORDER(1): NorthPitMine-DumpSite2, move distance is 1.17, speed: 25
2025-09-11 21:07:55,013 [INFO] Truck: Time:<194> Truck:[XHTruck2] breakdown for 9.01052059851746 minutes at 194
2025-09-11 21:07:55,013 [INFO] Truck: Time:<197.90578664101014> Truck:[XHTruck18] Start loading at shovel NorthPitMine-LoadSite4-Shovel-1, load time is 4.060039370078741
2025-09-11 21:07:55,013 [INFO] Truck: Time:<198.1296720239879> Truck:[CLTruck3] Arrived at NorthPitMine-LoadSite5 at 198.1296720239879
2025-09-11 21:07:55,013 [INFO] Truck: Time:<198.13673415711907> Truck:[XHTruck33] is facing 3.9563248735099936 mins delay caused by 3 pre-existing jam events on Road from NorthPitMine-DumpSite5 to NorthPitMine-LoadSite4
2025-09-11 21:07:55,013 [DEBUG] Truck: Time:<198.23832626345936> Truck:[XHTruck17] Arrived at NorthPitMine-DumpSite5 at 198.23832626345936
2025-09-11 21:07:55,013 [DEBUG] Truck: Time:<198.24952760724432> Truck:[CLTruck20] Arrived at NorthPitMine-DumpSite5 at 198.24952760724432
2025-09-11 21:07:55,013 [DEBUG] Truck: Time:<198.25323939990747> Truck:[XHTruck8] Arrived at NorthPitMine-DumpSite5 at 198.25323939990747
2025-09-11 21:07:55,013 [INFO] Truck: Time:<198.33344217644301> Truck:[XHTruck30] is facing 11.601501216539106 mins delay caused by 1 pre-existing jam events on Road from NorthPitMine-LoadSite4 to NorthPitMine-DumpSite2
2025-09-11 21:07:55,013 [INFO] Truck: Time:<198.38584731639> Truck:[CLTruck17] Finish unloading at dumper NorthPitMine-DumpSite2-点位0, dumper tons is 1924.7732096252914
2025-09-11 21:07:55,023 [DEBUG] Truck: Time:<198.38584731639> Truck:[CLTruck17] Start moving to ORDER(2):NorthPitMine-LoadSite3, move distance is 4.862569007690667, speed: 25
2025-09-11 21:07:55,023 [INFO] Truck: Time:<194> Truck:[CLTruck17] breakdown for 9.709773762403163 minutes at 194
2025-09-11 21:07:55,023 [INFO] Truck: Time:<198.694470514933> Truck:[OfficalTruck5] is facing 0 mins delay caused by 3 pre-existing jam events on Road from NorthPitMine-DumpSite2 to NorthPitMine-LoadSite5
2025-09-11 21:07:55,023 [INFO] Truck: Time:<199.23832626345936> Truck:[XHTruck17] Finish unloading at dumper NorthPitMine-DumpSite5-点位0, dumper tons is 2321.2729798910023
2025-09-11 21:07:55,023 [DEBUG] Truck: Time:<199.23832626345936> Truck:[XHTruck17] Start moving to ORDER(3):NorthPitMine-LoadSite4, move distance is 6.540698313282989, speed: 25
2025-09-11 21:07:55,023 [INFO] Truck: Time:<199.23832626345936> Truck:[XHTruck17] is facing 4.121130786451887 mins delay caused by 3 pre-existing jam events on Road from NorthPitMine-DumpSite5 to NorthPitMine-LoadSite4
2025-09-11 21:07:55,034 [INFO] Truck: Time:<199.24952760724432> Truck:[CLTruck20] Finish unloading at dumper NorthPitMine-DumpSite5-点位1, dumper tons is 641.0205587902423
2025-09-11 21:07:55,034 [DEBUG] Truck: Time:<199.24952760724432> Truck:[CLTruck20] Start moving to ORDER(3):NorthPitMine-LoadSite4, move distance is 8.473907031457122, speed: 25
2025-09-11 21:07:55,034 [INFO] Truck: Time:<199.24952760724432> Truck:[CLTruck20] is facing 1.8016898440301823 mins delay caused by 3 pre-existing jam events on Road from NorthPitMine-DumpSite5 to NorthPitMine-LoadSite4
2025-09-11 21:07:55,034 [INFO] Truck: Time:<199.25323939990747> Truck:[XHTruck8] Finish unloading at dumper NorthPitMine-DumpSite5-点位2, dumper tons is 229.2864325760713
2025-09-11 21:07:55,034 [DEBUG] Truck: Time:<199.25323939990747> Truck:[XHTruck8] Start moving to ORDER(3):NorthPitMine-LoadSite4, move distance is 7.256327582494164, speed: 25
2025-09-11 21:07:55,034 [INFO] Truck: Time:<199.25323939990747> Truck:[XHTruck8] is facing 3.2517606006393187 mins delay caused by 3 pre-existing jam events on Road from NorthPitMine-DumpSite5 to NorthPitMine-LoadSite4
2025-09-11 21:07:55,034 [INFO] Truck: Time:<199.52383127038016> Truck:[CLTruck28] Finish loading at shovel NorthPitMine-LoadSite2-Shovel-1
2025-09-11 21:07:55,034 [DEBUG] Truck: Time:<199.52383127038016> Truck:[CLTruck28] Start moving to ORDER(4): NorthPitMine-DumpSite5, move distance is 3.18, speed: 25
2025-09-11 21:07:55,034 [INFO] Truck: Time:<190> Truck:[CLTruck28] breakdown for 3.008639572633145 minutes at 190
2025-09-11 21:07:55,034 [INFO] Truck: Time:<199.7200130304689> Truck:[CLTruck7] Arrived at NorthPitMine-LoadSite5 at 199.7200130304689
2025-09-11 21:07:55,034 [DEBUG] Truck: Time:<199.8021372076409> Truck:[CLTruck16] Arrived at NorthPitMine-DumpSite2 at 199.8021372076409
2025-09-11 21:07:55,046 [INFO] Truck: Time:<200.10058591329908> Truck:[XHTruck28] Arrived at NorthPitMine-LoadSite5 at 200.10058591329908
2025-09-11 21:07:55,047 [DEBUG] Truck: Time:<200.15321021485465> Truck:[CLTruck24] Arrived at NorthPitMine-DumpSite2 at 200.15321021485465
2025-09-11 21:07:55,047 [INFO] Truck: Time:<200.8021372076409> Truck:[CLTruck16] Finish unloading at dumper NorthPitMine-DumpSite2-点位0, dumper tons is 1962.8898647960493
2025-09-11 21:07:55,049 [DEBUG] Truck: Time:<200.8021372076409> Truck:[CLTruck16] Start moving to ORDER(2):NorthPitMine-LoadSite3, move distance is 4.1932716011664715, speed: 25
2025-09-11 21:07:55,049 [INFO] Truck: Time:<200> Truck:[CLTruck16] breakdown for 10.40346695690319 minutes at 200
2025-09-11 21:07:55,053 [INFO] Truck: Time:<201.0454246469743> Truck:[XHTruck6] Finish loading at shovel NorthPitMine-LoadSite3-Shovel-3
2025-09-11 21:07:55,055 [DEBUG] Truck: Time:<201.0454246469743> Truck:[XHTruck6] Start moving to ORDER(4): NorthPitMine-DumpSite5, move distance is 1.86, speed: 25
2025-09-11 21:07:55,055 [INFO] Truck: Time:<201> Truck:[XHTruck6] breakdown for 9.410483042199957 minutes at 201
2025-09-11 21:07:55,055 [INFO] Truck: Time:<201.0454246469743> Truck:[CLTruck2] Start loading at shovel NorthPitMine-LoadSite3-Shovel-3, load time is 15.555555555555555
2025-09-11 21:07:55,056 [INFO] Truck: Time:<201.15321021485465> Truck:[CLTruck24] Finish unloading at dumper NorthPitMine-DumpSite2-点位1, dumper tons is 657.738261269343
2025-09-11 21:07:55,056 [DEBUG] Truck: Time:<201.15321021485465> Truck:[CLTruck24] Start moving to ORDER(2):NorthPitMine-LoadSite3, move distance is 4.759878817596118, speed: 25
2025-09-11 21:07:55,056 [INFO] Truck: Time:<199> Truck:[CLTruck24] breakdown for 6.947679594239355 minutes at 199
2025-09-11 21:07:55,056 [INFO] Truck: Time:<201.21765051354956> Truck:[XHTruck7] Arrived at NorthPitMine-LoadSite5 at 201.21765051354956
2025-09-11 21:07:55,056 [INFO] Truck: Time:<201.2536832515209> Truck:[XHTruck16] Finish loading at shovel NorthPitMine-LoadSite5-Shovel-2
2025-09-11 21:07:55,056 [DEBUG] Truck: Time:<201.2536832515209> Truck:[XHTruck16] Start moving to ORDER(0): NorthPitMine-DumpSite1, move distance is 5.15, speed: 25
2025-09-11 21:07:55,056 [INFO] Truck: Time:<200> Truck:[XHTruck16] breakdown for 6.383600861693934 minutes at 200
2025-09-11 21:07:55,056 [INFO] Truck: Time:<201.2536832515209> Truck:[CLTruck3] Start loading at shovel NorthPitMine-LoadSite5-Shovel-2, load time is 2.5836614173228347
2025-09-11 21:07:55,056 [INFO] Truck: Time:<201.9658260110889> Truck:[XHTruck18] Finish loading at shovel NorthPitMine-LoadSite4-Shovel-1
2025-09-11 21:07:55,064 [DEBUG] Truck: Time:<201.9658260110889> Truck:[XHTruck18] Start moving to ORDER(1): NorthPitMine-DumpSite2, move distance is 1.17, speed: 25
2025-09-11 21:07:55,064 [INFO] Truck: Time:<176> Truck:[XHTruck18] breakdown for 8.100783862668816 minutes at 176
2025-09-11 21:07:55,067 [INFO] Truck: Time:<201.9658260110889> Truck:[XHTruck27] Start loading at shovel NorthPitMine-LoadSite4-Shovel-1, load time is 4.060039370078741
2025-09-11 21:07:55,068 [INFO] Truck: Time:<202.72499706519233> Truck:[CLTruck26] Arrived at NorthPitMine-LoadSite5 at 202.72499706519233
2025-09-11 21:07:55,074 [INFO] Truck: Time:<202.7782865855858> Shovel NorthPitMine-LoadSite4-Shovel-4 maintenance completed
2025-09-11 21:07:55,074 [DEBUG] Truck: Time:<202.7782865855858> Truck:[CLTruck29] Start moving to ORDER(1): NorthPitMine-DumpSite2, move distance is 1.17, speed: 25
2025-09-11 21:07:55,074 [INFO] Truck: Time:<160> Truck:[CLTruck29] breakdown for 16.18738734476708 minutes at 160
2025-09-11 21:07:55,074 [INFO] Truck: Time:<202.7782865855858> Truck:[CLTruck22] Start loading at shovel NorthPitMine-LoadSite4-Shovel-4, load time is 15.555555555555555
2025-09-11 21:07:55,074 [INFO] Truck: Time:<203.3368349119984> Truck:[CLTruck8] is facing 6.850814393826503 mins delay caused by 1 pre-existing jam events on Road from NorthPitMine-LoadSite4 to NorthPitMine-DumpSite2
2025-09-11 21:07:55,074 [INFO] Truck: Time:<203.66486307358917> Truck:[XHTruck26] Arrived at NorthPitMine-LoadSite3 at 203.66486307358917
2025-09-11 21:07:55,074 [INFO] Truck: Time:<203.66486307358917> Truck:[XHTruck26] Start loading at shovel NorthPitMine-LoadSite3-Shovel-1, load time is 4.060039370078741
2025-09-11 21:07:55,074 [INFO] Truck: Time:<203.83734466884374> Truck:[CLTruck3] Finish loading at shovel NorthPitMine-LoadSite5-Shovel-2
2025-09-11 21:07:55,084 [DEBUG] Truck: Time:<203.83734466884374> Truck:[CLTruck3] Start moving to ORDER(0): NorthPitMine-DumpSite1, move distance is 5.15, speed: 25
2025-09-11 21:07:55,084 [INFO] Truck: Time:<189> Truck:[CLTruck3] breakdown for 13.727975584286176 minutes at 189
2025-09-11 21:07:55,084 [INFO] Truck: Time:<203.83734466884374> Truck:[XHTruck28] Start loading at shovel NorthPitMine-LoadSite5-Shovel-2, load time is 4.060039370078741
2025-09-11 21:07:55,084 [INFO] Truck: Time:<205.17043953244013> Truck:[XHTruck22] is facing 8.25314490822422 mins delay caused by 1 pre-existing jam events on Road from NorthPitMine-DumpSite1 to NorthPitMine-LoadSite3
2025-09-11 21:07:55,084 [DEBUG] Truck: Time:<205.79970344574897> Truck:[CLTruck1] Arrived at NorthPitMine-DumpSite5 at 205.79970344574897
2025-09-11 21:07:55,095 [INFO] Truck: Time:<206.02586538116765> Truck:[XHTruck27] Finish loading at shovel NorthPitMine-LoadSite4-Shovel-1
2025-09-11 21:07:55,095 [DEBUG] Truck: Time:<206.02586538116765> Truck:[XHTruck27] Start moving to ORDER(1): NorthPitMine-DumpSite2, move distance is 1.17, speed: 25
2025-09-11 21:07:55,095 [INFO] Truck: Time:<204> Truck:[XHTruck27] breakdown for 10.172604761291312 minutes at 204
2025-09-11 21:07:55,095 [DEBUG] Truck: Time:<206.40893922414563> Truck:[XHTruck14] Arrived at NorthPitMine-DumpSite5 at 206.40893922414563
2025-09-11 21:07:55,095 [DEBUG] Truck: Time:<206.47321495178232> Truck:[XHTruck1] Arrived at NorthPitMine-DumpSite5 at 206.47321495178232
2025-09-11 21:07:55,095 [INFO] Truck: Time:<206.79970344574897> Truck:[CLTruck1] Finish unloading at dumper NorthPitMine-DumpSite5-点位0, dumper tons is 2357.7768048232574
2025-09-11 21:07:55,095 [DEBUG] Truck: Time:<206.79970344574897> Truck:[CLTruck1] Start moving to ORDER(3):NorthPitMine-LoadSite4, move distance is 6.651536269622323, speed: 25
2025-09-11 21:07:55,095 [INFO] Truck: Time:<206.79970344574897> Truck:[CLTruck1] is facing 8.6616403439288 mins delay caused by 4 pre-existing jam events on Road from NorthPitMine-DumpSite5 to NorthPitMine-LoadSite4
2025-09-11 21:07:55,095 [INFO] Truck: Time:<206.9163072395276> Truck:[XHTruck2] is facing 4.454604653019264 mins delay caused by 1 pre-existing jam events on Road from NorthPitMine-LoadSite4 to NorthPitMine-DumpSite2
2025-09-11 21:07:55,095 [DEBUG] Truck: Time:<207.17337975391501> Truck:[CLTruck18] Arrived at NorthPitMine-DumpSite5 at 207.17337975391501
2025-09-11 21:07:55,095 [INFO] Truck: Time:<207.40893922414563> Truck:[XHTruck14] Finish unloading at dumper NorthPitMine-DumpSite5-点位1, dumper tons is 700.302134155628
2025-09-11 21:07:55,095 [DEBUG] Truck: Time:<207.40893922414563> Truck:[XHTruck14] Start moving to ORDER(3):NorthPitMine-LoadSite4, move distance is 7.241656360073664, speed: 25
2025-09-11 21:07:55,095 [INFO] Truck: Time:<207.40893922414563> Truck:[XHTruck14] is facing 6.952642537775342 mins delay caused by 4 pre-existing jam events on Road from NorthPitMine-DumpSite5 to NorthPitMine-LoadSite4
2025-09-11 21:07:55,095 [INFO] Truck: Time:<207.46149459043895> Truck:[CLTruck10] Arrived at NorthPitMine-LoadSite3 at 207.46149459043895
2025-09-11 21:07:55,095 [INFO] Truck: Time:<207.47321495178232> Truck:[XHTruck1] Finish unloading at dumper NorthPitMine-DumpSite5-点位2, dumper tons is 288.10687925256985
2025-09-11 21:07:55,104 [DEBUG] Truck: Time:<207.47321495178232> Truck:[XHTruck1] Start moving to ORDER(3):NorthPitMine-LoadSite4, move distance is 7.958393735021453, speed: 25
2025-09-11 21:07:55,104 [INFO] Truck: Time:<207.47321495178232> Truck:[XHTruck1] is facing 6.228316591854656 mins delay caused by 4 pre-existing jam events on Road from NorthPitMine-DumpSite5 to NorthPitMine-LoadSite4
2025-09-11 21:07:55,104 [DEBUG] Truck: Time:<207.47490797583933> Truck:[CLTruck19] Arrived at NorthPitMine-DumpSite1 at 207.47490797583933
2025-09-11 21:07:55,104 [INFO] Truck: Time:<207.72490244366793> Truck:[XHTruck26] Finish loading at shovel NorthPitMine-LoadSite3-Shovel-1
2025-09-11 21:07:55,104 [DEBUG] Truck: Time:<207.72490244366793> Truck:[XHTruck26] Start moving to ORDER(4): NorthPitMine-DumpSite5, move distance is 1.86, speed: 25
2025-09-11 21:07:55,104 [INFO] Truck: Time:<198> Truck:[XHTruck26] breakdown for 9.315239092956002 minutes at 198
2025-09-11 21:07:55,104 [INFO] Truck: Time:<207.72490244366793> Truck:[CLTruck10] Start loading at shovel NorthPitMine-LoadSite3-Shovel-1, load time is 2.5836614173228347
2025-09-11 21:07:55,104 [INFO] Truck: Time:<207.8973840389225> Truck:[XHTruck28] Finish loading at shovel NorthPitMine-LoadSite5-Shovel-2
2025-09-11 21:07:55,104 [INFO] Road: [RoadEvent] Road from NorthPitMine-LoadSite5 to NorthPitMine-DumpSite1 is in repair，the repair will last for 51.37 mins, and will end at 259.27, vehicle on this road will have to suffer punish_distance.
2025-09-11 21:07:55,104 [DEBUG] Truck: Time:<207.8973840389225> Truck:[XHTruck28] Start moving to ORDER(0): NorthPitMine-DumpSite1, move distance is 7.233731379502257, speed: 25
2025-09-11 21:07:55,104 [INFO] Truck: Time:<203> Truck:[XHTruck28] breakdown for 8.548409810605893 minutes at 203
2025-09-11 21:07:55,104 [INFO] Truck: Time:<207.8973840389225> Truck:[CLTruck26] Start loading at shovel NorthPitMine-LoadSite5-Shovel-2, load time is 2.5836614173228347
2025-09-11 21:07:55,104 [INFO] Truck: Time:<207.8987505238852> Truck:[CLTruck12] Arrived at NorthPitMine-LoadSite4 at 207.8987505238852
2025-09-11 21:07:55,104 [INFO] Truck: Time:<207.8987505238852> Truck:[CLTruck12] Start loading at shovel NorthPitMine-LoadSite4-Shovel-1, load time is 2.5836614173228347
2025-09-11 21:07:55,104 [INFO] Truck: Time:<207.952065380447> Truck:[CLTruck15] is facing 3.418846512099866 mins delay caused by 1 pre-existing jam events on Road from NorthPitMine-LoadSite4 to NorthPitMine-DumpSite2
2025-09-11 21:07:55,114 [INFO] Truck: Time:<208.0141889769347> Truck:[XHTruck9] Arrived at NorthPitMine-LoadSite3 at 208.0141889769347
2025-09-11 21:07:55,115 [INFO] Truck: Time:<208.09562107879316> Truck:[CLTruck17] is facing 0.6852559648645808 mins delay caused by 1 pre-existing jam events on Road from NorthPitMine-DumpSite2 to NorthPitMine-LoadSite3
2025-09-11 21:07:55,116 [INFO] Truck: Time:<208.100889809094> Truck:[CLTruck24] is facing 0.8771030589133826 mins delay caused by 1 pre-existing jam events on Road from NorthPitMine-DumpSite2 to NorthPitMine-LoadSite3
2025-09-11 21:07:55,116 [INFO] Truck: Time:<208.17337975391501> Truck:[CLTruck18] Finish unloading at dumper NorthPitMine-DumpSite5-点位0, dumper tons is 2395.8408186600786
2025-09-11 21:07:55,117 [DEBUG] Truck: Time:<208.17337975391501> Truck:[CLTruck18] Start moving to ORDER(3):NorthPitMine-LoadSite4, move distance is 6.906792596128236, speed: 25
2025-09-11 21:07:55,117 [INFO] Truck: Time:<208.17337975391501> Truck:[CLTruck18] is facing 5.702110697035649 mins delay caused by 4 pre-existing jam events on Road from NorthPitMine-DumpSite5 to NorthPitMine-LoadSite4
2025-09-11 21:07:55,118 [INFO] Truck: Time:<208.2465354909928> Truck:[CLTruck13] Arrived at NorthPitMine-LoadSite4 at 208.2465354909928
2025-09-11 21:07:55,118 [DEBUG] Truck: Time:<208.26748704408595> Truck:[XHTruck19] Arrived at NorthPitMine-DumpSite5 at 208.26748704408595
2025-09-11 21:07:55,119 [INFO] Truck: Time:<208.47490797583933> Truck:[CLTruck19] Finish unloading at dumper NorthPitMine-DumpSite1-点位0, dumper tons is 1652.428363300091
2025-09-11 21:07:55,120 [DEBUG] Truck: Time:<208.47490797583933> Truck:[CLTruck19] Start moving to ORDER(2):NorthPitMine-LoadSite3, move distance is 4.030740592101802, speed: 25
2025-09-11 21:07:55,120 [INFO] Truck: Time:<206> Truck:[CLTruck19] breakdown for 10.342025787415647 minutes at 206
2025-09-11 21:07:55,121 [INFO] Truck: Time:<208.71323387468908> Truck:[XHTruck23] Arrived at NorthPitMine-LoadSite4 at 208.71323387468908
2025-09-11 21:07:55,124 [INFO] Truck: Time:<209.0990453234236> Truck:[CLTruck4] Arrived at NorthPitMine-LoadSite4 at 209.0990453234236
2025-09-11 21:07:55,124 [INFO] Truck: Time:<209.26748704408595> Truck:[XHTruck19] Finish unloading at dumper NorthPitMine-DumpSite5-点位0, dumper tons is 2448.757263965724
2025-09-11 21:07:55,125 [DEBUG] Truck: Time:<209.26748704408595> Truck:[XHTruck19] Start moving to ORDER(3):NorthPitMine-LoadSite4, move distance is 7.138688010740756, speed: 25
2025-09-11 21:07:55,125 [INFO] Truck: Time:<209.26748704408595> Truck:[XHTruck19] is facing 3.7210608566247534 mins delay caused by 4 pre-existing jam events on Road from NorthPitMine-DumpSite5 to NorthPitMine-LoadSite4
2025-09-11 21:07:55,125 [INFO] Truck: Time:<209.859567497896> Truck:[CLTruck23] Arrived at NorthPitMine-LoadSite3 at 209.859567497896
2025-09-11 21:07:55,126 [INFO] Truck: Time:<210.0666098737577> Truck:[XHTruck18] is facing 1.3043020187891772 mins delay caused by 1 pre-existing jam events on Road from NorthPitMine-LoadSite4 to NorthPitMine-DumpSite2
2025-09-11 21:07:55,126 [DEBUG] Truck: Time:<210.1644708430133> Truck:[CLTruck28] Arrived at NorthPitMine-DumpSite5 at 210.1644708430133
2025-09-11 21:07:55,126 [INFO] Truck: Time:<210.30856386099077> Truck:[CLTruck10] Finish loading at shovel NorthPitMine-LoadSite3-Shovel-1
2025-09-11 21:07:55,126 [DEBUG] Truck: Time:<210.30856386099077> Truck:[CLTruck10] Start moving to ORDER(4): NorthPitMine-DumpSite5, move distance is 1.86, speed: 25
2025-09-11 21:07:55,126 [INFO] Truck: Time:<200> Truck:[CLTruck10] breakdown for 15.469135193960952 minutes at 200
2025-09-11 21:07:55,126 [INFO] Truck: Time:<210.30856386099077> Truck:[XHTruck9] Start loading at shovel NorthPitMine-LoadSite3-Shovel-1, load time is 4.060039370078741
2025-09-11 21:07:55,126 [INFO] Truck: Time:<210.45590768917427> Truck:[XHTruck6] is facing 5.50325446819613 mins delay caused by 1 pre-existing jam events on Road from NorthPitMine-LoadSite3 to NorthPitMine-DumpSite5
2025-09-11 21:07:55,126 [INFO] Truck: Time:<210.48104545624534> Truck:[CLTruck26] Finish loading at shovel NorthPitMine-LoadSite5-Shovel-2
2025-09-11 21:07:55,126 [DEBUG] Truck: Time:<210.48104545624534> Truck:[CLTruck26] Start moving to ORDER(0): NorthPitMine-DumpSite1, move distance is 7.214778535767459, speed: 25
2025-09-11 21:07:55,126 [INFO] Truck: Time:<201> Truck:[CLTruck26] breakdown for 5.470680946166368 minutes at 201
2025-09-11 21:07:55,126 [INFO] Truck: Time:<210.48241194120806> Truck:[CLTruck12] Finish loading at shovel NorthPitMine-LoadSite4-Shovel-1
2025-09-11 21:07:55,126 [DEBUG] Truck: Time:<210.48241194120806> Truck:[CLTruck12] Start moving to ORDER(1): NorthPitMine-DumpSite2, move distance is 1.17, speed: 25
2025-09-11 21:07:55,126 [INFO] Truck: Time:<187> Truck:[CLTruck12] breakdown for 6.798426357604261 minutes at 187
2025-09-11 21:07:55,126 [INFO] Truck: Time:<210.48241194120806> Truck:[CLTruck13] Start loading at shovel NorthPitMine-LoadSite4-Shovel-1, load time is 2.5836614173228347
2025-09-11 21:07:55,134 [INFO] Truck: Time:<211.1644708430133> Truck:[CLTruck28] Finish unloading at dumper NorthPitMine-DumpSite5-点位0, dumper tons is 2484.331173503028
2025-09-11 21:07:55,134 [DEBUG] Truck: Time:<211.1644708430133> Truck:[CLTruck28] Start moving to ORDER(3):NorthPitMine-LoadSite4, move distance is 7.5884304763670904, speed: 25
2025-09-11 21:07:55,134 [INFO] Truck: Time:<211.1644708430133> Truck:[CLTruck28] is facing 1.5777316350840582 mins delay caused by 3 pre-existing jam events on Road from NorthPitMine-DumpSite5 to NorthPitMine-LoadSite4
2025-09-11 21:07:55,134 [INFO] Truck: Time:<211.2056041645441> Truck:[CLTruck16] is facing 0 mins delay caused by 1 pre-existing jam events on Road from NorthPitMine-DumpSite2 to NorthPitMine-LoadSite3
2025-09-11 21:07:55,134 [INFO] Truck: Time:<211.51517557350962> Truck:[CLTruck5] Arrived at NorthPitMine-LoadSite4 at 211.51517557350962
2025-09-11 21:07:55,134 [INFO] Truck: Time:<211.74642215760883> Truck:[OfficalTruck4] Arrived at NorthPitMine-LoadSite5 at 211.74642215760883
2025-09-11 21:07:55,134 [INFO] Truck: Time:<211.74642215760883> Truck:[OfficalTruck4] Start loading at shovel NorthPitMine-LoadSite5-Shovel-2, load time is 5.684055118110236
2025-09-11 21:07:55,134 [INFO] Truck: Time:<212.0906666666666> Truck:[CLTruck25] Finish loading at shovel NorthPitMine-LoadSite4-Shovel-3
2025-09-11 21:07:55,134 [DEBUG] Truck: Time:<212.0906666666666> Truck:[CLTruck25] Start moving to ORDER(1): NorthPitMine-DumpSite2, move distance is 1.17, speed: 25
2025-09-11 21:07:55,134 [INFO] Truck: Time:<185> Truck:[CLTruck25] breakdown for 10.145905003347478 minutes at 185
2025-09-11 21:07:55,134 [INFO] Truck: Time:<212.0906666666666> Truck:[CLTruck21] Start loading at shovel NorthPitMine-LoadSite4-Shovel-3, load time is 15.555555555555555
2025-09-11 21:07:55,144 [INFO] Truck: Time:<213.0660733585309> Truck:[CLTruck13] Finish loading at shovel NorthPitMine-LoadSite4-Shovel-1
2025-09-11 21:07:55,144 [DEBUG] Truck: Time:<213.0660733585309> Truck:[CLTruck13] Start moving to ORDER(1): NorthPitMine-DumpSite2, move distance is 1.17, speed: 25
2025-09-11 21:07:55,144 [INFO] Truck: Time:<207> Truck:[CLTruck13] breakdown for 11.822323147431852 minutes at 207
2025-09-11 21:07:55,144 [INFO] Truck: Time:<213.0660733585309> Truck:[XHTruck23] Start loading at shovel NorthPitMine-LoadSite4-Shovel-1, load time is 4.060039370078741
2025-09-11 21:07:55,144 [DEBUG] Truck: Time:<214.17891189254686> Truck:[XHTruck2] Arrived at NorthPitMine-DumpSite2 at 214.17891189254686
2025-09-11 21:07:55,144 [DEBUG] Truck: Time:<214.17891189254686> Truck:[CLTruck15] Arrived at NorthPitMine-DumpSite2 at 214.17891189254686
2025-09-11 21:07:55,144 [DEBUG] Truck: Time:<214.17891189254686> Truck:[XHTruck18] Arrived at NorthPitMine-DumpSite2 at 214.17891189254686
2025-09-11 21:07:55,144 [DEBUG] Truck: Time:<214.22570063166805> Truck:[CLTruck8] Arrived at NorthPitMine-DumpSite2 at 214.22570063166805
2025-09-11 21:07:55,144 [DEBUG] Truck: Time:<214.23569316516233> Truck:[XHTruck30] Arrived at NorthPitMine-DumpSite2 at 214.23569316516233
2025-09-11 21:07:55,144 [INFO] Truck: Time:<214.35609010817035> Truck:[XHTruck12] Finish loading at shovel NorthPitMine-LoadSite3-Shovel-2
2025-09-11 21:07:55,144 [DEBUG] Truck: Time:<214.35609010817035> Truck:[XHTruck12] Start moving to ORDER(4): NorthPitMine-DumpSite5, move distance is 1.86, speed: 25
2025-09-11 21:07:55,144 [INFO] Truck: Time:<197> Truck:[XHTruck12] breakdown for 10.04308275748222 minutes at 197
2025-09-11 21:07:55,144 [INFO] Truck: Time:<214.35609010817035> Truck:[CLTruck11] Start loading at shovel NorthPitMine-LoadSite3-Shovel-2, load time is 15.555555555555555
2025-09-11 21:07:55,144 [INFO] Truck: Time:<214.36860323106953> Truck:[XHTruck9] Finish loading at shovel NorthPitMine-LoadSite3-Shovel-1
2025-09-11 21:07:55,144 [DEBUG] Truck: Time:<214.36860323106953> Truck:[XHTruck9] Start moving to ORDER(4): NorthPitMine-DumpSite5, move distance is 1.86, speed: 25
2025-09-11 21:07:55,144 [INFO] Truck: Time:<212> Truck:[XHTruck9] breakdown for 13.353299649203198 minutes at 212
2025-09-11 21:07:55,144 [INFO] Truck: Time:<214.36860323106953> Truck:[CLTruck23] Start loading at shovel NorthPitMine-LoadSite3-Shovel-1, load time is 2.5836614173228347
2025-09-11 21:07:55,154 [INFO] Truck: Time:<215.053965224582> Truck:[OfficalTruck5] Arrived at NorthPitMine-LoadSite5 at 215.053965224582
2025-09-11 21:07:55,154 [INFO] Truck: Time:<215.17891189254686> Truck:[XHTruck2] Finish unloading at dumper NorthPitMine-DumpSite2-点位0, dumper tons is 2021.8537970560176
2025-09-11 21:07:55,154 [INFO] Truck: Time:<215.17891189254686> Truck:[CLTruck15] Finish unloading at dumper NorthPitMine-DumpSite2-点位1, dumper tons is 693.1862345741129
2025-09-11 21:07:55,154 [INFO] Truck: Time:<215.17891189254686> Truck:[XHTruck18] Finish unloading at dumper NorthPitMine-DumpSite2-点位2, dumper tons is 333.03960953505384
2025-09-11 21:07:55,154 [DEBUG] Truck: Time:<215.17891189254686> Truck:[XHTruck2] Start moving to ORDER(2):NorthPitMine-LoadSite3, move distance is 4.869732609459695, speed: 25
2025-09-11 21:07:55,154 [INFO] Truck: Time:<215.17891189254686> Truck:[XHTruck2] is facing 0 mins delay caused by 1 pre-existing jam events on Road from NorthPitMine-DumpSite2 to NorthPitMine-LoadSite3
2025-09-11 21:07:55,154 [DEBUG] Truck: Time:<215.17891189254686> Truck:[CLTruck15] Start moving to ORDER(2):NorthPitMine-LoadSite3, move distance is 5.364468517704446, speed: 25
2025-09-11 21:07:55,154 [INFO] Truck: Time:<215.17891189254686> Truck:[CLTruck15] is facing 0 mins delay caused by 1 pre-existing jam events on Road from NorthPitMine-DumpSite2 to NorthPitMine-LoadSite3
2025-09-11 21:07:55,154 [DEBUG] Truck: Time:<215.17891189254686> Truck:[XHTruck18] Start moving to ORDER(2):NorthPitMine-LoadSite3, move distance is 4.696563043952463, speed: 25
2025-09-11 21:07:55,154 [INFO] Truck: Time:<215.17891189254686> Truck:[XHTruck18] is facing 0 mins delay caused by 1 pre-existing jam events on Road from NorthPitMine-DumpSite2 to NorthPitMine-LoadSite3
2025-09-11 21:07:55,154 [INFO] Truck: Time:<215.2017777777778> Truck:[XHTruck11] Finish loading at shovel NorthPitMine-LoadSite4-Shovel-5
2025-09-11 21:07:55,154 [DEBUG] Truck: Time:<215.2017777777778> Truck:[XHTruck11] Start moving to ORDER(1): NorthPitMine-DumpSite2, move distance is 1.17, speed: 25
2025-09-11 21:07:55,154 [INFO] Truck: Time:<194> Truck:[XHTruck11] breakdown for 13.132952000804227 minutes at 194
2025-09-11 21:07:55,154 [INFO] Truck: Time:<215.2017777777778> Truck:[OfficalTruck8] Start loading at shovel NorthPitMine-LoadSite4-Shovel-5, load time is 34.22222222222222
2025-09-11 21:07:55,154 [INFO] Truck: Time:<215.22570063166805> Truck:[CLTruck8] Finish unloading at dumper NorthPitMine-DumpSite2-点位3, dumper tons is 72.37237282411309
2025-09-11 21:07:55,154 [DEBUG] Truck: Time:<215.22570063166805> Truck:[CLTruck8] Start moving to ORDER(2):NorthPitMine-LoadSite3, move distance is 4.844635554377609, speed: 25
2025-09-11 21:07:55,154 [INFO] Truck: Time:<215.22570063166805> Truck:[CLTruck8] is facing 0 mins delay caused by 1 pre-existing jam events on Road from NorthPitMine-DumpSite2 to NorthPitMine-LoadSite3
2025-09-11 21:07:55,154 [INFO] Truck: Time:<215.23569316516233> Truck:[XHTruck30] Finish unloading at dumper NorthPitMine-DumpSite2-点位4, dumper tons is 58.03200140421465
2025-09-11 21:07:55,154 [DEBUG] Truck: Time:<215.23569316516233> Truck:[XHTruck30] Start moving to ORDER(2):NorthPitMine-LoadSite3, move distance is 4.122476899767147, speed: 25
2025-09-11 21:07:55,154 [INFO] Truck: Time:<215> Truck:[XHTruck30] breakdown for 7.200933556486353 minutes at 215
2025-09-11 21:07:55,154 [INFO] Truck: Time:<215.9517264024117> Truck:[CLTruck26] is facing 0 mins delay caused by 1 pre-existing jam events on Road from NorthPitMine-LoadSite5 to NorthPitMine-DumpSite1
2025-09-11 21:07:55,154 [INFO] Truck: Time:<216.19847014245897> Truck:[XHTruck27] is facing 4.381114261375949 mins delay caused by 2 pre-existing jam events on Road from NorthPitMine-LoadSite4 to NorthPitMine-DumpSite2
2025-09-11 21:07:55,164 [DEBUG] Truck: Time:<216.2288235061786> Truck:[OfficalTruck3] Arrived at NorthPitMine-DumpSite1 at 216.2288235061786
2025-09-11 21:07:55,164 [INFO] Truck: Time:<216.4457938495284> Truck:[XHTruck28] is facing 1.1951666546415893 mins delay caused by 2 pre-existing jam events on Road from NorthPitMine-LoadSite5 to NorthPitMine-DumpSite1
2025-09-11 21:07:55,164 [INFO] Truck: Time:<216.60098020252985> Truck:[CLTruck2] Finish loading at shovel NorthPitMine-LoadSite3-Shovel-3
2025-09-11 21:07:55,164 [DEBUG] Truck: Time:<216.60098020252985> Truck:[CLTruck2] Start moving to ORDER(4): NorthPitMine-DumpSite5, move distance is 1.86, speed: 25
2025-09-11 21:07:55,164 [INFO] Truck: Time:<188> Truck:[CLTruck2] breakdown for 10.399198019213571 minutes at 188
2025-09-11 21:07:55,164 [INFO] Truck: Time:<216.60098020252985> Truck:[CLTruck27] Start loading at shovel NorthPitMine-LoadSite3-Shovel-3, load time is 15.555555555555555
2025-09-11 21:07:55,164 [INFO] Truck: Time:<216.95226464839237> Truck:[CLTruck23] Finish loading at shovel NorthPitMine-LoadSite3-Shovel-1
2025-09-11 21:07:55,164 [INFO] Truck: Time:<216.95226464839237> Shovel NorthPitMine-LoadSite3-Shovel-1 under maintenance for 48.81 minutes
2025-09-11 21:07:55,164 [INFO] Truck: Time:<217.04014153662393> Truck:[XHTruck26] is facing 0 mins delay caused by 1 pre-existing jam events on Road from NorthPitMine-LoadSite3 to NorthPitMine-DumpSite5
2025-09-11 21:07:55,164 [INFO] Truck: Time:<217.12611272860966> Truck:[XHTruck23] Finish loading at shovel NorthPitMine-LoadSite4-Shovel-1
2025-09-11 21:07:55,164 [DEBUG] Truck: Time:<217.12611272860966> Truck:[XHTruck23] Start moving to ORDER(1): NorthPitMine-DumpSite2, move distance is 1.17, speed: 25
2025-09-11 21:07:55,164 [INFO] Truck: Time:<217.12611272860966> Truck:[XHTruck23] is facing 3.453471675225266 mins delay caused by 2 pre-existing jam events on Road from NorthPitMine-LoadSite4 to NorthPitMine-DumpSite2
2025-09-11 21:07:55,164 [INFO] Truck: Time:<217.12611272860966> Truck:[CLTruck4] Start loading at shovel NorthPitMine-LoadSite4-Shovel-1, load time is 2.5836614173228347
2025-09-11 21:07:55,164 [INFO] Truck: Time:<217.2288235061786> Truck:[OfficalTruck3] Finish unloading at dumper NorthPitMine-DumpSite1-点位0, dumper tons is 1736.4027876342952
2025-09-11 21:07:55,164 [DEBUG] Truck: Time:<217.2288235061786> Truck:[OfficalTruck3] Start moving to ORDER(2):NorthPitMine-LoadSite3, move distance is 4.107491061491255, speed: 25
2025-09-11 21:07:55,164 [INFO] Truck: Time:<217.2808382988123> Truck:[CLTruck12] is facing 3.2987461050226083 mins delay caused by 2 pre-existing jam events on Road from NorthPitMine-LoadSite4 to NorthPitMine-DumpSite2
2025-09-11 21:07:55,175 [INFO] Truck: Time:<217.43047727571906> Truck:[OfficalTruck4] Finish loading at shovel NorthPitMine-LoadSite5-Shovel-2
2025-09-11 21:07:55,175 [DEBUG] Truck: Time:<217.43047727571906> Truck:[OfficalTruck4] Start moving to ORDER(0): NorthPitMine-DumpSite1, move distance is 7.955065970443285, speed: 25
2025-09-11 21:07:55,175 [INFO] Truck: Time:<196> Truck:[OfficalTruck4] breakdown for 9.441620209713951 minutes at 196
2025-09-11 21:07:55,175 [INFO] Truck: Time:<217.43047727571906> Truck:[OfficalTruck5] Start loading at shovel NorthPitMine-LoadSite5-Shovel-2, load time is 5.684055118110236
2025-09-11 21:07:55,175 [INFO] Truck: Time:<217.56532025312993> Truck:[CLTruck3] is facing 2.1030545662314477 mins delay caused by 2 pre-existing jam events on Road from NorthPitMine-LoadSite5 to NorthPitMine-DumpSite1
2025-09-11 21:07:55,175 [INFO] Truck: Time:<218.33384214114133> Truck:[CLTruck22] Finish loading at shovel NorthPitMine-LoadSite4-Shovel-4
2025-09-11 21:07:55,175 [DEBUG] Truck: Time:<218.33384214114133> Truck:[CLTruck22] Start moving to ORDER(1): NorthPitMine-DumpSite2, move distance is 1.17, speed: 25
2025-09-11 21:07:55,175 [INFO] Truck: Time:<197> Truck:[CLTruck22] breakdown for 7.667645951399256 minutes at 197
2025-09-11 21:07:55,175 [INFO] Truck: Time:<218.33384214114133> Truck:[XHTruck15] Start loading at shovel NorthPitMine-LoadSite4-Shovel-4, load time is 24.444444444444443
2025-09-11 21:07:55,175 [INFO] Truck: Time:<218.53216402444107> Shovel NorthPitMine-LoadSite5-Shovel-1 maintenance completed
2025-09-11 21:07:55,175 [DEBUG] Truck: Time:<218.53216402444107> Truck:[OfficalTruck1] Start moving to ORDER(0): NorthPitMine-DumpSite1, move distance is 7.1598943547106995, speed: 25
2025-09-11 21:07:55,175 [INFO] Truck: Time:<193> Truck:[OfficalTruck1] breakdown for 10.269426959033458 minutes at 193
2025-09-11 21:07:55,175 [INFO] Truck: Time:<218.53216402444107> Truck:[XHTruck32] Start loading at shovel NorthPitMine-LoadSite5-Shovel-1, load time is 4.060039370078741
2025-09-11 21:07:55,175 [INFO] Truck: Time:<218.96567393035286> Truck:[CLTruck29] is facing 2.399455685574174 mins delay caused by 2 pre-existing jam events on Road from NorthPitMine-LoadSite4 to NorthPitMine-DumpSite2
2025-09-11 21:07:55,175 [INFO] Truck: Time:<219.05713300179042> Truck:[XHTruck17] Arrived at NorthPitMine-LoadSite4 at 219.05713300179042
2025-09-11 21:07:55,175 [INFO] Truck: Time:<219.7097741459325> Truck:[CLTruck4] Finish loading at shovel NorthPitMine-LoadSite4-Shovel-1
2025-09-11 21:07:55,185 [DEBUG] Truck: Time:<219.7097741459325> Truck:[CLTruck4] Start moving to ORDER(1): NorthPitMine-DumpSite2, move distance is 1.17, speed: 25
2025-09-11 21:07:55,185 [INFO] Truck: Time:<199> Truck:[CLTruck4] breakdown for 9.30252674710325 minutes at 199
2025-09-11 21:07:55,185 [INFO] Truck: Time:<219.7097741459325> Truck:[CLTruck5] Start loading at shovel NorthPitMine-LoadSite4-Shovel-1, load time is 2.5836614173228347
2025-09-11 21:07:55,185 [INFO] Truck: Time:<219.92018619853278> Truck:[XHTruck8] Arrived at NorthPitMine-LoadSite4 at 219.92018619853278
2025-09-11 21:07:55,185 [DEBUG] Truck: Time:<219.99728411321485> Truck:[XHTruck16] Arrived at NorthPitMine-DumpSite1 at 219.99728411321485
2025-09-11 21:07:55,185 [INFO] Truck: Time:<220.3362714438018> Truck:[XHTruck33] Arrived at NorthPitMine-LoadSite4 at 220.3362714438018
2025-09-11 21:07:55,185 [INFO] Truck: Time:<220.40170203023808> Truck:[CLTruck24] Arrived at NorthPitMine-LoadSite3 at 220.40170203023808
2025-09-11 21:07:55,185 [DEBUG] Truck: Time:<220.4231621573704> Truck:[XHTruck6] Arrived at NorthPitMine-DumpSite5 at 220.4231621573704
2025-09-11 21:07:55,185 [INFO] Truck: Time:<220.45104266211536> Truck:[CLTruck17] Arrived at NorthPitMine-LoadSite3 at 220.45104266211536
2025-09-11 21:07:55,185 [INFO] Truck: Time:<220.59154635945183> Truck:[OfficalTruck6] Finish loading at shovel NorthPitMine-LoadSite4-Shovel-2
2025-09-11 21:07:55,185 [DEBUG] Truck: Time:<220.59154635945183> Truck:[OfficalTruck6] Start moving to ORDER(1): NorthPitMine-DumpSite2, move distance is 1.17, speed: 25
2025-09-11 21:07:55,185 [INFO] Truck: Time:<219> Truck:[OfficalTruck6] breakdown for 10.229085948288823 minutes at 219
2025-09-11 21:07:55,185 [INFO] Truck: Time:<220.59154635945183> Truck:[OfficalTruck2] Start loading at shovel NorthPitMine-LoadSite4-Shovel-2, load time is 34.22222222222222
2025-09-11 21:07:55,185 [INFO] Truck: Time:<220.99728411321485> Truck:[XHTruck16] Finish unloading at dumper NorthPitMine-DumpSite1-点位0, dumper tons is 1786.9434164912739
2025-09-11 21:07:55,185 [DEBUG] Truck: Time:<220.99728411321485> Truck:[XHTruck16] Start moving to ORDER(2):NorthPitMine-LoadSite3, move distance is 4.333340880304393, speed: 25
2025-09-11 21:07:55,195 [INFO] Truck: Time:<221.26945600734362> Truck:[CLTruck16] Arrived at NorthPitMine-LoadSite3 at 221.26945600734362
2025-09-11 21:07:55,195 [INFO] Truck: Time:<221.3885943267716> Truck:[CLTruck20] Arrived at NorthPitMine-LoadSite4 at 221.3885943267716
2025-09-11 21:07:55,195 [INFO] Truck: Time:<221.4231621573704> Truck:[XHTruck6] Finish unloading at dumper NorthPitMine-DumpSite5-点位0, dumper tons is 2540.365283958236
2025-09-11 21:07:55,195 [DEBUG] Truck: Time:<221.4231621573704> Truck:[XHTruck6] Start moving to ORDER(3):NorthPitMine-LoadSite4, move distance is 7.539669520891079, speed: 25
2025-09-11 21:07:55,195 [INFO] Truck: Time:<221.4231621573704> Truck:[XHTruck6] is facing 6.535265102456098 mins delay caused by 1 pre-existing jam events on Road from NorthPitMine-DumpSite5 to NorthPitMine-LoadSite4
2025-09-11 21:07:55,195 [DEBUG] Truck: Time:<221.50414153662393> Truck:[XHTruck26] Arrived at NorthPitMine-DumpSite5 at 221.50414153662393
2025-09-11 21:07:55,195 [INFO] Truck: Time:<222.2365716700141> Truck:[CLTruck25] is facing 0 mins delay caused by 1 pre-existing jam events on Road from NorthPitMine-LoadSite4 to NorthPitMine-DumpSite2
2025-09-11 21:07:55,195 [INFO] Truck: Time:<222.29343556325534> Truck:[CLTruck5] Finish loading at shovel NorthPitMine-LoadSite4-Shovel-1
2025-09-11 21:07:55,195 [DEBUG] Truck: Time:<222.29343556325534> Truck:[CLTruck5] Start moving to ORDER(1): NorthPitMine-DumpSite2, move distance is 1.17, speed: 25
2025-09-11 21:07:55,195 [INFO] Truck: Time:<215> Truck:[CLTruck5] breakdown for 7.473918807713996 minutes at 215
2025-09-11 21:07:55,195 [INFO] Truck: Time:<222.29343556325534> Truck:[XHTruck17] Start loading at shovel NorthPitMine-LoadSite4-Shovel-1, load time is 4.060039370078741
2025-09-11 21:07:55,195 [INFO] Truck: Time:<222.43662672164868> Truck:[XHTruck30] is facing 0 mins delay caused by 3 pre-existing jam events on Road from NorthPitMine-DumpSite2 to NorthPitMine-LoadSite3
2025-09-11 21:07:55,195 [INFO] Truck: Time:<222.50414153662393> Truck:[XHTruck26] Finish unloading at dumper NorthPitMine-DumpSite5-点位0, dumper tons is 2598.7506250203246
2025-09-11 21:07:55,195 [DEBUG] Truck: Time:<222.50414153662393> Truck:[XHTruck26] Start moving to ORDER(3):NorthPitMine-LoadSite4, move distance is 6.774591666955584, speed: 25
2025-09-11 21:07:55,195 [INFO] Truck: Time:<222.50414153662393> Truck:[XHTruck26] is facing 5.928496140776995 mins delay caused by 2 pre-existing jam events on Road from NorthPitMine-DumpSite5 to NorthPitMine-LoadSite4
2025-09-11 21:07:55,195 [INFO] Truck: Time:<222.5922033945198> Truck:[XHTruck32] Finish loading at shovel NorthPitMine-LoadSite5-Shovel-1
2025-09-11 21:07:55,195 [DEBUG] Truck: Time:<222.5922033945198> Truck:[XHTruck32] Start moving to ORDER(0): NorthPitMine-DumpSite1, move distance is 6.968037807636035, speed: 25
2025-09-11 21:07:55,195 [INFO] Truck: Time:<193> Truck:[XHTruck32] breakdown for 12.996962043991777 minutes at 193
2025-09-11 21:07:55,195 [INFO] Truck: Time:<222.5922033945198> Truck:[CLTruck7] Start loading at shovel NorthPitMine-LoadSite5-Shovel-1, load time is 2.5836614173228347
2025-09-11 21:07:55,205 [INFO] Truck: Time:<223.11453239382928> Truck:[OfficalTruck5] Finish loading at shovel NorthPitMine-LoadSite5-Shovel-2
2025-09-11 21:07:55,205 [DEBUG] Truck: Time:<223.11453239382928> Truck:[OfficalTruck5] Start moving to ORDER(0): NorthPitMine-DumpSite1, move distance is 6.629022245579912, speed: 25
2025-09-11 21:07:55,205 [INFO] Truck: Time:<221> Truck:[OfficalTruck5] breakdown for 2.7592914658618826 minutes at 221
2025-09-11 21:07:55,205 [INFO] Truck: Time:<223.26759577372022> Truck:[XHTruck22] Arrived at NorthPitMine-LoadSite3 at 223.26759577372022
2025-09-11 21:07:55,205 [DEBUG] Truck: Time:<223.38758440383492> Truck:[XHTruck27] Arrived at NorthPitMine-DumpSite2 at 223.38758440383492
2025-09-11 21:07:55,205 [DEBUG] Truck: Time:<223.38758440383492> Truck:[XHTruck23] Arrived at NorthPitMine-DumpSite2 at 223.38758440383492
2025-09-11 21:07:55,205 [DEBUG] Truck: Time:<223.38758440383492> Truck:[CLTruck12] Arrived at NorthPitMine-DumpSite2 at 223.38758440383492
2025-09-11 21:07:55,205 [DEBUG] Truck: Time:<224.17312961592702> Truck:[CLTruck29] Arrived at NorthPitMine-DumpSite2 at 224.17312961592702
2025-09-11 21:07:55,205 [INFO] Truck: Time:<224.38758440383492> Truck:[XHTruck27] Finish unloading at dumper NorthPitMine-DumpSite2-点位0, dumper tons is 2071.4645716602395
2025-09-11 21:07:55,205 [INFO] Truck: Time:<224.38758440383492> Truck:[XHTruck23] Finish unloading at dumper NorthPitMine-DumpSite2-点位1, dumper tons is 748.131229322361
2025-09-11 21:07:55,205 [INFO] Truck: Time:<224.38758440383492> Truck:[CLTruck12] Finish unloading at dumper NorthPitMine-DumpSite2-点位2, dumper tons is 371.29673277571675
2025-09-11 21:07:55,215 [DEBUG] Truck: Time:<224.38758440383492> Truck:[XHTruck27] Start moving to ORDER(2):NorthPitMine-LoadSite3, move distance is 4.883266881596766, speed: 25
2025-09-11 21:07:55,215 [INFO] Truck: Time:<224.38758440383492> Truck:[XHTruck27] is facing 0 mins delay caused by 3 pre-existing jam events on Road from NorthPitMine-DumpSite2 to NorthPitMine-LoadSite3
2025-09-11 21:07:55,215 [DEBUG] Truck: Time:<224.38758440383492> Truck:[XHTruck23] Start moving to ORDER(2):NorthPitMine-LoadSite3, move distance is 5.229290588715835, speed: 25
2025-09-11 21:07:55,215 [INFO] Truck: Time:<220> Truck:[XHTruck23] breakdown for 6.259947310250469 minutes at 220
2025-09-11 21:07:55,215 [DEBUG] Truck: Time:<224.38758440383492> Truck:[CLTruck12] Start moving to ORDER(2):NorthPitMine-LoadSite3, move distance is 4.5095977185648515, speed: 25
2025-09-11 21:07:55,215 [INFO] Truck: Time:<224> Truck:[CLTruck12] breakdown for 8.261016826767317 minutes at 224
2025-09-11 21:07:55,215 [INFO] Truck: Time:<224.39917286565256> Truck:[XHTruck12] is facing 10.473226930501909 mins delay caused by 1 pre-existing jam events on Road from NorthPitMine-LoadSite3 to NorthPitMine-DumpSite5
2025-09-11 21:07:55,215 [INFO] Truck: Time:<224.88839650596276> Truck:[CLTruck13] is facing 3.1363396657742015 mins delay caused by 1 pre-existing jam events on Road from NorthPitMine-LoadSite4 to NorthPitMine-DumpSite2
2025-09-11 21:07:55,215 [DEBUG] Truck: Time:<225.04457167001408> Truck:[CLTruck25] Arrived at NorthPitMine-DumpSite2 at 225.04457167001408
2025-09-11 21:07:55,215 [INFO] Truck: Time:<225.17312961592702> Truck:[CLTruck29] Finish unloading at dumper NorthPitMine-DumpSite2-点位3, dumper tons is 106.22603182240171
2025-09-11 21:07:55,215 [DEBUG] Truck: Time:<225.17312961592702> Truck:[CLTruck29] Start moving to ORDER(2):NorthPitMine-LoadSite3, move distance is 4.547561831935454, speed: 25
2025-09-11 21:07:55,215 [INFO] Truck: Time:<225.17312961592702> Truck:[CLTruck29] is facing 0 mins delay caused by 4 pre-existing jam events on Road from NorthPitMine-DumpSite2 to NorthPitMine-LoadSite3
2025-09-11 21:07:55,215 [INFO] Truck: Time:<225.17586481184264> Truck:[CLTruck7] Finish loading at shovel NorthPitMine-LoadSite5-Shovel-1
2025-09-11 21:07:55,215 [DEBUG] Truck: Time:<225.17586481184264> Truck:[CLTruck7] Start moving to ORDER(0): NorthPitMine-DumpSite1, move distance is 7.5491530476362, speed: 25
2025-09-11 21:07:55,215 [INFO] Truck: Time:<206> Truck:[CLTruck7] breakdown for 8.795269189839264 minutes at 206
2025-09-11 21:07:55,215 [INFO] Truck: Time:<225.17586481184264> Truck:[XHTruck7] Start loading at shovel NorthPitMine-LoadSite5-Shovel-1, load time is 4.060039370078741
2025-09-11 21:07:55,215 [INFO] Truck: Time:<225.7776990549517> Truck:[CLTruck10] is facing 9.094700741202757 mins delay caused by 1 pre-existing jam events on Road from NorthPitMine-LoadSite3 to NorthPitMine-DumpSite5
2025-09-11 21:07:55,225 [INFO] Truck: Time:<226.0014880925406> Truck:[CLTruck22] is facing 2.023248079196364 mins delay caused by 1 pre-existing jam events on Road from NorthPitMine-LoadSite4 to NorthPitMine-DumpSite2
2025-09-11 21:07:55,225 [INFO] Truck: Time:<226.04457167001408> Truck:[CLTruck25] Finish unloading at dumper NorthPitMine-DumpSite2-点位0, dumper tons is 2104.274344743301
2025-09-11 21:07:55,227 [DEBUG] Truck: Time:<226.04457167001408> Truck:[CLTruck25] Start moving to ORDER(2):NorthPitMine-LoadSite3, move distance is 4.983413268589891, speed: 25
2025-09-11 21:07:55,227 [INFO] Truck: Time:<226.04457167001408> Truck:[CLTruck25] is facing 0 mins delay caused by 3 pre-existing jam events on Road from NorthPitMine-DumpSite2 to NorthPitMine-LoadSite3
2025-09-11 21:07:55,229 [INFO] Truck: Time:<226.3534749333341> Truck:[XHTruck17] Finish loading at shovel NorthPitMine-LoadSite4-Shovel-1
2025-09-11 21:07:55,229 [DEBUG] Truck: Time:<226.3534749333341> Truck:[XHTruck17] Start moving to ORDER(1): NorthPitMine-DumpSite2, move distance is 1.17, speed: 25
2025-09-11 21:07:55,229 [INFO] Truck: Time:<226.3534749333341> Truck:[XHTruck17] is facing 1.6712612384028631 mins delay caused by 1 pre-existing jam events on Road from NorthPitMine-LoadSite4 to NorthPitMine-DumpSite2
2025-09-11 21:07:55,229 [INFO] Truck: Time:<226.3534749333341> Truck:[XHTruck8] Start loading at shovel NorthPitMine-LoadSite4-Shovel-1, load time is 4.060039370078741
2025-09-11 21:07:55,229 [INFO] Truck: Time:<226.45066319803277> Truck:[XHTruck18] Arrived at NorthPitMine-LoadSite3 at 226.45066319803277
2025-09-11 21:07:55,229 [INFO] Truck: Time:<226.8528259621743> Truck:[CLTruck8] Arrived at NorthPitMine-LoadSite3 at 226.8528259621743
2025-09-11 21:07:55,229 [INFO] Truck: Time:<226.86627015525013> Truck:[XHTruck2] Arrived at NorthPitMine-LoadSite3 at 226.86627015525013
2025-09-11 21:07:55,229 [INFO] Truck: Time:<227.00017822174343> Truck:[CLTruck2] is facing 7.872221574411042 mins delay caused by 1 pre-existing jam events on Road from NorthPitMine-LoadSite3 to NorthPitMine-DumpSite5
2025-09-11 21:07:55,235 [INFO] Truck: Time:<227.08680205375762> Truck:[OfficalTruck3] Arrived at NorthPitMine-LoadSite3 at 227.08680205375762
2025-09-11 21:07:55,235 [INFO] Truck: Time:<227.64622222222215> Truck:[CLTruck21] Finish loading at shovel NorthPitMine-LoadSite4-Shovel-3
2025-09-11 21:07:55,235 [DEBUG] Truck: Time:<227.64622222222215> Truck:[CLTruck21] Start moving to ORDER(1): NorthPitMine-DumpSite2, move distance is 1.17, speed: 25
2025-09-11 21:07:55,235 [INFO] Truck: Time:<206> Truck:[CLTruck21] breakdown for 8.596172064795173 minutes at 206
2025-09-11 21:07:55,235 [INFO] Truck: Time:<227.64622222222215> Truck:[XHTruck20] Start loading at shovel NorthPitMine-LoadSite4-Shovel-3, load time is 24.444444444444443
2025-09-11 21:07:55,235 [INFO] Truck: Time:<227.72190288027272> Truck:[XHTruck9] is facing 7.150496915881745 mins delay caused by 1 pre-existing jam events on Road from NorthPitMine-LoadSite3 to NorthPitMine-DumpSite5
2025-09-11 21:07:55,235 [INFO] Truck: Time:<228.05363633503754> Truck:[CLTruck15] Arrived at NorthPitMine-LoadSite3 at 228.05363633503754
2025-09-11 21:07:55,245 [INFO] Truck: Time:<228.33472977858204> Truck:[XHTruck11] is facing 0 mins delay caused by 1 pre-existing jam events on Road from NorthPitMine-LoadSite4 to NorthPitMine-DumpSite2
2025-09-11 21:07:55,245 [INFO] Truck: Time:<228.4907111842993> Truck:[CLTruck19] Arrived at NorthPitMine-LoadSite3 at 228.4907111842993
2025-09-11 21:07:55,245 [INFO] Truck: Time:<228.80159098347454> Truck:[OfficalTruck1] is facing 0 mins delay caused by 1 pre-existing jam events on Road from NorthPitMine-LoadSite5 to NorthPitMine-DumpSite1
2025-09-11 21:07:55,245 [INFO] Truck: Time:<229.01230089303576> Truck:[CLTruck4] is facing 0 mins delay caused by 1 pre-existing jam events on Road from NorthPitMine-LoadSite4 to NorthPitMine-DumpSite2
2025-09-11 21:07:55,245 [INFO] Truck: Time:<229.2359041819214> Truck:[XHTruck7] Finish loading at shovel NorthPitMine-LoadSite5-Shovel-1
2025-09-11 21:07:55,245 [DEBUG] Truck: Time:<229.2359041819214> Truck:[XHTruck7] Start moving to ORDER(0): NorthPitMine-DumpSite1, move distance is 7.442099814217352, speed: 25
2025-09-11 21:07:55,245 [INFO] Truck: Time:<201> Truck:[XHTruck7] breakdown for 11.878772509557066 minutes at 201
2025-09-11 21:07:55,255 [INFO] Truck: Time:<229.76735437096934> Truck:[CLTruck5] is facing 0 mins delay caused by 1 pre-existing jam events on Road from NorthPitMine-LoadSite4 to NorthPitMine-DumpSite2
2025-09-11 21:07:55,255 [INFO] Truck: Time:<229.9116456637259> Truck:[CLTruck11] Finish loading at shovel NorthPitMine-LoadSite3-Shovel-2
2025-09-11 21:07:55,255 [INFO] Road: [RoadEvent] Road from NorthPitMine-LoadSite3 to NorthPitMine-DumpSite5 is in repair，the repair will last for 43.62 mins, and will end at 273.53, vehicle on this road will have to suffer punish_distance.
2025-09-11 21:07:55,255 [DEBUG] Truck: Time:<229.9116456637259> Truck:[CLTruck11] Start moving to ORDER(4): NorthPitMine-DumpSite5, move distance is 2.726778884616385, speed: 25
2025-09-11 21:07:55,255 [INFO] Truck: Time:<216> Truck:[CLTruck11] breakdown for 10.7327899644623 minutes at 216
2025-09-11 21:07:55,255 [INFO] Truck: Time:<229.9116456637259> Truck:[XHTruck24] Start loading at shovel NorthPitMine-LoadSite3-Shovel-2, load time is 24.444444444444443
2025-09-11 21:07:55,255 [INFO] Truck: Time:<230.1213991264885> Truck:[XHTruck19] Arrived at NorthPitMine-LoadSite4 at 230.1213991264885
2025-09-11 21:07:55,255 [INFO] Truck: Time:<230.41351430341285> Truck:[XHTruck8] Finish loading at shovel NorthPitMine-LoadSite4-Shovel-1
2025-09-11 21:07:55,265 [DEBUG] Truck: Time:<230.41351430341285> Truck:[XHTruck8] Start moving to ORDER(1): NorthPitMine-DumpSite2, move distance is 1.17, speed: 25
2025-09-11 21:07:55,265 [INFO] Truck: Time:<205> Truck:[XHTruck8] breakdown for 6.060320408009298 minutes at 205
2025-09-11 21:07:55,265 [INFO] Truck: Time:<230.41351430341285> Truck:[CLTruck20] Start loading at shovel NorthPitMine-LoadSite4-Shovel-1, load time is 2.5836614173228347
2025-09-11 21:07:55,265 [INFO] Truck: Time:<230.45179268165845> Truck:[CLTruck18] Arrived at NorthPitMine-LoadSite4 at 230.45179268165845
2025-09-11 21:07:55,265 [INFO] Truck: Time:<230.6475317140854> Truck:[XHTruck23] is facing 0 mins delay caused by 2 pre-existing jam events on Road from NorthPitMine-DumpSite2 to NorthPitMine-LoadSite3
2025-09-11 21:07:55,265 [INFO] Truck: Time:<230.82063230774065> Truck:[OfficalTruck6] is facing 0 mins delay caused by 1 pre-existing jam events on Road from NorthPitMine-LoadSite4 to NorthPitMine-DumpSite2
2025-09-11 21:07:55,265 [DEBUG] Truck: Time:<230.83273617173697> Truck:[CLTruck13] Arrived at NorthPitMine-DumpSite2 at 230.83273617173697
2025-09-11 21:07:55,265 [DEBUG] Truck: Time:<230.83273617173697> Truck:[CLTruck22] Arrived at NorthPitMine-DumpSite2 at 230.83273617173697
2025-09-11 21:07:55,265 [DEBUG] Truck: Time:<230.83273617173697> Truck:[XHTruck17] Arrived at NorthPitMine-DumpSite2 at 230.83273617173697
2025-09-11 21:07:55,265 [INFO] Truck: Time:<230.95443562137837> Truck:[CLTruck28] Arrived at NorthPitMine-LoadSite4 at 230.95443562137837
2025-09-11 21:07:55,275 [DEBUG] Truck: Time:<231.14272977858204> Truck:[XHTruck11] Arrived at NorthPitMine-DumpSite2 at 231.14272977858204
2025-09-11 21:07:55,275 [INFO] Truck: Time:<231.3973022259454> Truck:[XHTruck16] Arrived at NorthPitMine-LoadSite3 at 231.3973022259454
2025-09-11 21:07:55,275 [INFO] Truck: Time:<231.42503083677136> Truck:[CLTruck1] Arrived at NorthPitMine-LoadSite4 at 231.42503083677136
2025-09-11 21:07:55,275 [INFO] Truck: Time:<231.74155702609778> Truck:[XHTruck14] Arrived at NorthPitMine-LoadSite4 at 231.74155702609778
2025-09-11 21:07:55,275 [DEBUG] Truck: Time:<231.82030089303575> Truck:[CLTruck4] Arrived at NorthPitMine-DumpSite2 at 231.82030089303575
2025-09-11 21:07:55,275 [INFO] Truck: Time:<231.83273617173697> Truck:[CLTruck13] Finish unloading at dumper NorthPitMine-DumpSite2-点位0, dumper tons is 2140.1791576761234
2025-09-11 21:07:55,275 [INFO] Truck: Time:<231.83273617173697> Truck:[CLTruck22] Finish unloading at dumper NorthPitMine-DumpSite2-点位1, dumper tons is 782.4484959828635
2025-09-11 21:07:55,275 [INFO] Truck: Time:<231.83273617173697> Truck:[XHTruck17] Finish unloading at dumper NorthPitMine-DumpSite2-点位2, dumper tons is 431.7690400255071
2025-09-11 21:07:55,275 [DEBUG] Truck: Time:<231.83273617173697> Truck:[CLTruck13] Start moving to ORDER(2):NorthPitMine-LoadSite3, move distance is 4.8308738747962305, speed: 25
2025-09-11 21:07:55,275 [INFO] Truck: Time:<227> Truck:[CLTruck13] breakdown for 6.120895390339811 minutes at 227
2025-09-11 21:07:55,275 [DEBUG] Truck: Time:<231.83273617173697> Truck:[CLTruck22] Start moving to ORDER(2):NorthPitMine-LoadSite3, move distance is 4.5964654255612265, speed: 25
2025-09-11 21:07:55,275 [INFO] Truck: Time:<231> Truck:[CLTruck22] breakdown for 15.008428755403976 minutes at 231
2025-09-11 21:07:55,285 [DEBUG] Truck: Time:<231.83273617173697> Truck:[XHTruck17] Start moving to ORDER(4):NorthPitMine-LoadSite5, move distance is 5.59, speed: 25
2025-09-11 21:07:55,285 [INFO] Truck: Time:<227> Truck:[XHTruck17] breakdown for 8.901792805562309 minutes at 227
2025-09-11 21:07:55,285 [DEBUG] Truck: Time:<232.02837481936137> Truck:[CLTruck3] Arrived at NorthPitMine-DumpSite1 at 232.02837481936137
2025-09-11 21:07:55,285 [INFO] Truck: Time:<232.14272977858204> Truck:[XHTruck11] Finish unloading at dumper NorthPitMine-DumpSite2-点位3, dumper tons is 160.88646436708467
2025-09-11 21:07:55,285 [DEBUG] Truck: Time:<232.14272977858204> Truck:[XHTruck11] Start moving to ORDER(4):NorthPitMine-LoadSite5, move distance is 5.59, speed: 25
2025-09-11 21:07:55,285 [INFO] Truck: Time:<232.1565357580854> Truck:[CLTruck27] Finish loading at shovel NorthPitMine-LoadSite3-Shovel-3
2025-09-11 21:07:55,285 [DEBUG] Truck: Time:<232.1565357580854> Truck:[CLTruck27] Start moving to ORDER(4): NorthPitMine-DumpSite5, move distance is 2.4392453231161397, speed: 25
2025-09-11 21:07:55,285 [INFO] Truck: Time:<188> Truck:[CLTruck27] breakdown for 4.211422573389505 minutes at 188
2025-09-11 21:07:55,285 [INFO] Truck: Time:<232.1565357580854> Truck:[CLTruck6] Start loading at shovel NorthPitMine-LoadSite3-Shovel-3, load time is 15.555555555555555
2025-09-11 21:07:55,285 [INFO] Truck: Time:<232.33057128108982> Truck:[XHTruck30] Arrived at NorthPitMine-LoadSite3 at 232.33057128108982
2025-09-11 21:07:55,285 [DEBUG] Truck: Time:<232.57535437096934> Truck:[CLTruck5] Arrived at NorthPitMine-DumpSite2 at 232.57535437096934
2025-09-11 21:07:55,285 [INFO] Truck: Time:<232.64860123060225> Truck:[CLTruck12] is facing 1.4636843497826248 mins delay caused by 2 pre-existing jam events on Road from NorthPitMine-DumpSite2 to NorthPitMine-LoadSite3
2025-09-11 21:07:55,295 [INFO] Truck: Time:<232.80167650768846> Truck:[XHTruck1] Arrived at NorthPitMine-LoadSite4 at 232.80167650768846
2025-09-11 21:07:55,295 [INFO] Truck: Time:<232.82030089303575> Truck:[CLTruck4] Finish unloading at dumper NorthPitMine-DumpSite2-点位4, dumper tons is 94.77078042838964
2025-09-11 21:07:55,295 [DEBUG] Truck: Time:<232.82030089303575> Truck:[CLTruck4] Start moving to ORDER(2):NorthPitMine-LoadSite3, move distance is 5.084948539750796, speed: 25
2025-09-11 21:07:55,295 [INFO] Truck: Time:<232.82030089303575> Truck:[CLTruck4] is facing 0.3769522702317829 mins delay caused by 2 pre-existing jam events on Road from NorthPitMine-DumpSite2 to NorthPitMine-LoadSite3
2025-09-11 21:07:55,295 [INFO] Truck: Time:<232.9971757207357> Truck:[CLTruck20] Finish loading at shovel NorthPitMine-LoadSite4-Shovel-1
2025-09-11 21:07:55,295 [DEBUG] Truck: Time:<232.9971757207357> Truck:[CLTruck20] Start moving to ORDER(1): NorthPitMine-DumpSite2, move distance is 1.17, speed: 25
2025-09-11 21:07:55,295 [INFO] Truck: Time:<212> Truck:[CLTruck20] breakdown for 13.278907873975232 minutes at 212
2025-09-11 21:07:55,305 [INFO] Truck: Time:<232.9971757207357> Truck:[XHTruck19] Start loading at shovel NorthPitMine-LoadSite4-Shovel-1, load time is 4.060039370078741
2025-09-11 21:07:55,305 [INFO] Truck: Time:<233.02837481936137> Truck:[CLTruck3] Finish unloading at dumper NorthPitMine-DumpSite1-点位0, dumper tons is 1821.833220176645
2025-09-11 21:07:55,305 [DEBUG] Truck: Time:<233.02837481936137> Truck:[CLTruck3] Start moving to ORDER(2):NorthPitMine-LoadSite3, move distance is 4.093387248069115, speed: 25
2025-09-11 21:07:55,305 [DEBUG] Truck: Time:<233.2671948882536> Truck:[CLTruck26] Arrived at NorthPitMine-DumpSite1 at 233.2671948882536
2025-09-11 21:07:55,305 [INFO] Truck: Time:<233.57535437096934> Truck:[CLTruck5] Finish unloading at dumper NorthPitMine-DumpSite2-点位0, dumper tons is 2177.1508793732432
2025-09-11 21:07:55,305 [DEBUG] Truck: Time:<233.57535437096934> Truck:[CLTruck5] Start moving to ORDER(2):NorthPitMine-LoadSite3, move distance is 5.401410322404775, speed: 25
2025-09-11 21:07:55,305 [INFO] Truck: Time:<233.57535437096934> Truck:[CLTruck5] is facing 0 mins delay caused by 2 pre-existing jam events on Road from NorthPitMine-DumpSite2 to NorthPitMine-LoadSite3
2025-09-11 21:07:55,305 [INFO] Truck: Time:<215> Truck:[CLTruck5] is broken down and beyond repair at NorthPitMine-DumpSite2 to NorthPitMine-LoadSite3
2025-09-11 21:07:55,305 [INFO] Truck: Truck CLTruck5 is beyond repair and will no longer participate in operations.
2025-09-11 21:07:55,305 [DEBUG] Truck: Time:<233.62863230774065> Truck:[OfficalTruck6] Arrived at NorthPitMine-DumpSite2 at 233.62863230774065
2025-09-11 21:07:55,305 [INFO] Truck: Time:<233.97113400168192> Truck:[CLTruck7] is facing 0 mins delay caused by 1 pre-existing jam events on Road from NorthPitMine-LoadSite5 to NorthPitMine-DumpSite1
2025-09-11 21:07:55,315 [INFO] Truck: Time:<234.2671948882536> Truck:[CLTruck26] Finish unloading at dumper NorthPitMine-DumpSite1-点位0, dumper tons is 1855.8373092500624
2025-09-11 21:07:55,315 [DEBUG] Truck: Time:<234.2671948882536> Truck:[CLTruck26] Start moving to ORDER(2):NorthPitMine-LoadSite3, move distance is 4.218864968406963, speed: 25
2025-09-11 21:07:55,315 [INFO] Truck: Time:<234.62863230774065> Truck:[OfficalTruck6] Finish unloading at dumper NorthPitMine-DumpSite2-点位0, dumper tons is 2248.900325004079
2025-09-11 21:07:55,315 [DEBUG] Truck: Time:<234.62863230774065> Truck:[OfficalTruck6] Start moving to ORDER(4):NorthPitMine-LoadSite5, move distance is 5.59, speed: 25
2025-09-11 21:07:55,315 [DEBUG] Truck: Time:<235.0019158149754> Truck:[XHTruck28] Arrived at NorthPitMine-DumpSite1 at 235.0019158149754
2025-09-11 21:07:55,315 [INFO] Truck: Time:<235.58916543851157> Truck:[XHTruck32] is facing 0 mins delay caused by 1 pre-existing jam events on Road from NorthPitMine-LoadSite5 to NorthPitMine-DumpSite1
2025-09-11 21:07:55,315 [INFO] Truck: Time:<236.0019158149754> Truck:[XHTruck28] Finish unloading at dumper NorthPitMine-DumpSite1-点位0, dumper tons is 1913.9323072386037
2025-09-11 21:07:55,315 [DEBUG] Truck: Time:<236.0019158149754> Truck:[XHTruck28] Start moving to ORDER(2):NorthPitMine-LoadSite3, move distance is 4.250281356665542, speed: 25
2025-09-11 21:07:55,315 [INFO] Truck: Time:<232> Truck:[XHTruck28] breakdown for 5.560654107847768 minutes at 232
2025-09-11 21:07:55,315 [INFO] Truck: Time:<236.0872780125721> Truck:[CLTruck29] Arrived at NorthPitMine-LoadSite3 at 236.0872780125721
2025-09-11 21:07:55,325 [INFO] Truck: Time:<236.10742491966715> Truck:[XHTruck27] Arrived at NorthPitMine-LoadSite3 at 236.10742491966715
2025-09-11 21:07:55,325 [INFO] Truck: Time:<236.3679583314749> Truck:[CLTruck27] is facing 10.739554082931917 mins delay caused by 2 pre-existing jam events on Road from NorthPitMine-LoadSite3 to NorthPitMine-DumpSite5
2025-09-11 21:07:55,329 [INFO] Truck: Time:<237.05721509081445> Truck:[XHTruck19] Finish loading at shovel NorthPitMine-LoadSite4-Shovel-1
2025-09-11 21:07:55,329 [INFO] Road: [RoadEvent] Road from NorthPitMine-LoadSite4 to NorthPitMine-DumpSite2 is in repair，the repair will last for 64.93 mins, and will end at 301.98, vehicle on this road will have to suffer punish_distance.
2025-09-11 21:07:55,329 [DEBUG] Truck: Time:<237.05721509081445> Truck:[XHTruck19] Start moving to ORDER(1): NorthPitMine-DumpSite2, move distance is 1.63654148675732, speed: 25
2025-09-11 21:07:55,329 [INFO] Truck: Time:<213> Truck:[XHTruck19] breakdown for 8.686384449637124 minutes at 213
2025-09-11 21:07:55,329 [INFO] Truck: Time:<237.05721509081445> Truck:[CLTruck18] Start loading at shovel NorthPitMine-LoadSite4-Shovel-1, load time is 2.5836614173228347
2025-09-11 21:07:55,329 [INFO] Truck: Time:<237.9536315620768> Truck:[CLTruck13] is facing 0 mins delay caused by 2 pre-existing jam events on Road from NorthPitMine-DumpSite2 to NorthPitMine-LoadSite3
2025-09-11 21:07:55,335 [INFO] Truck: Time:<238.00476351462981> Truck:[CLTruck25] Arrived at NorthPitMine-LoadSite3 at 238.00476351462981
2025-09-11 21:07:55,343 [DEBUG] Truck: Time:<239.05039428701733> Truck:[CLTruck21] Arrived at NorthPitMine-DumpSite2 at 239.05039428701733
2025-09-11 21:07:55,343 [DEBUG] Truck: Time:<239.28183471142214> Truck:[XHTruck8] Arrived at NorthPitMine-DumpSite2 at 239.28183471142214
2025-09-11 21:07:55,343 [DEBUG] Truck: Time:<239.33639979615447> Truck:[XHTruck12] Arrived at NorthPitMine-DumpSite5 at 239.33639979615447
2025-09-11 21:07:55,344 [DEBUG] Truck: Time:<239.33639979615447> Truck:[CLTruck10] Arrived at NorthPitMine-DumpSite5 at 239.33639979615447
2025-09-11 21:07:55,344 [DEBUG] Truck: Time:<239.33639979615447> Truck:[CLTruck2] Arrived at NorthPitMine-DumpSite5 at 239.33639979615447
2025-09-11 21:07:55,344 [DEBUG] Truck: Time:<239.33639979615447> Truck:[XHTruck9] Arrived at NorthPitMine-DumpSite5 at 239.33639979615447
2025-09-11 21:07:55,344 [INFO] Truck: Time:<239.6408765081373> Truck:[CLTruck18] Finish loading at shovel NorthPitMine-LoadSite4-Shovel-1
2025-09-11 21:07:55,346 [DEBUG] Truck: Time:<239.6408765081373> Truck:[CLTruck18] Start moving to ORDER(1): NorthPitMine-DumpSite2, move distance is 1.76490961404379, speed: 25
2025-09-11 21:07:55,347 [INFO] Truck: Time:<217> Truck:[CLTruck18] breakdown for 9.50503615573394 minutes at 217
2025-09-11 21:07:55,347 [INFO] Truck: Time:<239.6408765081373> Truck:[CLTruck1] Start loading at shovel NorthPitMine-LoadSite4-Shovel-1, load time is 2.5836614173228347
2025-09-11 21:07:55,347 [INFO] NorthPitMine: simulation finished with dispatcher ShortestTripDispatcher
2025-09-11 21:07:56,877 [INFO] NorthPitMine: simulation started with dispatcher PPODispatcher
