2025-09-11 21:22:25,290 [INFO] NorthPitMine: simulation started with dispatcher ShortestTripDispatcher
2025-09-11 21:22:25,292 [INFO] Truck: Time:<0> Truck:[OfficalTruck1] Activated at 0, Target load site is ORDER(4):NorthPitMine-LoadSite5, move distance is 2.1
2025-09-11 21:22:25,293 [INFO] Truck: Time:<0> Truck:[OfficalTruck2] Activated at 0, Target load site is ORDER(4):NorthPitMine-LoadSite5, move distance is 2.1
2025-09-11 21:22:25,293 [INFO] Truck: Time:<0> Truck:[OfficalTruck3] Activated at 0, Target load site is ORDER(4):NorthPitMine-LoadSite5, move distance is 2.1
2025-09-11 21:22:25,295 [INFO] Truck: Time:<0> Truck:[OfficalTruck4] Activated at 0, Target load site is ORDER(4):NorthPitMine-LoadSite5, move distance is 2.1
2025-09-11 21:22:25,295 [INFO] Truck: Time:<0> Truck:[OfficalTruck5] Activated at 0, Target load site is ORDER(4):NorthPitMine-LoadSite5, move distance is 2.1
2025-09-11 21:22:25,296 [INFO] Truck: Time:<0> Truck:[OfficalTruck6] Activated at 0, Target load site is ORDER(4):NorthPitMine-LoadSite5, move distance is 2.1
2025-09-11 21:22:25,296 [INFO] Truck: Time:<0> Truck:[OfficalTruck7] Activated at 0, Target load site is ORDER(2):NorthPitMine-LoadSite3, move distance is 3.14
2025-09-11 21:22:25,297 [INFO] Truck: Time:<0> Truck:[OfficalTruck8] Activated at 0, Target load site is ORDER(2):NorthPitMine-LoadSite3, move distance is 3.14
2025-09-11 21:22:25,297 [INFO] Truck: Time:<0> Truck:[OfficalTruck9] Activated at 0, Target load site is ORDER(2):NorthPitMine-LoadSite3, move distance is 3.14
2025-09-11 21:22:25,298 [INFO] Truck: Time:<0> Truck:[CLTruck1] Activated at 0, Target load site is ORDER(3):NorthPitMine-LoadSite4, move distance is 2.26
2025-09-11 21:22:25,298 [INFO] Truck: Time:<0> Truck:[CLTruck2] Activated at 0, Target load site is ORDER(3):NorthPitMine-LoadSite4, move distance is 2.26
2025-09-11 21:22:25,298 [INFO] Truck: Time:<0> Truck:[CLTruck3] Activated at 0, Target load site is ORDER(3):NorthPitMine-LoadSite4, move distance is 2.26
2025-09-11 21:22:25,299 [INFO] Truck: Time:<0> Truck:[CLTruck4] Activated at 0, Target load site is ORDER(3):NorthPitMine-LoadSite4, move distance is 2.26
2025-09-11 21:22:25,299 [INFO] Truck: Time:<0> Truck:[CLTruck5] Activated at 0, Target load site is ORDER(3):NorthPitMine-LoadSite4, move distance is 2.26
2025-09-11 21:22:25,300 [INFO] Truck: Time:<0> Truck:[CLTruck6] Activated at 0, Target load site is ORDER(3):NorthPitMine-LoadSite4, move distance is 2.26
2025-09-11 21:22:25,300 [INFO] Truck: Time:<0> Truck:[CLTruck7] Activated at 0, Target load site is ORDER(3):NorthPitMine-LoadSite4, move distance is 2.26
2025-09-11 21:22:25,300 [INFO] Truck: Time:<0> Truck:[CLTruck8] Activated at 0, Target load site is ORDER(1):NorthPitMine-LoadSite2, move distance is 4.3
2025-09-11 21:22:25,301 [INFO] Truck: Time:<0> Truck:[CLTruck9] Activated at 0, Target load site is ORDER(1):NorthPitMine-LoadSite2, move distance is 4.3
2025-09-11 21:22:25,301 [INFO] Truck: Time:<0> Truck:[CLTruck10] Activated at 0, Target load site is ORDER(1):NorthPitMine-LoadSite2, move distance is 4.3
2025-09-11 21:22:25,301 [INFO] Truck: Time:<0> Truck:[CLTruck11] Activated at 0, Target load site is ORDER(1):NorthPitMine-LoadSite2, move distance is 4.3
2025-09-11 21:22:25,301 [INFO] Truck: Time:<0> Truck:[CLTruck12] Activated at 0, Target load site is ORDER(1):NorthPitMine-LoadSite2, move distance is 4.3
2025-09-11 21:22:25,303 [INFO] Truck: Time:<0> Truck:[CLTruck13] Activated at 0, Target load site is ORDER(1):NorthPitMine-LoadSite2, move distance is 4.3
2025-09-11 21:22:25,304 [INFO] Truck: Time:<0> Truck:[CLTruck14] Activated at 0, Target load site is ORDER(1):NorthPitMine-LoadSite2, move distance is 4.3
2025-09-11 21:22:25,305 [INFO] Truck: Time:<0> Truck:[CLTruck15] Activated at 0, Target load site is ORDER(2):NorthPitMine-LoadSite3, move distance is 3.14
2025-09-11 21:22:25,305 [INFO] Truck: Time:<0> Truck:[CLTruck16] Activated at 0, Target load site is ORDER(1):NorthPitMine-LoadSite2, move distance is 4.3
2025-09-11 21:22:25,306 [INFO] Truck: Time:<0> Truck:[CLTruck17] Activated at 0, Target load site is ORDER(3):NorthPitMine-LoadSite4, move distance is 2.26
2025-09-11 21:22:25,306 [INFO] Truck: Time:<0> Truck:[CLTruck18] Activated at 0, Target load site is ORDER(4):NorthPitMine-LoadSite5, move distance is 2.1
2025-09-11 21:22:25,307 [INFO] Truck: Time:<0> Truck:[CLTruck19] Activated at 0, Target load site is ORDER(1):NorthPitMine-LoadSite2, move distance is 4.3
2025-09-11 21:22:25,307 [INFO] Truck: Time:<0> Truck:[CLTruck20] Activated at 0, Target load site is ORDER(3):NorthPitMine-LoadSite4, move distance is 2.26
2025-09-11 21:22:25,307 [INFO] Truck: Time:<0> Truck:[CLTruck21] Activated at 0, Target load site is ORDER(2):NorthPitMine-LoadSite3, move distance is 3.14
2025-09-11 21:22:25,308 [INFO] Truck: Time:<0> Truck:[CLTruck22] Activated at 0, Target load site is ORDER(4):NorthPitMine-LoadSite5, move distance is 2.1
2025-09-11 21:22:25,308 [INFO] Truck: Time:<0> Truck:[CLTruck23] Activated at 0, Target load site is ORDER(1):NorthPitMine-LoadSite2, move distance is 4.3
2025-09-11 21:22:25,309 [INFO] Truck: Time:<0> Truck:[CLTruck24] Activated at 0, Target load site is ORDER(3):NorthPitMine-LoadSite4, move distance is 2.26
2025-09-11 21:22:25,310 [INFO] Truck: Time:<0> Truck:[CLTruck25] Activated at 0, Target load site is ORDER(4):NorthPitMine-LoadSite5, move distance is 2.1
2025-09-11 21:22:25,310 [INFO] Truck: Time:<0> Truck:[CLTruck26] Activated at 0, Target load site is ORDER(2):NorthPitMine-LoadSite3, move distance is 3.14
2025-09-11 21:22:25,311 [INFO] Truck: Time:<0> Truck:[CLTruck27] Activated at 0, Target load site is ORDER(0):LoadSite1, move distance is 3.0
2025-09-11 21:22:25,311 [INFO] Truck: Time:<0> Truck:[CLTruck28] Activated at 0, Target load site is ORDER(0):LoadSite1, move distance is 3.0
2025-09-11 21:22:25,312 [INFO] Truck: Time:<0> Truck:[CLTruck29] Activated at 0, Target load site is ORDER(0):LoadSite1, move distance is 3.0
2025-09-11 21:22:25,314 [INFO] Truck: Time:<0> Truck:[XHTruck1] Activated at 0, Target load site is ORDER(4):NorthPitMine-LoadSite5, move distance is 2.1
2025-09-11 21:22:25,315 [INFO] Truck: Time:<0> Truck:[XHTruck2] Activated at 0, Target load site is ORDER(4):NorthPitMine-LoadSite5, move distance is 2.1
2025-09-11 21:22:25,315 [INFO] Truck: Time:<0> Truck:[XHTruck3] Activated at 0, Target load site is ORDER(1):NorthPitMine-LoadSite2, move distance is 4.3
2025-09-11 21:22:25,316 [INFO] Truck: Time:<0> Truck:[XHTruck4] Activated at 0, Target load site is ORDER(3):NorthPitMine-LoadSite4, move distance is 2.26
2025-09-11 21:22:25,317 [INFO] Truck: Time:<0> Truck:[XHTruck5] Activated at 0, Target load site is ORDER(2):NorthPitMine-LoadSite3, move distance is 3.14
2025-09-11 21:22:25,320 [INFO] Truck: Time:<0> Truck:[XHTruck6] Activated at 0, Target load site is ORDER(4):NorthPitMine-LoadSite5, move distance is 2.1
2025-09-11 21:22:25,321 [INFO] Truck: Time:<0> Truck:[XHTruck7] Activated at 0, Target load site is ORDER(1):NorthPitMine-LoadSite2, move distance is 4.3
2025-09-11 21:22:25,322 [INFO] Truck: Time:<0> Truck:[XHTruck8] Activated at 0, Target load site is ORDER(3):NorthPitMine-LoadSite4, move distance is 2.26
2025-09-11 21:22:25,322 [INFO] Truck: Time:<0> Truck:[XHTruck9] Activated at 0, Target load site is ORDER(2):NorthPitMine-LoadSite3, move distance is 3.14
2025-09-11 21:22:25,323 [INFO] Truck: Time:<0> Truck:[XHTruck10] Activated at 0, Target load site is ORDER(4):NorthPitMine-LoadSite5, move distance is 2.1
2025-09-11 21:22:25,323 [INFO] Truck: Time:<0> Truck:[XHTruck11] Activated at 0, Target load site is ORDER(1):NorthPitMine-LoadSite2, move distance is 4.3
2025-09-11 21:22:25,324 [INFO] Truck: Time:<0> Truck:[XHTruck12] Activated at 0, Target load site is ORDER(3):NorthPitMine-LoadSite4, move distance is 2.26
2025-09-11 21:22:25,325 [INFO] Truck: Time:<0> Truck:[XHTruck13] Activated at 0, Target load site is ORDER(4):NorthPitMine-LoadSite5, move distance is 2.1
2025-09-11 21:22:25,325 [INFO] Truck: Time:<0> Truck:[XHTruck14] Activated at 0, Target load site is ORDER(0):LoadSite1, move distance is 3.0
2025-09-11 21:22:25,325 [INFO] Truck: Time:<0> Truck:[XHTruck15] Activated at 0, Target load site is ORDER(2):NorthPitMine-LoadSite3, move distance is 3.14
2025-09-11 21:22:25,326 [INFO] Truck: Time:<0> Truck:[XHTruck16] Activated at 0, Target load site is ORDER(1):NorthPitMine-LoadSite2, move distance is 4.3
2025-09-11 21:22:25,326 [INFO] Truck: Time:<0> Truck:[XHTruck17] Activated at 0, Target load site is ORDER(3):NorthPitMine-LoadSite4, move distance is 2.26
2025-09-11 21:22:25,327 [INFO] Truck: Time:<0> Truck:[XHTruck18] Activated at 0, Target load site is ORDER(4):NorthPitMine-LoadSite5, move distance is 2.1
2025-09-11 21:22:25,327 [INFO] Truck: Time:<0> Truck:[XHTruck19] Activated at 0, Target load site is ORDER(2):NorthPitMine-LoadSite3, move distance is 3.14
2025-09-11 21:22:25,328 [INFO] Truck: Time:<0> Truck:[XHTruck20] Activated at 0, Target load site is ORDER(4):NorthPitMine-LoadSite5, move distance is 2.1
2025-09-11 21:22:25,329 [INFO] Truck: Time:<0> Truck:[XHTruck21] Activated at 0, Target load site is ORDER(1):NorthPitMine-LoadSite2, move distance is 4.3
2025-09-11 21:22:25,329 [INFO] Truck: Time:<0> Truck:[XHTruck22] Activated at 0, Target load site is ORDER(3):NorthPitMine-LoadSite4, move distance is 2.26
2025-09-11 21:22:25,330 [INFO] Truck: Time:<0> Truck:[XHTruck23] Activated at 0, Target load site is ORDER(0):LoadSite1, move distance is 3.0
2025-09-11 21:22:25,331 [INFO] Truck: Time:<0> Truck:[XHTruck24] Activated at 0, Target load site is ORDER(4):NorthPitMine-LoadSite5, move distance is 2.1
2025-09-11 21:22:25,331 [INFO] Truck: Time:<0> Truck:[XHTruck25] Activated at 0, Target load site is ORDER(1):NorthPitMine-LoadSite2, move distance is 4.3
2025-09-11 21:22:25,332 [INFO] Truck: Time:<0> Truck:[XHTruck26] Activated at 0, Target load site is ORDER(3):NorthPitMine-LoadSite4, move distance is 2.26
2025-09-11 21:22:25,333 [INFO] Truck: Time:<0> Truck:[XHTruck27] Activated at 0, Target load site is ORDER(2):NorthPitMine-LoadSite3, move distance is 3.14
2025-09-11 21:22:25,334 [INFO] Truck: Time:<0> Truck:[XHTruck28] Activated at 0, Target load site is ORDER(4):NorthPitMine-LoadSite5, move distance is 2.1
2025-09-11 21:22:25,334 [INFO] Truck: Time:<0> Truck:[XHTruck29] Activated at 0, Target load site is ORDER(1):NorthPitMine-LoadSite2, move distance is 4.3
2025-09-11 21:22:25,334 [INFO] Truck: Time:<0> Truck:[XHTruck30] Activated at 0, Target load site is ORDER(3):NorthPitMine-LoadSite4, move distance is 2.26
2025-09-11 21:22:25,335 [INFO] Truck: Time:<0> Truck:[XHTruck31] Activated at 0, Target load site is ORDER(2):NorthPitMine-LoadSite3, move distance is 3.14
2025-09-11 21:22:25,336 [INFO] Truck: Time:<0> Truck:[XHTruck32] Activated at 0, Target load site is ORDER(4):NorthPitMine-LoadSite5, move distance is 2.1
2025-09-11 21:22:25,336 [INFO] Truck: Time:<0> Truck:[XHTruck33] Activated at 0, Target load site is ORDER(0):LoadSite1, move distance is 3.0
2025-09-11 21:22:25,351 [INFO] Truck: Time:<5.04> Truck:[OfficalTruck1] Arrived at NorthPitMine-LoadSite5 at 5.04
2025-09-11 21:22:25,352 [INFO] Truck: Time:<5.04> Truck:[OfficalTruck2] Arrived at NorthPitMine-LoadSite5 at 5.04
2025-09-11 21:22:25,352 [INFO] Truck: Time:<5.04> Truck:[OfficalTruck3] Arrived at NorthPitMine-LoadSite5 at 5.04
2025-09-11 21:22:25,353 [INFO] Truck: Time:<5.04> Truck:[OfficalTruck4] Arrived at NorthPitMine-LoadSite5 at 5.04
2025-09-11 21:22:25,353 [INFO] Truck: Time:<5.04> Truck:[OfficalTruck5] Arrived at NorthPitMine-LoadSite5 at 5.04
2025-09-11 21:22:25,353 [INFO] Truck: Time:<5.04> Truck:[OfficalTruck6] Arrived at NorthPitMine-LoadSite5 at 5.04
2025-09-11 21:22:25,353 [INFO] Truck: Time:<5.04> Truck:[CLTruck18] Arrived at NorthPitMine-LoadSite5 at 5.04
2025-09-11 21:22:25,353 [INFO] Truck: Time:<5.04> Truck:[CLTruck22] Arrived at NorthPitMine-LoadSite5 at 5.04
2025-09-11 21:22:25,355 [INFO] Truck: Time:<5.04> Truck:[CLTruck25] Arrived at NorthPitMine-LoadSite5 at 5.04
2025-09-11 21:22:25,355 [INFO] Truck: Time:<5.04> Truck:[XHTruck1] Arrived at NorthPitMine-LoadSite5 at 5.04
2025-09-11 21:22:25,355 [INFO] Truck: Time:<5.04> Truck:[XHTruck2] Arrived at NorthPitMine-LoadSite5 at 5.04
2025-09-11 21:22:25,356 [INFO] Truck: Time:<5.04> Truck:[XHTruck6] Arrived at NorthPitMine-LoadSite5 at 5.04
2025-09-11 21:22:25,356 [INFO] Truck: Time:<5.04> Truck:[XHTruck10] Arrived at NorthPitMine-LoadSite5 at 5.04
2025-09-11 21:22:25,356 [INFO] Truck: Time:<5.04> Truck:[XHTruck13] Arrived at NorthPitMine-LoadSite5 at 5.04
2025-09-11 21:22:25,356 [INFO] Truck: Time:<5.04> Truck:[XHTruck18] Arrived at NorthPitMine-LoadSite5 at 5.04
2025-09-11 21:22:25,356 [INFO] Truck: Time:<5.04> Truck:[XHTruck20] Arrived at NorthPitMine-LoadSite5 at 5.04
2025-09-11 21:22:25,357 [INFO] Truck: Time:<5.04> Truck:[XHTruck24] Arrived at NorthPitMine-LoadSite5 at 5.04
2025-09-11 21:22:25,357 [INFO] Truck: Time:<5.04> Truck:[XHTruck28] Arrived at NorthPitMine-LoadSite5 at 5.04
2025-09-11 21:22:25,357 [INFO] Truck: Time:<5.04> Truck:[XHTruck32] Arrived at NorthPitMine-LoadSite5 at 5.04
2025-09-11 21:22:25,357 [INFO] Truck: Time:<5.04> Truck:[OfficalTruck1] Start loading at shovel NorthPitMine-LoadSite5-Shovel-1, load time is 5.684055118110236
2025-09-11 21:22:25,357 [INFO] Truck: Time:<5.04> Truck:[OfficalTruck2] Start loading at shovel NorthPitMine-LoadSite5-Shovel-2, load time is 5.684055118110236
2025-09-11 21:22:25,358 [INFO] Truck: Time:<5.4239999999999995> Truck:[CLTruck1] Arrived at NorthPitMine-LoadSite4 at 5.4239999999999995
2025-09-11 21:22:25,358 [INFO] Truck: Time:<5.4239999999999995> Truck:[CLTruck2] Arrived at NorthPitMine-LoadSite4 at 5.4239999999999995
2025-09-11 21:22:25,358 [INFO] Truck: Time:<5.4239999999999995> Truck:[CLTruck3] Arrived at NorthPitMine-LoadSite4 at 5.4239999999999995
2025-09-11 21:22:25,358 [INFO] Truck: Time:<5.4239999999999995> Truck:[CLTruck4] Arrived at NorthPitMine-LoadSite4 at 5.4239999999999995
2025-09-11 21:22:25,358 [INFO] Truck: Time:<5.4239999999999995> Truck:[CLTruck5] Arrived at NorthPitMine-LoadSite4 at 5.4239999999999995
2025-09-11 21:22:25,359 [INFO] Truck: Time:<5.4239999999999995> Truck:[CLTruck6] Arrived at NorthPitMine-LoadSite4 at 5.4239999999999995
2025-09-11 21:22:25,359 [INFO] Truck: Time:<5.4239999999999995> Truck:[CLTruck7] Arrived at NorthPitMine-LoadSite4 at 5.4239999999999995
2025-09-11 21:22:25,359 [INFO] Truck: Time:<5.4239999999999995> Truck:[CLTruck17] Arrived at NorthPitMine-LoadSite4 at 5.4239999999999995
2025-09-11 21:22:25,359 [INFO] Truck: Time:<5.4239999999999995> Truck:[CLTruck20] Arrived at NorthPitMine-LoadSite4 at 5.4239999999999995
2025-09-11 21:22:25,359 [INFO] Truck: Time:<5.4239999999999995> Truck:[CLTruck24] Arrived at NorthPitMine-LoadSite4 at 5.4239999999999995
2025-09-11 21:22:25,359 [INFO] Truck: Time:<5.4239999999999995> Truck:[XHTruck4] Arrived at NorthPitMine-LoadSite4 at 5.4239999999999995
2025-09-11 21:22:25,359 [INFO] Truck: Time:<5.4239999999999995> Truck:[XHTruck8] Arrived at NorthPitMine-LoadSite4 at 5.4239999999999995
2025-09-11 21:22:25,359 [INFO] Truck: Time:<5.4239999999999995> Truck:[XHTruck12] Arrived at NorthPitMine-LoadSite4 at 5.4239999999999995
2025-09-11 21:22:25,360 [INFO] Truck: Time:<5.4239999999999995> Truck:[XHTruck17] Arrived at NorthPitMine-LoadSite4 at 5.4239999999999995
2025-09-11 21:22:25,360 [INFO] Truck: Time:<5.4239999999999995> Truck:[XHTruck22] Arrived at NorthPitMine-LoadSite4 at 5.4239999999999995
2025-09-11 21:22:25,360 [INFO] Truck: Time:<5.4239999999999995> Truck:[XHTruck26] Arrived at NorthPitMine-LoadSite4 at 5.4239999999999995
2025-09-11 21:22:25,360 [INFO] Truck: Time:<5.4239999999999995> Truck:[XHTruck30] Arrived at NorthPitMine-LoadSite4 at 5.4239999999999995
2025-09-11 21:22:25,360 [INFO] Truck: Time:<5.4239999999999995> Truck:[CLTruck1] Start loading at shovel NorthPitMine-LoadSite4-Shovel-1, load time is 2.5836614173228347
2025-09-11 21:22:25,360 [INFO] Truck: Time:<5.4239999999999995> Truck:[CLTruck2] Start loading at shovel NorthPitMine-LoadSite4-Shovel-2, load time is 15.555555555555555
2025-09-11 21:22:25,360 [INFO] Truck: Time:<5.4239999999999995> Truck:[CLTruck3] Start loading at shovel NorthPitMine-LoadSite4-Shovel-3, load time is 15.555555555555555
2025-09-11 21:22:25,360 [INFO] Truck: Time:<5.4239999999999995> Truck:[CLTruck4] Start loading at shovel NorthPitMine-LoadSite4-Shovel-4, load time is 15.555555555555555
2025-09-11 21:22:25,360 [INFO] Truck: Time:<5.4239999999999995> Truck:[CLTruck5] Start loading at shovel NorthPitMine-LoadSite4-Shovel-5, load time is 15.555555555555555
2025-09-11 21:22:25,364 [INFO] Truck: Time:<7.199999999999999> Truck:[CLTruck27] Arrived at LoadSite1 at 7.199999999999999
2025-09-11 21:22:25,365 [INFO] Truck: Time:<7.199999999999999> Truck:[CLTruck28] Arrived at LoadSite1 at 7.199999999999999
2025-09-11 21:22:25,365 [INFO] Truck: Time:<7.199999999999999> Truck:[CLTruck29] Arrived at LoadSite1 at 7.199999999999999
2025-09-11 21:22:25,365 [INFO] Truck: Time:<7.199999999999999> Truck:[XHTruck14] Arrived at LoadSite1 at 7.199999999999999
2025-09-11 21:22:25,365 [INFO] Truck: Time:<7.199999999999999> Truck:[XHTruck23] Arrived at LoadSite1 at 7.199999999999999
2025-09-11 21:22:25,365 [INFO] Truck: Time:<7.199999999999999> Truck:[XHTruck33] Arrived at LoadSite1 at 7.199999999999999
2025-09-11 21:22:25,365 [INFO] Truck: Time:<7.199999999999999> Truck:[CLTruck27] Start loading at shovel LoadSite1-Shovel-1, load time is 15.555555555555555
2025-09-11 21:22:25,366 [INFO] Truck: Time:<7.199999999999999> Truck:[CLTruck28] Start loading at shovel LoadSite1-Shovel-2, load time is 15.555555555555555
2025-09-11 21:22:25,366 [INFO] Truck: Time:<7.199999999999999> Truck:[CLTruck29] Start loading at shovel LoadSite1-Shovel-3, load time is 15.555555555555555
2025-09-11 21:22:25,366 [INFO] Truck: Time:<7.199999999999999> Truck:[XHTruck14] Start loading at shovel LoadSite1-Shovel-4, load time is 24.444444444444443
2025-09-11 21:22:25,366 [INFO] Truck: Time:<7.199999999999999> Truck:[XHTruck23] Start loading at shovel LoadSite1-Shovel-5, load time is 24.444444444444443
2025-09-11 21:22:25,367 [INFO] Truck: Time:<7.536000000000001> Truck:[OfficalTruck7] Arrived at NorthPitMine-LoadSite3 at 7.536000000000001
2025-09-11 21:22:25,367 [INFO] Truck: Time:<7.536000000000001> Truck:[OfficalTruck8] Arrived at NorthPitMine-LoadSite3 at 7.536000000000001
2025-09-11 21:22:25,367 [INFO] Truck: Time:<7.536000000000001> Truck:[OfficalTruck9] Arrived at NorthPitMine-LoadSite3 at 7.536000000000001
2025-09-11 21:22:25,367 [INFO] Truck: Time:<7.536000000000001> Truck:[CLTruck15] Arrived at NorthPitMine-LoadSite3 at 7.536000000000001
2025-09-11 21:22:25,367 [INFO] Truck: Time:<7.536000000000001> Truck:[CLTruck21] Arrived at NorthPitMine-LoadSite3 at 7.536000000000001
2025-09-11 21:22:25,367 [INFO] Truck: Time:<7.536000000000001> Truck:[CLTruck26] Arrived at NorthPitMine-LoadSite3 at 7.536000000000001
2025-09-11 21:22:25,367 [INFO] Truck: Time:<7.536000000000001> Truck:[XHTruck5] Arrived at NorthPitMine-LoadSite3 at 7.536000000000001
2025-09-11 21:22:25,368 [INFO] Truck: Time:<7.536000000000001> Truck:[XHTruck9] Arrived at NorthPitMine-LoadSite3 at 7.536000000000001
2025-09-11 21:22:25,368 [INFO] Truck: Time:<7.536000000000001> Truck:[XHTruck15] Arrived at NorthPitMine-LoadSite3 at 7.536000000000001
2025-09-11 21:22:25,368 [INFO] Truck: Time:<7.536000000000001> Truck:[XHTruck19] Arrived at NorthPitMine-LoadSite3 at 7.536000000000001
2025-09-11 21:22:25,368 [INFO] Truck: Time:<7.536000000000001> Truck:[XHTruck27] Arrived at NorthPitMine-LoadSite3 at 7.536000000000001
2025-09-11 21:22:25,368 [INFO] Truck: Time:<7.536000000000001> Truck:[XHTruck31] Arrived at NorthPitMine-LoadSite3 at 7.536000000000001
2025-09-11 21:22:25,368 [INFO] Truck: Time:<7.536000000000001> Truck:[OfficalTruck7] Start loading at shovel NorthPitMine-LoadSite3-Shovel-1, load time is 5.684055118110236
2025-09-11 21:22:25,368 [INFO] Truck: Time:<7.536000000000001> Truck:[OfficalTruck8] Start loading at shovel NorthPitMine-LoadSite3-Shovel-2, load time is 34.22222222222222
2025-09-11 21:22:25,368 [INFO] Truck: Time:<7.536000000000001> Truck:[OfficalTruck9] Start loading at shovel NorthPitMine-LoadSite3-Shovel-3, load time is 34.22222222222222
2025-09-11 21:22:25,370 [INFO] Truck: Time:<8.007661417322835> Truck:[CLTruck1] Finish loading at shovel NorthPitMine-LoadSite4-Shovel-1
2025-09-11 21:22:25,370 [DEBUG] Truck: Time:<8.007661417322835> Truck:[CLTruck1] Start moving to ORDER(1): NorthPitMine-DumpSite2, move distance is 1.17, speed: 25
2025-09-11 21:22:25,370 [INFO] Truck: Time:<8.007661417322835> Truck:[CLTruck6] Start loading at shovel NorthPitMine-LoadSite4-Shovel-1, load time is 2.5836614173228347
2025-09-11 21:22:25,375 [INFO] Truck: Time:<10.319999999999999> Truck:[CLTruck8] Arrived at NorthPitMine-LoadSite2 at 10.319999999999999
2025-09-11 21:22:25,375 [INFO] Truck: Time:<10.319999999999999> Truck:[CLTruck9] Arrived at NorthPitMine-LoadSite2 at 10.319999999999999
2025-09-11 21:22:25,375 [INFO] Truck: Time:<10.319999999999999> Truck:[CLTruck10] Arrived at NorthPitMine-LoadSite2 at 10.319999999999999
2025-09-11 21:22:25,375 [INFO] Truck: Time:<10.319999999999999> Truck:[CLTruck11] Arrived at NorthPitMine-LoadSite2 at 10.319999999999999
2025-09-11 21:22:25,376 [INFO] Truck: Time:<10.319999999999999> Truck:[CLTruck12] Arrived at NorthPitMine-LoadSite2 at 10.319999999999999
2025-09-11 21:22:25,376 [INFO] Truck: Time:<10.319999999999999> Truck:[CLTruck13] Arrived at NorthPitMine-LoadSite2 at 10.319999999999999
2025-09-11 21:22:25,376 [INFO] Truck: Time:<10.319999999999999> Truck:[CLTruck14] Arrived at NorthPitMine-LoadSite2 at 10.319999999999999
2025-09-11 21:22:25,376 [INFO] Truck: Time:<10.319999999999999> Truck:[CLTruck16] Arrived at NorthPitMine-LoadSite2 at 10.319999999999999
2025-09-11 21:22:25,377 [INFO] Truck: Time:<10.319999999999999> Truck:[CLTruck19] Arrived at NorthPitMine-LoadSite2 at 10.319999999999999
2025-09-11 21:22:25,377 [INFO] Truck: Time:<10.319999999999999> Truck:[CLTruck23] Arrived at NorthPitMine-LoadSite2 at 10.319999999999999
2025-09-11 21:22:25,377 [INFO] Truck: Time:<10.319999999999999> Truck:[XHTruck3] Arrived at NorthPitMine-LoadSite2 at 10.319999999999999
2025-09-11 21:22:25,377 [INFO] Truck: Time:<10.319999999999999> Truck:[XHTruck7] Arrived at NorthPitMine-LoadSite2 at 10.319999999999999
2025-09-11 21:22:25,377 [INFO] Truck: Time:<10.319999999999999> Truck:[XHTruck11] Arrived at NorthPitMine-LoadSite2 at 10.319999999999999
2025-09-11 21:22:25,377 [INFO] Truck: Time:<10.319999999999999> Truck:[XHTruck16] Arrived at NorthPitMine-LoadSite2 at 10.319999999999999
2025-09-11 21:22:25,379 [INFO] Truck: Time:<10.319999999999999> Truck:[XHTruck21] Arrived at NorthPitMine-LoadSite2 at 10.319999999999999
2025-09-11 21:22:25,379 [INFO] Truck: Time:<10.319999999999999> Truck:[XHTruck25] Arrived at NorthPitMine-LoadSite2 at 10.319999999999999
2025-09-11 21:22:25,379 [INFO] Truck: Time:<10.319999999999999> Truck:[XHTruck29] Arrived at NorthPitMine-LoadSite2 at 10.319999999999999
2025-09-11 21:22:25,379 [INFO] Truck: Time:<10.319999999999999> Truck:[CLTruck8] Start loading at shovel NorthPitMine-LoadSite2-Shovel-1, load time is 2.5836614173228347
2025-09-11 21:22:25,379 [INFO] Truck: Time:<10.319999999999999> Truck:[CLTruck9] Start loading at shovel NorthPitMine-LoadSite2-Shovel-2, load time is 15.555555555555555
2025-09-11 21:22:25,379 [INFO] Truck: Time:<10.319999999999999> Truck:[CLTruck10] Start loading at shovel NorthPitMine-LoadSite2-Shovel-3, load time is 15.555555555555555
2025-09-11 21:22:25,380 [INFO] Truck: Time:<10.319999999999999> Truck:[CLTruck11] Start loading at shovel NorthPitMine-LoadSite2-Shovel-4, load time is 15.555555555555555
2025-09-11 21:22:25,380 [INFO] Truck: Time:<10.319999999999999> Truck:[CLTruck12] Start loading at shovel NorthPitMine-LoadSite2-Shovel-5, load time is 15.555555555555555
2025-09-11 21:22:25,380 [INFO] Truck: Time:<10.59132283464567> Truck:[CLTruck6] Finish loading at shovel NorthPitMine-LoadSite4-Shovel-1
2025-09-11 21:22:25,380 [DEBUG] Truck: Time:<10.59132283464567> Truck:[CLTruck6] Start moving to ORDER(1): NorthPitMine-DumpSite2, move distance is 1.17, speed: 25
2025-09-11 21:22:25,381 [INFO] Truck: Time:<10.59132283464567> Truck:[XHTruck4] Start loading at shovel NorthPitMine-LoadSite4-Shovel-1, load time is 4.060039370078741
2025-09-11 21:22:25,381 [INFO] Truck: Time:<10.724055118110236> Truck:[OfficalTruck1] Finish loading at shovel NorthPitMine-LoadSite5-Shovel-1
2025-09-11 21:22:25,381 [INFO] Truck: Time:<10.724055118110236> Truck:[OfficalTruck2] Finish loading at shovel NorthPitMine-LoadSite5-Shovel-2
2025-09-11 21:22:25,382 [DEBUG] Truck: Time:<10.724055118110236> Truck:[OfficalTruck1] Start moving to ORDER(0): NorthPitMine-DumpSite1, move distance is 5.15, speed: 25
2025-09-11 21:22:25,382 [DEBUG] Truck: Time:<10.724055118110236> Truck:[OfficalTruck2] Start moving to ORDER(0): NorthPitMine-DumpSite1, move distance is 5.15, speed: 25
2025-09-11 21:22:25,382 [INFO] Truck: Time:<10.724055118110236> Truck:[OfficalTruck3] Start loading at shovel NorthPitMine-LoadSite5-Shovel-1, load time is 5.684055118110236
2025-09-11 21:22:25,382 [INFO] Truck: Time:<10.724055118110236> Truck:[OfficalTruck4] Start loading at shovel NorthPitMine-LoadSite5-Shovel-2, load time is 5.684055118110236
2025-09-11 21:22:25,382 [DEBUG] Truck: Time:<10.815661417322834> Truck:[CLTruck1] Arrived at NorthPitMine-DumpSite2 at 10.815661417322834
2025-09-11 21:22:25,384 [INFO] Truck: Time:<11.815661417322834> Truck:[CLTruck1] Finish unloading at dumper NorthPitMine-DumpSite2-点位0, dumper tons is 36.07530402756494
2025-09-11 21:22:25,384 [DEBUG] Truck: Time:<11.815661417322834> Truck:[CLTruck1] Start moving to ORDER(2):NorthPitMine-LoadSite3, move distance is 3.41, speed: 25
2025-09-11 21:22:25,385 [INFO] Truck: Time:<12.903661417322834> Truck:[CLTruck8] Finish loading at shovel NorthPitMine-LoadSite2-Shovel-1
2025-09-11 21:22:25,386 [DEBUG] Truck: Time:<12.903661417322834> Truck:[CLTruck8] Start moving to ORDER(4): NorthPitMine-DumpSite5, move distance is 3.18, speed: 25
2025-09-11 21:22:25,386 [INFO] Truck: Time:<12.903661417322834> Truck:[CLTruck13] Start loading at shovel NorthPitMine-LoadSite2-Shovel-1, load time is 2.5836614173228347
2025-09-11 21:22:25,387 [INFO] Truck: Time:<13.220055118110238> Truck:[OfficalTruck7] Finish loading at shovel NorthPitMine-LoadSite3-Shovel-1
2025-09-11 21:22:25,388 [DEBUG] Truck: Time:<13.220055118110238> Truck:[OfficalTruck7] Start moving to ORDER(4): NorthPitMine-DumpSite5, move distance is 1.86, speed: 25
2025-09-11 21:22:25,388 [INFO] Truck: Time:<6> Truck:[OfficalTruck7] breakdown for 14.548921707250496 minutes at 6
2025-09-11 21:22:25,389 [INFO] Truck: Time:<13.220055118110238> Truck:[CLTruck15] Start loading at shovel NorthPitMine-LoadSite3-Shovel-1, load time is 2.5836614173228347
2025-09-11 21:22:25,389 [DEBUG] Truck: Time:<13.39932283464567> Truck:[CLTruck6] Arrived at NorthPitMine-DumpSite2 at 13.39932283464567
2025-09-11 21:22:25,390 [INFO] Truck: Time:<14.39932283464567> Truck:[CLTruck6] Finish unloading at dumper NorthPitMine-DumpSite2-点位0, dumper tons is 68.32346176068222
2025-09-11 21:22:25,391 [DEBUG] Truck: Time:<14.39932283464567> Truck:[CLTruck6] Start moving to ORDER(2):NorthPitMine-LoadSite3, move distance is 3.41, speed: 25
2025-09-11 21:22:25,391 [INFO] Truck: Time:<14.65136220472441> Truck:[XHTruck4] Finish loading at shovel NorthPitMine-LoadSite4-Shovel-1
2025-09-11 21:22:25,391 [DEBUG] Truck: Time:<14.65136220472441> Truck:[XHTruck4] Start moving to ORDER(1): NorthPitMine-DumpSite2, move distance is 1.17, speed: 25
2025-09-11 21:22:25,391 [INFO] Truck: Time:<14.65136220472441> Truck:[XHTruck26] Start loading at shovel NorthPitMine-LoadSite4-Shovel-1, load time is 4.060039370078741
2025-09-11 21:22:25,393 [INFO] Truck: Time:<15.487322834645669> Truck:[CLTruck13] Finish loading at shovel NorthPitMine-LoadSite2-Shovel-1
2025-09-11 21:22:25,393 [DEBUG] Truck: Time:<15.487322834645669> Truck:[CLTruck13] Start moving to ORDER(4): NorthPitMine-DumpSite5, move distance is 3.18, speed: 25
2025-09-11 21:22:25,393 [INFO] Truck: Time:<15.487322834645669> Truck:[XHTruck3] Start loading at shovel NorthPitMine-LoadSite2-Shovel-1, load time is 4.060039370078741
2025-09-11 21:22:25,394 [INFO] Truck: Time:<15.803716535433074> Truck:[CLTruck15] Finish loading at shovel NorthPitMine-LoadSite3-Shovel-1
2025-09-11 21:22:25,394 [INFO] Road: [RoadEvent] Road from NorthPitMine-LoadSite3 to NorthPitMine-DumpSite5 is in repair，the repair will last for 60.61 mins, and will end at 76.41, vehicle on this road will have to suffer punish_distance.
2025-09-11 21:22:25,394 [DEBUG] Truck: Time:<15.803716535433074> Truck:[CLTruck15] Start moving to ORDER(4): NorthPitMine-DumpSite5, move distance is 2.6674764971204787, speed: 25
2025-09-11 21:22:25,394 [INFO] Truck: Time:<15.803716535433074> Truck:[XHTruck5] Start loading at shovel NorthPitMine-LoadSite3-Shovel-1, load time is 4.060039370078741
2025-09-11 21:22:25,396 [INFO] Truck: Time:<16.408110236220473> Truck:[OfficalTruck3] Finish loading at shovel NorthPitMine-LoadSite5-Shovel-1
2025-09-11 21:22:25,396 [INFO] Truck: Time:<16.408110236220473> Truck:[OfficalTruck4] Finish loading at shovel NorthPitMine-LoadSite5-Shovel-2
2025-09-11 21:22:25,397 [DEBUG] Truck: Time:<16.408110236220473> Truck:[OfficalTruck3] Start moving to ORDER(0): NorthPitMine-DumpSite1, move distance is 5.15, speed: 25
2025-09-11 21:22:25,397 [DEBUG] Truck: Time:<16.408110236220473> Truck:[OfficalTruck4] Start moving to ORDER(0): NorthPitMine-DumpSite1, move distance is 5.15, speed: 25
2025-09-11 21:22:25,397 [INFO] Truck: Time:<14> Truck:[OfficalTruck4] breakdown for 6.626069785594092 minutes at 14
2025-09-11 21:22:25,397 [INFO] Truck: Time:<16.408110236220473> Truck:[OfficalTruck5] Start loading at shovel NorthPitMine-LoadSite5-Shovel-1, load time is 5.684055118110236
2025-09-11 21:22:25,397 [INFO] Truck: Time:<16.408110236220473> Truck:[OfficalTruck6] Start loading at shovel NorthPitMine-LoadSite5-Shovel-2, load time is 5.684055118110236
2025-09-11 21:22:25,399 [DEBUG] Truck: Time:<17.45936220472441> Truck:[XHTruck4] Arrived at NorthPitMine-DumpSite2 at 17.45936220472441
2025-09-11 21:22:25,400 [INFO] Truck: Time:<18.45936220472441> Truck:[XHTruck4] Finish unloading at dumper NorthPitMine-DumpSite2-点位0, dumper tons is 118.55072775722707
2025-09-11 21:22:25,400 [DEBUG] Truck: Time:<18.45936220472441> Truck:[XHTruck4] Start moving to ORDER(2):NorthPitMine-LoadSite3, move distance is 3.41, speed: 25
2025-09-11 21:22:25,400 [INFO] Truck: Time:<18.45936220472441> Truck:[XHTruck4] is facing 8.279828505010794 mins delay caused by 2 pre-existing jam events on Road from NorthPitMine-DumpSite2 to NorthPitMine-LoadSite3
2025-09-11 21:22:25,400 [INFO] Truck: Time:<18.71140157480315> Truck:[XHTruck26] Finish loading at shovel NorthPitMine-LoadSite4-Shovel-1
2025-09-11 21:22:25,403 [DEBUG] Truck: Time:<18.71140157480315> Truck:[XHTruck26] Start moving to ORDER(1): NorthPitMine-DumpSite2, move distance is 1.17, speed: 25
2025-09-11 21:22:25,404 [INFO] Truck: Time:<19.547362204724408> Truck:[XHTruck3] Finish loading at shovel NorthPitMine-LoadSite2-Shovel-1
2025-09-11 21:22:25,405 [DEBUG] Truck: Time:<19.547362204724408> Truck:[XHTruck3] Start moving to ORDER(4): NorthPitMine-DumpSite5, move distance is 3.18, speed: 25
2025-09-11 21:22:25,405 [INFO] Truck: Time:<4> Truck:[XHTruck3] breakdown for 5.885851577840188 minutes at 4
2025-09-11 21:22:25,405 [INFO] Truck: Time:<19.547362204724408> Truck:[XHTruck25] Start loading at shovel NorthPitMine-LoadSite2-Shovel-1, load time is 4.060039370078741
2025-09-11 21:22:25,405 [INFO] Truck: Time:<19.863755905511816> Truck:[XHTruck5] Finish loading at shovel NorthPitMine-LoadSite3-Shovel-1
2025-09-11 21:22:25,405 [DEBUG] Truck: Time:<19.863755905511816> Truck:[XHTruck5] Start moving to ORDER(4): NorthPitMine-DumpSite5, move distance is 2.6673533142143087, speed: 25
2025-09-11 21:22:25,406 [INFO] Truck: Time:<19.863755905511816> Truck:[XHTruck19] Start loading at shovel NorthPitMine-LoadSite3-Shovel-1, load time is 4.060039370078741
2025-09-11 21:22:25,406 [INFO] Truck: Time:<19.999661417322834> Truck:[CLTruck1] Arrived at NorthPitMine-LoadSite3 at 19.999661417322834
2025-09-11 21:22:25,407 [DEBUG] Truck: Time:<20.535661417322835> Truck:[CLTruck8] Arrived at NorthPitMine-DumpSite5 at 20.535661417322835
2025-09-11 21:22:25,407 [INFO] Truck: Time:<20.979555555555557> Truck:[CLTruck2] Finish loading at shovel NorthPitMine-LoadSite4-Shovel-2
2025-09-11 21:22:25,407 [INFO] Truck: Time:<20.979555555555557> Truck:[CLTruck3] Finish loading at shovel NorthPitMine-LoadSite4-Shovel-3
2025-09-11 21:22:25,408 [INFO] Truck: Time:<20.979555555555557> Truck:[CLTruck4] Finish loading at shovel NorthPitMine-LoadSite4-Shovel-4
2025-09-11 21:22:25,408 [INFO] Truck: Time:<20.979555555555557> Truck:[CLTruck5] Finish loading at shovel NorthPitMine-LoadSite4-Shovel-5
2025-09-11 21:22:25,409 [INFO] Road: [RoadEvent] Road from NorthPitMine-LoadSite4 to NorthPitMine-DumpSite2 is in repair，the repair will last for 37.99 mins, and will end at 58.97, vehicle on this road will have to suffer punish_distance.
2025-09-11 21:22:25,409 [DEBUG] Truck: Time:<20.979555555555557> Truck:[CLTruck2] Start moving to ORDER(1): NorthPitMine-DumpSite2, move distance is 1.5178387813819363, speed: 25
2025-09-11 21:22:25,409 [INFO] Truck: Time:<18> Truck:[CLTruck2] breakdown for 11.983239156838357 minutes at 18
2025-09-11 21:22:25,410 [DEBUG] Truck: Time:<20.979555555555557> Truck:[CLTruck3] Start moving to ORDER(1): NorthPitMine-DumpSite2, move distance is 1.6919089977177126, speed: 25
2025-09-11 21:22:25,410 [INFO] Truck: Time:<14> Truck:[CLTruck3] breakdown for 8.7878277900515 minutes at 14
2025-09-11 21:22:25,410 [DEBUG] Truck: Time:<20.979555555555557> Truck:[CLTruck4] Start moving to ORDER(1): NorthPitMine-DumpSite2, move distance is 1.5478528210776863, speed: 25
2025-09-11 21:22:25,410 [INFO] Truck: Time:<15> Truck:[CLTruck4] breakdown for 8.558291009189407 minutes at 15
2025-09-11 21:22:25,411 [DEBUG] Truck: Time:<20.979555555555557> Truck:[CLTruck5] Start moving to ORDER(1): NorthPitMine-DumpSite2, move distance is 1.7716138493228009, speed: 25
2025-09-11 21:22:25,411 [INFO] Truck: Time:<20.979555555555557> Truck:[CLTruck7] Start loading at shovel NorthPitMine-LoadSite4-Shovel-2, load time is 15.555555555555555
2025-09-11 21:22:25,411 [INFO] Truck: Time:<20.979555555555557> Truck:[CLTruck17] Start loading at shovel NorthPitMine-LoadSite4-Shovel-3, load time is 15.555555555555555
2025-09-11 21:22:25,411 [INFO] Truck: Time:<20.979555555555557> Truck:[CLTruck20] Start loading at shovel NorthPitMine-LoadSite4-Shovel-4, load time is 15.555555555555555
2025-09-11 21:22:25,411 [INFO] Truck: Time:<20.979555555555557> Truck:[CLTruck24] Start loading at shovel NorthPitMine-LoadSite4-Shovel-5, load time is 15.555555555555555
2025-09-11 21:22:25,413 [DEBUG] Truck: Time:<21.51940157480315> Truck:[XHTruck26] Arrived at NorthPitMine-DumpSite2 at 21.51940157480315
2025-09-11 21:22:25,413 [INFO] Truck: Time:<21.535661417322835> Truck:[CLTruck8] Finish unloading at dumper NorthPitMine-DumpSite5-点位0, dumper tons is 31.746136474449173
2025-09-11 21:22:25,414 [DEBUG] Truck: Time:<21.535661417322835> Truck:[CLTruck8] Start moving to ORDER(3):NorthPitMine-LoadSite4, move distance is 5.34, speed: 25
2025-09-11 21:22:25,415 [INFO] Truck: Time:<22.09216535433071> Truck:[OfficalTruck5] Finish loading at shovel NorthPitMine-LoadSite5-Shovel-1
2025-09-11 21:22:25,416 [INFO] Truck: Time:<22.09216535433071> Truck:[OfficalTruck6] Finish loading at shovel NorthPitMine-LoadSite5-Shovel-2
2025-09-11 21:22:25,417 [DEBUG] Truck: Time:<22.09216535433071> Truck:[OfficalTruck5] Start moving to ORDER(0): NorthPitMine-DumpSite1, move distance is 5.15, speed: 25
2025-09-11 21:22:25,417 [INFO] Truck: Time:<22.09216535433071> Truck:[OfficalTruck5] is facing 0.8528883317091154 mins delay caused by 1 pre-existing jam events on Road from NorthPitMine-LoadSite5 to NorthPitMine-DumpSite1
2025-09-11 21:22:25,418 [DEBUG] Truck: Time:<22.09216535433071> Truck:[OfficalTruck6] Start moving to ORDER(0): NorthPitMine-DumpSite1, move distance is 5.15, speed: 25
2025-09-11 21:22:25,418 [INFO] Truck: Time:<20> Truck:[OfficalTruck6] breakdown for 11.899414587667643 minutes at 20
2025-09-11 21:22:25,418 [INFO] Truck: Time:<22.09216535433071> Truck:[CLTruck18] Start loading at shovel NorthPitMine-LoadSite5-Shovel-1, load time is 2.5836614173228347
2025-09-11 21:22:25,419 [INFO] Truck: Time:<22.09216535433071> Truck:[CLTruck22] Start loading at shovel NorthPitMine-LoadSite5-Shovel-2, load time is 2.5836614173228347
2025-09-11 21:22:25,419 [DEBUG] Truck: Time:<22.205660128522222> Truck:[CLTruck15] Arrived at NorthPitMine-DumpSite5 at 22.205660128522222
2025-09-11 21:22:25,419 [INFO] Truck: Time:<22.51940157480315> Truck:[XHTruck26] Finish unloading at dumper NorthPitMine-DumpSite2-点位0, dumper tons is 174.01530548394308
2025-09-11 21:22:25,420 [DEBUG] Truck: Time:<22.51940157480315> Truck:[XHTruck26] Start moving to ORDER(2):NorthPitMine-LoadSite3, move distance is 3.41, speed: 25
2025-09-11 21:22:25,420 [INFO] Truck: Time:<22.51940157480315> Truck:[XHTruck26] is facing 4.2197891349320535 mins delay caused by 1 pre-existing jam events on Road from NorthPitMine-DumpSite2 to NorthPitMine-LoadSite3
2025-09-11 21:22:25,420 [INFO] Truck: Time:<22.58332283464567> Truck:[CLTruck6] Arrived at NorthPitMine-LoadSite3 at 22.58332283464567
2025-09-11 21:22:25,420 [INFO] Truck: Time:<22.755555555555553> Truck:[CLTruck27] Finish loading at shovel LoadSite1-Shovel-1
2025-09-11 21:22:25,420 [INFO] Truck: Time:<22.755555555555553> Truck:[CLTruck28] Finish loading at shovel LoadSite1-Shovel-2
2025-09-11 21:22:25,420 [INFO] Truck: Time:<22.755555555555553> Truck:[CLTruck29] Finish loading at shovel LoadSite1-Shovel-3
2025-09-11 21:22:25,420 [DEBUG] Truck: Time:<22.755555555555553> Truck:[CLTruck27] Start moving to ORDER(4): NorthPitMine-DumpSite5, move distance is 3.26, speed: 25
2025-09-11 21:22:25,421 [DEBUG] Truck: Time:<22.755555555555553> Truck:[CLTruck28] Start moving to ORDER(4): NorthPitMine-DumpSite5, move distance is 3.26, speed: 25
2025-09-11 21:22:25,421 [INFO] Truck: Time:<14> Truck:[CLTruck28] breakdown for 12.204616254191567 minutes at 14
2025-09-11 21:22:25,421 [DEBUG] Truck: Time:<22.755555555555553> Truck:[CLTruck29] Start moving to ORDER(4): NorthPitMine-DumpSite5, move distance is 3.26, speed: 25
2025-09-11 21:22:25,422 [INFO] Truck: Time:<22.755555555555553> Truck:[XHTruck33] Start loading at shovel LoadSite1-Shovel-1, load time is 24.444444444444443
2025-09-11 21:22:25,424 [INFO] Truck: Time:<23.034180021814564> Truck:[OfficalTruck4] is facing 0 mins delay caused by 2 pre-existing jam events on Road from NorthPitMine-LoadSite5 to NorthPitMine-DumpSite1
2025-09-11 21:22:25,424 [DEBUG] Truck: Time:<23.084055118110236> Truck:[OfficalTruck1] Arrived at NorthPitMine-DumpSite1 at 23.084055118110236
2025-09-11 21:22:25,424 [DEBUG] Truck: Time:<23.084055118110236> Truck:[OfficalTruck2] Arrived at NorthPitMine-DumpSite1 at 23.084055118110236
2025-09-11 21:22:25,425 [DEBUG] Truck: Time:<23.11932283464567> Truck:[CLTruck13] Arrived at NorthPitMine-DumpSite5 at 23.11932283464567
2025-09-11 21:22:25,425 [INFO] Truck: Time:<23.205660128522222> Truck:[CLTruck15] Finish unloading at dumper NorthPitMine-DumpSite5-点位0, dumper tons is 70.03344908149256
2025-09-11 21:22:25,425 [DEBUG] Truck: Time:<23.205660128522222> Truck:[CLTruck15] Start moving to ORDER(3):NorthPitMine-LoadSite4, move distance is 5.34, speed: 25
2025-09-11 21:22:25,425 [INFO] Truck: Time:<22> Truck:[CLTruck15] breakdown for 3.325848467415657 minutes at 22
2025-09-11 21:22:25,425 [INFO] Truck: Time:<23.60740157480315> Truck:[XHTruck25] Finish loading at shovel NorthPitMine-LoadSite2-Shovel-1
2025-09-11 21:22:25,426 [DEBUG] Truck: Time:<23.60740157480315> Truck:[XHTruck25] Start moving to ORDER(4): NorthPitMine-DumpSite5, move distance is 3.18, speed: 25
2025-09-11 21:22:25,426 [INFO] Truck: Time:<22> Truck:[XHTruck25] breakdown for 5.41733644442597 minutes at 22
2025-09-11 21:22:25,426 [INFO] Truck: Time:<23.923795275590557> Truck:[XHTruck19] Finish loading at shovel NorthPitMine-LoadSite3-Shovel-1
2025-09-11 21:22:25,426 [DEBUG] Truck: Time:<23.923795275590557> Truck:[XHTruck19] Start moving to ORDER(4): NorthPitMine-DumpSite5, move distance is 2.7882865257073046, speed: 25
2025-09-11 21:22:25,427 [INFO] Truck: Time:<23.923795275590557> Truck:[CLTruck1] Start loading at shovel NorthPitMine-LoadSite3-Shovel-1, load time is 2.5836614173228347
2025-09-11 21:22:25,428 [INFO] Truck: Time:<24.084055118110236> Truck:[OfficalTruck1] Finish unloading at dumper NorthPitMine-DumpSite1-点位0, dumper tons is 72.04897264387857
2025-09-11 21:22:25,429 [INFO] Truck: Time:<24.084055118110236> Truck:[OfficalTruck2] Finish unloading at dumper NorthPitMine-DumpSite1-点位1, dumper tons is 71.38849981717945
2025-09-11 21:22:25,429 [DEBUG] Truck: Time:<24.084055118110236> Truck:[OfficalTruck1] Start moving to ORDER(2):NorthPitMine-LoadSite3, move distance is 2.98, speed: 25
2025-09-11 21:22:25,429 [DEBUG] Truck: Time:<24.084055118110236> Truck:[OfficalTruck2] Start moving to ORDER(2):NorthPitMine-LoadSite3, move distance is 2.98, speed: 25
2025-09-11 21:22:25,429 [INFO] Truck: Time:<24.11932283464567> Truck:[CLTruck13] Finish unloading at dumper NorthPitMine-DumpSite5-点位1, dumper tons is 38.12964035410012
2025-09-11 21:22:25,430 [DEBUG] Truck: Time:<24.11932283464567> Truck:[CLTruck13] Start moving to ORDER(3):NorthPitMine-LoadSite4, move distance is 5.34, speed: 25
2025-09-11 21:22:25,430 [INFO] Truck: Time:<24.675826771653544> Truck:[CLTruck18] Finish loading at shovel NorthPitMine-LoadSite5-Shovel-1
2025-09-11 21:22:25,431 [INFO] Truck: Time:<24.675826771653544> Truck:[CLTruck22] Finish loading at shovel NorthPitMine-LoadSite5-Shovel-2
2025-09-11 21:22:25,432 [INFO] Road: [RoadEvent] Road from NorthPitMine-LoadSite5 to NorthPitMine-DumpSite1 is in repair，the repair will last for 67.27 mins, and will end at 91.95, vehicle on this road will have to suffer punish_distance.
2025-09-11 21:22:25,432 [DEBUG] Truck: Time:<24.675826771653544> Truck:[CLTruck18] Start moving to ORDER(0): NorthPitMine-DumpSite1, move distance is 7.248136458969168, speed: 25
2025-09-11 21:22:25,432 [INFO] Truck: Time:<24.675826771653544> Truck:[CLTruck18] is facing 0 mins delay caused by 2 pre-existing jam events on Road from NorthPitMine-LoadSite5 to NorthPitMine-DumpSite1
2025-09-11 21:22:25,432 [DEBUG] Truck: Time:<24.675826771653544> Truck:[CLTruck22] Start moving to ORDER(0): NorthPitMine-DumpSite1, move distance is 6.63061783445877, speed: 25
2025-09-11 21:22:25,432 [INFO] Truck: Time:<24.675826771653544> Truck:[CLTruck22] is facing 0 mins delay caused by 2 pre-existing jam events on Road from NorthPitMine-LoadSite5 to NorthPitMine-DumpSite1
2025-09-11 21:22:25,432 [INFO] Truck: Time:<24.675826771653544> Truck:[CLTruck25] Start loading at shovel NorthPitMine-LoadSite5-Shovel-1, load time is 2.5836614173228347
2025-09-11 21:22:25,432 [INFO] Truck: Time:<24.675826771653544> Truck:[XHTruck1] Start loading at shovel NorthPitMine-LoadSite5-Shovel-2, load time is 4.060039370078741
2025-09-11 21:22:25,434 [DEBUG] Truck: Time:<25.231428793930277> Truck:[CLTruck5] Arrived at NorthPitMine-DumpSite2 at 25.231428793930277
2025-09-11 21:22:25,436 [INFO] Truck: Time:<25.875555555555554> Truck:[CLTruck9] Finish loading at shovel NorthPitMine-LoadSite2-Shovel-2
2025-09-11 21:22:25,436 [INFO] Truck: Time:<25.875555555555554> Truck:[CLTruck10] Finish loading at shovel NorthPitMine-LoadSite2-Shovel-3
2025-09-11 21:22:25,436 [INFO] Truck: Time:<25.875555555555554> Truck:[CLTruck11] Finish loading at shovel NorthPitMine-LoadSite2-Shovel-4
2025-09-11 21:22:25,437 [INFO] Truck: Time:<25.875555555555554> Truck:[CLTruck12] Finish loading at shovel NorthPitMine-LoadSite2-Shovel-5
2025-09-11 21:22:25,437 [DEBUG] Truck: Time:<25.875555555555554> Truck:[CLTruck9] Start moving to ORDER(4): NorthPitMine-DumpSite5, move distance is 3.18, speed: 25
2025-09-11 21:22:25,438 [INFO] Road: [RoadEvent] Road from NorthPitMine-LoadSite2 to NorthPitMine-DumpSite5 is in repair，the repair will last for 36.01 mins, and will end at 61.89, vehicle on this road will have to suffer punish_distance.
2025-09-11 21:22:25,438 [DEBUG] Truck: Time:<25.875555555555554> Truck:[CLTruck10] Start moving to ORDER(4): NorthPitMine-DumpSite5, move distance is 4.502721140077269, speed: 25
2025-09-11 21:22:25,438 [INFO] Truck: Time:<22> Truck:[CLTruck10] breakdown for 8.963208000852656 minutes at 22
2025-09-11 21:22:25,438 [DEBUG] Truck: Time:<25.875555555555554> Truck:[CLTruck11] Start moving to ORDER(4): NorthPitMine-DumpSite5, move distance is 4.9306621699041, speed: 25
2025-09-11 21:22:25,439 [INFO] Truck: Time:<10> Truck:[CLTruck11] breakdown for 13.349426131490812 minutes at 10
2025-09-11 21:22:25,439 [DEBUG] Truck: Time:<25.875555555555554> Truck:[CLTruck12] Start moving to ORDER(4): NorthPitMine-DumpSite5, move distance is 4.26740456938222, speed: 25
2025-09-11 21:22:25,439 [INFO] Truck: Time:<25.875555555555554> Truck:[CLTruck14] Start loading at shovel NorthPitMine-LoadSite2-Shovel-2, load time is 15.555555555555555
2025-09-11 21:22:25,440 [INFO] Truck: Time:<25.875555555555554> Truck:[CLTruck16] Start loading at shovel NorthPitMine-LoadSite2-Shovel-3, load time is 15.555555555555555
2025-09-11 21:22:25,440 [INFO] Truck: Time:<25.875555555555554> Truck:[CLTruck19] Start loading at shovel NorthPitMine-LoadSite2-Shovel-4, load time is 15.555555555555555
2025-09-11 21:22:25,440 [INFO] Truck: Time:<25.875555555555554> Truck:[CLTruck23] Start loading at shovel NorthPitMine-LoadSite2-Shovel-5, load time is 15.555555555555555
2025-09-11 21:22:25,443 [INFO] Truck: Time:<26.231428793930277> Truck:[CLTruck5] Finish unloading at dumper NorthPitMine-DumpSite2-点位0, dumper tons is 208.86447832522938
2025-09-11 21:22:25,444 [INFO] Road: [RoadEvent] Road from NorthPitMine-DumpSite2 to NorthPitMine-LoadSite3 is in repair，the repair will last for 33.45 mins, and will end at 59.68, vehicle on this road will have to suffer punish_distance.
2025-09-11 21:22:25,445 [DEBUG] Truck: Time:<26.231428793930277> Truck:[CLTruck5] Start moving to ORDER(2):NorthPitMine-LoadSite3, move distance is 4.526935388245143, speed: 25
2025-09-11 21:22:25,445 [INFO] Truck: Time:<22> Truck:[CLTruck5] breakdown for 10.927140450967118 minutes at 22
2025-09-11 21:22:25,445 [DEBUG] Truck: Time:<26.265403859626158> Truck:[XHTruck5] Arrived at NorthPitMine-DumpSite5 at 26.265403859626158
2025-09-11 21:22:25,445 [INFO] Truck: Time:<26.50745669291339> Truck:[CLTruck1] Finish loading at shovel NorthPitMine-LoadSite3-Shovel-1
2025-09-11 21:22:25,446 [DEBUG] Truck: Time:<26.50745669291339> Truck:[CLTruck1] Start moving to ORDER(4): NorthPitMine-DumpSite5, move distance is 2.1671241050782375, speed: 25
2025-09-11 21:22:25,446 [INFO] Truck: Time:<26.50745669291339> Truck:[CLTruck6] Start loading at shovel NorthPitMine-LoadSite3-Shovel-1, load time is 2.5836614173228347
2025-09-11 21:22:25,446 [INFO] Truck: Time:<26.53150859593788> Truck:[CLTruck15] is facing 7.067431830669287 mins delay caused by 1 pre-existing jam events on Road from NorthPitMine-DumpSite5 to NorthPitMine-LoadSite4
2025-09-11 21:22:25,448 [INFO] Truck: Time:<27.259488188976377> Truck:[CLTruck25] Finish loading at shovel NorthPitMine-LoadSite5-Shovel-1
2025-09-11 21:22:25,449 [DEBUG] Truck: Time:<27.259488188976377> Truck:[CLTruck25] Start moving to ORDER(0): NorthPitMine-DumpSite1, move distance is 6.756916811661802, speed: 25
2025-09-11 21:22:25,449 [INFO] Truck: Time:<27.259488188976377> Truck:[CLTruck25] is facing 4.534830737946255 mins delay caused by 4 pre-existing jam events on Road from NorthPitMine-LoadSite5 to NorthPitMine-DumpSite1
2025-09-11 21:22:25,449 [INFO] Truck: Time:<27.259488188976377> Truck:[XHTruck2] Start loading at shovel NorthPitMine-LoadSite5-Shovel-1, load time is 4.060039370078741
2025-09-11 21:22:25,449 [INFO] Truck: Time:<27.265403859626158> Truck:[XHTruck5] Finish unloading at dumper NorthPitMine-DumpSite5-点位0, dumper tons is 123.98973076566645
2025-09-11 21:22:25,449 [DEBUG] Truck: Time:<27.265403859626158> Truck:[XHTruck5] Start moving to ORDER(3):NorthPitMine-LoadSite4, move distance is 5.34, speed: 25
2025-09-11 21:22:25,449 [INFO] Truck: Time:<27.265403859626158> Truck:[XHTruck5] is facing 6.333536566981008 mins delay caused by 1 pre-existing jam events on Road from NorthPitMine-DumpSite5 to NorthPitMine-LoadSite4
2025-09-11 21:22:25,449 [INFO] Truck: Time:<28.735866141732284> Truck:[XHTruck1] Finish loading at shovel NorthPitMine-LoadSite5-Shovel-2
2025-09-11 21:22:25,449 [DEBUG] Truck: Time:<28.735866141732284> Truck:[XHTruck1] Start moving to ORDER(0): NorthPitMine-DumpSite1, move distance is 7.267488555550329, speed: 25
2025-09-11 21:22:25,449 [INFO] Truck: Time:<14> Truck:[XHTruck1] breakdown for 12.635078617124933 minutes at 14
2025-09-11 21:22:25,449 [INFO] Truck: Time:<28.735866141732284> Truck:[XHTruck6] Start loading at shovel NorthPitMine-LoadSite5-Shovel-2, load time is 4.060039370078741
2025-09-11 21:22:25,449 [DEBUG] Truck: Time:<28.768110236220473> Truck:[OfficalTruck3] Arrived at NorthPitMine-DumpSite1 at 28.768110236220473
2025-09-11 21:22:25,455 [INFO] Truck: Time:<29.02473801922912> Truck:[XHTruck25] is facing 5.372901082108946 mins delay caused by 1 pre-existing jam events on Road from NorthPitMine-LoadSite2 to NorthPitMine-DumpSite5
2025-09-11 21:22:25,455 [INFO] Truck: Time:<29.091118110236224> Truck:[CLTruck6] Finish loading at shovel NorthPitMine-LoadSite3-Shovel-1
2025-09-11 21:22:25,455 [DEBUG] Truck: Time:<29.091118110236224> Truck:[CLTruck6] Start moving to ORDER(4): NorthPitMine-DumpSite5, move distance is 2.4753185728328417, speed: 25
2025-09-11 21:22:25,456 [INFO] Truck: Time:<29.768110236220473> Truck:[OfficalTruck3] Finish unloading at dumper NorthPitMine-DumpSite1-点位0, dumper tons is 142.29699534038343
2025-09-11 21:22:25,456 [DEBUG] Truck: Time:<29.768110236220473> Truck:[OfficalTruck3] Start moving to ORDER(2):NorthPitMine-LoadSite3, move distance is 2.98, speed: 25
2025-09-11 21:22:25,456 [INFO] Truck: Time:<25> Truck:[OfficalTruck3] breakdown for 8.850887685612907 minutes at 25
2025-09-11 21:22:25,458 [DEBUG] Truck: Time:<30.57955555555555> Truck:[CLTruck27] Arrived at NorthPitMine-DumpSite5 at 30.57955555555555
2025-09-11 21:22:25,458 [DEBUG] Truck: Time:<30.57955555555555> Truck:[CLTruck29] Arrived at NorthPitMine-DumpSite5 at 30.57955555555555
2025-09-11 21:22:25,458 [DEBUG] Truck: Time:<30.61568293728809> Truck:[XHTruck19] Arrived at NorthPitMine-DumpSite5 at 30.61568293728809
2025-09-11 21:22:25,460 [INFO] Truck: Time:<31.236055118110237> Truck:[OfficalTruck1] Arrived at NorthPitMine-LoadSite3 at 31.236055118110237
2025-09-11 21:22:25,460 [INFO] Truck: Time:<31.236055118110237> Truck:[OfficalTruck2] Arrived at NorthPitMine-LoadSite3 at 31.236055118110237
2025-09-11 21:22:25,461 [INFO] Truck: Time:<31.236055118110237> Truck:[OfficalTruck1] Start loading at shovel NorthPitMine-LoadSite3-Shovel-1, load time is 5.684055118110236
2025-09-11 21:22:25,461 [INFO] Truck: Time:<31.319527559055118> Truck:[XHTruck2] Finish loading at shovel NorthPitMine-LoadSite5-Shovel-1
2025-09-11 21:22:25,462 [DEBUG] Truck: Time:<31.319527559055118> Truck:[XHTruck2] Start moving to ORDER(0): NorthPitMine-DumpSite1, move distance is 8.62993164004269, speed: 25
2025-09-11 21:22:25,462 [INFO] Truck: Time:<31.319527559055118> Truck:[XHTruck2] is facing 6.048030370510134 mins delay caused by 4 pre-existing jam events on Road from NorthPitMine-LoadSite5 to NorthPitMine-DumpSite1
2025-09-11 21:22:25,462 [INFO] Truck: Time:<31.319527559055118> Truck:[XHTruck10] Start loading at shovel NorthPitMine-LoadSite5-Shovel-1, load time is 4.060039370078741
2025-09-11 21:22:25,462 [INFO] Truck: Time:<31.57955555555555> Truck:[CLTruck27] Finish unloading at dumper NorthPitMine-DumpSite5-点位0, dumper tons is 160.93055328309458
2025-09-11 21:22:25,463 [INFO] Truck: Time:<31.57955555555555> Truck:[CLTruck29] Finish unloading at dumper NorthPitMine-DumpSite5-点位1, dumper tons is 70.58385102135503
2025-09-11 21:22:25,463 [DEBUG] Truck: Time:<31.57955555555555> Truck:[CLTruck27] Start moving to ORDER(3):NorthPitMine-LoadSite4, move distance is 5.34, speed: 25
2025-09-11 21:22:25,463 [INFO] Truck: Time:<31.57955555555555> Truck:[CLTruck27] is facing 2.019384871051616 mins delay caused by 1 pre-existing jam events on Road from NorthPitMine-DumpSite5 to NorthPitMine-LoadSite4
2025-09-11 21:22:25,464 [INFO] Road: [RoadEvent] Road from NorthPitMine-DumpSite5 to NorthPitMine-LoadSite4 is in repair，the repair will last for 58.50 mins, and will end at 90.08, vehicle on this road will have to suffer punish_distance.
2025-09-11 21:22:25,464 [DEBUG] Truck: Time:<31.57955555555555> Truck:[CLTruck29] Start moving to ORDER(3):NorthPitMine-LoadSite4, move distance is 7.020656746319601, speed: 25
2025-09-11 21:22:25,464 [INFO] Truck: Time:<31.57955555555555> Truck:[CLTruck29] is facing 1.837692249827875 mins delay caused by 1 pre-existing jam events on Road from NorthPitMine-DumpSite5 to NorthPitMine-LoadSite4
2025-09-11 21:22:25,464 [INFO] Truck: Time:<31.61568293728809> Truck:[XHTruck19] Finish unloading at dumper NorthPitMine-DumpSite5-点位2, dumper tons is 56.06908501529556
2025-09-11 21:22:25,465 [DEBUG] Truck: Time:<31.61568293728809> Truck:[XHTruck19] Start moving to ORDER(3):NorthPitMine-LoadSite4, move distance is 7.3042359725259205, speed: 25
2025-09-11 21:22:25,465 [INFO] Truck: Time:<31.61568293728809> Truck:[XHTruck19] is facing 1.770907654451411 mins delay caused by 1 pre-existing jam events on Road from NorthPitMine-DumpSite5 to NorthPitMine-LoadSite4
2025-09-11 21:22:25,465 [INFO] Truck: Time:<31.644444444444442> Truck:[XHTruck14] Finish loading at shovel LoadSite1-Shovel-4
2025-09-11 21:22:25,465 [INFO] Truck: Time:<31.644444444444442> Truck:[XHTruck23] Finish loading at shovel LoadSite1-Shovel-5
2025-09-11 21:22:25,466 [DEBUG] Truck: Time:<31.644444444444442> Truck:[XHTruck14] Start moving to ORDER(4): NorthPitMine-DumpSite5, move distance is 3.26, speed: 25
2025-09-11 21:22:25,466 [INFO] Truck: Time:<7> Truck:[XHTruck14] breakdown for 11.315056844075487 minutes at 7
2025-09-11 21:22:25,467 [DEBUG] Truck: Time:<31.644444444444442> Truck:[XHTruck23] Start moving to ORDER(4): NorthPitMine-DumpSite5, move distance is 3.26, speed: 25
2025-09-11 21:22:25,467 [INFO] Truck: Time:<16> Truck:[XHTruck23] breakdown for 9.344484654535142 minutes at 16
2025-09-11 21:22:25,467 [DEBUG] Truck: Time:<31.70855454510116> Truck:[CLTruck1] Arrived at NorthPitMine-DumpSite5 at 31.70855454510116
2025-09-11 21:22:25,468 [DEBUG] Truck: Time:<32.23297682536074> Truck:[OfficalTruck7] Arrived at NorthPitMine-DumpSite5 at 32.23297682536074
2025-09-11 21:22:25,468 [INFO] Truck: Time:<32.70855454510116> Truck:[CLTruck1] Finish unloading at dumper NorthPitMine-DumpSite5-点位0, dumper tons is 197.00246835374585
2025-09-11 21:22:25,468 [DEBUG] Truck: Time:<32.70855454510116> Truck:[CLTruck1] Start moving to ORDER(3):NorthPitMine-LoadSite4, move distance is 7.4860948177601605, speed: 25
2025-09-11 21:22:25,468 [INFO] Truck: Time:<31> Truck:[CLTruck1] breakdown for 16.41148452023666 minutes at 31
2025-09-11 21:22:25,468 [INFO] Truck: Time:<32.79590551181103> Truck:[XHTruck6] Finish loading at shovel NorthPitMine-LoadSite5-Shovel-2
2025-09-11 21:22:25,468 [DEBUG] Truck: Time:<32.79590551181103> Truck:[XHTruck6] Start moving to ORDER(0): NorthPitMine-DumpSite1, move distance is 7.084332704273031, speed: 25
2025-09-11 21:22:25,468 [INFO] Truck: Time:<18> Truck:[XHTruck6] breakdown for 8.110428280013867 minutes at 18
2025-09-11 21:22:25,468 [INFO] Truck: Time:<32.79590551181103> Truck:[XHTruck13] Start loading at shovel NorthPitMine-LoadSite5-Shovel-2, load time is 4.060039370078741
2025-09-11 21:22:25,473 [DEBUG] Truck: Time:<33.0652137825646> Truck:[XHTruck3] Arrived at NorthPitMine-DumpSite5 at 33.0652137825646
2025-09-11 21:22:25,473 [INFO] Truck: Time:<33.23297682536074> Truck:[OfficalTruck7] Finish unloading at dumper NorthPitMine-DumpSite5-点位1, dumper tons is 149.76840555398803
2025-09-11 21:22:25,474 [DEBUG] Truck: Time:<33.23297682536074> Truck:[OfficalTruck7] Start moving to ORDER(3):NorthPitMine-LoadSite4, move distance is 7.037805157974804, speed: 25
2025-09-11 21:22:25,474 [INFO] Truck: Time:<33.23297682536074> Truck:[OfficalTruck7] is facing 2.0313613761625082 mins delay caused by 2 pre-existing jam events on Road from NorthPitMine-DumpSite5 to NorthPitMine-LoadSite4
2025-09-11 21:22:25,475 [DEBUG] Truck: Time:<33.25269333533141> Truck:[CLTruck4] Arrived at NorthPitMine-DumpSite2 at 33.25269333533141
2025-09-11 21:22:25,475 [DEBUG] Truck: Time:<33.507555555555555> Truck:[CLTruck9] Arrived at NorthPitMine-DumpSite5 at 33.507555555555555
2025-09-11 21:22:25,475 [DEBUG] Truck: Time:<33.82796494012957> Truck:[CLTruck3] Arrived at NorthPitMine-DumpSite2 at 33.82796494012957
2025-09-11 21:22:25,475 [INFO] Truck: Time:<33.99157994199835> Truck:[OfficalTruck6] is facing 5.165059959865124 mins delay caused by 3 pre-existing jam events on Road from NorthPitMine-LoadSite5 to NorthPitMine-DumpSite1
2025-09-11 21:22:25,477 [INFO] Truck: Time:<34.0652137825646> Truck:[XHTruck3] Finish unloading at dumper NorthPitMine-DumpSite5-点位0, dumper tons is 256.05731633187884
2025-09-11 21:22:25,478 [DEBUG] Truck: Time:<34.0652137825646> Truck:[XHTruck3] Start moving to ORDER(3):NorthPitMine-LoadSite4, move distance is 7.1824884611103075, speed: 25
2025-09-11 21:22:25,478 [INFO] Truck: Time:<34> Truck:[XHTruck3] breakdown for 9.52928672889626 minutes at 34
2025-09-11 21:22:25,478 [INFO] Truck: Time:<34.25269333533141> Truck:[CLTruck4] Finish unloading at dumper NorthPitMine-DumpSite2-点位0, dumper tons is 241.49790492813003
2025-09-11 21:22:25,479 [DEBUG] Truck: Time:<34.25269333533141> Truck:[CLTruck4] Start moving to ORDER(2):NorthPitMine-LoadSite3, move distance is 4.762336913543501, speed: 25
2025-09-11 21:22:25,479 [INFO] Truck: Time:<33> Truck:[CLTruck4] breakdown for 10.213981384280054 minutes at 33
2025-09-11 21:22:25,479 [INFO] Truck: Time:<34.35166141732283> Truck:[CLTruck8] Arrived at NorthPitMine-LoadSite4 at 34.35166141732283
2025-09-11 21:22:25,480 [INFO] Truck: Time:<34.35166141732283> Truck:[CLTruck8] Start loading at shovel NorthPitMine-LoadSite4-Shovel-1, load time is 2.5836614173228347
2025-09-11 21:22:25,480 [INFO] Truck: Time:<34.507555555555555> Truck:[CLTruck9] Finish unloading at dumper NorthPitMine-DumpSite5-点位1, dumper tons is 186.10098847921142
2025-09-11 21:22:25,480 [DEBUG] Truck: Time:<34.507555555555555> Truck:[CLTruck9] Start moving to ORDER(3):NorthPitMine-LoadSite4, move distance is 7.194066693019086, speed: 25
2025-09-11 21:22:25,481 [INFO] Truck: Time:<34.507555555555555> Truck:[CLTruck9] is facing 0.5567216031880104 mins delay caused by 2 pre-existing jam events on Road from NorthPitMine-DumpSite5 to NorthPitMine-LoadSite4
2025-09-11 21:22:25,481 [INFO] Truck: Time:<34.82796494012957> Truck:[CLTruck3] Finish unloading at dumper NorthPitMine-DumpSite2-点位1, dumper tons is 31.971793985169832
2025-09-11 21:22:25,482 [DEBUG] Truck: Time:<34.82796494012957> Truck:[CLTruck3] Start moving to ORDER(2):NorthPitMine-LoadSite3, move distance is 4.5373748545926285, speed: 25
2025-09-11 21:22:25,482 [INFO] Truck: Time:<34.9231907097352> Truck:[XHTruck26] Arrived at NorthPitMine-LoadSite3 at 34.9231907097352
2025-09-11 21:22:25,482 [INFO] Truck: Time:<34.92319070973521> Truck:[XHTruck4] Arrived at NorthPitMine-LoadSite3 at 34.92319070973521
2025-09-11 21:22:25,482 [DEBUG] Truck: Time:<35.03188268503504> Truck:[CLTruck6] Arrived at NorthPitMine-DumpSite5 at 35.03188268503504
2025-09-11 21:22:25,482 [DEBUG] Truck: Time:<35.30505368603983> Truck:[OfficalTruck5] Arrived at NorthPitMine-DumpSite1 at 35.30505368603983
2025-09-11 21:22:25,482 [INFO] Truck: Time:<35.37956692913386> Truck:[XHTruck10] Finish loading at shovel NorthPitMine-LoadSite5-Shovel-1
2025-09-11 21:22:25,482 [DEBUG] Truck: Time:<35.37956692913386> Truck:[XHTruck10] Start moving to ORDER(0): NorthPitMine-DumpSite1, move distance is 7.40922258279912, speed: 25
2025-09-11 21:22:25,482 [INFO] Truck: Time:<17> Truck:[XHTruck10] breakdown for 7.674637593190521 minutes at 17
2025-09-11 21:22:25,482 [INFO] Truck: Time:<35.37956692913386> Truck:[XHTruck18] Start loading at shovel NorthPitMine-LoadSite5-Shovel-1, load time is 4.060039370078741
2025-09-11 21:22:25,485 [DEBUG] Truck: Time:<35.39418002181456> Truck:[OfficalTruck4] Arrived at NorthPitMine-DumpSite1 at 35.39418002181456
2025-09-11 21:22:25,487 [INFO] Truck: Time:<36.03188268503504> Truck:[CLTruck6] Finish unloading at dumper NorthPitMine-DumpSite5-点位0, dumper tons is 294.20392019789205
2025-09-11 21:22:25,487 [DEBUG] Truck: Time:<36.03188268503504> Truck:[CLTruck6] Start moving to ORDER(3):NorthPitMine-LoadSite4, move distance is 7.834566954811094, speed: 25
2025-09-11 21:22:25,487 [INFO] Truck: Time:<36.03188268503504> Truck:[CLTruck6] is facing 0 mins delay caused by 1 pre-existing jam events on Road from NorthPitMine-DumpSite5 to NorthPitMine-LoadSite4
2025-09-11 21:22:25,488 [DEBUG] Truck: Time:<36.11732652207288> Truck:[CLTruck12] Arrived at NorthPitMine-DumpSite5 at 36.11732652207288
2025-09-11 21:22:25,488 [INFO] Truck: Time:<36.30505368603983> Truck:[OfficalTruck5] Finish unloading at dumper NorthPitMine-DumpSite1-点位0, dumper tons is 216.92793580983215
2025-09-11 21:22:25,488 [DEBUG] Truck: Time:<36.30505368603983> Truck:[OfficalTruck5] Start moving to ORDER(3):NorthPitMine-LoadSite4, move distance is 3.41, speed: 25
2025-09-11 21:22:25,488 [INFO] Truck: Time:<23> Truck:[OfficalTruck5] breakdown for 9.175637290664548 minutes at 23
2025-09-11 21:22:25,489 [INFO] Truck: Time:<36.39418002181456> Truck:[OfficalTruck4] Finish unloading at dumper NorthPitMine-DumpSite1-点位1, dumper tons is 154.08874932386507
2025-09-11 21:22:25,490 [DEBUG] Truck: Time:<36.39418002181456> Truck:[OfficalTruck4] Start moving to ORDER(3):NorthPitMine-LoadSite4, move distance is 3.41, speed: 25
2025-09-11 21:22:25,490 [INFO] Truck: Time:<27> Truck:[OfficalTruck4] breakdown for 13.16640380777629 minutes at 27
2025-09-11 21:22:25,490 [INFO] Truck: Time:<36.535111111111114> Truck:[CLTruck7] Finish loading at shovel NorthPitMine-LoadSite4-Shovel-2
2025-09-11 21:22:25,490 [INFO] Truck: Time:<36.535111111111114> Truck:[CLTruck17] Finish loading at shovel NorthPitMine-LoadSite4-Shovel-3
2025-09-11 21:22:25,491 [INFO] Truck: Time:<36.535111111111114> Truck:[CLTruck20] Finish loading at shovel NorthPitMine-LoadSite4-Shovel-4
2025-09-11 21:22:25,491 [INFO] Truck: Time:<36.535111111111114> Truck:[CLTruck24] Finish loading at shovel NorthPitMine-LoadSite4-Shovel-5
2025-09-11 21:22:25,492 [DEBUG] Truck: Time:<36.535111111111114> Truck:[CLTruck7] Start moving to ORDER(1): NorthPitMine-DumpSite2, move distance is 1.565621206250136, speed: 25
2025-09-11 21:22:25,492 [DEBUG] Truck: Time:<36.535111111111114> Truck:[CLTruck17] Start moving to ORDER(1): NorthPitMine-DumpSite2, move distance is 1.6082869153704404, speed: 25
2025-09-11 21:22:25,492 [INFO] Truck: Time:<31> Truck:[CLTruck17] breakdown for 11.027064758140602 minutes at 31
2025-09-11 21:22:25,493 [DEBUG] Truck: Time:<36.535111111111114> Truck:[CLTruck20] Start moving to ORDER(1): NorthPitMine-DumpSite2, move distance is 1.8872355512903627, speed: 25
2025-09-11 21:22:25,493 [DEBUG] Truck: Time:<36.535111111111114> Truck:[CLTruck24] Start moving to ORDER(1): NorthPitMine-DumpSite2, move distance is 1.6177912376016055, speed: 25
2025-09-11 21:22:25,493 [INFO] Truck: Time:<34> Truck:[CLTruck24] breakdown for 12.318255534294382 minutes at 34
2025-09-11 21:22:25,493 [INFO] Truck: Time:<36.535111111111114> Truck:[XHTruck8] Start loading at shovel NorthPitMine-LoadSite4-Shovel-2, load time is 24.444444444444443
2025-09-11 21:22:25,494 [INFO] Truck: Time:<36.535111111111114> Truck:[XHTruck12] Start loading at shovel NorthPitMine-LoadSite4-Shovel-3, load time is 24.444444444444443
2025-09-11 21:22:25,494 [INFO] Truck: Time:<36.535111111111114> Truck:[XHTruck17] Start loading at shovel NorthPitMine-LoadSite4-Shovel-4, load time is 24.444444444444443
2025-09-11 21:22:25,494 [INFO] Truck: Time:<36.535111111111114> Truck:[XHTruck22] Start loading at shovel NorthPitMine-LoadSite4-Shovel-5, load time is 24.444444444444443
2025-09-11 21:22:25,494 [DEBUG] Truck: Time:<36.60560778771056> Truck:[CLTruck2] Arrived at NorthPitMine-DumpSite2 at 36.60560778771056
2025-09-11 21:22:25,494 [INFO] Truck: Time:<36.85594488188977> Truck:[XHTruck13] Finish loading at shovel NorthPitMine-LoadSite5-Shovel-2
2025-09-11 21:22:25,495 [DEBUG] Truck: Time:<36.85594488188977> Truck:[XHTruck13] Start moving to ORDER(0): NorthPitMine-DumpSite1, move distance is 7.484619481546656, speed: 25
2025-09-11 21:22:25,495 [INFO] Truck: Time:<36.85594488188977> Truck:[XHTruck13] is facing 1.100434193424796 mins delay caused by 3 pre-existing jam events on Road from NorthPitMine-LoadSite5 to NorthPitMine-DumpSite1
2025-09-11 21:22:25,495 [INFO] Truck: Time:<36.85594488188977> Truck:[XHTruck20] Start loading at shovel NorthPitMine-LoadSite5-Shovel-2, load time is 4.060039370078741
2025-09-11 21:22:25,495 [INFO] Truck: Time:<36.920110236220474> Truck:[OfficalTruck1] Finish loading at shovel NorthPitMine-LoadSite3-Shovel-1
2025-09-11 21:22:25,496 [DEBUG] Truck: Time:<36.920110236220474> Truck:[OfficalTruck1] Start moving to ORDER(4): NorthPitMine-DumpSite5, move distance is 2.837887432703423, speed: 25
2025-09-11 21:22:25,496 [INFO] Truck: Time:<28> Truck:[OfficalTruck1] breakdown for 4.583396021411874 minutes at 28
2025-09-11 21:22:25,496 [INFO] Truck: Time:<36.920110236220474> Truck:[OfficalTruck2] Start loading at shovel NorthPitMine-LoadSite3-Shovel-1, load time is 5.684055118110236
2025-09-11 21:22:25,496 [INFO] Truck: Time:<36.93532283464567> Truck:[CLTruck8] Finish loading at shovel NorthPitMine-LoadSite4-Shovel-1
2025-09-11 21:22:25,496 [INFO] Truck: Time:<36.93532283464567> Truck:[CLTruck13] Arrived at NorthPitMine-LoadSite4 at 36.93532283464567
2025-09-11 21:22:25,497 [DEBUG] Truck: Time:<36.93532283464567> Truck:[CLTruck8] Start moving to ORDER(1): NorthPitMine-DumpSite2, move distance is 1.561290558647913, speed: 25
2025-09-11 21:22:25,497 [INFO] Truck: Time:<32> Truck:[CLTruck8] breakdown for 12.54968408288002 minutes at 32
2025-09-11 21:22:25,497 [INFO] Truck: Time:<36.93532283464567> Truck:[CLTruck13] Start loading at shovel NorthPitMine-LoadSite4-Shovel-1, load time is 2.5836614173228347
2025-09-11 21:22:25,498 [INFO] Truck: Time:<37.11732652207288> Truck:[CLTruck12] Finish unloading at dumper NorthPitMine-DumpSite5-点位0, dumper tons is 326.91971845799844
2025-09-11 21:22:25,501 [DEBUG] Truck: Time:<37.11732652207288> Truck:[CLTruck12] Start moving to ORDER(3):NorthPitMine-LoadSite4, move distance is 7.0569991294217385, speed: 25
2025-09-11 21:22:25,501 [INFO] Truck: Time:<37.11732652207288> Truck:[CLTruck12] is facing 3.530336413778505 mins delay caused by 2 pre-existing jam events on Road from NorthPitMine-DumpSite5 to NorthPitMine-LoadSite4
2025-09-11 21:22:25,501 [INFO] Truck: Time:<37.60560778771056> Truck:[CLTruck2] Finish unloading at dumper NorthPitMine-DumpSite2-点位0, dumper tons is 277.8482657953174
2025-09-11 21:22:25,501 [DEBUG] Truck: Time:<37.60560778771056> Truck:[CLTruck2] Start moving to ORDER(4):NorthPitMine-LoadSite5, move distance is 5.59, speed: 25
2025-09-11 21:22:25,505 [INFO] Truck: Time:<39.4396062992126> Truck:[XHTruck18] Finish loading at shovel NorthPitMine-LoadSite5-Shovel-1
2025-09-11 21:22:25,505 [DEBUG] Truck: Time:<39.4396062992126> Truck:[XHTruck18] Start moving to ORDER(0): NorthPitMine-DumpSite1, move distance is 7.4831880892954645, speed: 25
2025-09-11 21:22:25,506 [INFO] Truck: Time:<25> Truck:[XHTruck18] breakdown for 5.891599007832115 minutes at 25
2025-09-11 21:22:25,506 [INFO] Truck: Time:<39.4396062992126> Truck:[XHTruck24] Start loading at shovel NorthPitMine-LoadSite5-Shovel-1, load time is 4.060039370078741
2025-09-11 21:22:25,506 [INFO] Truck: Time:<39.518984251968504> Truck:[CLTruck13] Finish loading at shovel NorthPitMine-LoadSite4-Shovel-1
2025-09-11 21:22:25,507 [DEBUG] Truck: Time:<39.518984251968504> Truck:[CLTruck13] Start moving to ORDER(1): NorthPitMine-DumpSite2, move distance is 1.509856973538401, speed: 25
2025-09-11 21:22:25,507 [INFO] Truck: Time:<30> Truck:[CLTruck13] breakdown for 5.403446571575739 minutes at 30
2025-09-11 21:22:25,510 [DEBUG] Truck: Time:<40.29260200611144> Truck:[CLTruck7] Arrived at NorthPitMine-DumpSite2 at 40.29260200611144
2025-09-11 21:22:25,510 [DEBUG] Truck: Time:<40.58930957435459> Truck:[CLTruck22] Arrived at NorthPitMine-DumpSite1 at 40.58930957435459
2025-09-11 21:22:25,510 [INFO] Truck: Time:<40.90633379182489> Truck:[XHTruck6] is facing 0 mins delay caused by 3 pre-existing jam events on Road from NorthPitMine-LoadSite5 to NorthPitMine-DumpSite1
2025-09-11 21:22:25,511 [INFO] Truck: Time:<40.91598425196851> Truck:[XHTruck20] Finish loading at shovel NorthPitMine-LoadSite5-Shovel-2
2025-09-11 21:22:25,511 [DEBUG] Truck: Time:<40.91598425196851> Truck:[XHTruck20] Start moving to ORDER(0): NorthPitMine-DumpSite1, move distance is 7.808676846037107, speed: 25
2025-09-11 21:22:25,511 [INFO] Truck: Time:<28> Truck:[XHTruck20] breakdown for 15.805470743494231 minutes at 28
2025-09-11 21:22:25,512 [INFO] Truck: Time:<40.91598425196851> Truck:[XHTruck28] Start loading at shovel NorthPitMine-LoadSite5-Shovel-2, load time is 4.060039370078741
2025-09-11 21:22:25,515 [DEBUG] Truck: Time:<41.06447643420798> Truck:[CLTruck20] Arrived at NorthPitMine-DumpSite2 at 41.06447643420798
2025-09-11 21:22:25,515 [INFO] Truck: Time:<41.29260200611144> Truck:[CLTruck7] Finish unloading at dumper NorthPitMine-DumpSite2-点位0, dumper tons is 311.6938762145691
2025-09-11 21:22:25,516 [DEBUG] Truck: Time:<41.29260200611144> Truck:[CLTruck7] Start moving to ORDER(2):NorthPitMine-LoadSite3, move distance is 4.379317332981529, speed: 25
2025-09-11 21:22:25,516 [INFO] Truck: Time:<38> Truck:[CLTruck7] breakdown for 4.560433851162852 minutes at 38
2025-09-11 21:22:25,516 [INFO] Truck: Time:<41.37094475885722> Truck:[XHTruck1] is facing 0 mins delay caused by 4 pre-existing jam events on Road from NorthPitMine-LoadSite5 to NorthPitMine-DumpSite1
2025-09-11 21:22:25,516 [INFO] Truck: Time:<41.43111111111111> Truck:[CLTruck14] Finish loading at shovel NorthPitMine-LoadSite2-Shovel-2
2025-09-11 21:22:25,517 [INFO] Truck: Time:<41.43111111111111> Truck:[CLTruck16] Finish loading at shovel NorthPitMine-LoadSite2-Shovel-3
2025-09-11 21:22:25,517 [INFO] Truck: Time:<41.43111111111111> Truck:[CLTruck19] Finish loading at shovel NorthPitMine-LoadSite2-Shovel-4
2025-09-11 21:22:25,517 [INFO] Truck: Time:<41.43111111111111> Truck:[CLTruck23] Finish loading at shovel NorthPitMine-LoadSite2-Shovel-5
2025-09-11 21:22:25,518 [DEBUG] Truck: Time:<41.43111111111111> Truck:[CLTruck14] Start moving to ORDER(4): NorthPitMine-DumpSite5, move distance is 4.4453100703194925, speed: 25
2025-09-11 21:22:25,518 [INFO] Truck: Time:<41.43111111111111> Truck:[CLTruck14] is facing 0 mins delay caused by 1 pre-existing jam events on Road from NorthPitMine-LoadSite2 to NorthPitMine-DumpSite5
2025-09-11 21:22:25,518 [DEBUG] Truck: Time:<41.43111111111111> Truck:[CLTruck16] Start moving to ORDER(4): NorthPitMine-DumpSite5, move distance is 5.091649029376224, speed: 25
2025-09-11 21:22:25,518 [INFO] Truck: Time:<38> Truck:[CLTruck16] breakdown for 12.496759069523325 minutes at 38
2025-09-11 21:22:25,518 [DEBUG] Truck: Time:<41.43111111111111> Truck:[CLTruck19] Start moving to ORDER(4): NorthPitMine-DumpSite5, move distance is 4.746325257245369, speed: 25
2025-09-11 21:22:25,518 [INFO] Truck: Time:<41.43111111111111> Truck:[CLTruck19] is facing 0 mins delay caused by 1 pre-existing jam events on Road from NorthPitMine-LoadSite2 to NorthPitMine-DumpSite5
2025-09-11 21:22:25,518 [DEBUG] Truck: Time:<41.43111111111111> Truck:[CLTruck23] Start moving to ORDER(4): NorthPitMine-DumpSite5, move distance is 4.002780754004954, speed: 25
2025-09-11 21:22:25,518 [INFO] Truck: Time:<41.43111111111111> Truck:[CLTruck23] is facing 0 mins delay caused by 1 pre-existing jam events on Road from NorthPitMine-LoadSite2 to NorthPitMine-DumpSite5
2025-09-11 21:22:25,518 [INFO] Truck: Time:<41.43111111111111> Truck:[XHTruck7] Start loading at shovel NorthPitMine-LoadSite2-Shovel-2, load time is 24.444444444444443
2025-09-11 21:22:25,521 [INFO] Truck: Time:<41.43111111111111> Truck:[XHTruck11] Start loading at shovel NorthPitMine-LoadSite2-Shovel-3, load time is 24.444444444444443
2025-09-11 21:22:25,521 [INFO] Truck: Time:<41.43111111111111> Truck:[XHTruck16] Start loading at shovel NorthPitMine-LoadSite2-Shovel-4, load time is 24.444444444444443
2025-09-11 21:22:25,521 [INFO] Truck: Time:<41.43111111111111> Truck:[XHTruck21] Start loading at shovel NorthPitMine-LoadSite2-Shovel-5, load time is 24.444444444444443
2025-09-11 21:22:25,521 [INFO] Truck: Time:<41.58930957435459> Truck:[CLTruck22] Finish unloading at dumper NorthPitMine-DumpSite1-点位0, dumper tons is 254.78224500257878
2025-09-11 21:22:25,522 [INFO] Road: [RoadEvent] Road from NorthPitMine-DumpSite1 to NorthPitMine-LoadSite3 is in repair，the repair will last for 43.38 mins, and will end at 84.97, vehicle on this road will have to suffer punish_distance.
2025-09-11 21:22:25,522 [DEBUG] Truck: Time:<41.58930957435459> Truck:[CLTruck22] Start moving to ORDER(2):NorthPitMine-LoadSite3, move distance is 4.71017405321016, speed: 25
2025-09-11 21:22:25,522 [INFO] Truck: Time:<28> Truck:[CLTruck22] breakdown for 12.011924082455266 minutes at 28
2025-09-11 21:22:25,522 [INFO] Truck: Time:<41.75822222222222> Truck:[OfficalTruck8] Finish loading at shovel NorthPitMine-LoadSite3-Shovel-2
2025-09-11 21:22:25,522 [INFO] Truck: Time:<41.75822222222222> Truck:[OfficalTruck9] Finish loading at shovel NorthPitMine-LoadSite3-Shovel-3
2025-09-11 21:22:25,523 [DEBUG] Truck: Time:<41.75822222222222> Truck:[OfficalTruck8] Start moving to ORDER(4): NorthPitMine-DumpSite5, move distance is 2.6694050815523833, speed: 25
2025-09-11 21:22:25,523 [INFO] Truck: Time:<38> Truck:[OfficalTruck8] breakdown for 7.375825950082742 minutes at 38
2025-09-11 21:22:25,524 [DEBUG] Truck: Time:<41.75822222222222> Truck:[OfficalTruck9] Start moving to ORDER(4): NorthPitMine-DumpSite5, move distance is 2.533298409168777, speed: 25
2025-09-11 21:22:25,524 [INFO] Truck: Time:<41.75822222222222> Truck:[CLTruck21] Start loading at shovel NorthPitMine-LoadSite3-Shovel-2, load time is 15.555555555555555
2025-09-11 21:22:25,524 [INFO] Truck: Time:<41.75822222222222> Truck:[CLTruck26] Start loading at shovel NorthPitMine-LoadSite3-Shovel-3, load time is 15.555555555555555
2025-09-11 21:22:25,526 [DEBUG] Truck: Time:<42.02963910133806> Truck:[XHTruck25] Arrived at NorthPitMine-DumpSite5 at 42.02963910133806
2025-09-11 21:22:25,526 [INFO] Truck: Time:<42.06447643420798> Truck:[CLTruck20] Finish unloading at dumper NorthPitMine-DumpSite2-点位1, dumper tons is 69.02689768733082
2025-09-11 21:22:25,526 [DEBUG] Truck: Time:<42.06447643420798> Truck:[CLTruck20] Start moving to ORDER(2):NorthPitMine-LoadSite3, move distance is 4.26237292050348, speed: 25
2025-09-11 21:22:25,526 [INFO] Truck: Time:<38> Truck:[CLTruck20] breakdown for 10.463771085503875 minutes at 38
2025-09-11 21:22:25,527 [DEBUG] Truck: Time:<42.07135427317955> Truck:[CLTruck18] Arrived at NorthPitMine-DumpSite1 at 42.07135427317955
2025-09-11 21:22:25,527 [INFO] Truck: Time:<42.60416535433071> Truck:[OfficalTruck2] Finish loading at shovel NorthPitMine-LoadSite3-Shovel-1
2025-09-11 21:22:25,527 [DEBUG] Truck: Time:<42.60416535433071> Truck:[OfficalTruck2] Start moving to ORDER(4): NorthPitMine-DumpSite5, move distance is 2.5379732930347094, speed: 25
2025-09-11 21:22:25,527 [INFO] Truck: Time:<25> Truck:[OfficalTruck2] breakdown for 11.171610550569618 minutes at 25
2025-09-11 21:22:25,528 [INFO] Truck: Time:<42.60416535433071> Truck:[XHTruck26] Start loading at shovel NorthPitMine-LoadSite3-Shovel-1, load time is 4.060039370078741
2025-09-11 21:22:25,528 [DEBUG] Truck: Time:<42.78417180974712> Truck:[CLTruck28] Arrived at NorthPitMine-DumpSite5 at 42.78417180974712
2025-09-11 21:22:25,529 [INFO] Truck: Time:<43.02963910133806> Truck:[XHTruck25] Finish unloading at dumper NorthPitMine-DumpSite5-点位0, dumper tons is 385.6280205004165
2025-09-11 21:22:25,530 [DEBUG] Truck: Time:<43.02963910133806> Truck:[XHTruck25] Start moving to ORDER(3):NorthPitMine-LoadSite4, move distance is 8.124545620193445, speed: 25
2025-09-11 21:22:25,530 [INFO] Truck: Time:<41> Truck:[XHTruck25] breakdown for 14.14136588500236 minutes at 41
2025-09-11 21:22:25,530 [INFO] Truck: Time:<43.05420452232438> Truck:[XHTruck10] is facing 0 mins delay caused by 2 pre-existing jam events on Road from NorthPitMine-LoadSite5 to NorthPitMine-DumpSite1
2025-09-11 21:22:25,530 [INFO] Truck: Time:<43.07135427317955> Truck:[CLTruck18] Finish unloading at dumper NorthPitMine-DumpSite1-点位0, dumper tons is 287.16530540578754
2025-09-11 21:22:25,531 [DEBUG] Truck: Time:<43.07135427317955> Truck:[CLTruck18] Start moving to ORDER(2):NorthPitMine-LoadSite3, move distance is 4.2068399490003, speed: 25
2025-09-11 21:22:25,531 [INFO] Truck: Time:<33> Truck:[CLTruck18] breakdown for 5.699214292152751 minutes at 33
2025-09-11 21:22:25,531 [INFO] Truck: Time:<43.49964566929134> Truck:[XHTruck24] Finish loading at shovel NorthPitMine-LoadSite5-Shovel-1
2025-09-11 21:22:25,531 [DEBUG] Truck: Time:<43.49964566929134> Truck:[XHTruck24] Start moving to ORDER(0): NorthPitMine-DumpSite1, move distance is 7.418507647208383, speed: 25
2025-09-11 21:22:25,531 [INFO] Truck: Time:<15> Truck:[XHTruck24] breakdown for 11.424252333288525 minutes at 15
2025-09-11 21:22:25,532 [INFO] Truck: Time:<43.49964566929134> Truck:[XHTruck32] Start loading at shovel NorthPitMine-LoadSite5-Shovel-1, load time is 4.060039370078741
2025-09-11 21:22:25,532 [INFO] Truck: Time:<43.59450051146086> Truck:[XHTruck3] is facing 8.55841443067705 mins delay caused by 3 pre-existing jam events on Road from NorthPitMine-DumpSite5 to NorthPitMine-LoadSite4
2025-09-11 21:22:25,532 [INFO] Truck: Time:<43.78417180974712> Truck:[CLTruck28] Finish unloading at dumper NorthPitMine-DumpSite5-点位1, dumper tons is 222.49010782514074
2025-09-11 21:22:25,532 [DEBUG] Truck: Time:<43.78417180974712> Truck:[CLTruck28] Start moving to ORDER(3):NorthPitMine-LoadSite4, move distance is 7.587640627297545, speed: 25
2025-09-11 21:22:25,533 [INFO] Truck: Time:<41> Truck:[CLTruck28] breakdown for 12.803058294814539 minutes at 41
2025-09-11 21:22:25,535 [INFO] Truck: Time:<44.97602362204725> Truck:[XHTruck28] Finish loading at shovel NorthPitMine-LoadSite5-Shovel-2
2025-09-11 21:22:25,537 [DEBUG] Truck: Time:<44.97602362204725> Truck:[XHTruck28] Start moving to ORDER(0): NorthPitMine-DumpSite1, move distance is 6.295043668551372, speed: 25
2025-09-11 21:22:25,537 [INFO] Truck: Time:<30> Truck:[XHTruck28] breakdown for 12.980613388272213 minutes at 30
2025-09-11 21:22:25,540 [INFO] Truck: Time:<45.33120530704471> Truck:[XHTruck18] is facing 0 mins delay caused by 4 pre-existing jam events on Road from NorthPitMine-LoadSite5 to NorthPitMine-DumpSite1
2025-09-11 21:22:25,540 [DEBUG] Truck: Time:<45.645294292593654> Truck:[CLTruck10] Arrived at NorthPitMine-DumpSite5 at 45.645294292593654
2025-09-11 21:22:25,540 [INFO] Truck: Time:<45.71766459115187> Truck:[CLTruck3] Arrived at NorthPitMine-LoadSite3 at 45.71766459115187
2025-09-11 21:22:25,541 [INFO] Truck: Time:<45.770997921833384> Truck:[OfficalTruck3] Arrived at NorthPitMine-LoadSite3 at 45.770997921833384
2025-09-11 21:22:25,543 [INFO] Truck: Time:<46.41494042660716> Truck:[XHTruck5] Arrived at NorthPitMine-LoadSite4 at 46.41494042660716
2025-09-11 21:22:25,543 [INFO] Truck: Time:<46.41494042660716> Truck:[XHTruck5] Start loading at shovel NorthPitMine-LoadSite4-Shovel-1, load time is 4.060039370078741
2025-09-11 21:22:25,544 [INFO] Truck: Time:<46.41494042660717> Truck:[CLTruck15] Arrived at NorthPitMine-LoadSite4 at 46.41494042660717
2025-09-11 21:22:25,544 [INFO] Truck: Time:<46.41494042660717> Truck:[CLTruck27] Arrived at NorthPitMine-LoadSite4 at 46.41494042660717
2025-09-11 21:22:25,544 [INFO] Truck: Time:<46.645294292593654> Truck:[CLTruck10] Finish unloading at dumper NorthPitMine-DumpSite5-点位0, dumper tons is 418.62744890653914
2025-09-11 21:22:25,545 [DEBUG] Truck: Time:<46.645294292593654> Truck:[CLTruck10] Start moving to ORDER(3):NorthPitMine-LoadSite4, move distance is 8.360707348716923, speed: 25
2025-09-11 21:22:25,545 [INFO] Truck: Time:<39> Truck:[CLTruck10] breakdown for 6.237788877162368 minutes at 39
2025-09-11 21:22:25,545 [INFO] Truck: Time:<46.66420472440945> Truck:[XHTruck26] Finish loading at shovel NorthPitMine-LoadSite3-Shovel-1
2025-09-11 21:22:25,545 [DEBUG] Truck: Time:<46.66420472440945> Truck:[XHTruck26] Start moving to ORDER(4): NorthPitMine-DumpSite5, move distance is 2.4314401189771493, speed: 25
2025-09-11 21:22:25,546 [INFO] Truck: Time:<45> Truck:[XHTruck26] breakdown for 4.53006518377382 minutes at 45
2025-09-11 21:22:25,546 [INFO] Truck: Time:<46.66420472440945> Truck:[XHTruck4] Start loading at shovel NorthPitMine-LoadSite3-Shovel-1, load time is 4.060039370078741
2025-09-11 21:22:25,547 [INFO] Truck: Time:<47.199999999999996> Truck:[XHTruck33] Finish loading at shovel LoadSite1-Shovel-1
2025-09-11 21:22:25,548 [DEBUG] Truck: Time:<47.199999999999996> Truck:[XHTruck33] Start moving to ORDER(4): NorthPitMine-DumpSite5, move distance is 3.26, speed: 25
2025-09-11 21:22:25,548 [INFO] Truck: Time:<22> Truck:[XHTruck33] breakdown for 8.707032630459587 minutes at 22
2025-09-11 21:22:25,548 [INFO] Truck: Time:<47.55968503937008> Truck:[XHTruck32] Finish loading at shovel NorthPitMine-LoadSite5-Shovel-1
2025-09-11 21:22:25,549 [DEBUG] Truck: Time:<47.55968503937008> Truck:[XHTruck32] Start moving to ORDER(0): NorthPitMine-DumpSite1, move distance is 7.188001184384389, speed: 25
2025-09-11 21:22:25,549 [INFO] Truck: Time:<47.55968503937008> Truck:[XHTruck32] is facing 0 mins delay caused by 3 pre-existing jam events on Road from NorthPitMine-LoadSite5 to NorthPitMine-DumpSite1
2025-09-11 21:22:25,549 [DEBUG] Truck: Time:<47.83813840422729> Truck:[OfficalTruck9] Arrived at NorthPitMine-DumpSite5 at 47.83813840422729
2025-09-11 21:22:25,552 [DEBUG] Truck: Time:<48.01091927491096> Truck:[CLTruck25] Arrived at NorthPitMine-DumpSite1 at 48.01091927491096
2025-09-11 21:22:25,552 [INFO] Truck: Time:<48.023214176685734> Truck:[CLTruck5] Arrived at NorthPitMine-LoadSite3 at 48.023214176685734
2025-09-11 21:22:25,552 [DEBUG] Truck: Time:<48.31443609612056> Truck:[OfficalTruck1] Arrived at NorthPitMine-DumpSite5 at 48.31443609612056
2025-09-11 21:22:25,552 [DEBUG] Truck: Time:<48.54608756003641> Truck:[CLTruck13] Arrived at NorthPitMine-DumpSite2 at 48.54608756003641
2025-09-11 21:22:25,552 [DEBUG] Truck: Time:<48.81292909897958> Truck:[XHTruck23] Arrived at NorthPitMine-DumpSite5 at 48.81292909897958
2025-09-11 21:22:25,552 [INFO] Truck: Time:<48.83813840422729> Truck:[OfficalTruck9] Finish unloading at dumper NorthPitMine-DumpSite5-点位0, dumper tons is 498.1050359358147
2025-09-11 21:22:25,552 [DEBUG] Truck: Time:<48.83813840422729> Truck:[OfficalTruck9] Start moving to ORDER(3):NorthPitMine-LoadSite4, move distance is 6.700085466617401, speed: 25
2025-09-11 21:22:25,552 [INFO] Truck: Time:<44> Truck:[OfficalTruck9] breakdown for 6.858591477771704 minutes at 44
2025-09-11 21:22:25,552 [INFO] Truck: Time:<49.01091927491096> Truck:[CLTruck25] Finish unloading at dumper NorthPitMine-DumpSite1-点位0, dumper tons is 318.90507096261
2025-09-11 21:22:25,557 [DEBUG] Truck: Time:<49.01091927491096> Truck:[CLTruck25] Start moving to ORDER(3):NorthPitMine-LoadSite4, move distance is 3.41, speed: 25
2025-09-11 21:22:25,557 [INFO] Truck: Time:<39> Truck:[CLTruck25] breakdown for 8.683109116320923 minutes at 39
2025-09-11 21:22:25,557 [INFO] Truck: Time:<49.12003906533782> Truck:[CLTruck1] is facing 2.870952486586833 mins delay caused by 1 pre-existing jam events on Road from NorthPitMine-DumpSite5 to NorthPitMine-LoadSite4
2025-09-11 21:22:25,557 [INFO] Truck: Time:<49.134048172304965> Truck:[OfficalTruck8] is facing 0 mins delay caused by 1 pre-existing jam events on Road from NorthPitMine-LoadSite3 to NorthPitMine-DumpSite5
2025-09-11 21:22:25,557 [INFO] Truck: Time:<49.31443609612056> Truck:[OfficalTruck1] Finish unloading at dumper NorthPitMine-DumpSite5-点位1, dumper tons is 297.89584061682706
2025-09-11 21:22:25,558 [DEBUG] Truck: Time:<49.31443609612056> Truck:[OfficalTruck1] Start moving to ORDER(3):NorthPitMine-LoadSite4, move distance is 6.776546991702014, speed: 25
2025-09-11 21:22:25,558 [INFO] Truck: Time:<49> Truck:[OfficalTruck1] breakdown for 13.863982037297319 minutes at 49
2025-09-11 21:22:25,558 [INFO] Truck: Time:<49.54608756003641> Truck:[CLTruck13] Finish unloading at dumper NorthPitMine-DumpSite2-点位0, dumper tons is 343.7102603445291
2025-09-11 21:22:25,558 [DEBUG] Truck: Time:<49.54608756003641> Truck:[CLTruck13] Start moving to ORDER(4):NorthPitMine-LoadSite5, move distance is 5.59, speed: 25
2025-09-11 21:22:25,559 [INFO] Truck: Time:<49.81292909897958> Truck:[XHTruck23] Finish unloading at dumper NorthPitMine-DumpSite5-点位2, dumper tons is 115.69925747324129
2025-09-11 21:22:25,559 [DEBUG] Truck: Time:<49.81292909897958> Truck:[XHTruck23] Start moving to ORDER(3):NorthPitMine-LoadSite4, move distance is 7.531766154050856, speed: 25
2025-09-11 21:22:25,559 [INFO] Truck: Time:<49> Truck:[XHTruck23] breakdown for 9.139889715293748 minutes at 49
2025-09-11 21:22:25,563 [INFO] Truck: Time:<50.26682399655047> Truck:[CLTruck29] Arrived at NorthPitMine-LoadSite4 at 50.26682399655047
2025-09-11 21:22:25,564 [INFO] Truck: Time:<50.4749797966859> Truck:[XHTruck5] Finish loading at shovel NorthPitMine-LoadSite4-Shovel-1
2025-09-11 21:22:25,565 [DEBUG] Truck: Time:<50.4749797966859> Truck:[XHTruck5] Start moving to ORDER(1): NorthPitMine-DumpSite2, move distance is 1.806362453283922, speed: 25
2025-09-11 21:22:25,565 [INFO] Truck: Time:<38> Truck:[XHTruck5] breakdown for 5.195988803581054 minutes at 38
2025-09-11 21:22:25,565 [INFO] Truck: Time:<50.4749797966859> Truck:[CLTruck15] Start loading at shovel NorthPitMine-LoadSite4-Shovel-1, load time is 2.5836614173228347
2025-09-11 21:22:25,565 [INFO] Truck: Time:<50.72424409448819> Truck:[XHTruck4] Finish loading at shovel NorthPitMine-LoadSite3-Shovel-1
2025-09-11 21:22:25,566 [DEBUG] Truck: Time:<50.72424409448819> Truck:[XHTruck4] Start moving to ORDER(4): NorthPitMine-DumpSite5, move distance is 2.3169496408754773, speed: 25
2025-09-11 21:22:25,566 [INFO] Truck: Time:<20> Truck:[XHTruck4] breakdown for 9.825509029654244 minutes at 20
2025-09-11 21:22:25,566 [INFO] Truck: Time:<50.72424409448819> Truck:[CLTruck3] Start loading at shovel NorthPitMine-LoadSite3-Shovel-1, load time is 2.5836614173228347
2025-09-11 21:22:25,566 [DEBUG] Truck: Time:<50.78350128851993> Truck:[XHTruck14] Arrived at NorthPitMine-DumpSite5 at 50.78350128851993
2025-09-11 21:22:25,566 [INFO] Truck: Time:<50.91675692580171> Truck:[XHTruck19] Arrived at NorthPitMine-LoadSite4 at 50.91675692580171
2025-09-11 21:22:25,569 [INFO] Truck: Time:<51.021607787710565> Truck:[CLTruck2] Arrived at NorthPitMine-LoadSite5 at 51.021607787710565
2025-09-11 21:22:25,569 [INFO] Truck: Time:<51.021607787710565> Truck:[CLTruck2] Start loading at shovel NorthPitMine-LoadSite5-Shovel-1, load time is 2.5836614173228347
2025-09-11 21:22:25,569 [DEBUG] Truck: Time:<51.037784920723> Truck:[CLTruck23] Arrived at NorthPitMine-DumpSite5 at 51.037784920723
2025-09-11 21:22:25,569 [DEBUG] Truck: Time:<51.05857089481621> Truck:[CLTruck11] Arrived at NorthPitMine-DumpSite5 at 51.05857089481621
2025-09-11 21:22:25,569 [INFO] Truck: Time:<51.19426990818327> Truck:[XHTruck26] is facing 0 mins delay caused by 1 pre-existing jam events on Road from NorthPitMine-LoadSite3 to NorthPitMine-DumpSite5
2025-09-11 21:22:25,569 [DEBUG] Truck: Time:<51.422064466140775> Truck:[CLTruck17] Arrived at NorthPitMine-DumpSite2 at 51.422064466140775
2025-09-11 21:22:25,569 [DEBUG] Truck: Time:<51.51663990186348> Truck:[OfficalTruck6] Arrived at NorthPitMine-DumpSite1 at 51.51663990186348
2025-09-11 21:22:25,570 [INFO] Truck: Time:<51.78350128851993> Truck:[XHTruck14] Finish unloading at dumper NorthPitMine-DumpSite5-点位0, dumper tons is 555.3203503894118
2025-09-11 21:22:25,570 [DEBUG] Truck: Time:<51.78350128851993> Truck:[XHTruck14] Start moving to ORDER(3):NorthPitMine-LoadSite4, move distance is 7.291845636314135, speed: 25
2025-09-11 21:22:25,570 [INFO] Truck: Time:<44> Truck:[XHTruck14] breakdown for 10.829121903604523 minutes at 44
2025-09-11 21:22:25,571 [INFO] Truck: Time:<52.037784920723> Truck:[CLTruck23] Finish unloading at dumper NorthPitMine-DumpSite5-点位1, dumper tons is 329.71181745503776
2025-09-11 21:22:25,571 [DEBUG] Truck: Time:<52.037784920723> Truck:[CLTruck23] Start moving to ORDER(3):NorthPitMine-LoadSite4, move distance is 8.500575389803823, speed: 25
2025-09-11 21:22:25,571 [INFO] Truck: Time:<51> Truck:[CLTruck23] breakdown for 14.769606641681538 minutes at 51
2025-09-11 21:22:25,571 [INFO] Truck: Time:<52.05857089481621> Truck:[CLTruck11] Finish unloading at dumper NorthPitMine-DumpSite5-点位2, dumper tons is 152.78647357013762
2025-09-11 21:22:25,571 [DEBUG] Truck: Time:<52.05857089481621> Truck:[CLTruck11] Start moving to ORDER(3):NorthPitMine-LoadSite4, move distance is 7.089618720420423, speed: 25
2025-09-11 21:22:25,571 [INFO] Truck: Time:<52.05857089481621> Truck:[CLTruck11] is facing 0.14387457568964068 mins delay caused by 2 pre-existing jam events on Road from NorthPitMine-DumpSite5 to NorthPitMine-LoadSite4
2025-09-11 21:22:25,571 [DEBUG] Truck: Time:<52.099855279877886> Truck:[CLTruck14] Arrived at NorthPitMine-DumpSite5 at 52.099855279877886
2025-09-11 21:22:25,571 [INFO] Truck: Time:<52.15507058066277> Truck:[OfficalTruck7] Arrived at NorthPitMine-LoadSite4 at 52.15507058066277
2025-09-11 21:22:25,571 [INFO] Truck: Time:<52.33003722198937> Truck:[CLTruck9] Arrived at NorthPitMine-LoadSite4 at 52.33003722198937
2025-09-11 21:22:25,571 [INFO] Truck: Time:<52.422064466140775> Truck:[CLTruck17] Finish unloading at dumper NorthPitMine-DumpSite2-点位0, dumper tons is 375.74082287768243
2025-09-11 21:22:25,571 [DEBUG] Truck: Time:<52.422064466140775> Truck:[CLTruck17] Start moving to ORDER(2):NorthPitMine-LoadSite3, move distance is 4.838754595628843, speed: 25
2025-09-11 21:22:25,575 [INFO] Truck: Time:<52.51663990186348> Truck:[OfficalTruck6] Finish unloading at dumper NorthPitMine-DumpSite1-点位0, dumper tons is 397.95938135962945
2025-09-11 21:22:25,576 [DEBUG] Truck: Time:<52.51663990186348> Truck:[OfficalTruck6] Start moving to ORDER(2):NorthPitMine-LoadSite3, move distance is 4.428827905520422, speed: 25
2025-09-11 21:22:25,576 [INFO] Truck: Time:<43> Truck:[OfficalTruck6] breakdown for 7.881175961656237 minutes at 43
2025-09-11 21:22:25,576 [DEBUG] Truck: Time:<52.736065615649345> Truck:[CLTruck24] Arrived at NorthPitMine-DumpSite2 at 52.736065615649345
2025-09-11 21:22:25,576 [DEBUG] Truck: Time:<52.82229172849999> Truck:[CLTruck19] Arrived at NorthPitMine-DumpSite5 at 52.82229172849999
2025-09-11 21:22:25,576 [INFO] Truck: Time:<52.88308316975602> Truck:[CLTruck10] is facing 0 mins delay caused by 2 pre-existing jam events on Road from NorthPitMine-DumpSite5 to NorthPitMine-LoadSite4
2025-09-11 21:22:25,578 [INFO] Truck: Time:<53.05864121400874> Truck:[CLTruck15] Finish loading at shovel NorthPitMine-LoadSite4-Shovel-1
2025-09-11 21:22:25,579 [DEBUG] Truck: Time:<53.05864121400874> Truck:[CLTruck15] Start moving to ORDER(1): NorthPitMine-DumpSite2, move distance is 1.7476426927080042, speed: 25
2025-09-11 21:22:25,579 [INFO] Truck: Time:<51> Truck:[CLTruck15] breakdown for 6.671602960252264 minutes at 51
2025-09-11 21:22:25,579 [INFO] Truck: Time:<53.05864121400874> Truck:[XHTruck19] Start loading at shovel NorthPitMine-LoadSite4-Shovel-1, load time is 4.060039370078741
2025-09-11 21:22:25,579 [INFO] Truck: Time:<53.099855279877886> Truck:[CLTruck14] Finish unloading at dumper NorthPitMine-DumpSite5-点位0, dumper tons is 587.7875228601324
2025-09-11 21:22:25,580 [DEBUG] Truck: Time:<53.099855279877886> Truck:[CLTruck14] Start moving to ORDER(3):NorthPitMine-LoadSite4, move distance is 8.004319382363676, speed: 25
2025-09-11 21:22:25,580 [INFO] Truck: Time:<50> Truck:[CLTruck14] breakdown for 14.648899346874723 minutes at 50
2025-09-11 21:22:25,580 [DEBUG] Truck: Time:<53.23210425828068> Truck:[CLTruck8] Arrived at NorthPitMine-DumpSite2 at 53.23210425828068
2025-09-11 21:22:25,580 [INFO] Truck: Time:<53.30790551181103> Truck:[CLTruck3] Finish loading at shovel NorthPitMine-LoadSite3-Shovel-1
2025-09-11 21:22:25,581 [DEBUG] Truck: Time:<53.30790551181103> Truck:[CLTruck3] Start moving to ORDER(4): NorthPitMine-DumpSite5, move distance is 2.7271691136450595, speed: 25
2025-09-11 21:22:25,581 [INFO] Truck: Time:<53.30790551181103> Truck:[OfficalTruck3] Start loading at shovel NorthPitMine-LoadSite3-Shovel-1, load time is 5.684055118110236
2025-09-11 21:22:25,581 [INFO] Truck: Time:<53.6052692050334> Truck:[CLTruck2] Finish loading at shovel NorthPitMine-LoadSite5-Shovel-1
2025-09-11 21:22:25,581 [DEBUG] Truck: Time:<53.6052692050334> Truck:[CLTruck2] Start moving to ORDER(0): NorthPitMine-DumpSite1, move distance is 6.800920152289662, speed: 25
2025-09-11 21:22:25,581 [INFO] Truck: Time:<53.6052692050334> Truck:[CLTruck2] is facing 0 mins delay caused by 2 pre-existing jam events on Road from NorthPitMine-LoadSite5 to NorthPitMine-DumpSite1
2025-09-11 21:22:25,582 [INFO] Truck: Time:<53.66469097670437> Truck:[OfficalTruck5] Arrived at NorthPitMine-LoadSite4 at 53.66469097670437
2025-09-11 21:22:25,582 [INFO] Truck: Time:<53.736065615649345> Truck:[CLTruck24] Finish unloading at dumper NorthPitMine-DumpSite2-点位0, dumper tons is 407.51085088064275
2025-09-11 21:22:25,582 [DEBUG] Truck: Time:<53.736065615649345> Truck:[CLTruck24] Start moving to ORDER(2):NorthPitMine-LoadSite3, move distance is 5.071808215802512, speed: 25
2025-09-11 21:22:25,582 [INFO] Truck: Time:<53.736065615649345> Truck:[CLTruck24] is facing 6.345774894556583 mins delay caused by 1 pre-existing jam events on Road from NorthPitMine-DumpSite2 to NorthPitMine-LoadSite3
2025-09-11 21:22:25,583 [INFO] Truck: Time:<53.82229172849999> Truck:[CLTruck19] Finish unloading at dumper NorthPitMine-DumpSite5-点位1, dumper tons is 365.38011479585396
2025-09-11 21:22:25,583 [DEBUG] Truck: Time:<53.82229172849999> Truck:[CLTruck19] Start moving to ORDER(3):NorthPitMine-LoadSite4, move distance is 7.211905393246353, speed: 25
2025-09-11 21:22:25,583 [INFO] Truck: Time:<48> Truck:[CLTruck19] breakdown for 6.8386981871069805 minutes at 48
2025-09-11 21:22:25,585 [INFO] Truck: Time:<54.23210425828068> Truck:[CLTruck8] Finish unloading at dumper NorthPitMine-DumpSite2-点位1, dumper tons is 105.92791396852346
2025-09-11 21:22:25,585 [DEBUG] Truck: Time:<54.23210425828068> Truck:[CLTruck8] Start moving to ORDER(2):NorthPitMine-LoadSite3, move distance is 4.773188862956916, speed: 25
2025-09-11 21:22:25,585 [INFO] Truck: Time:<54.23210425828068> Truck:[CLTruck8] is facing 5.882019425205854 mins delay caused by 1 pre-existing jam events on Road from NorthPitMine-DumpSite2 to NorthPitMine-LoadSite3
2025-09-11 21:22:25,586 [INFO] Truck: Time:<54.834843376581674> Truck:[CLTruck6] Arrived at NorthPitMine-LoadSite4 at 54.834843376581674
2025-09-11 21:22:25,586 [INFO] Truck: Time:<54.92389800257986> Truck:[XHTruck24] is facing 0 mins delay caused by 2 pre-existing jam events on Road from NorthPitMine-LoadSite5 to NorthPitMine-DumpSite1
2025-09-11 21:22:25,588 [DEBUG] Truck: Time:<55.54062036803069> Truck:[OfficalTruck8] Arrived at NorthPitMine-DumpSite5 at 55.54062036803069
2025-09-11 21:22:25,589 [INFO] Truck: Time:<55.67096860026695> Truck:[XHTruck5] is facing 0 mins delay caused by 1 pre-existing jam events on Road from NorthPitMine-LoadSite4 to NorthPitMine-DumpSite2
2025-09-11 21:22:25,589 [INFO] Truck: Time:<55.69672988199899> Truck:[OfficalTruck9] is facing 0 mins delay caused by 2 pre-existing jam events on Road from NorthPitMine-DumpSite5 to NorthPitMine-LoadSite4
2025-09-11 21:22:25,589 [INFO] Truck: Time:<55.89628331211586> Truck:[CLTruck4] Arrived at NorthPitMine-LoadSite3 at 55.89628331211586
2025-09-11 21:22:25,589 [DEBUG] Truck: Time:<55.91946583102654> Truck:[XHTruck13] Arrived at NorthPitMine-DumpSite1 at 55.91946583102654
2025-09-11 21:22:25,590 [INFO] Truck: Time:<56.363397456429965> Truck:[CLTruck7] Arrived at NorthPitMine-LoadSite3 at 56.363397456429965
2025-09-11 21:22:25,590 [INFO] Truck: Time:<56.54062036803069> Truck:[OfficalTruck8] Finish unloading at dumper NorthPitMine-DumpSite5-点位0, dumper tons is 662.8778992806214
2025-09-11 21:22:25,590 [DEBUG] Truck: Time:<56.54062036803069> Truck:[OfficalTruck8] Start moving to ORDER(3):NorthPitMine-LoadSite4, move distance is 7.734904527925683, speed: 25
2025-09-11 21:22:25,594 [INFO] Truck: Time:<56.54062036803069> Truck:[OfficalTruck8] is facing 0 mins delay caused by 1 pre-existing jam events on Road from NorthPitMine-DumpSite5 to NorthPitMine-LoadSite4
2025-09-11 21:22:25,594 [INFO] Truck: Time:<56.58723010456166> Truck:[CLTruck28] is facing 0 mins delay caused by 1 pre-existing jam events on Road from NorthPitMine-DumpSite5 to NorthPitMine-LoadSite4
2025-09-11 21:22:25,594 [INFO] Truck: Time:<56.72145499546274> Truck:[XHTruck20] is facing 0 mins delay caused by 3 pre-existing jam events on Road from NorthPitMine-LoadSite5 to NorthPitMine-DumpSite1
2025-09-11 21:22:25,594 [INFO] Truck: Time:<56.91946583102654> Truck:[XHTruck13] Finish unloading at dumper NorthPitMine-DumpSite1-点位0, dumper tons is 450.90772644924397
2025-09-11 21:22:25,594 [DEBUG] Truck: Time:<56.91946583102654> Truck:[XHTruck13] Start moving to ORDER(2):NorthPitMine-LoadSite3, move distance is 3.843314660334501, speed: 25
2025-09-11 21:22:25,595 [INFO] Truck: Time:<39> Truck:[XHTruck13] breakdown for 10.813764678260652 minutes at 39
2025-09-11 21:22:25,596 [DEBUG] Truck: Time:<57.02972619372843> Truck:[XHTruck26] Arrived at NorthPitMine-DumpSite5 at 57.02972619372843
2025-09-11 21:22:25,596 [INFO] Truck: Time:<57.11868058408748> Truck:[XHTruck19] Finish loading at shovel NorthPitMine-LoadSite4-Shovel-1
2025-09-11 21:22:25,597 [DEBUG] Truck: Time:<57.11868058408748> Truck:[XHTruck19] Start moving to ORDER(1): NorthPitMine-DumpSite2, move distance is 1.5897835778400833, speed: 25
2025-09-11 21:22:25,597 [INFO] Truck: Time:<48> Truck:[XHTruck19] breakdown for 9.264089559354952 minutes at 48
2025-09-11 21:22:25,597 [INFO] Truck: Time:<57.11868058408748> Truck:[CLTruck9] Start loading at shovel NorthPitMine-LoadSite4-Shovel-1, load time is 2.5836614173228347
2025-09-11 21:22:25,597 [INFO] Truck: Time:<57.17100498634042> Truck:[XHTruck25] is facing 0 mins delay caused by 1 pre-existing jam events on Road from NorthPitMine-DumpSite5 to NorthPitMine-LoadSite4
2025-09-11 21:22:25,598 [INFO] Truck: Time:<57.31377777777778> Truck:[CLTruck21] Finish loading at shovel NorthPitMine-LoadSite3-Shovel-2
2025-09-11 21:22:25,598 [INFO] Truck: Time:<57.31377777777778> Truck:[CLTruck26] Finish loading at shovel NorthPitMine-LoadSite3-Shovel-3
2025-09-11 21:22:25,599 [DEBUG] Truck: Time:<57.31377777777778> Truck:[CLTruck21] Start moving to ORDER(4): NorthPitMine-DumpSite5, move distance is 2.360398195274278, speed: 25
2025-09-11 21:22:25,599 [INFO] Truck: Time:<54> Truck:[CLTruck21] breakdown for 8.180970041214938 minutes at 54
2025-09-11 21:22:25,599 [DEBUG] Truck: Time:<57.31377777777778> Truck:[CLTruck26] Start moving to ORDER(4): NorthPitMine-DumpSite5, move distance is 2.485598896302355, speed: 25
2025-09-11 21:22:25,599 [INFO] Truck: Time:<46> Truck:[CLTruck26] breakdown for 7.492110154955432 minutes at 46
2025-09-11 21:22:25,600 [INFO] Truck: Time:<57.31377777777778> Truck:[XHTruck9] Start loading at shovel NorthPitMine-LoadSite3-Shovel-2, load time is 24.444444444444443
2025-09-11 21:22:25,600 [INFO] Truck: Time:<57.31377777777778> Truck:[XHTruck15] Start loading at shovel NorthPitMine-LoadSite3-Shovel-3, load time is 24.444444444444443
2025-09-11 21:22:25,600 [INFO] Truck: Time:<57.58446084646356> Truck:[CLTruck12] Arrived at NorthPitMine-LoadSite4 at 57.58446084646356
2025-09-11 21:22:25,600 [INFO] Truck: Time:<57.74458382959085> Truck:[OfficalTruck4] Arrived at NorthPitMine-LoadSite4 at 57.74458382959085
2025-09-11 21:22:25,601 [DEBUG] Truck: Time:<57.908732282080166> Truck:[XHTruck6] Arrived at NorthPitMine-DumpSite1 at 57.908732282080166
2025-09-11 21:22:25,601 [INFO] Truck: Time:<57.95663701031946> Truck:[XHTruck28] is facing 0 mins delay caused by 3 pre-existing jam events on Road from NorthPitMine-LoadSite5 to NorthPitMine-DumpSite1
2025-09-11 21:22:25,604 [INFO] Truck: Time:<58.02972619372843> Truck:[XHTruck26] Finish unloading at dumper NorthPitMine-DumpSite5-点位0, dumper tons is 720.7540216275899
2025-09-11 21:22:25,604 [DEBUG] Truck: Time:<58.02972619372843> Truck:[XHTruck26] Start moving to ORDER(3):NorthPitMine-LoadSite4, move distance is 6.886009998616586, speed: 25
2025-09-11 21:22:25,604 [INFO] Truck: Time:<58.02972619372843> Truck:[XHTruck26] is facing 4.51610521013425 mins delay caused by 2 pre-existing jam events on Road from NorthPitMine-DumpSite5 to NorthPitMine-LoadSite4
2025-09-11 21:22:25,605 [DEBUG] Truck: Time:<58.07939386566771> Truck:[XHTruck2] Arrived at NorthPitMine-DumpSite1 at 58.07939386566771
2025-09-11 21:22:25,605 [DEBUG] Truck: Time:<58.812917292178014> Truck:[XHTruck1] Arrived at NorthPitMine-DumpSite1 at 58.812917292178014
2025-09-11 21:22:25,605 [INFO] Truck: Time:<58.866984442933024> Truck:[CLTruck18] Arrived at NorthPitMine-LoadSite3 at 58.866984442933024
2025-09-11 21:22:25,605 [INFO] Truck: Time:<58.908732282080166> Truck:[XHTruck6] Finish unloading at dumper NorthPitMine-DumpSite1-点位0, dumper tons is 506.31268319879774
2025-09-11 21:22:25,606 [DEBUG] Truck: Time:<58.908732282080166> Truck:[XHTruck6] Start moving to ORDER(2):NorthPitMine-LoadSite3, move distance is 4.054396004391331, speed: 25
2025-09-11 21:22:25,606 [INFO] Truck: Time:<55> Truck:[XHTruck6] breakdown for 13.389866509572082 minutes at 55
2025-09-11 21:22:25,606 [INFO] Truck: Time:<58.95281881427333> Truck:[XHTruck23] is facing 3.4502869047846594 mins delay caused by 2 pre-existing jam events on Road from NorthPitMine-DumpSite5 to NorthPitMine-LoadSite4
2025-09-11 21:22:25,606 [INFO] Truck: Time:<58.991960629921266> Truck:[OfficalTruck3] Finish loading at shovel NorthPitMine-LoadSite3-Shovel-1
2025-09-11 21:22:25,607 [DEBUG] Truck: Time:<58.991960629921266> Truck:[OfficalTruck3] Start moving to ORDER(4): NorthPitMine-DumpSite5, move distance is 2.7221716397133067, speed: 25
2025-09-11 21:22:25,607 [INFO] Truck: Time:<42> Truck:[OfficalTruck3] breakdown for 12.815105268388141 minutes at 42
2025-09-11 21:22:25,607 [INFO] Truck: Time:<58.991960629921266> Truck:[CLTruck5] Start loading at shovel NorthPitMine-LoadSite3-Shovel-1, load time is 2.5836614173228347
2025-09-11 21:22:25,609 [INFO] Truck: Time:<59.07939386566771> Truck:[XHTruck2] Finish unloading at dumper NorthPitMine-DumpSite1-点位1, dumper tons is 204.04367243287084
2025-09-11 21:22:25,609 [DEBUG] Truck: Time:<59.07939386566771> Truck:[XHTruck2] Start moving to ORDER(2):NorthPitMine-LoadSite3, move distance is 3.728609632311179, speed: 25
2025-09-11 21:22:25,609 [INFO] Truck: Time:<57> Truck:[XHTruck2] breakdown for 12.247106393956043 minutes at 57
2025-09-11 21:22:25,609 [INFO] Truck: Time:<59.702342001410315> Truck:[CLTruck9] Finish loading at shovel NorthPitMine-LoadSite4-Shovel-1
2025-09-11 21:22:25,611 [DEBUG] Truck: Time:<59.702342001410315> Truck:[CLTruck9] Start moving to ORDER(1): NorthPitMine-DumpSite2, move distance is 1.17, speed: 25
2025-09-11 21:22:25,611 [INFO] Truck: Time:<54> Truck:[CLTruck9] breakdown for 8.733480052112952 minutes at 54
2025-09-11 21:22:25,612 [INFO] Truck: Time:<59.702342001410315> Truck:[OfficalTruck5] Start loading at shovel NorthPitMine-LoadSite4-Shovel-1, load time is 5.684055118110236
2025-09-11 21:22:25,612 [INFO] Truck: Time:<59.812917292178014> Truck:[XHTruck1] Finish unloading at dumper NorthPitMine-DumpSite1-点位2, dumper tons is 59.1948356401504
2025-09-11 21:22:25,612 [DEBUG] Truck: Time:<59.812917292178014> Truck:[XHTruck1] Start moving to ORDER(2):NorthPitMine-LoadSite3, move distance is 4.607738190407516, speed: 25
2025-09-11 21:22:25,612 [INFO] Truck: Time:<43> Truck:[XHTruck1] breakdown for 10.979453471400777 minutes at 43
2025-09-11 21:22:25,613 [DEBUG] Truck: Time:<59.85311138455917> Truck:[CLTruck3] Arrived at NorthPitMine-DumpSite5 at 59.85311138455917
2025-09-11 21:22:25,613 [DEBUG] Truck: Time:<59.86691180818363> Truck:[OfficalTruck2] Arrived at NorthPitMine-DumpSite5 at 59.86691180818363
2025-09-11 21:22:25,614 [DEBUG] Truck: Time:<60.00623848814837> Truck:[XHTruck5] Arrived at NorthPitMine-DumpSite2 at 60.00623848814837
2025-09-11 21:22:25,614 [INFO] Truck: Time:<60.39781586351972> Truck:[OfficalTruck6] is facing 0 mins delay caused by 1 pre-existing jam events on Road from NorthPitMine-DumpSite1 to NorthPitMine-LoadSite3
2025-09-11 21:22:25,615 [INFO] Truck: Time:<60.66098991560697> Truck:[CLTruck19] is facing 1.812811755388591 mins delay caused by 1 pre-existing jam events on Road from NorthPitMine-DumpSite5 to NorthPitMine-LoadSite4
2025-09-11 21:22:25,615 [DEBUG] Truck: Time:<60.83633872104227> Truck:[XHTruck10] Arrived at NorthPitMine-DumpSite1 at 60.83633872104227
2025-09-11 21:22:25,615 [INFO] Truck: Time:<60.85311138455917> Truck:[CLTruck3] Finish unloading at dumper NorthPitMine-DumpSite5-点位0, dumper tons is 757.8615326669446
2025-09-11 21:22:25,616 [DEBUG] Truck: Time:<60.85311138455917> Truck:[CLTruck3] Start moving to ORDER(3):NorthPitMine-LoadSite4, move distance is 8.126750564771742, speed: 25
2025-09-11 21:22:25,616 [INFO] Truck: Time:<60> Truck:[CLTruck3] breakdown for 8.630168682566744 minutes at 60
2025-09-11 21:22:25,616 [INFO] Truck: Time:<60.86691180818363> Truck:[OfficalTruck2] Finish unloading at dumper NorthPitMine-DumpSite5-点位1, dumper tons is 437.41865093961525
2025-09-11 21:22:25,617 [DEBUG] Truck: Time:<60.86691180818363> Truck:[OfficalTruck2] Start moving to ORDER(3):NorthPitMine-LoadSite4, move distance is 7.706526593660958, speed: 25
2025-09-11 21:22:25,617 [INFO] Truck: Time:<60.86691180818363> Truck:[OfficalTruck2] is facing 1.4975681800776504 mins delay caused by 1 pre-existing jam events on Road from NorthPitMine-DumpSite5 to NorthPitMine-LoadSite4
2025-09-11 21:22:25,617 [INFO] Truck: Time:<60.97955555555556> Truck:[XHTruck8] Finish loading at shovel NorthPitMine-LoadSite4-Shovel-2
2025-09-11 21:22:25,617 [INFO] Truck: Time:<60.97955555555556> Truck:[XHTruck12] Finish loading at shovel NorthPitMine-LoadSite4-Shovel-3
2025-09-11 21:22:25,617 [INFO] Truck: Time:<60.97955555555556> Truck:[XHTruck17] Finish loading at shovel NorthPitMine-LoadSite4-Shovel-4
2025-09-11 21:22:25,617 [INFO] Truck: Time:<60.97955555555556> Truck:[XHTruck22] Finish loading at shovel NorthPitMine-LoadSite4-Shovel-5
2025-09-11 21:22:25,618 [DEBUG] Truck: Time:<60.97955555555556> Truck:[XHTruck8] Start moving to ORDER(1): NorthPitMine-DumpSite2, move distance is 1.17, speed: 25
2025-09-11 21:22:25,618 [INFO] Truck: Time:<37> Truck:[XHTruck8] breakdown for 8.533960831397824 minutes at 37
2025-09-11 21:22:25,619 [DEBUG] Truck: Time:<60.97955555555556> Truck:[XHTruck12] Start moving to ORDER(1): NorthPitMine-DumpSite2, move distance is 1.17, speed: 25
2025-09-11 21:22:25,619 [INFO] Truck: Time:<50> Truck:[XHTruck12] breakdown for 5.234495458759089 minutes at 50
2025-09-11 21:22:25,620 [DEBUG] Truck: Time:<60.97955555555556> Truck:[XHTruck17] Start moving to ORDER(1): NorthPitMine-DumpSite2, move distance is 1.17, speed: 25
2025-09-11 21:22:25,620 [INFO] Truck: Time:<51> Truck:[XHTruck17] breakdown for 2.785239552383654 minutes at 51
2025-09-11 21:22:25,620 [DEBUG] Truck: Time:<60.97955555555556> Truck:[XHTruck22] Start moving to ORDER(1): NorthPitMine-DumpSite2, move distance is 1.17, speed: 25
2025-09-11 21:22:25,620 [INFO] Truck: Time:<57> Truck:[XHTruck22] breakdown for 11.856289999765371 minutes at 57
2025-09-11 21:22:25,621 [INFO] Truck: Time:<60.97955555555556> Truck:[XHTruck30] Start loading at shovel NorthPitMine-LoadSite4-Shovel-2, load time is 24.444444444444443
2025-09-11 21:22:25,621 [INFO] Truck: Time:<60.97955555555556> Truck:[CLTruck27] Start loading at shovel NorthPitMine-LoadSite4-Shovel-3, load time is 15.555555555555555
2025-09-11 21:22:25,621 [INFO] Truck: Time:<60.97955555555556> Truck:[CLTruck29] Start loading at shovel NorthPitMine-LoadSite4-Shovel-4, load time is 15.555555555555555
2025-09-11 21:22:25,621 [INFO] Truck: Time:<60.97955555555556> Truck:[OfficalTruck7] Start loading at shovel NorthPitMine-LoadSite4-Shovel-5, load time is 34.22222222222222
2025-09-11 21:22:25,624 [INFO] Truck: Time:<61.00623848814837> Truck:[XHTruck5] Finish unloading at dumper NorthPitMine-DumpSite2-点位0, dumper tons is 461.7899091464606
2025-09-11 21:22:25,624 [DEBUG] Truck: Time:<61.00623848814837> Truck:[XHTruck5] Start moving to ORDER(2):NorthPitMine-LoadSite3, move distance is 3.41, speed: 25
2025-09-11 21:22:25,624 [INFO] Truck: Time:<61.00623848814837> Truck:[XHTruck5] is facing 3.0073160345182703 mins delay caused by 1 pre-existing jam events on Road from NorthPitMine-DumpSite2 to NorthPitMine-LoadSite3
2025-09-11 21:22:25,625 [INFO] Truck: Time:<61.5756220472441> Truck:[CLTruck5] Finish loading at shovel NorthPitMine-LoadSite3-Shovel-1
2025-09-11 21:22:25,625 [DEBUG] Truck: Time:<61.5756220472441> Truck:[CLTruck5] Start moving to ORDER(4): NorthPitMine-DumpSite5, move distance is 2.3433437442178264, speed: 25
2025-09-11 21:22:25,626 [INFO] Truck: Time:<56> Truck:[CLTruck5] breakdown for 12.105882895867172 minutes at 56
2025-09-11 21:22:25,626 [INFO] Truck: Time:<61.5756220472441> Truck:[CLTruck4] Start loading at shovel NorthPitMine-LoadSite3-Shovel-1, load time is 2.5836614173228347
2025-09-11 21:22:25,626 [INFO] Truck: Time:<61.83633872104227> Truck:[XHTruck10] Finish unloading at dumper NorthPitMine-DumpSite1-点位0, dumper tons is 565.8166164907568
2025-09-11 21:22:25,626 [DEBUG] Truck: Time:<61.83633872104227> Truck:[XHTruck10] Start moving to ORDER(2):NorthPitMine-LoadSite3, move distance is 4.025888574433495, speed: 25
2025-09-11 21:22:25,626 [INFO] Truck: Time:<61.83633872104227> Truck:[XHTruck10] is facing 0 mins delay caused by 2 pre-existing jam events on Road from NorthPitMine-DumpSite1 to NorthPitMine-LoadSite3
2025-09-11 21:22:25,631 [INFO] Truck: Time:<62.61262319212445> Truck:[XHTruck14] is facing 10.76921558089179 mins delay caused by 2 pre-existing jam events on Road from NorthPitMine-DumpSite5 to NorthPitMine-LoadSite4
2025-09-11 21:22:25,631 [INFO] Truck: Time:<62.7579425289202> Truck:[CLTruck20] Arrived at NorthPitMine-LoadSite3 at 62.7579425289202
2025-09-11 21:22:25,631 [INFO] Truck: Time:<62.96208756003641> Truck:[CLTruck13] Arrived at NorthPitMine-LoadSite5 at 62.96208756003641
2025-09-11 21:22:25,631 [INFO] Truck: Time:<62.96208756003641> Truck:[CLTruck13] Start loading at shovel NorthPitMine-LoadSite5-Shovel-1, load time is 2.5836614173228347
2025-09-11 21:22:25,634 [INFO] Truck: Time:<63.17841813341788> Truck:[OfficalTruck1] is facing 14.992219869874265 mins delay caused by 3 pre-existing jam events on Road from NorthPitMine-DumpSite5 to NorthPitMine-LoadSite4
2025-09-11 21:22:25,634 [DEBUG] Truck: Time:<63.290856721353826> Truck:[XHTruck18] Arrived at NorthPitMine-DumpSite1 at 63.290856721353826
2025-09-11 21:22:25,635 [DEBUG] Truck: Time:<63.73103263045958> Truck:[XHTruck33] Arrived at NorthPitMine-DumpSite5 at 63.73103263045958
2025-09-11 21:22:25,635 [DEBUG] Truck: Time:<63.92458663676021> Truck:[CLTruck15] Arrived at NorthPitMine-DumpSite2 at 63.92458663676021
2025-09-11 21:22:25,637 [INFO] Truck: Time:<64.03507549564999> Truck:[CLTruck17] Arrived at NorthPitMine-LoadSite3 at 64.03507549564999
2025-09-11 21:22:25,637 [INFO] Truck: Time:<64.15928346456694> Truck:[CLTruck4] Finish loading at shovel NorthPitMine-LoadSite3-Shovel-1
2025-09-11 21:22:25,638 [DEBUG] Truck: Time:<64.15928346456694> Truck:[CLTruck4] Start moving to ORDER(4): NorthPitMine-DumpSite5, move distance is 2.427287004837782, speed: 25
2025-09-11 21:22:25,638 [INFO] Truck: Time:<53> Truck:[CLTruck4] breakdown for 11.724596197584814 minutes at 53
2025-09-11 21:22:25,638 [INFO] Truck: Time:<64.15928346456694> Truck:[CLTruck7] Start loading at shovel NorthPitMine-LoadSite3-Shovel-1, load time is 2.5836614173228347
2025-09-11 21:22:25,638 [INFO] Truck: Time:<64.29085672135383> Truck:[XHTruck18] Finish unloading at dumper NorthPitMine-DumpSite1-点位0, dumper tons is 624.1319625115124
2025-09-11 21:22:25,639 [DEBUG] Truck: Time:<64.29085672135383> Truck:[XHTruck18] Start moving to ORDER(2):NorthPitMine-LoadSite3, move distance is 4.415434272750184, speed: 25
2025-09-11 21:22:25,639 [INFO] Truck: Time:<52> Truck:[XHTruck18] breakdown for 12.756516807372199 minutes at 52
2025-09-11 21:22:25,639 [INFO] Truck: Time:<64.73103263045958> Truck:[XHTruck33] Finish unloading at dumper NorthPitMine-DumpSite5-点位0, dumper tons is 816.5554790321377
2025-09-11 21:22:25,640 [DEBUG] Truck: Time:<64.73103263045958> Truck:[XHTruck33] Start moving to ORDER(3):NorthPitMine-LoadSite4, move distance is 8.010480433724732, speed: 25
2025-09-11 21:22:25,640 [INFO] Truck: Time:<56> Truck:[XHTruck33] breakdown for 11.052173821347786 minutes at 56
2025-09-11 21:22:25,640 [DEBUG] Truck: Time:<64.81088788189261> Truck:[XHTruck32] Arrived at NorthPitMine-DumpSite1 at 64.81088788189261
2025-09-11 21:22:25,640 [INFO] Truck: Time:<64.90565138451424> Truck:[CLTruck22] Arrived at NorthPitMine-LoadSite3 at 64.90565138451424
2025-09-11 21:22:25,641 [INFO] Truck: Time:<64.92458663676021> Truck:[CLTruck15] Finish unloading at dumper NorthPitMine-DumpSite2-点位0, dumper tons is 497.8568681291691
2025-09-11 21:22:25,641 [DEBUG] Truck: Time:<64.92458663676021> Truck:[CLTruck15] Start moving to ORDER(2):NorthPitMine-LoadSite3, move distance is 3.41, speed: 25
2025-09-11 21:22:25,641 [INFO] Truck: Time:<64.92458663676021> Truck:[CLTruck15] is facing 0 mins delay caused by 1 pre-existing jam events on Road from NorthPitMine-DumpSite2 to NorthPitMine-LoadSite3
2025-09-11 21:22:25,643 [INFO] Truck: Time:<65.38639711952055> Truck:[OfficalTruck5] Finish loading at shovel NorthPitMine-LoadSite4-Shovel-1
2025-09-11 21:22:25,644 [DEBUG] Truck: Time:<65.38639711952055> Truck:[OfficalTruck5] Start moving to ORDER(1): NorthPitMine-DumpSite2, move distance is 1.17, speed: 25
2025-09-11 21:22:25,644 [INFO] Truck: Time:<52> Truck:[OfficalTruck5] breakdown for 2.7504818702926705 minutes at 52
2025-09-11 21:22:25,644 [INFO] Truck: Time:<65.38639711952055> Truck:[CLTruck12] Start loading at shovel NorthPitMine-LoadSite4-Shovel-1, load time is 2.5836614173228347
2025-09-11 21:22:25,644 [INFO] Truck: Time:<65.54574897735924> Truck:[CLTruck13] Finish loading at shovel NorthPitMine-LoadSite5-Shovel-1
2025-09-11 21:22:25,645 [DEBUG] Truck: Time:<65.54574897735924> Truck:[CLTruck13] Start moving to ORDER(0): NorthPitMine-DumpSite1, move distance is 8.06900095428445, speed: 25
2025-09-11 21:22:25,645 [INFO] Truck: Time:<65.54574897735924> Truck:[CLTruck13] is facing 6.03410518415362 mins delay caused by 2 pre-existing jam events on Road from NorthPitMine-LoadSite5 to NorthPitMine-DumpSite1
2025-09-11 21:22:25,645 [INFO] Truck: Time:<65.81088788189261> Truck:[XHTruck32] Finish unloading at dumper NorthPitMine-DumpSite1-点位0, dumper tons is 677.4058531060399
2025-09-11 21:22:25,645 [DEBUG] Truck: Time:<65.81088788189261> Truck:[XHTruck32] Start moving to ORDER(2):NorthPitMine-LoadSite3, move distance is 4.2121365631750844, speed: 25
2025-09-11 21:22:25,645 [INFO] Truck: Time:<57> Truck:[XHTruck32] breakdown for 7.770011638364458 minutes at 57
2025-09-11 21:22:25,645 [INFO] Truck: Time:<65.87555555555555> Truck:[XHTruck7] Finish loading at shovel NorthPitMine-LoadSite2-Shovel-2
2025-09-11 21:22:25,645 [INFO] Truck: Time:<65.87555555555555> Truck:[XHTruck11] Finish loading at shovel NorthPitMine-LoadSite2-Shovel-3
2025-09-11 21:22:25,645 [INFO] Truck: Time:<65.87555555555555> Truck:[XHTruck16] Finish loading at shovel NorthPitMine-LoadSite2-Shovel-4
2025-09-11 21:22:25,645 [INFO] Truck: Time:<65.87555555555555> Truck:[XHTruck21] Finish loading at shovel NorthPitMine-LoadSite2-Shovel-5
2025-09-11 21:22:25,645 [DEBUG] Truck: Time:<65.87555555555555> Truck:[XHTruck7] Start moving to ORDER(4): NorthPitMine-DumpSite5, move distance is 3.18, speed: 25
2025-09-11 21:22:25,645 [INFO] Truck: Time:<61> Truck:[XHTruck7] breakdown for 7.373452219140816 minutes at 61
2025-09-11 21:22:25,649 [INFO] Truck: Time:<65.87555555555555> Shovel NorthPitMine-LoadSite2-Shovel-3 under maintenance for 42.23 minutes
2025-09-11 21:22:25,649 [DEBUG] Truck: Time:<65.87555555555555> Truck:[XHTruck16] Start moving to ORDER(4): NorthPitMine-DumpSite5, move distance is 3.18, speed: 25
2025-09-11 21:22:25,649 [INFO] Truck: Time:<60> Truck:[XHTruck16] breakdown for 12.485575788824868 minutes at 60
2025-09-11 21:22:25,650 [DEBUG] Truck: Time:<65.87555555555555> Truck:[XHTruck21] Start moving to ORDER(4): NorthPitMine-DumpSite5, move distance is 3.18, speed: 25
2025-09-11 21:22:25,650 [INFO] Truck: Time:<32> Truck:[XHTruck21] breakdown for 13.979779588071128 minutes at 32
2025-09-11 21:22:25,650 [INFO] Truck: Time:<65.87555555555555> Truck:[XHTruck29] Start loading at shovel NorthPitMine-LoadSite2-Shovel-2, load time is 24.444444444444443
2025-09-11 21:22:25,650 [INFO] Truck: Time:<65.87802839123188> Truck:[CLTruck25] Arrived at NorthPitMine-LoadSite4 at 65.87802839123188
2025-09-11 21:22:25,652 [DEBUG] Truck: Time:<66.11043226224358> Truck:[XHTruck4] Arrived at NorthPitMine-DumpSite5 at 66.11043226224358
2025-09-11 21:22:25,653 [DEBUG] Truck: Time:<66.14782785113736> Truck:[CLTruck16] Arrived at NorthPitMine-DumpSite5 at 66.14782785113736
2025-09-11 21:22:25,653 [DEBUG] Truck: Time:<66.57279510793921> Truck:[XHTruck17] Arrived at NorthPitMine-DumpSite2 at 66.57279510793921
2025-09-11 21:22:25,653 [INFO] Truck: Time:<66.74294488188977> Truck:[CLTruck7] Finish loading at shovel NorthPitMine-LoadSite3-Shovel-1
2025-09-11 21:22:25,654 [DEBUG] Truck: Time:<66.74294488188977> Truck:[CLTruck7] Start moving to ORDER(4): NorthPitMine-DumpSite5, move distance is 2.623291788591345, speed: 25
2025-09-11 21:22:25,654 [INFO] Truck: Time:<66.74294488188977> Truck:[CLTruck20] Start loading at shovel NorthPitMine-LoadSite3-Shovel-1, load time is 2.5836614173228347
2025-09-11 21:22:25,654 [INFO] Truck: Time:<66.80739156240453> Truck:[CLTruck23] is facing 6.002996446359683 mins delay caused by 2 pre-existing jam events on Road from NorthPitMine-DumpSite5 to NorthPitMine-LoadSite4
2025-09-11 21:22:25,657 [INFO] Truck: Time:<67.11043226224358> Truck:[XHTruck4] Finish unloading at dumper NorthPitMine-DumpSite5-点位0, dumper tons is 873.1598420021979
2025-09-11 21:22:25,658 [DEBUG] Truck: Time:<67.11043226224358> Truck:[XHTruck4] Start moving to ORDER(3):NorthPitMine-LoadSite4, move distance is 6.944370536811891, speed: 25
2025-09-11 21:22:25,658 [INFO] Truck: Time:<67.11043226224358> Truck:[XHTruck4] is facing 10.123337730109313 mins delay caused by 3 pre-existing jam events on Road from NorthPitMine-DumpSite5 to NorthPitMine-LoadSite4
2025-09-11 21:22:25,658 [INFO] Truck: Time:<67.14782785113736> Truck:[CLTruck16] Finish unloading at dumper NorthPitMine-DumpSite5-点位1, dumper tons is 474.93745285843124
2025-09-11 21:22:25,659 [DEBUG] Truck: Time:<67.14782785113736> Truck:[CLTruck16] Start moving to ORDER(3):NorthPitMine-LoadSite4, move distance is 8.211362500877927, speed: 25
2025-09-11 21:22:25,659 [INFO] Truck: Time:<67.14782785113736> Truck:[CLTruck16] is facing 7.8043781731627835 mins delay caused by 3 pre-existing jam events on Road from NorthPitMine-DumpSite5 to NorthPitMine-LoadSite4
2025-09-11 21:22:25,659 [INFO] Truck: Time:<67.57279510793921> Truck:[XHTruck17] Finish unloading at dumper NorthPitMine-DumpSite2-点位0, dumper tons is 556.6646527258316
2025-09-11 21:22:25,660 [DEBUG] Truck: Time:<67.57279510793921> Truck:[XHTruck17] Start moving to ORDER(2):NorthPitMine-LoadSite3, move distance is 3.41, speed: 25
2025-09-11 21:22:25,660 [INFO] Truck: Time:<67.57279510793921> Truck:[XHTruck17] is facing 4.901068271492039 mins delay caused by 2 pre-existing jam events on Road from NorthPitMine-DumpSite2 to NorthPitMine-LoadSite3
2025-09-11 21:22:25,660 [INFO] Truck: Time:<67.7332305092872> Truck:[XHTruck13] is facing 0 mins delay caused by 1 pre-existing jam events on Road from NorthPitMine-DumpSite1 to NorthPitMine-LoadSite3
2025-09-11 21:22:25,660 [INFO] Truck: Time:<67.74875462675261> Truck:[CLTruck14] is facing 6.88373013966329 mins delay caused by 3 pre-existing jam events on Road from NorthPitMine-DumpSite5 to NorthPitMine-LoadSite4
2025-09-11 21:22:25,661 [INFO] Truck: Time:<67.97005853684338> Truck:[CLTruck12] Finish loading at shovel NorthPitMine-LoadSite4-Shovel-1
2025-09-11 21:22:25,661 [DEBUG] Truck: Time:<67.97005853684338> Truck:[CLTruck12] Start moving to ORDER(1): NorthPitMine-DumpSite2, move distance is 1.17, speed: 25
2025-09-11 21:22:25,662 [INFO] Truck: Time:<51> Truck:[CLTruck12] breakdown for 8.476588996834266 minutes at 51
2025-09-11 21:22:25,662 [INFO] Truck: Time:<67.97005853684338> Truck:[CLTruck25] Start loading at shovel NorthPitMine-LoadSite4-Shovel-1, load time is 2.5836614173228347
2025-09-11 21:22:25,667 [INFO] Truck: Time:<68.13687898981323> Truck:[OfficalTruck5] is facing 0.39133485734264273 mins delay caused by 1 pre-existing jam events on Road from NorthPitMine-LoadSite4 to NorthPitMine-DumpSite2
2025-09-11 21:22:25,667 [INFO] Truck: Time:<68.43582205352327> Truck:[CLTruck9] is facing 0.09239179363260153 mins delay caused by 1 pre-existing jam events on Road from NorthPitMine-LoadSite4 to NorthPitMine-DumpSite2
2025-09-11 21:22:25,669 [DEBUG] Truck: Time:<69.02205101431466> Truck:[XHTruck12] Arrived at NorthPitMine-DumpSite2 at 69.02205101431466
2025-09-11 21:22:25,669 [INFO] Truck: Time:<69.21753039951486> Truck:[CLTruck11] Arrived at NorthPitMine-LoadSite4 at 69.21753039951486
2025-09-11 21:22:25,670 [INFO] Truck: Time:<69.3266062992126> Truck:[CLTruck20] Finish loading at shovel NorthPitMine-LoadSite3-Shovel-1
2025-09-11 21:22:25,670 [DEBUG] Truck: Time:<69.3266062992126> Truck:[CLTruck20] Start moving to ORDER(4): NorthPitMine-DumpSite5, move distance is 2.44670991072889, speed: 25
2025-09-11 21:22:25,670 [INFO] Truck: Time:<69.3266062992126> Truck:[CLTruck20] is facing 0 mins delay caused by 1 pre-existing jam events on Road from NorthPitMine-LoadSite3 to NorthPitMine-DumpSite5
2025-09-11 21:22:25,671 [INFO] Truck: Time:<69.3266062992126> Truck:[CLTruck22] Start loading at shovel NorthPitMine-LoadSite3-Shovel-1, load time is 2.5836614173228347
2025-09-11 21:22:25,671 [INFO] Truck: Time:<69.39088724880264> Truck:[XHTruck3] Arrived at NorthPitMine-LoadSite4 at 69.39088724880264
2025-09-11 21:22:25,671 [INFO] Truck: Time:<69.48328006712592> Truck:[CLTruck3] is facing 3.3208947553899284 mins delay caused by 4 pre-existing jam events on Road from NorthPitMine-DumpSite5 to NorthPitMine-LoadSite4
2025-09-11 21:22:25,671 [INFO] Truck: Time:<69.51351638695338> Truck:[XHTruck8] is facing 0 mins delay caused by 1 pre-existing jam events on Road from NorthPitMine-LoadSite4 to NorthPitMine-DumpSite2
2025-09-11 21:22:25,672 [DEBUG] Truck: Time:<69.9274775705286> Truck:[CLTruck2] Arrived at NorthPitMine-DumpSite1 at 69.9274775705286
2025-09-11 21:22:25,672 [INFO] Truck: Time:<69.95761911454903> Truck:[CLTruck1] Arrived at NorthPitMine-LoadSite4 at 69.95761911454903
2025-09-11 21:22:25,675 [INFO] Truck: Time:<70.02205101431466> Truck:[XHTruck12] Finish unloading at dumper NorthPitMine-DumpSite2-点位0, dumper tons is 615.6806868477565
2025-09-11 21:22:25,676 [DEBUG] Truck: Time:<70.02205101431466> Truck:[XHTruck12] Start moving to ORDER(2):NorthPitMine-LoadSite3, move distance is 3.41, speed: 25
2025-09-11 21:22:25,676 [INFO] Truck: Time:<67> Truck:[XHTruck12] breakdown for 10.878967234444 minutes at 67
2025-09-11 21:22:25,676 [DEBUG] Truck: Time:<70.19825073025862> Truck:[XHTruck19] Arrived at NorthPitMine-DumpSite2 at 70.19825073025862
2025-09-11 21:22:25,676 [INFO] Truck: Time:<70.55371995416621> Truck:[CLTruck25] Finish loading at shovel NorthPitMine-LoadSite4-Shovel-1
2025-09-11 21:22:25,677 [DEBUG] Truck: Time:<70.55371995416621> Truck:[CLTruck25] Start moving to ORDER(1): NorthPitMine-DumpSite2, move distance is 1.17, speed: 25
2025-09-11 21:22:25,677 [INFO] Truck: Time:<65> Truck:[CLTruck25] breakdown for 9.148138950613411 minutes at 65
2025-09-11 21:22:25,677 [INFO] Truck: Time:<70.55371995416621> Truck:[CLTruck11] Start loading at shovel NorthPitMine-LoadSite4-Shovel-1, load time is 2.5836614173228347
2025-09-11 21:22:25,677 [DEBUG] Truck: Time:<70.77132528385887> Truck:[CLTruck26] Arrived at NorthPitMine-DumpSite5 at 70.77132528385887
2025-09-11 21:22:25,677 [INFO] Truck: Time:<70.9274775705286> Truck:[CLTruck2] Finish unloading at dumper NorthPitMine-DumpSite1-点位0, dumper tons is 713.1235658931046
2025-09-11 21:22:25,678 [DEBUG] Truck: Time:<70.9274775705286> Truck:[CLTruck2] Start moving to ORDER(2):NorthPitMine-LoadSite3, move distance is 3.9089099561953233, speed: 25
2025-09-11 21:22:25,678 [INFO] Truck: Time:<64> Truck:[CLTruck2] breakdown for 5.678808910416519 minutes at 64
2025-09-11 21:22:25,681 [INFO] Truck: Time:<71.02700283676873> Truck:[OfficalTruck6] Arrived at NorthPitMine-LoadSite3 at 71.02700283676873
2025-09-11 21:22:25,681 [DEBUG] Truck: Time:<71.15970348765099> Truck:[CLTruck21] Arrived at NorthPitMine-DumpSite5 at 71.15970348765099
2025-09-11 21:22:25,681 [INFO] Truck: Time:<71.19825073025862> Truck:[XHTruck19] Finish unloading at dumper NorthPitMine-DumpSite2-点位0, dumper tons is 665.6634043286358
2025-09-11 21:22:25,683 [DEBUG] Truck: Time:<71.19825073025862> Truck:[XHTruck19] Start moving to ORDER(2):NorthPitMine-LoadSite3, move distance is 3.41, speed: 25
2025-09-11 21:22:25,683 [INFO] Truck: Time:<71.19825073025862> Truck:[XHTruck19] is facing 1.2756126491726318 mins delay caused by 2 pre-existing jam events on Road from NorthPitMine-DumpSite2 to NorthPitMine-LoadSite3
2025-09-11 21:22:25,683 [INFO] Truck: Time:<71.32650025962376> Truck:[XHTruck2] is facing 11.33837937842683 mins delay caused by 1 pre-existing jam events on Road from NorthPitMine-DumpSite1 to NorthPitMine-LoadSite3
2025-09-11 21:22:25,683 [DEBUG] Truck: Time:<71.33621384715588> Truck:[OfficalTruck5] Arrived at NorthPitMine-DumpSite2 at 71.33621384715588
2025-09-11 21:22:25,683 [DEBUG] Truck: Time:<71.33621384715588> Truck:[CLTruck9] Arrived at NorthPitMine-DumpSite2 at 71.33621384715588
2025-09-11 21:22:25,683 [INFO] Truck: Time:<71.49847129968265> Truck:[XHTruck10] Arrived at NorthPitMine-LoadSite3 at 71.49847129968265
2025-09-11 21:22:25,683 [INFO] Truck: Time:<71.56977695458313> Truck:[CLTruck8] Arrived at NorthPitMine-LoadSite3 at 71.56977695458313
2025-09-11 21:22:25,683 [INFO] Truck: Time:<71.77132528385887> Truck:[CLTruck26] Finish unloading at dumper NorthPitMine-DumpSite5-点位0, dumper tons is 907.402507551256
2025-09-11 21:22:25,683 [DEBUG] Truck: Time:<71.77132528385887> Truck:[CLTruck26] Start moving to ORDER(3):NorthPitMine-LoadSite4, move distance is 7.187085599923031, speed: 25
2025-09-11 21:22:25,683 [INFO] Truck: Time:<71.77132528385887> Truck:[CLTruck26] is facing 1.682996108930677 mins delay caused by 4 pre-existing jam events on Road from NorthPitMine-DumpSite5 to NorthPitMine-LoadSite4
2025-09-11 21:22:25,683 [INFO] Truck: Time:<71.77693500188076> Truck:[OfficalTruck9] Arrived at NorthPitMine-LoadSite4 at 71.77693500188076
2025-09-11 21:22:25,685 [INFO] Truck: Time:<71.8070658983094> Truck:[OfficalTruck3] is facing 0 mins delay caused by 1 pre-existing jam events on Road from NorthPitMine-LoadSite3 to NorthPitMine-DumpSite5
2025-09-11 21:22:25,685 [INFO] Truck: Time:<71.91026771653543> Truck:[CLTruck22] Finish loading at shovel NorthPitMine-LoadSite3-Shovel-1
2025-09-11 21:22:25,686 [DEBUG] Truck: Time:<71.91026771653543> Truck:[CLTruck22] Start moving to ORDER(4): NorthPitMine-DumpSite5, move distance is 2.7422728878490124, speed: 25
2025-09-11 21:22:25,686 [INFO] Truck: Time:<59> Truck:[CLTruck22] breakdown for 14.753094032051038 minutes at 59
2025-09-11 21:22:25,686 [INFO] Truck: Time:<71.91026771653543> Truck:[OfficalTruck6] Start loading at shovel NorthPitMine-LoadSite3-Shovel-1, load time is 5.684055118110236
2025-09-11 21:22:25,688 [INFO] Truck: Time:<72.15970348765099> Truck:[CLTruck21] Finish unloading at dumper NorthPitMine-DumpSite5-点位1, dumper tons is 507.16011620600466
2025-09-11 21:22:25,689 [DEBUG] Truck: Time:<72.15970348765099> Truck:[CLTruck21] Start moving to ORDER(3):NorthPitMine-LoadSite4, move distance is 6.938048394452192, speed: 25
2025-09-11 21:22:25,689 [INFO] Truck: Time:<66> Truck:[CLTruck21] breakdown for 5.144343668738001 minutes at 66
2025-09-11 21:22:25,689 [INFO] Truck: Time:<72.19755452266664> Truck:[XHTruck5] Arrived at NorthPitMine-LoadSite3 at 72.19755452266664
2025-09-11 21:22:25,689 [INFO] Truck: Time:<72.25418022813196> Truck:[CLTruck24] Arrived at NorthPitMine-LoadSite3 at 72.25418022813196
2025-09-11 21:22:25,690 [INFO] Truck: Time:<72.29859879165225> Truck:[XHTruck6] is facing 9.772234344515244 mins delay caused by 2 pre-existing jam events on Road from NorthPitMine-DumpSite1 to NorthPitMine-LoadSite3
2025-09-11 21:22:25,690 [DEBUG] Truck: Time:<72.32151638695339> Truck:[XHTruck8] Arrived at NorthPitMine-DumpSite2 at 72.32151638695339
2025-09-11 21:22:25,690 [INFO] Truck: Time:<72.33621384715588> Truck:[OfficalTruck5] Finish unloading at dumper NorthPitMine-DumpSite2-点位0, dumper tons is 739.0060748525352
2025-09-11 21:22:25,690 [INFO] Truck: Time:<72.33621384715588> Truck:[CLTruck9] Finish unloading at dumper NorthPitMine-DumpSite2-点位1, dumper tons is 138.06018706870123
2025-09-11 21:22:25,690 [DEBUG] Truck: Time:<72.33621384715588> Truck:[OfficalTruck5] Start moving to ORDER(4):NorthPitMine-LoadSite5, move distance is 5.59, speed: 25
2025-09-11 21:22:25,691 [DEBUG] Truck: Time:<72.33621384715588> Truck:[CLTruck9] Start moving to ORDER(4):NorthPitMine-LoadSite5, move distance is 5.59, speed: 25
2025-09-11 21:22:25,691 [DEBUG] Truck: Time:<72.72831635587998> Truck:[XHTruck24] Arrived at NorthPitMine-DumpSite1 at 72.72831635587998
2025-09-11 21:22:25,691 [INFO] Truck: Time:<72.94878080667664> Truck:[CLTruck10] Arrived at NorthPitMine-LoadSite4 at 72.94878080667664
2025-09-11 21:22:25,694 [DEBUG] Truck: Time:<73.03884517450899> Truck:[CLTruck7] Arrived at NorthPitMine-DumpSite5 at 73.03884517450899
2025-09-11 21:22:25,694 [DEBUG] Truck: Time:<73.06474181484276> Truck:[XHTruck28] Arrived at NorthPitMine-DumpSite1 at 73.06474181484276
2025-09-11 21:22:25,694 [INFO] Truck: Time:<73.10858663676021> Truck:[CLTruck15] Arrived at NorthPitMine-LoadSite3 at 73.10858663676021
2025-09-11 21:22:25,694 [INFO] Truck: Time:<73.13738137148904> Truck:[CLTruck11] Finish loading at shovel NorthPitMine-LoadSite4-Shovel-1
2025-09-11 21:22:25,694 [DEBUG] Truck: Time:<73.13738137148904> Truck:[CLTruck11] Start moving to ORDER(1): NorthPitMine-DumpSite2, move distance is 1.17, speed: 25
2025-09-11 21:22:25,694 [INFO] Truck: Time:<73> Truck:[CLTruck11] breakdown for 8.301907336556011 minutes at 73
2025-09-11 21:22:25,694 [INFO] Truck: Time:<73.13738137148904> Truck:[OfficalTruck9] Start loading at shovel NorthPitMine-LoadSite4-Shovel-1, load time is 5.684055118110236
2025-09-11 21:22:25,697 [INFO] Truck: Time:<73.32151638695339> Truck:[XHTruck8] Finish unloading at dumper NorthPitMine-DumpSite2-点位2, dumper tons is 58.654942524446774
2025-09-11 21:22:25,698 [INFO] Road: [RoadEvent] Road from NorthPitMine-DumpSite2 to NorthPitMine-LoadSite5 is in repair，the repair will last for 61.20 mins, and will end at 134.53, vehicle on this road will have to suffer punish_distance.
2025-09-11 21:22:25,698 [DEBUG] Truck: Time:<73.32151638695339> Truck:[XHTruck8] Start moving to ORDER(4):NorthPitMine-LoadSite5, move distance is 8.560249619183795, speed: 25
2025-09-11 21:22:25,698 [INFO] Truck: Time:<73.58089952025708> Truck:[XHTruck32] is facing 8.202305786200224 mins delay caused by 2 pre-existing jam events on Road from NorthPitMine-DumpSite1 to NorthPitMine-LoadSite3
2025-09-11 21:22:25,698 [INFO] Truck: Time:<73.72831635587998> Truck:[XHTruck24] Finish unloading at dumper NorthPitMine-DumpSite1-点位0, dumper tons is 763.549125846973
2025-09-11 21:22:25,699 [INFO] Road: [RoadEvent] Road from NorthPitMine-DumpSite1 to NorthPitMine-LoadSite4 is in repair，the repair will last for 38.10 mins, and will end at 111.83, vehicle on this road will have to suffer punish_distance.
2025-09-11 21:22:25,699 [DEBUG] Truck: Time:<73.72831635587998> Truck:[XHTruck24] Start moving to ORDER(3):NorthPitMine-LoadSite4, move distance is 5.078100683351774, speed: 25
2025-09-11 21:22:25,700 [INFO] Truck: Time:<58> Truck:[XHTruck24] breakdown for 6.751305658554056 minutes at 58
2025-09-11 21:22:25,703 [INFO] Truck: Time:<74.03884517450899> Truck:[CLTruck7] Finish unloading at dumper NorthPitMine-DumpSite5-点位0, dumper tons is 938.9794324372044
2025-09-11 21:22:25,704 [DEBUG] Truck: Time:<74.03884517450899> Truck:[CLTruck7] Start moving to ORDER(3):NorthPitMine-LoadSite4, move distance is 7.619579945973246, speed: 25
2025-09-11 21:22:25,704 [INFO] Truck: Time:<74.03884517450899> Truck:[CLTruck7] is facing 6.56831782606672 mins delay caused by 6 pre-existing jam events on Road from NorthPitMine-DumpSite5 to NorthPitMine-LoadSite4
2025-09-11 21:22:25,704 [INFO] Truck: Time:<74.06474181484276> Truck:[XHTruck28] Finish unloading at dumper NorthPitMine-DumpSite1-点位1, dumper tons is 260.67395080468464
2025-09-11 21:22:25,704 [DEBUG] Truck: Time:<74.06474181484276> Truck:[XHTruck28] Start moving to ORDER(3):NorthPitMine-LoadSite4, move distance is 4.425208354427698, speed: 25
2025-09-11 21:22:25,705 [INFO] Truck: Time:<72> Truck:[XHTruck28] breakdown for 8.840964263056824 minutes at 72
2025-09-11 21:22:25,705 [INFO] Truck: Time:<74.79756761007577> Truck:[CLTruck28] Arrived at NorthPitMine-LoadSite4 at 74.79756761007577
2025-09-11 21:22:25,708 [INFO] Truck: Time:<75.10439123505233> Truck:[OfficalTruck8] Arrived at NorthPitMine-LoadSite4 at 75.10439123505233
2025-09-11 21:22:25,709 [DEBUG] Truck: Time:<75.19871008496193> Truck:[CLTruck20] Arrived at NorthPitMine-DumpSite5 at 75.19871008496193
2025-09-11 21:22:25,709 [DEBUG] Truck: Time:<75.4622794259518> Truck:[XHTruck20] Arrived at NorthPitMine-DumpSite1 at 75.4622794259518
2025-09-11 21:22:25,709 [DEBUG] Truck: Time:<75.64384555532092> Truck:[XHTruck22] Arrived at NorthPitMine-DumpSite2 at 75.64384555532092
2025-09-11 21:22:25,709 [INFO] Truck: Time:<75.78320645180736> Truck:[XHTruck33] is facing 4.484002250711808 mins delay caused by 6 pre-existing jam events on Road from NorthPitMine-DumpSite5 to NorthPitMine-LoadSite4
2025-09-11 21:22:25,709 [INFO] Truck: Time:<75.88387966215176> Truck:[CLTruck4] is facing 7.197062370254652 mins delay caused by 2 pre-existing jam events on Road from NorthPitMine-LoadSite3 to NorthPitMine-DumpSite5
2025-09-11 21:22:25,712 [INFO] Truck: Time:<76.19871008496193> Truck:[CLTruck20] Finish unloading at dumper NorthPitMine-DumpSite5-点位0, dumper tons is 971.5682990499504
2025-09-11 21:22:25,715 [DEBUG] Truck: Time:<76.19871008496193> Truck:[CLTruck20] Start moving to ORDER(3):NorthPitMine-LoadSite4, move distance is 7.415621876320979, speed: 25
2025-09-11 21:22:25,715 [INFO] Truck: Time:<72> Truck:[CLTruck20] breakdown for 11.200549449293362 minutes at 72
2025-09-11 21:22:25,715 [INFO] Truck: Time:<76.4622794259518> Truck:[XHTruck20] Finish unloading at dumper NorthPitMine-DumpSite1-点位0, dumper tons is 819.795888983973
2025-09-11 21:22:25,715 [DEBUG] Truck: Time:<76.4622794259518> Truck:[XHTruck20] Start moving to ORDER(3):NorthPitMine-LoadSite4, move distance is 4.823487482376606, speed: 25
2025-09-11 21:22:25,715 [INFO] Truck: Time:<76.5351111111111> Truck:[CLTruck27] Finish loading at shovel NorthPitMine-LoadSite4-Shovel-3
2025-09-11 21:22:25,716 [INFO] Truck: Time:<76.5351111111111> Truck:[CLTruck29] Finish loading at shovel NorthPitMine-LoadSite4-Shovel-4
2025-09-11 21:22:25,716 [DEBUG] Truck: Time:<76.5351111111111> Truck:[CLTruck27] Start moving to ORDER(1): NorthPitMine-DumpSite2, move distance is 1.17, speed: 25
2025-09-11 21:22:25,716 [INFO] Truck: Time:<54> Truck:[CLTruck27] breakdown for 12.238560455305713 minutes at 54
2025-09-11 21:22:25,717 [DEBUG] Truck: Time:<76.5351111111111> Truck:[CLTruck29] Start moving to ORDER(1): NorthPitMine-DumpSite2, move distance is 1.17, speed: 25
2025-09-11 21:22:25,717 [INFO] Truck: Time:<71> Truck:[CLTruck29] breakdown for 13.290028586482698 minutes at 71
2025-09-11 21:22:25,717 [INFO] Truck: Time:<76.5351111111111> Truck:[OfficalTruck4] Start loading at shovel NorthPitMine-LoadSite4-Shovel-3, load time is 34.22222222222222
2025-09-11 21:22:25,718 [INFO] Truck: Time:<76.5351111111111> Truck:[XHTruck3] Start loading at shovel NorthPitMine-LoadSite4-Shovel-4, load time is 24.444444444444443
2025-09-11 21:22:25,718 [INFO] Truck: Time:<76.60628648094512> Truck:[CLTruck2] is facing 5.729829323284291 mins delay caused by 2 pre-existing jam events on Road from NorthPitMine-DumpSite1 to NorthPitMine-LoadSite3
2025-09-11 21:22:25,718 [INFO] Truck: Time:<76.64384555532092> Truck:[XHTruck22] Finish unloading at dumper NorthPitMine-DumpSite2-点位0, dumper tons is 790.1892968904098
2025-09-11 21:22:25,719 [DEBUG] Truck: Time:<76.64384555532092> Truck:[XHTruck22] Start moving to ORDER(4):NorthPitMine-LoadSite5, move distance is 8.132217553716917, speed: 25
2025-09-11 21:22:25,719 [INFO] Truck: Time:<76.64384555532092> Truck:[XHTruck22] is facing 1.437448957985504 mins delay caused by 1 pre-existing jam events on Road from NorthPitMine-DumpSite2 to NorthPitMine-LoadSite5
2025-09-11 21:22:25,719 [INFO] Truck: Time:<76.66991447480468> Truck:[XHTruck25] Arrived at NorthPitMine-LoadSite4 at 76.66991447480468
2025-09-11 21:22:25,719 [INFO] Truck: Time:<76.95718569409> Truck:[XHTruck13] Arrived at NorthPitMine-LoadSite3 at 76.95718569409
2025-09-11 21:22:25,722 [INFO] Truck: Time:<77.04737352872603> Truck:[XHTruck18] is facing 4.365133972163708 mins delay caused by 2 pre-existing jam events on Road from NorthPitMine-DumpSite1 to NorthPitMine-LoadSite3
2025-09-11 21:22:25,723 [INFO] Truck: Time:<77.30404715638899> Truck:[CLTruck21] is facing 3.8958231634674974 mins delay caused by 7 pre-existing jam events on Road from NorthPitMine-DumpSite5 to NorthPitMine-LoadSite4
2025-09-11 21:22:25,723 [INFO] Truck: Time:<77.59432283464567> Truck:[OfficalTruck6] Finish loading at shovel NorthPitMine-LoadSite3-Shovel-1
2025-09-11 21:22:25,724 [DEBUG] Truck: Time:<77.59432283464567> Truck:[OfficalTruck6] Start moving to ORDER(4): NorthPitMine-DumpSite5, move distance is 1.86, speed: 25
2025-09-11 21:22:25,724 [INFO] Truck: Time:<77.59432283464567> Truck:[OfficalTruck6] is facing 6.3986100773717105 mins delay caused by 2 pre-existing jam events on Road from NorthPitMine-LoadSite3 to NorthPitMine-DumpSite5
2025-09-11 21:22:25,724 [INFO] Truck: Time:<77.59432283464567> Truck:[XHTruck10] Start loading at shovel NorthPitMine-LoadSite3-Shovel-1, load time is 4.060039370078741
2025-09-11 21:22:25,725 [DEBUG] Truck: Time:<78.34027783362134> Truck:[OfficalTruck3] Arrived at NorthPitMine-DumpSite5 at 78.34027783362134
2025-09-11 21:22:25,725 [INFO] Truck: Time:<78.82143648959928> Truck:[OfficalTruck9] Finish loading at shovel NorthPitMine-LoadSite4-Shovel-1
2025-09-11 21:22:25,726 [DEBUG] Truck: Time:<78.82143648959928> Truck:[OfficalTruck9] Start moving to ORDER(1): NorthPitMine-DumpSite2, move distance is 1.17, speed: 25
2025-09-11 21:22:25,726 [INFO] Truck: Time:<69> Truck:[OfficalTruck9] breakdown for 11.537733418314378 minutes at 69
2025-09-11 21:22:25,727 [INFO] Truck: Time:<78.82143648959928> Truck:[CLTruck10] Start loading at shovel NorthPitMine-LoadSite4-Shovel-1, load time is 2.5836614173228347
2025-09-11 21:22:25,728 [INFO] Truck: Time:<79.07225540054249> Truck:[XHTruck26] Arrived at NorthPitMine-LoadSite4 at 79.07225540054249
2025-09-11 21:22:25,728 [DEBUG] Truck: Time:<79.25464753367766> Truck:[CLTruck12] Arrived at NorthPitMine-DumpSite2 at 79.25464753367766
2025-09-11 21:22:25,728 [DEBUG] Truck: Time:<79.30552992923407> Truck:[CLTruck5] Arrived at NorthPitMine-DumpSite5 at 79.30552992923407
2025-09-11 21:22:25,728 [INFO] Truck: Time:<79.34027783362134> Truck:[OfficalTruck3] Finish unloading at dumper NorthPitMine-DumpSite5-点位0, dumper tons is 1048.3541681915074
2025-09-11 21:22:25,728 [DEBUG] Truck: Time:<79.34027783362134> Truck:[OfficalTruck3] Start moving to ORDER(3):NorthPitMine-LoadSite4, move distance is 7.458941815270049, speed: 25
2025-09-11 21:22:25,728 [INFO] Truck: Time:<79.34027783362134> Truck:[OfficalTruck3] is facing 1.4065872770193728 mins delay caused by 7 pre-existing jam events on Road from NorthPitMine-DumpSite5 to NorthPitMine-LoadSite4
2025-09-11 21:22:25,733 [INFO] Truck: Time:<79.7823746147868> Truck:[CLTruck19] Arrived at NorthPitMine-LoadSite4 at 79.7823746147868
2025-09-11 21:22:25,736 [INFO] Truck: Time:<80.25464753367766> Truck:[CLTruck12] Finish unloading at dumper NorthPitMine-DumpSite2-点位0, dumper tons is 826.7659617750376
2025-09-11 21:22:25,737 [DEBUG] Truck: Time:<80.25464753367766> Truck:[CLTruck12] Start moving to ORDER(4):NorthPitMine-LoadSite5, move distance is 6.597081552687932, speed: 25
2025-09-11 21:22:25,737 [INFO] Truck: Time:<78> Truck:[CLTruck12] breakdown for 13.725684372503208 minutes at 78
2025-09-11 21:22:25,737 [INFO] Truck: Time:<80.30552992923407> Truck:[CLTruck5] Finish unloading at dumper NorthPitMine-DumpSite5-点位1, dumper tons is 539.6691975875943
2025-09-11 21:22:25,738 [DEBUG] Truck: Time:<80.30552992923407> Truck:[CLTruck5] Start moving to ORDER(3):NorthPitMine-LoadSite4, move distance is 7.7062545918275305, speed: 25
2025-09-11 21:22:25,738 [INFO] Truck: Time:<80.30552992923407> Truck:[CLTruck5] is facing 0.22625476071281359 mins delay caused by 8 pre-existing jam events on Road from NorthPitMine-DumpSite5 to NorthPitMine-LoadSite4
2025-09-11 21:22:25,739 [INFO] Truck: Time:<80.47934448878004> Truck:[XHTruck23] Arrived at NorthPitMine-LoadSite4 at 80.47934448878004
2025-09-11 21:22:25,739 [INFO] Truck: Time:<80.65786337943125> Truck:[XHTruck17] Arrived at NorthPitMine-LoadSite3 at 80.65786337943125
2025-09-11 21:22:25,740 [INFO] Truck: Time:<80.65786337943125> Truck:[XHTruck19] Arrived at NorthPitMine-LoadSite3 at 80.65786337943125
2025-09-11 21:22:25,740 [INFO] Truck: Time:<80.86014381304759> Truck:[OfficalTruck2] Arrived at NorthPitMine-LoadSite4 at 80.86014381304759
2025-09-11 21:22:25,740 [DEBUG] Truck: Time:<80.88100777469637> Truck:[XHTruck7] Arrived at NorthPitMine-DumpSite5 at 80.88100777469637
2025-09-11 21:22:25,742 [INFO] Truck: Time:<81.40509790692211> Truck:[CLTruck10] Finish loading at shovel NorthPitMine-LoadSite4-Shovel-1
2025-09-11 21:22:25,743 [DEBUG] Truck: Time:<81.40509790692211> Truck:[CLTruck10] Start moving to ORDER(1): NorthPitMine-DumpSite2, move distance is 1.17, speed: 25
2025-09-11 21:22:25,743 [INFO] Truck: Time:<68> Truck:[CLTruck10] breakdown for 6.270357758085127 minutes at 68
2025-09-11 21:22:25,743 [INFO] Truck: Time:<81.40509790692211> Truck:[CLTruck28] Start loading at shovel NorthPitMine-LoadSite4-Shovel-1, load time is 2.5836614173228347
2025-09-11 21:22:25,743 [INFO] Truck: Time:<81.6543622047244> Truck:[XHTruck10] Finish loading at shovel NorthPitMine-LoadSite3-Shovel-1
2025-09-11 21:22:25,744 [DEBUG] Truck: Time:<81.6543622047244> Truck:[XHTruck10] Start moving to ORDER(4): NorthPitMine-DumpSite5, move distance is 1.86, speed: 25
2025-09-11 21:22:25,744 [INFO] Truck: Time:<78> Truck:[XHTruck10] breakdown for 9.568244451495659 minutes at 78
2025-09-11 21:22:25,744 [INFO] Truck: Time:<81.6543622047244> Truck:[CLTruck8] Start loading at shovel NorthPitMine-LoadSite3-Shovel-1, load time is 2.5836614173228347
2025-09-11 21:22:25,744 [INFO] Truck: Time:<81.75822222222223> Truck:[XHTruck9] Finish loading at shovel NorthPitMine-LoadSite3-Shovel-2
2025-09-11 21:22:25,744 [INFO] Truck: Time:<81.75822222222223> Truck:[XHTruck15] Finish loading at shovel NorthPitMine-LoadSite3-Shovel-3
2025-09-11 21:22:25,745 [DEBUG] Truck: Time:<81.75822222222223> Truck:[XHTruck9] Start moving to ORDER(4): NorthPitMine-DumpSite5, move distance is 1.86, speed: 25
2025-09-11 21:22:25,745 [INFO] Truck: Time:<75> Truck:[XHTruck9] breakdown for 13.864817978764306 minutes at 75
2025-09-11 21:22:25,746 [DEBUG] Truck: Time:<81.75822222222223> Truck:[XHTruck15] Start moving to ORDER(4): NorthPitMine-DumpSite5, move distance is 1.86, speed: 25
2025-09-11 21:22:25,746 [INFO] Truck: Time:<66> Truck:[XHTruck15] breakdown for 6.662972973284271 minutes at 66
2025-09-11 21:22:25,746 [INFO] Truck: Time:<81.75822222222223> Truck:[XHTruck27] Start loading at shovel NorthPitMine-LoadSite3-Shovel-2, load time is 24.444444444444443
2025-09-11 21:22:25,747 [INFO] Truck: Time:<81.75822222222223> Truck:[XHTruck31] Start loading at shovel NorthPitMine-LoadSite3-Shovel-3, load time is 24.444444444444443
2025-09-11 21:22:25,747 [INFO] Truck: Time:<81.85094242055682> Truck:[XHTruck1] Arrived at NorthPitMine-LoadSite3 at 81.85094242055682
2025-09-11 21:22:25,747 [INFO] Truck: Time:<81.88100777469637> Truck:[XHTruck7] Finish unloading at dumper NorthPitMine-DumpSite5-点位0, dumper tons is 1100.2417189169569
2025-09-11 21:22:25,748 [DEBUG] Truck: Time:<81.88100777469637> Truck:[XHTruck7] Start moving to ORDER(3):NorthPitMine-LoadSite4, move distance is 7.676589222566829, speed: 25
2025-09-11 21:22:25,748 [INFO] Truck: Time:<81.88100777469637> Truck:[XHTruck7] is facing 0 mins delay caused by 6 pre-existing jam events on Road from NorthPitMine-DumpSite5 to NorthPitMine-LoadSite4
2025-09-11 21:22:25,749 [DEBUG] Truck: Time:<82.50985890477963> Truck:[CLTruck25] Arrived at NorthPitMine-DumpSite2 at 82.50985890477963
2025-09-11 21:22:25,755 [INFO] Truck: Time:<83.50985890477963> Truck:[CLTruck25] Finish unloading at dumper NorthPitMine-DumpSite2-点位0, dumper tons is 859.0415435984554
2025-09-11 21:22:25,756 [DEBUG] Truck: Time:<83.50985890477963> Truck:[CLTruck25] Start moving to ORDER(4):NorthPitMine-LoadSite5, move distance is 8.09544228910081, speed: 25
2025-09-11 21:22:25,756 [INFO] Truck: Time:<83.50985890477963> Truck:[CLTruck25] is facing 0 mins delay caused by 2 pre-existing jam events on Road from NorthPitMine-DumpSite2 to NorthPitMine-LoadSite5
2025-09-11 21:22:25,756 [INFO] Truck: Time:<83.98875932424494> Truck:[CLTruck28] Finish loading at shovel NorthPitMine-LoadSite4-Shovel-1
2025-09-11 21:22:25,757 [DEBUG] Truck: Time:<83.98875932424494> Truck:[CLTruck28] Start moving to ORDER(1): NorthPitMine-DumpSite2, move distance is 1.17, speed: 25
2025-09-11 21:22:25,757 [INFO] Truck: Time:<83> Truck:[CLTruck28] breakdown for 5.633075805242915 minutes at 83
2025-09-11 21:22:25,757 [INFO] Truck: Time:<83.98875932424494> Truck:[CLTruck19] Start loading at shovel NorthPitMine-LoadSite4-Shovel-1, load time is 2.5836614173228347
2025-09-11 21:22:25,761 [INFO] Truck: Time:<84.23802362204724> Truck:[CLTruck8] Finish loading at shovel NorthPitMine-LoadSite3-Shovel-1
2025-09-11 21:22:25,762 [DEBUG] Truck: Time:<84.23802362204724> Truck:[CLTruck8] Start moving to ORDER(4): NorthPitMine-DumpSite5, move distance is 1.86, speed: 25
2025-09-11 21:22:25,762 [INFO] Truck: Time:<66> Truck:[CLTruck8] breakdown for 11.079942495635922 minutes at 66
2025-09-11 21:22:25,762 [INFO] Truck: Time:<84.23802362204724> Truck:[XHTruck5] Start loading at shovel NorthPitMine-LoadSite3-Shovel-1, load time is 4.060039370078741
2025-09-11 21:22:25,763 [DEBUG] Truck: Time:<84.24728870804506> Truck:[CLTruck11] Arrived at NorthPitMine-DumpSite2 at 84.24728870804506
2025-09-11 21:22:25,765 [INFO] Truck: Time:<85.24728870804506> Truck:[CLTruck11] Finish unloading at dumper NorthPitMine-DumpSite2-点位0, dumper tons is 896.8156106898409
2025-09-11 21:22:25,766 [DEBUG] Truck: Time:<85.24728870804506> Truck:[CLTruck11] Start moving to ORDER(4):NorthPitMine-LoadSite5, move distance is 8.459418365170844, speed: 25
2025-09-11 21:22:25,766 [INFO] Truck: Time:<84> Truck:[CLTruck11] breakdown for 14.09176468861163 minutes at 84
2025-09-11 21:22:25,767 [INFO] Truck: Time:<85.424> Truck:[XHTruck30] Finish loading at shovel NorthPitMine-LoadSite4-Shovel-2
2025-09-11 21:22:25,767 [INFO] Truck: Time:<85.424> Shovel NorthPitMine-LoadSite4-Shovel-2 under maintenance for 44.40 minutes
2025-09-11 21:22:25,767 [INFO] Truck: Time:<85.75221384715587> Truck:[OfficalTruck5] Arrived at NorthPitMine-LoadSite5 at 85.75221384715587
2025-09-11 21:22:25,767 [INFO] Truck: Time:<85.75221384715587> Truck:[CLTruck9] Arrived at NorthPitMine-LoadSite5 at 85.75221384715587
2025-09-11 21:22:25,767 [INFO] Truck: Time:<85.75221384715587> Truck:[OfficalTruck5] Start loading at shovel NorthPitMine-LoadSite5-Shovel-1, load time is 5.684055118110236
2025-09-11 21:22:25,767 [INFO] Truck: Time:<85.75221384715587> Truck:[CLTruck9] Start loading at shovel NorthPitMine-LoadSite5-Shovel-2, load time is 2.5836614173228347
2025-09-11 21:22:25,767 [DEBUG] Truck: Time:<85.99313134438043> Truck:[XHTruck16] Arrived at NorthPitMine-DumpSite5 at 85.99313134438043
2025-09-11 21:22:25,771 [INFO] Truck: Time:<86.57242074156777> Truck:[CLTruck19] Finish loading at shovel NorthPitMine-LoadSite4-Shovel-1
2025-09-11 21:22:25,772 [DEBUG] Truck: Time:<86.57242074156777> Truck:[CLTruck19] Start moving to ORDER(1): NorthPitMine-DumpSite2, move distance is 1.17, speed: 25
2025-09-11 21:22:25,772 [INFO] Truck: Time:<86.66336174858647> Truck:[CLTruck22] is facing 4.4774020756490405 mins delay caused by 2 pre-existing jam events on Road from NorthPitMine-LoadSite3 to NorthPitMine-DumpSite5
2025-09-11 21:22:25,772 [INFO] Truck: Time:<86.99313134438043> Truck:[XHTruck16] Finish unloading at dumper NorthPitMine-DumpSite5-点位0, dumper tons is 1155.9720648473713
2025-09-11 21:22:25,773 [DEBUG] Truck: Time:<86.99313134438043> Truck:[XHTruck16] Start moving to ORDER(3):NorthPitMine-LoadSite4, move distance is 7.503241661530447, speed: 25
2025-09-11 21:22:25,773 [INFO] Truck: Time:<81> Truck:[XHTruck16] breakdown for 9.877903135610856 minutes at 81
2025-09-11 21:22:25,776 [INFO] Truck: Time:<87.3992595342553> Truck:[CLTruck20] is facing 8.187202065793013 mins delay caused by 3 pre-existing jam events on Road from NorthPitMine-DumpSite5 to NorthPitMine-LoadSite4
2025-09-11 21:22:25,776 [DEBUG] Truck: Time:<87.48733514362668> Truck:[XHTruck21] Arrived at NorthPitMine-DumpSite5 at 87.48733514362668
2025-09-11 21:22:25,776 [INFO] Truck: Time:<88.03864938365567> Truck:[XHTruck20] Arrived at NorthPitMine-LoadSite4 at 88.03864938365567
2025-09-11 21:22:25,776 [INFO] Truck: Time:<88.03864938365567> Truck:[XHTruck20] Start loading at shovel NorthPitMine-LoadSite4-Shovel-1, load time is 4.060039370078741
2025-09-11 21:22:25,776 [INFO] Truck: Time:<88.29806299212598> Truck:[XHTruck5] Finish loading at shovel NorthPitMine-LoadSite3-Shovel-1
2025-09-11 21:22:25,782 [DEBUG] Truck: Time:<88.29806299212598> Truck:[XHTruck5] Start moving to ORDER(4): NorthPitMine-DumpSite5, move distance is 1.86, speed: 25
2025-09-11 21:22:25,782 [INFO] Truck: Time:<81> Truck:[XHTruck5] breakdown for 13.380178387359068 minutes at 81
2025-09-11 21:22:25,782 [INFO] Truck: Time:<88.29806299212598> Truck:[XHTruck13] Start loading at shovel NorthPitMine-LoadSite3-Shovel-1, load time is 4.060039370078741
2025-09-11 21:22:25,782 [INFO] Truck: Time:<88.3358752644787> Truck:[CLTruck9] Finish loading at shovel NorthPitMine-LoadSite5-Shovel-2
2025-09-11 21:22:25,783 [DEBUG] Truck: Time:<88.3358752644787> Truck:[CLTruck9] Start moving to ORDER(0): NorthPitMine-DumpSite1, move distance is 8.43241730267193, speed: 25
2025-09-11 21:22:25,783 [INFO] Truck: Time:<74> Truck:[CLTruck9] breakdown for 9.040332989296402 minutes at 74
2025-09-11 21:22:25,783 [INFO] Truck: Time:<88.4211951955065> Truck:[XHTruck15] is facing 7.020255321087198 mins delay caused by 2 pre-existing jam events on Road from NorthPitMine-LoadSite3 to NorthPitMine-DumpSite5
2025-09-11 21:22:25,784 [DEBUG] Truck: Time:<88.45693291201738> Truck:[OfficalTruck6] Arrived at NorthPitMine-DumpSite5 at 88.45693291201738
2025-09-11 21:22:25,784 [INFO] Truck: Time:<88.48733514362668> Truck:[XHTruck21] Finish unloading at dumper NorthPitMine-DumpSite5-点位0, dumper tons is 1210.269882395531
2025-09-11 21:22:25,784 [DEBUG] Truck: Time:<88.48733514362668> Truck:[XHTruck21] Start moving to ORDER(3):NorthPitMine-LoadSite4, move distance is 7.298388851709329, speed: 25
2025-09-11 21:22:25,785 [INFO] Truck: Time:<88.48733514362668> Truck:[XHTruck21] is facing 7.213191020908636 mins delay caused by 3 pre-existing jam events on Road from NorthPitMine-DumpSite5 to NorthPitMine-LoadSite4
2025-09-11 21:22:25,785 [DEBUG] Truck: Time:<88.90643084401708> Truck:[CLTruck4] Arrived at NorthPitMine-DumpSite5 at 88.90643084401708
2025-09-11 21:22:25,787 [INFO] Truck: Time:<89.08501824875866> Truck:[XHTruck12] Arrived at NorthPitMine-LoadSite3 at 89.08501824875866
2025-09-11 21:22:25,787 [DEBUG] Truck: Time:<89.38042074156778> Truck:[CLTruck19] Arrived at NorthPitMine-DumpSite2 at 89.38042074156778
2025-09-11 21:22:25,788 [INFO] Truck: Time:<89.45693291201738> Truck:[OfficalTruck6] Finish unloading at dumper NorthPitMine-DumpSite5-点位1, dumper tons is 609.9630184474177
2025-09-11 21:22:25,788 [DEBUG] Truck: Time:<89.45693291201738> Truck:[OfficalTruck6] Start moving to ORDER(3):NorthPitMine-LoadSite4, move distance is 6.862317647675367, speed: 25
2025-09-11 21:22:25,788 [INFO] Truck: Time:<82> Truck:[OfficalTruck6] breakdown for 16.502108861227875 minutes at 82
2025-09-11 21:22:25,789 [INFO] Truck: Time:<89.90643084401708> Truck:[CLTruck4] Finish unloading at dumper NorthPitMine-DumpSite5-点位0, dumper tons is 1246.6609563550771
2025-09-11 21:22:25,790 [DEBUG] Truck: Time:<89.90643084401708> Truck:[CLTruck4] Start moving to ORDER(3):NorthPitMine-LoadSite4, move distance is 7.537225088019893, speed: 25
2025-09-11 21:22:25,790 [INFO] Truck: Time:<80> Truck:[CLTruck4] breakdown for 13.511007121746678 minutes at 80
2025-09-11 21:22:25,792 [INFO] Truck: Time:<90.32> Truck:[XHTruck29] Finish loading at shovel NorthPitMine-LoadSite2-Shovel-2
2025-09-11 21:22:25,793 [INFO] Road: [RoadEvent] Road from NorthPitMine-LoadSite2 to NorthPitMine-DumpSite5 is in repair，the repair will last for 41.57 mins, and will end at 131.89, vehicle on this road will have to suffer punish_distance.
2025-09-11 21:22:25,793 [DEBUG] Truck: Time:<90.32> Truck:[XHTruck29] Start moving to ORDER(4): NorthPitMine-DumpSite5, move distance is 4.300750659088764, speed: 25
2025-09-11 21:22:25,793 [INFO] Truck: Time:<74> Truck:[XHTruck29] breakdown for 7.5698264394802415 minutes at 74
2025-09-11 21:22:25,793 [INFO] Truck: Time:<90.38042074156778> Truck:[CLTruck19] Finish unloading at dumper NorthPitMine-DumpSite2-点位0, dumper tons is 929.3541579096461
2025-09-11 21:22:25,795 [INFO] Road: [RoadEvent] Road from NorthPitMine-DumpSite2 to NorthPitMine-LoadSite3 is in repair，the repair will last for 48.53 mins, and will end at 138.91, vehicle on this road will have to suffer punish_distance.
2025-09-11 21:22:25,795 [DEBUG] Truck: Time:<90.38042074156778> Truck:[CLTruck19] Start moving to ORDER(2):NorthPitMine-LoadSite3, move distance is 4.774651286908072, speed: 25
2025-09-11 21:22:25,795 [DEBUG] Truck: Time:<90.48345566500723> Truck:[CLTruck10] Arrived at NorthPitMine-DumpSite2 at 90.48345566500723
2025-09-11 21:22:25,795 [INFO] Truck: Time:<90.70332683260483> Truck:[CLTruck26] Arrived at NorthPitMine-LoadSite4 at 90.70332683260483
2025-09-11 21:22:25,796 [INFO] Truck: Time:<90.88226830017017> Truck:[XHTruck14] Arrived at NorthPitMine-LoadSite4 at 90.88226830017017
2025-09-11 21:22:25,796 [DEBUG] Truck: Time:<90.94545645179554> Truck:[CLTruck13] Arrived at NorthPitMine-DumpSite1 at 90.94545645179554
2025-09-11 21:22:25,796 [INFO] Truck: Time:<91.22260665622007> Truck:[XHTruck10] is facing 1.417432399660065 mins delay caused by 2 pre-existing jam events on Road from NorthPitMine-LoadSite3 to NorthPitMine-DumpSite5
2025-09-11 21:22:25,796 [INFO] Truck: Time:<91.43626896526611> Truck:[OfficalTruck5] Finish loading at shovel NorthPitMine-LoadSite5-Shovel-1
2025-09-11 21:22:25,796 [INFO] Truck: Time:<91.43626896526611> Shovel NorthPitMine-LoadSite5-Shovel-1 under maintenance for 47.02 minutes
2025-09-11 21:22:25,800 [INFO] Truck: Time:<91.48345566500723> Truck:[CLTruck10] Finish unloading at dumper NorthPitMine-DumpSite2-点位0, dumper tons is 965.5415406620283
2025-09-11 21:22:25,800 [DEBUG] Truck: Time:<91.48345566500723> Truck:[CLTruck10] Start moving to ORDER(2):NorthPitMine-LoadSite3, move distance is 5.089397480882867, speed: 25
2025-09-11 21:22:25,800 [DEBUG] Truck: Time:<91.58167156641682> Truck:[CLTruck27] Arrived at NorthPitMine-DumpSite2 at 91.58167156641682
2025-09-11 21:22:25,800 [INFO] Truck: Time:<91.61354275559742> Truck:[XHTruck2] Arrived at NorthPitMine-LoadSite3 at 91.61354275559742
2025-09-11 21:22:25,801 [INFO] Truck: Time:<91.71749969909818> Truck:[CLTruck2] Arrived at NorthPitMine-LoadSite3 at 91.71749969909818
2025-09-11 21:22:25,801 [INFO] Truck: Time:<91.80138354670669> Truck:[XHTruck6] Arrived at NorthPitMine-LoadSite3 at 91.80138354670669
2025-09-11 21:22:25,801 [INFO] Truck: Time:<91.8923330580775> Truck:[XHTruck32] Arrived at NorthPitMine-LoadSite3 at 91.8923330580775
2025-09-11 21:22:25,801 [INFO] Truck: Time:<91.94545645179554> Truck:[CLTruck13] Finish unloading at dumper NorthPitMine-DumpSite1-点位0, dumper tons is 853.5287814167087
2025-09-11 21:22:25,802 [DEBUG] Truck: Time:<91.94545645179554> Truck:[CLTruck13] Start moving to ORDER(3):NorthPitMine-LoadSite4, move distance is 4.345821028610936, speed: 25
2025-09-11 21:22:25,802 [INFO] Truck: Time:<86> Truck:[CLTruck13] breakdown for 10.14770472736755 minutes at 86
2025-09-11 21:22:25,805 [INFO] Truck: Time:<92.00954975549017> Truck:[XHTruck18] Arrived at NorthPitMine-LoadSite3 at 92.00954975549017
2025-09-11 21:22:25,806 [INFO] Truck: Time:<92.09868875373441> Truck:[XHTruck20] Finish loading at shovel NorthPitMine-LoadSite4-Shovel-1
2025-09-11 21:22:25,806 [DEBUG] Truck: Time:<92.09868875373441> Truck:[XHTruck20] Start moving to ORDER(1): NorthPitMine-DumpSite2, move distance is 1.17, speed: 25
2025-09-11 21:22:25,807 [INFO] Truck: Time:<92.09868875373441> Truck:[XHTruck20] is facing 10.349582023540524 mins delay caused by 1 pre-existing jam events on Road from NorthPitMine-LoadSite4 to NorthPitMine-DumpSite2
2025-09-11 21:22:25,807 [INFO] Truck: Time:<92.09868875373441> Truck:[CLTruck26] Start loading at shovel NorthPitMine-LoadSite4-Shovel-1, load time is 2.5836614173228347
2025-09-11 21:22:25,807 [INFO] Truck: Time:<92.30837617796803> Truck:[CLTruck3] Arrived at NorthPitMine-LoadSite4 at 92.30837617796803
2025-09-11 21:22:25,808 [INFO] Truck: Time:<92.35810236220472> Truck:[XHTruck13] Finish loading at shovel NorthPitMine-LoadSite3-Shovel-1
2025-09-11 21:22:25,809 [INFO] Road: [RoadEvent] Road from NorthPitMine-LoadSite3 to NorthPitMine-DumpSite5 is in repair，the repair will last for 57.06 mins, and will end at 149.42, vehicle on this road will have to suffer punish_distance.
2025-09-11 21:22:25,809 [DEBUG] Truck: Time:<92.35810236220472> Truck:[XHTruck13] Start moving to ORDER(4): NorthPitMine-DumpSite5, move distance is 2.7950336745872493, speed: 25
2025-09-11 21:22:25,809 [INFO] Truck: Time:<76> Truck:[XHTruck13] breakdown for 12.341542338974566 minutes at 76
2025-09-11 21:22:25,809 [INFO] Truck: Time:<92.35810236220472> Truck:[XHTruck17] Start loading at shovel NorthPitMine-LoadSite3-Shovel-1, load time is 4.060039370078741
2025-09-11 21:22:25,809 [DEBUG] Truck: Time:<92.42983512948786> Truck:[CLTruck28] Arrived at NorthPitMine-DumpSite2 at 92.42983512948786
2025-09-11 21:22:25,809 [INFO] Truck: Time:<92.58167156641682> Truck:[CLTruck27] Finish unloading at dumper NorthPitMine-DumpSite2-点位0, dumper tons is 1000.6337430212237
2025-09-11 21:22:25,809 [DEBUG] Truck: Time:<92.58167156641682> Truck:[CLTruck27] Start moving to ORDER(4):NorthPitMine-LoadSite5, move distance is 7.7592869173945305, speed: 25
2025-09-11 21:22:25,809 [INFO] Truck: Time:<92.58167156641682> Truck:[CLTruck27] is facing 0 mins delay caused by 2 pre-existing jam events on Road from NorthPitMine-DumpSite2 to NorthPitMine-LoadSite5
2025-09-11 21:22:25,809 [DEBUG] Truck: Time:<92.6331396975938> Truck:[CLTruck29] Arrived at NorthPitMine-DumpSite2 at 92.6331396975938
2025-09-11 21:22:25,809 [INFO] Truck: Time:<92.6670636544783> Truck:[XHTruck24] Arrived at NorthPitMine-LoadSite4 at 92.6670636544783
2025-09-11 21:22:25,813 [DEBUG] Truck: Time:<93.16716990791366> Truck:[OfficalTruck9] Arrived at NorthPitMine-DumpSite2 at 93.16716990791366
2025-09-11 21:22:25,814 [INFO] Truck: Time:<93.2117689442934> Truck:[CLTruck23] Arrived at NorthPitMine-LoadSite4 at 93.2117689442934
2025-09-11 21:22:25,814 [INFO] Truck: Time:<93.42983512948786> Truck:[CLTruck28] Finish unloading at dumper NorthPitMine-DumpSite2-点位1, dumper tons is 173.94514826596264
2025-09-11 21:22:25,815 [DEBUG] Truck: Time:<93.42983512948786> Truck:[CLTruck28] Start moving to ORDER(4):NorthPitMine-LoadSite5, move distance is 7.285192154383025, speed: 25
2025-09-11 21:22:25,815 [INFO] Truck: Time:<93.42983512948786> Truck:[CLTruck28] is facing 0 mins delay caused by 2 pre-existing jam events on Road from NorthPitMine-DumpSite2 to NorthPitMine-LoadSite5
2025-09-11 21:22:25,815 [INFO] Truck: Time:<93.52620612852606> Truck:[XHTruck28] Arrived at NorthPitMine-LoadSite4 at 93.52620612852606
2025-09-11 21:22:25,815 [INFO] Truck: Time:<93.6331396975938> Truck:[CLTruck29] Finish unloading at dumper NorthPitMine-DumpSite2-点位0, dumper tons is 1034.1674312570565
2025-09-11 21:22:25,816 [DEBUG] Truck: Time:<93.6331396975938> Truck:[CLTruck29] Start moving to ORDER(4):NorthPitMine-LoadSite5, move distance is 7.766487027503284, speed: 25
2025-09-11 21:22:25,816 [INFO] Truck: Time:<93.6331396975938> Truck:[CLTruck29] is facing 0 mins delay caused by 2 pre-existing jam events on Road from NorthPitMine-DumpSite2 to NorthPitMine-LoadSite5
2025-09-11 21:22:25,816 [INFO] Truck: Time:<93.84285128408872> Truck:[CLTruck14] Arrived at NorthPitMine-LoadSite4 at 93.84285128408872
2025-09-11 21:22:25,816 [INFO] Truck: Time:<93.8661154729945> Truck:[XHTruck8] Arrived at NorthPitMine-LoadSite5 at 93.8661154729945
2025-09-11 21:22:25,817 [INFO] Truck: Time:<93.8661154729945> Truck:[XHTruck8] Start loading at shovel NorthPitMine-LoadSite5-Shovel-2, load time is 4.060039370078741
2025-09-11 21:22:25,817 [INFO] Truck: Time:<93.90025928070142> Truck:[XHTruck4] Arrived at NorthPitMine-LoadSite4 at 93.90025928070142
2025-09-11 21:22:25,817 [INFO] Truck: Time:<93.98033190618087> Truck:[CLTruck12] is facing 0 mins delay caused by 2 pre-existing jam events on Road from NorthPitMine-DumpSite2 to NorthPitMine-LoadSite5
2025-09-11 21:22:25,819 [INFO] Truck: Time:<94.16716990791366> Truck:[OfficalTruck9] Finish unloading at dumper NorthPitMine-DumpSite2-点位2, dumper tons is 138.23071115387208
2025-09-11 21:22:25,820 [DEBUG] Truck: Time:<94.16716990791366> Truck:[OfficalTruck9] Start moving to ORDER(4):NorthPitMine-LoadSite5, move distance is 7.218470452822209, speed: 25
2025-09-11 21:22:25,820 [INFO] Truck: Time:<94.16716990791366> Truck:[OfficalTruck9] is facing 2.1287813651215823 mins delay caused by 3 pre-existing jam events on Road from NorthPitMine-DumpSite2 to NorthPitMine-LoadSite5
2025-09-11 21:22:25,821 [INFO] Truck: Time:<94.43435078337697> Truck:[OfficalTruck1] Arrived at NorthPitMine-LoadSite4 at 94.43435078337697
2025-09-11 21:22:25,821 [INFO] Truck: Time:<94.65947602640716> Truck:[CLTruck16] Arrived at NorthPitMine-LoadSite4 at 94.65947602640716
2025-09-11 21:22:25,821 [INFO] Truck: Time:<94.68235017105724> Truck:[CLTruck26] Finish loading at shovel NorthPitMine-LoadSite4-Shovel-1
2025-09-11 21:22:25,822 [INFO] Road: [RoadEvent] Road from NorthPitMine-LoadSite4 to NorthPitMine-DumpSite2 is in repair，the repair will last for 54.36 mins, and will end at 149.04, vehicle on this road will have to suffer punish_distance.
2025-09-11 21:22:25,822 [DEBUG] Truck: Time:<94.68235017105724> Truck:[CLTruck26] Start moving to ORDER(1): NorthPitMine-DumpSite2, move distance is 1.483872321061542, speed: 25
2025-09-11 21:22:25,822 [INFO] Truck: Time:<80> Truck:[CLTruck26] breakdown for 14.908986756386378 minutes at 80
2025-09-11 21:22:25,822 [INFO] Truck: Time:<94.68235017105724> Truck:[XHTruck14] Start loading at shovel NorthPitMine-LoadSite4-Shovel-1, load time is 4.060039370078741
2025-09-11 21:22:25,824 [INFO] Truck: Time:<95.20177777777778> Truck:[OfficalTruck7] Finish loading at shovel NorthPitMine-LoadSite4-Shovel-5
2025-09-11 21:22:25,824 [DEBUG] Truck: Time:<95.20177777777778> Truck:[OfficalTruck7] Start moving to ORDER(1): NorthPitMine-DumpSite2, move distance is 1.5661197015765138, speed: 25
2025-09-11 21:22:25,825 [INFO] Truck: Time:<76> Truck:[OfficalTruck7] breakdown for 11.137005606646195 minutes at 76
2025-09-11 21:22:25,825 [INFO] Truck: Time:<95.20177777777778> Truck:[CLTruck1] Start loading at shovel NorthPitMine-LoadSite4-Shovel-5, load time is 15.555555555555555
2025-09-11 21:22:25,827 [INFO] Truck: Time:<96.41814173228346> Truck:[XHTruck17] Finish loading at shovel NorthPitMine-LoadSite3-Shovel-1
2025-09-11 21:22:25,827 [DEBUG] Truck: Time:<96.41814173228346> Truck:[XHTruck17] Start moving to ORDER(4): NorthPitMine-DumpSite5, move distance is 2.884286963618232, speed: 25
2025-09-11 21:22:25,827 [INFO] Truck: Time:<82> Truck:[XHTruck17] breakdown for 9.093310358523002 minutes at 82
2025-09-11 21:22:25,827 [INFO] Truck: Time:<96.41814173228346> Truck:[XHTruck12] Start loading at shovel NorthPitMine-LoadSite3-Shovel-1, load time is 4.060039370078741
2025-09-11 21:22:25,827 [INFO] Truck: Time:<96.87103447999128> Truck:[XHTruck16] is facing 3.064627705439605 mins delay caused by 5 pre-existing jam events on Road from NorthPitMine-DumpSite5 to NorthPitMine-LoadSite4
2025-09-11 21:22:25,831 [DEBUG] Truck: Time:<97.10403905588014> Truck:[XHTruck10] Arrived at NorthPitMine-DumpSite5 at 97.10403905588014
2025-09-11 21:22:25,831 [INFO] Truck: Time:<97.59861664222703> Truck:[XHTruck22] Arrived at NorthPitMine-LoadSite5 at 97.59861664222703
2025-09-11 21:22:25,832 [DEBUG] Truck: Time:<97.72221875507314> Truck:[CLTruck22] Arrived at NorthPitMine-DumpSite5 at 97.72221875507314
2025-09-11 21:22:25,832 [INFO] Truck: Time:<97.85118646654175> Truck:[CLTruck21] Arrived at NorthPitMine-LoadSite4 at 97.85118646654175
2025-09-11 21:22:25,832 [INFO] Truck: Time:<97.92615484307323> Truck:[XHTruck8] Finish loading at shovel NorthPitMine-LoadSite5-Shovel-2
2025-09-11 21:22:25,833 [DEBUG] Truck: Time:<97.92615484307323> Truck:[XHTruck8] Start moving to ORDER(0): NorthPitMine-DumpSite1, move distance is 5.15, speed: 25
2025-09-11 21:22:25,835 [INFO] Truck: Time:<98.10403905588014> Truck:[XHTruck10] Finish unloading at dumper NorthPitMine-DumpSite5-点位0, dumper tons is 1305.013423289307
2025-09-11 21:22:25,835 [DEBUG] Truck: Time:<98.10403905588014> Truck:[XHTruck10] Start moving to ORDER(3):NorthPitMine-LoadSite4, move distance is 5.34, speed: 25
2025-09-11 21:22:25,835 [INFO] Truck: Time:<98> Truck:[XHTruck10] breakdown for 10.468992777226543 minutes at 98
2025-09-11 21:22:25,835 [INFO] Truck: Time:<98.64832546728883> Truck:[OfficalTruck3] Arrived at NorthPitMine-LoadSite4 at 98.64832546728883
2025-09-11 21:22:25,837 [INFO] Truck: Time:<98.72221875507314> Truck:[CLTruck22] Finish unloading at dumper NorthPitMine-DumpSite5-点位1, dumper tons is 643.4922653226907
2025-09-11 21:22:25,837 [INFO] Road: [RoadEvent] Road from NorthPitMine-DumpSite5 to NorthPitMine-LoadSite4 is in repair，the repair will last for 54.46 mins, and will end at 153.18, vehicle on this road will have to suffer punish_distance.
2025-09-11 21:22:25,837 [DEBUG] Truck: Time:<98.72221875507314> Truck:[CLTruck22] Start moving to ORDER(3):NorthPitMine-LoadSite4, move distance is 7.68371500865678, speed: 25
2025-09-11 21:22:25,838 [INFO] Truck: Time:<87> Truck:[CLTruck22] breakdown for 11.161720792188493 minutes at 87
2025-09-11 21:22:25,838 [INFO] Truck: Time:<98.74238954113598> Truck:[XHTruck14] Finish loading at shovel NorthPitMine-LoadSite4-Shovel-1
2025-09-11 21:22:25,838 [DEBUG] Truck: Time:<98.74238954113598> Truck:[XHTruck14] Start moving to ORDER(1): NorthPitMine-DumpSite2, move distance is 1.7103901478816634, speed: 25
2025-09-11 21:22:25,839 [INFO] Truck: Time:<89> Truck:[XHTruck14] breakdown for 8.413897351943866 minutes at 89
2025-09-11 21:22:25,839 [INFO] Truck: Time:<98.74238954113598> Truck:[CLTruck3] Start loading at shovel NorthPitMine-LoadSite4-Shovel-1, load time is 2.5836614173228347
2025-09-11 21:22:25,839 [INFO] Truck: Time:<98.8941548709115> Truck:[CLTruck7] Arrived at NorthPitMine-LoadSite4 at 98.8941548709115
2025-09-11 21:22:25,840 [INFO] Truck: Time:<99.02679571033295> Truck:[CLTruck5] Arrived at NorthPitMine-LoadSite4 at 99.02679571033295
2025-09-11 21:22:25,841 [INFO] Truck: Time:<99.49236174345852> Truck:[XHTruck33] Arrived at NorthPitMine-LoadSite4 at 99.49236174345852
2025-09-11 21:22:25,841 [DEBUG] Truck: Time:<99.78196611768315> Truck:[CLTruck8] Arrived at NorthPitMine-DumpSite5 at 99.78196611768315
2025-09-11 21:22:25,841 [DEBUG] Truck: Time:<99.9054505165937> Truck:[XHTruck15] Arrived at NorthPitMine-DumpSite5 at 99.9054505165937
2025-09-11 21:22:25,842 [DEBUG] Truck: Time:<100.08704020098654> Truck:[XHTruck9] Arrived at NorthPitMine-DumpSite5 at 100.08704020098654
2025-09-11 21:22:25,843 [INFO] Truck: Time:<100.30482190885677> Truck:[XHTruck7] Arrived at NorthPitMine-LoadSite4 at 100.30482190885677
2025-09-11 21:22:25,843 [INFO] Truck: Time:<100.4781811023622> Truck:[XHTruck12] Finish loading at shovel NorthPitMine-LoadSite3-Shovel-1
2025-09-11 21:22:25,844 [DEBUG] Truck: Time:<100.4781811023622> Truck:[XHTruck12] Start moving to ORDER(4): NorthPitMine-DumpSite5, move distance is 2.590975719782001, speed: 25
2025-09-11 21:22:25,844 [INFO] Truck: Time:<100.4781811023622> Truck:[XHTruck12] is facing 3.644392735601337 mins delay caused by 1 pre-existing jam events on Road from NorthPitMine-LoadSite3 to NorthPitMine-DumpSite5
2025-09-11 21:22:25,845 [INFO] Truck: Time:<100.4781811023622> Truck:[XHTruck2] Start loading at shovel NorthPitMine-LoadSite3-Shovel-1, load time is 4.060039370078741
2025-09-11 21:22:25,845 [INFO] Truck: Time:<100.78196611768315> Truck:[CLTruck8] Finish unloading at dumper NorthPitMine-DumpSite5-点位0, dumper tons is 1340.1134889324453
2025-09-11 21:22:25,845 [DEBUG] Truck: Time:<100.78196611768315> Truck:[CLTruck8] Start moving to ORDER(3):NorthPitMine-LoadSite4, move distance is 7.134641956944428, speed: 25
2025-09-11 21:22:25,845 [INFO] Truck: Time:<100.78196611768315> Truck:[CLTruck8] is facing 0 mins delay caused by 4 pre-existing jam events on Road from NorthPitMine-DumpSite5 to NorthPitMine-LoadSite4
2025-09-11 21:22:25,845 [INFO] Truck: Time:<100.9054505165937> Truck:[XHTruck15] Finish unloading at dumper NorthPitMine-DumpSite5-点位1, dumper tons is 697.2527336247244
2025-09-11 21:22:25,845 [DEBUG] Truck: Time:<100.9054505165937> Truck:[XHTruck15] Start moving to ORDER(3):NorthPitMine-LoadSite4, move distance is 7.648980070483683, speed: 25
2025-09-11 21:22:25,845 [INFO] Truck: Time:<96> Truck:[XHTruck15] breakdown for 10.210861677365395 minutes at 96
2025-09-11 21:22:25,845 [INFO] Truck: Time:<100.97955555555555> Truck:[XHTruck3] Finish loading at shovel NorthPitMine-LoadSite4-Shovel-4
2025-09-11 21:22:25,847 [DEBUG] Truck: Time:<100.97955555555555> Truck:[XHTruck3] Start moving to ORDER(1): NorthPitMine-DumpSite2, move distance is 1.6029997081583205, speed: 25
2025-09-11 21:22:25,847 [INFO] Truck: Time:<98> Truck:[XHTruck3] breakdown for 4.844863929887008 minutes at 98
2025-09-11 21:22:25,847 [INFO] Truck: Time:<100.97955555555555> Truck:[XHTruck26] Start loading at shovel NorthPitMine-LoadSite4-Shovel-4, load time is 24.444444444444443
2025-09-11 21:22:25,848 [INFO] Truck: Time:<101.08704020098654> Truck:[XHTruck9] Finish unloading at dumper NorthPitMine-DumpSite5-点位2, dumper tons is 212.71608438716981
2025-09-11 21:22:25,850 [DEBUG] Truck: Time:<101.08704020098654> Truck:[XHTruck9] Start moving to ORDER(3):NorthPitMine-LoadSite4, move distance is 7.762996245366177, speed: 25
2025-09-11 21:22:25,850 [INFO] Truck: Time:<97> Truck:[XHTruck9] breakdown for 7.734308605221015 minutes at 97
2025-09-11 21:22:25,850 [INFO] Truck: Time:<101.32605095845881> Truck:[CLTruck3] Finish loading at shovel NorthPitMine-LoadSite4-Shovel-1
2025-09-11 21:22:25,850 [DEBUG] Truck: Time:<101.32605095845881> Truck:[CLTruck3] Start moving to ORDER(1): NorthPitMine-DumpSite2, move distance is 1.4977596265525335, speed: 25
2025-09-11 21:22:25,850 [INFO] Truck: Time:<98> Truck:[CLTruck3] breakdown for 12.7673300380253 minutes at 98
2025-09-11 21:22:25,852 [INFO] Truck: Time:<101.32605095845881> Truck:[CLTruck23] Start loading at shovel NorthPitMine-LoadSite4-Shovel-1, load time is 2.5836614173228347
2025-09-11 21:22:25,852 [INFO] Truck: Time:<101.67824137948504> Truck:[XHTruck5] is facing 4.116137588166095 mins delay caused by 1 pre-existing jam events on Road from NorthPitMine-LoadSite3 to NorthPitMine-DumpSite5
2025-09-11 21:22:25,852 [INFO] Truck: Time:<101.83958383014715> Truck:[CLTruck19] Arrived at NorthPitMine-LoadSite3 at 101.83958383014715
2025-09-11 21:22:25,853 [INFO] Truck: Time:<102.93892039862158> Truck:[CLTruck25] Arrived at NorthPitMine-LoadSite5 at 102.93892039862158
2025-09-11 21:22:25,855 [INFO] Truck: Time:<102.93892039862158> Truck:[CLTruck25] Start loading at shovel NorthPitMine-LoadSite5-Shovel-2, load time is 2.5836614173228347
2025-09-11 21:22:25,857 [INFO] Truck: Time:<103.41743796576375> Truck:[CLTruck4] is facing 0 mins delay caused by 2 pre-existing jam events on Road from NorthPitMine-DumpSite5 to NorthPitMine-LoadSite4
2025-09-11 21:22:25,857 [INFO] Truck: Time:<103.69800961912611> Truck:[CLTruck10] Arrived at NorthPitMine-LoadSite3 at 103.69800961912611
2025-09-11 21:22:25,858 [INFO] Truck: Time:<103.90971237578164> Truck:[CLTruck23] Finish loading at shovel NorthPitMine-LoadSite4-Shovel-1
2025-09-11 21:22:25,858 [DEBUG] Truck: Time:<103.90971237578164> Truck:[CLTruck23] Start moving to ORDER(1): NorthPitMine-DumpSite2, move distance is 1.5827851945313292, speed: 25
2025-09-11 21:22:25,858 [INFO] Truck: Time:<100> Truck:[CLTruck23] breakdown for 5.980872346712735 minutes at 100
2025-09-11 21:22:25,859 [INFO] Truck: Time:<103.90971237578164> Truck:[CLTruck16] Start loading at shovel NorthPitMine-LoadSite4-Shovel-1, load time is 2.5836614173228347
2025-09-11 21:22:25,861 [INFO] Truck: Time:<104.53822047244094> Truck:[XHTruck2] Finish loading at shovel NorthPitMine-LoadSite3-Shovel-1
2025-09-11 21:22:25,862 [DEBUG] Truck: Time:<104.53822047244094> Truck:[XHTruck2] Start moving to ORDER(4): NorthPitMine-DumpSite5, move distance is 2.62223593744418, speed: 25
2025-09-11 21:22:25,862 [INFO] Truck: Time:<97> Truck:[XHTruck2] breakdown for 5.693864024843653 minutes at 97
2025-09-11 21:22:25,862 [INFO] Truck: Time:<104.53822047244094> Truck:[CLTruck2] Start loading at shovel NorthPitMine-LoadSite3-Shovel-1, load time is 2.5836614173228347
2025-09-11 21:22:25,863 [INFO] Truck: Time:<104.69964470117928> Truck:[XHTruck13] is facing 6.9076097878454545 mins delay caused by 2 pre-existing jam events on Road from NorthPitMine-LoadSite3 to NorthPitMine-DumpSite5
2025-09-11 21:22:25,866 [DEBUG] Truck: Time:<105.25627077727493> Truck:[XHTruck20] Arrived at NorthPitMine-DumpSite2 at 105.25627077727493
2025-09-11 21:22:25,866 [INFO] Truck: Time:<105.51145209080646> Truck:[XHTruck17] is facing 5.885668528547735 mins delay caused by 2 pre-existing jam events on Road from NorthPitMine-LoadSite3 to NorthPitMine-DumpSite5
2025-09-11 21:22:25,866 [INFO] Truck: Time:<105.5225818159444> Truck:[CLTruck25] Finish loading at shovel NorthPitMine-LoadSite5-Shovel-2
2025-09-11 21:22:25,867 [DEBUG] Truck: Time:<105.5225818159444> Truck:[CLTruck25] Start moving to ORDER(0): NorthPitMine-DumpSite1, move distance is 5.15, speed: 25
2025-09-11 21:22:25,867 [INFO] Truck: Time:<105.5225818159444> Truck:[CLTruck25] is facing 0 mins delay caused by 2 pre-existing jam events on Road from NorthPitMine-LoadSite5 to NorthPitMine-DumpSite1
2025-09-11 21:22:25,867 [INFO] Truck: Time:<105.95904177324525> Truck:[OfficalTruck6] is facing 0 mins delay caused by 2 pre-existing jam events on Road from NorthPitMine-DumpSite5 to NorthPitMine-LoadSite4
2025-09-11 21:22:25,870 [INFO] Truck: Time:<106.20266666666667> Truck:[XHTruck27] Finish loading at shovel NorthPitMine-LoadSite3-Shovel-2
2025-09-11 21:22:25,870 [INFO] Truck: Time:<106.20266666666667> Truck:[XHTruck31] Finish loading at shovel NorthPitMine-LoadSite3-Shovel-3
2025-09-11 21:22:25,871 [DEBUG] Truck: Time:<106.20266666666667> Truck:[XHTruck27] Start moving to ORDER(4): NorthPitMine-DumpSite5, move distance is 2.2484229126585413, speed: 25
2025-09-11 21:22:25,871 [INFO] Truck: Time:<106> Truck:[XHTruck27] breakdown for 6.980588786116048 minutes at 106
2025-09-11 21:22:25,871 [DEBUG] Truck: Time:<106.20266666666667> Truck:[XHTruck31] Start moving to ORDER(4): NorthPitMine-DumpSite5, move distance is 2.9087019962389578, speed: 25
2025-09-11 21:22:25,872 [INFO] Truck: Time:<87> Truck:[XHTruck31] breakdown for 8.246927073335364 minutes at 87
2025-09-11 21:22:25,872 [INFO] Truck: Time:<106.20266666666667> Truck:[CLTruck18] Start loading at shovel NorthPitMine-LoadSite3-Shovel-2, load time is 15.555555555555555
2025-09-11 21:22:25,872 [INFO] Truck: Time:<106.20266666666667> Truck:[CLTruck17] Start loading at shovel NorthPitMine-LoadSite3-Shovel-3, load time is 15.555555555555555
2025-09-11 21:22:25,872 [INFO] Truck: Time:<106.25627077727493> Truck:[XHTruck20] Finish unloading at dumper NorthPitMine-DumpSite2-点位0, dumper tons is 1084.862132749094
2025-09-11 21:22:25,873 [DEBUG] Truck: Time:<106.25627077727493> Truck:[XHTruck20] Start moving to ORDER(4):NorthPitMine-LoadSite5, move distance is 7.63942754737471, speed: 25
2025-09-11 21:22:25,873 [INFO] Truck: Time:<106.25627077727493> Truck:[XHTruck20] is facing 0 mins delay caused by 2 pre-existing jam events on Road from NorthPitMine-DumpSite2 to NorthPitMine-LoadSite5
2025-09-11 21:22:25,873 [INFO] Truck: Time:<106.49337379310447> Truck:[CLTruck16] Finish loading at shovel NorthPitMine-LoadSite4-Shovel-1
2025-09-11 21:22:25,874 [DEBUG] Truck: Time:<106.49337379310447> Truck:[CLTruck16] Start moving to ORDER(1): NorthPitMine-DumpSite2, move distance is 1.7505062429081304, speed: 25
2025-09-11 21:22:25,874 [INFO] Truck: Time:<92> Truck:[CLTruck16] breakdown for 11.644743135110698 minutes at 92
2025-09-11 21:22:25,874 [INFO] Truck: Time:<106.49337379310447> Truck:[OfficalTruck3] Start loading at shovel NorthPitMine-LoadSite4-Shovel-1, load time is 5.684055118110236
2025-09-11 21:22:25,877 [INFO] Truck: Time:<107.12188188976377> Truck:[CLTruck2] Finish loading at shovel NorthPitMine-LoadSite3-Shovel-1
2025-09-11 21:22:25,878 [DEBUG] Truck: Time:<107.12188188976377> Truck:[CLTruck2] Start moving to ORDER(4): NorthPitMine-DumpSite5, move distance is 2.4785853918826017, speed: 25
2025-09-11 21:22:25,878 [INFO] Truck: Time:<89> Truck:[CLTruck2] breakdown for 14.79801547548136 minutes at 89
2025-09-11 21:22:25,879 [INFO] Truck: Time:<107.12188188976377> Truck:[XHTruck18] Start loading at shovel NorthPitMine-LoadSite3-Shovel-1, load time is 4.060039370078741
2025-09-11 21:22:25,880 [INFO] Truck: Time:<108.10744231638577> Shovel NorthPitMine-LoadSite2-Shovel-3 maintenance completed
2025-09-11 21:22:25,880 [DEBUG] Truck: Time:<108.10744231638577> Truck:[XHTruck11] Start moving to ORDER(4): NorthPitMine-DumpSite5, move distance is 4.537108666577341, speed: 25
2025-09-11 21:22:25,880 [INFO] Truck: Time:<79> Truck:[XHTruck11] breakdown for 11.36512596463378 minutes at 79
2025-09-11 21:22:25,882 [DEBUG] Truck: Time:<108.21162802129327> Truck:[XHTruck29] Arrived at NorthPitMine-DumpSite5 at 108.21162802129327
2025-09-11 21:22:25,882 [INFO] Truck: Time:<108.57303183310668> Truck:[XHTruck10] is facing 0 mins delay caused by 4 pre-existing jam events on Road from NorthPitMine-DumpSite5 to NorthPitMine-LoadSite4
2025-09-11 21:22:25,882 [INFO] Truck: Time:<108.82134880620755> Truck:[XHTruck9] is facing 0 mins delay caused by 4 pre-existing jam events on Road from NorthPitMine-DumpSite5 to NorthPitMine-LoadSite4
2025-09-11 21:22:25,885 [INFO] Truck: Time:<109.21162802129327> Truck:[XHTruck29] Finish unloading at dumper NorthPitMine-DumpSite5-点位0, dumper tons is 1395.4251963003367
2025-09-11 21:22:25,886 [DEBUG] Truck: Time:<109.21162802129327> Truck:[XHTruck29] Start moving to ORDER(3):NorthPitMine-LoadSite4, move distance is 8.006165710271961, speed: 25
2025-09-11 21:22:25,886 [INFO] Truck: Time:<99> Truck:[XHTruck29] breakdown for 5.3480008891600574 minutes at 99
2025-09-11 21:22:25,887 [DEBUG] Truck: Time:<109.67161878502253> Truck:[XHTruck3] Arrived at NorthPitMine-DumpSite2 at 109.67161878502253
2025-09-11 21:22:25,887 [INFO] Truck: Time:<109.8133276326319> Truck:[CLTruck12] Arrived at NorthPitMine-LoadSite5 at 109.8133276326319
2025-09-11 21:22:25,887 [INFO] Truck: Time:<109.8133276326319> Truck:[CLTruck12] Start loading at shovel NorthPitMine-LoadSite5-Shovel-2, load time is 2.5836614173228347
2025-09-11 21:22:25,888 [INFO] Truck: Time:<109.88393954726163> Truck:[CLTruck22] is facing 0 mins delay caused by 4 pre-existing jam events on Road from NorthPitMine-DumpSite5 to NorthPitMine-LoadSite4
2025-09-11 21:22:25,892 [DEBUG] Truck: Time:<110.0974706682076> Truck:[OfficalTruck7] Arrived at NorthPitMine-DumpSite2 at 110.0974706682076
2025-09-11 21:22:25,893 [INFO] Truck: Time:<110.23208449728459> Truck:[XHTruck2] is facing 1.7819970966055108 mins delay caused by 1 pre-existing jam events on Road from NorthPitMine-LoadSite3 to NorthPitMine-DumpSite5
2025-09-11 21:22:25,893 [DEBUG] Truck: Time:<110.25837896765114> Truck:[XHTruck5] Arrived at NorthPitMine-DumpSite5 at 110.25837896765114
2025-09-11 21:22:25,893 [DEBUG] Truck: Time:<110.28615484307323> Truck:[XHTruck8] Arrived at NorthPitMine-DumpSite1 at 110.28615484307323
2025-09-11 21:22:25,893 [DEBUG] Truck: Time:<110.34091556544034> Truck:[XHTruck12] Arrived at NorthPitMine-DumpSite5 at 110.34091556544034
2025-09-11 21:22:25,893 [INFO] Truck: Time:<110.67161878502253> Truck:[XHTruck3] Finish unloading at dumper NorthPitMine-DumpSite2-点位0, dumper tons is 1141.2435404469156
2025-09-11 21:22:25,894 [DEBUG] Truck: Time:<110.67161878502253> Truck:[XHTruck3] Start moving to ORDER(2):NorthPitMine-LoadSite3, move distance is 4.724206963626061, speed: 25
2025-09-11 21:22:25,894 [INFO] Truck: Time:<110.75733333333332> Truck:[OfficalTruck4] Finish loading at shovel NorthPitMine-LoadSite4-Shovel-3
2025-09-11 21:22:25,895 [DEBUG] Truck: Time:<110.75733333333332> Truck:[OfficalTruck4] Start moving to ORDER(1): NorthPitMine-DumpSite2, move distance is 1.6194809009454962, speed: 25
2025-09-11 21:22:25,895 [INFO] Truck: Time:<99> Truck:[OfficalTruck4] breakdown for 10.789316752245286 minutes at 99
2025-09-11 21:22:25,895 [INFO] Truck: Time:<110.75733333333332> Truck:[XHTruck25] Start loading at shovel NorthPitMine-LoadSite4-Shovel-3, load time is 24.444444444444443
2025-09-11 21:22:25,895 [INFO] Truck: Time:<110.75733333333334> Truck:[CLTruck1] Finish loading at shovel NorthPitMine-LoadSite4-Shovel-5
2025-09-11 21:22:25,896 [DEBUG] Truck: Time:<110.75733333333334> Truck:[CLTruck1] Start moving to ORDER(1): NorthPitMine-DumpSite2, move distance is 1.4589132603311146, speed: 25
2025-09-11 21:22:25,896 [INFO] Truck: Time:<88> Truck:[CLTruck1] breakdown for 8.992155136215063 minutes at 88
2025-09-11 21:22:25,896 [INFO] Truck: Time:<110.75733333333334> Truck:[XHTruck24] Start loading at shovel NorthPitMine-LoadSite4-Shovel-5, load time is 24.444444444444443
2025-09-11 21:22:25,897 [INFO] Truck: Time:<110.91429630000712> Truck:[CLTruck28] Arrived at NorthPitMine-LoadSite5 at 110.91429630000712
2025-09-11 21:22:25,899 [INFO] Truck: Time:<111.0974706682076> Truck:[OfficalTruck7] Finish unloading at dumper NorthPitMine-DumpSite2-点位1, dumper tons is 244.40440945532578
2025-09-11 21:22:25,899 [DEBUG] Truck: Time:<111.0974706682076> Truck:[OfficalTruck7] Start moving to ORDER(4):NorthPitMine-LoadSite5, move distance is 7.813293672427543, speed: 25
2025-09-11 21:22:25,899 [INFO] Truck: Time:<111.0974706682076> Truck:[OfficalTruck7] is facing 0 mins delay caused by 5 pre-existing jam events on Road from NorthPitMine-DumpSite2 to NorthPitMine-LoadSite5
2025-09-11 21:22:25,901 [INFO] Truck: Time:<111.1163121939591> Truck:[XHTruck15] is facing 0 mins delay caused by 4 pre-existing jam events on Road from NorthPitMine-DumpSite5 to NorthPitMine-LoadSite4
2025-09-11 21:22:25,901 [INFO] Truck: Time:<111.18192125984251> Truck:[XHTruck18] Finish loading at shovel NorthPitMine-LoadSite3-Shovel-1
2025-09-11 21:22:25,901 [DEBUG] Truck: Time:<111.18192125984251> Truck:[XHTruck18] Start moving to ORDER(4): NorthPitMine-DumpSite5, move distance is 2.5384580928969736, speed: 25
2025-09-11 21:22:25,901 [INFO] Truck: Time:<110> Truck:[XHTruck18] breakdown for 7.63345142228003 minutes at 110
2025-09-11 21:22:25,901 [INFO] Truck: Time:<111.18192125984251> Truck:[CLTruck19] Start loading at shovel NorthPitMine-LoadSite3-Shovel-1, load time is 2.5836614173228347
2025-09-11 21:22:25,901 [INFO] Truck: Time:<111.20396016816369> Truck:[CLTruck27] Arrived at NorthPitMine-LoadSite5 at 111.20396016816369
2025-09-11 21:22:25,901 [INFO] Truck: Time:<111.25837896765114> Truck:[XHTruck5] Finish unloading at dumper NorthPitMine-DumpSite5-点位0, dumper tons is 1452.0967200445634
2025-09-11 21:22:25,901 [DEBUG] Truck: Time:<111.25837896765114> Truck:[XHTruck5] Start moving to ORDER(3):NorthPitMine-LoadSite4, move distance is 7.989253051070922, speed: 25
2025-09-11 21:22:25,903 [INFO] Truck: Time:<111.25837896765114> Truck:[XHTruck5] is facing 0 mins delay caused by 4 pre-existing jam events on Road from NorthPitMine-DumpSite5 to NorthPitMine-LoadSite4
2025-09-11 21:22:25,903 [DEBUG] Truck: Time:<111.26122324799584> Truck:[XHTruck14] Arrived at NorthPitMine-DumpSite2 at 111.26122324799584
2025-09-11 21:22:25,903 [INFO] Truck: Time:<111.28615484307323> Truck:[XHTruck8] Finish unloading at dumper NorthPitMine-DumpSite1-点位0, dumper tons is 909.5558071496024
2025-09-11 21:22:25,904 [DEBUG] Truck: Time:<111.28615484307323> Truck:[XHTruck8] Start moving to ORDER(2):NorthPitMine-LoadSite3, move distance is 2.98, speed: 25
2025-09-11 21:22:25,904 [INFO] Truck: Time:<100> Truck:[XHTruck8] breakdown for 14.104669537714965 minutes at 100
2025-09-11 21:22:25,904 [INFO] Truck: Time:<111.34091556544034> Truck:[XHTruck12] Finish unloading at dumper NorthPitMine-DumpSite5-点位1, dumper tons is 748.6809531983457
2025-09-11 21:22:25,904 [DEBUG] Truck: Time:<111.34091556544034> Truck:[XHTruck12] Start moving to ORDER(3):NorthPitMine-LoadSite4, move distance is 7.773920452436801, speed: 25
2025-09-11 21:22:25,904 [INFO] Truck: Time:<101> Truck:[XHTruck12] breakdown for 10.07898703188221 minutes at 101
2025-09-11 21:22:25,906 [INFO] Truck: Time:<112.1774289112147> Truck:[OfficalTruck3] Finish loading at shovel NorthPitMine-LoadSite4-Shovel-1
2025-09-11 21:22:25,907 [DEBUG] Truck: Time:<112.1774289112147> Truck:[OfficalTruck3] Start moving to ORDER(1): NorthPitMine-DumpSite2, move distance is 1.5619737800830584, speed: 25
2025-09-11 21:22:25,907 [INFO] Truck: Time:<93> Truck:[OfficalTruck3] breakdown for 8.943775951277418 minutes at 93
2025-09-11 21:22:25,907 [INFO] Truck: Time:<112.1774289112147> Truck:[CLTruck7] Start loading at shovel NorthPitMine-LoadSite4-Shovel-1, load time is 2.5836614173228347
2025-09-11 21:22:25,907 [INFO] Truck: Time:<112.26122324799584> Truck:[XHTruck14] Finish unloading at dumper NorthPitMine-DumpSite2-点位0, dumper tons is 1194.1266079023706
2025-09-11 21:22:25,908 [DEBUG] Truck: Time:<112.26122324799584> Truck:[XHTruck14] Start moving to ORDER(2):NorthPitMine-LoadSite3, move distance is 4.152217281193018, speed: 25
2025-09-11 21:22:25,908 [INFO] Truck: Time:<112.27270856360168> Truck:[CLTruck29] Arrived at NorthPitMine-LoadSite5 at 112.27270856360168
2025-09-11 21:22:25,908 [INFO] Truck: Time:<112.39698904995473> Truck:[CLTruck12] Finish loading at shovel NorthPitMine-LoadSite5-Shovel-2
2025-09-11 21:22:25,909 [INFO] Road: [RoadEvent] Road from NorthPitMine-LoadSite5 to NorthPitMine-DumpSite1 is in repair，the repair will last for 41.80 mins, and will end at 154.20, vehicle on this road will have to suffer punish_distance.
2025-09-11 21:22:25,909 [DEBUG] Truck: Time:<112.39698904995473> Truck:[CLTruck12] Start moving to ORDER(0): NorthPitMine-DumpSite1, move distance is 7.704179150759667, speed: 25
2025-09-11 21:22:25,909 [INFO] Truck: Time:<109> Truck:[CLTruck12] breakdown for 10.46783276674082 minutes at 109
2025-09-11 21:22:25,909 [INFO] Truck: Time:<112.39698904995473> Truck:[CLTruck28] Start loading at shovel NorthPitMine-LoadSite5-Shovel-2, load time is 2.5836614173228347
2025-09-11 21:22:25,909 [INFO] Truck: Time:<112.52313164782933> Truck:[CLTruck13] Arrived at NorthPitMine-LoadSite4 at 112.52313164782933
2025-09-11 21:22:25,912 [DEBUG] Truck: Time:<113.15263049799132> Truck:[CLTruck26] Arrived at NorthPitMine-DumpSite2 at 113.15263049799132
2025-09-11 21:22:25,912 [INFO] Truck: Time:<113.18325545278272> Truck:[XHTruck27] is facing 0 mins delay caused by 1 pre-existing jam events on Road from NorthPitMine-LoadSite3 to NorthPitMine-DumpSite5
2025-09-11 21:22:25,912 [INFO] Truck: Time:<113.21665940863771> Truck:[XHTruck21] Arrived at NorthPitMine-LoadSite4 at 113.21665940863771
2025-09-11 21:22:25,912 [INFO] Truck: Time:<113.38395410321866> Truck:[CLTruck20] Arrived at NorthPitMine-LoadSite4 at 113.38395410321866
2025-09-11 21:22:25,912 [INFO] Truck: Time:<113.62028035980855> Truck:[OfficalTruck9] Arrived at NorthPitMine-LoadSite5 at 113.62028035980855
2025-09-11 21:22:25,912 [DEBUG] Truck: Time:<113.68926918936955> Truck:[CLTruck23] Arrived at NorthPitMine-DumpSite2 at 113.68926918936955
2025-09-11 21:22:25,912 [INFO] Truck: Time:<113.76558267716534> Truck:[CLTruck19] Finish loading at shovel NorthPitMine-LoadSite3-Shovel-1
2025-09-11 21:22:25,912 [DEBUG] Truck: Time:<113.76558267716534> Truck:[CLTruck19] Start moving to ORDER(4): NorthPitMine-DumpSite5, move distance is 2.5374200892699803, speed: 25
2025-09-11 21:22:25,912 [INFO] Truck: Time:<111> Truck:[CLTruck19] breakdown for 11.055244821132016 minutes at 111
2025-09-11 21:22:25,915 [INFO] Truck: Time:<113.76558267716534> Truck:[CLTruck10] Start loading at shovel NorthPitMine-LoadSite3-Shovel-1, load time is 2.5836614173228347
2025-09-11 21:22:25,918 [INFO] Truck: Time:<114.09338099648411> Truck:[CLTruck3] is facing 0.7375675923759526 mins delay caused by 1 pre-existing jam events on Road from NorthPitMine-LoadSite4 to NorthPitMine-DumpSite2
2025-09-11 21:22:25,918 [INFO] Truck: Time:<114.15263049799132> Truck:[CLTruck26] Finish unloading at dumper NorthPitMine-DumpSite2-点位0, dumper tons is 1229.0235630187162
2025-09-11 21:22:25,919 [DEBUG] Truck: Time:<114.15263049799132> Truck:[CLTruck26] Start moving to ORDER(2):NorthPitMine-LoadSite3, move distance is 5.03402842444407, speed: 25
2025-09-11 21:22:25,919 [INFO] Truck: Time:<114.44959374000203> Truck:[XHTruck31] is facing 0 mins delay caused by 1 pre-existing jam events on Road from NorthPitMine-LoadSite3 to NorthPitMine-DumpSite5
2025-09-11 21:22:25,920 [INFO] Truck: Time:<114.55962891045333> Truck:[XHTruck29] is facing 0.4519254010736269 mins delay caused by 4 pre-existing jam events on Road from NorthPitMine-DumpSite5 to NorthPitMine-LoadSite4
2025-09-11 21:22:25,920 [INFO] Truck: Time:<114.68926918936955> Truck:[CLTruck23] Finish unloading at dumper NorthPitMine-DumpSite2-点位1, dumper tons is 279.4079751870336
2025-09-11 21:22:25,921 [DEBUG] Truck: Time:<114.68926918936955> Truck:[CLTruck23] Start moving to ORDER(2):NorthPitMine-LoadSite3, move distance is 4.289283768988482, speed: 25
2025-09-11 21:22:25,921 [INFO] Truck: Time:<112> Truck:[CLTruck23] breakdown for 9.188546279058077 minutes at 112
2025-09-11 21:22:25,921 [INFO] Truck: Time:<114.76109032853753> Truck:[CLTruck7] Finish loading at shovel NorthPitMine-LoadSite4-Shovel-1
2025-09-11 21:22:25,922 [DEBUG] Truck: Time:<114.76109032853753> Truck:[CLTruck7] Start moving to ORDER(1): NorthPitMine-DumpSite2, move distance is 1.723800026445881, speed: 25
2025-09-11 21:22:25,922 [INFO] Truck: Time:<111> Truck:[CLTruck7] breakdown for 9.000378671862554 minutes at 111
2025-09-11 21:22:25,922 [INFO] Truck: Time:<114.76109032853753> Truck:[CLTruck13] Start loading at shovel NorthPitMine-LoadSite4-Shovel-1, load time is 2.5836614173228347
2025-09-11 21:22:25,923 [INFO] Truck: Time:<114.98065046727756> Truck:[CLTruck28] Finish loading at shovel NorthPitMine-LoadSite5-Shovel-2
2025-09-11 21:22:25,923 [DEBUG] Truck: Time:<114.98065046727756> Truck:[CLTruck28] Start moving to ORDER(0): NorthPitMine-DumpSite1, move distance is 6.877470887855024, speed: 25
2025-09-11 21:22:25,923 [INFO] Truck: Time:<114> Truck:[CLTruck28] breakdown for 11.97667379828367 minutes at 114
2025-09-11 21:22:25,924 [INFO] Truck: Time:<114.98065046727756> Truck:[CLTruck29] Start loading at shovel NorthPitMine-LoadSite5-Shovel-2, load time is 2.5836614173228347
2025-09-11 21:22:25,929 [INFO] Truck: Time:<116.34924409448817> Truck:[CLTruck10] Finish loading at shovel NorthPitMine-LoadSite3-Shovel-1
2025-09-11 21:22:25,929 [DEBUG] Truck: Time:<116.34924409448817> Truck:[CLTruck10] Start moving to ORDER(4): NorthPitMine-DumpSite5, move distance is 2.7270654802698497, speed: 25
2025-09-11 21:22:25,929 [INFO] Truck: Time:<104> Truck:[CLTruck10] breakdown for 7.971774477674897 minutes at 104
2025-09-11 21:22:25,932 [INFO] Truck: Time:<117.34475174586036> Truck:[CLTruck13] Finish loading at shovel NorthPitMine-LoadSite4-Shovel-1
2025-09-11 21:22:25,932 [DEBUG] Truck: Time:<117.34475174586036> Truck:[CLTruck13] Start moving to ORDER(1): NorthPitMine-DumpSite2, move distance is 1.7632145571700855, speed: 25
2025-09-11 21:22:25,932 [INFO] Truck: Time:<117.34475174586036> Truck:[CLTruck13] is facing 0 mins delay caused by 1 pre-existing jam events on Road from NorthPitMine-LoadSite4 to NorthPitMine-DumpSite2
2025-09-11 21:22:25,934 [INFO] Truck: Time:<117.34475174586036> Truck:[XHTruck21] Start loading at shovel NorthPitMine-LoadSite4-Shovel-1, load time is 4.060039370078741
2025-09-11 21:22:25,934 [INFO] Truck: Time:<117.56431188460039> Truck:[CLTruck29] Finish loading at shovel NorthPitMine-LoadSite5-Shovel-2
2025-09-11 21:22:25,935 [DEBUG] Truck: Time:<117.56431188460039> Truck:[CLTruck29] Start moving to ORDER(0): NorthPitMine-DumpSite1, move distance is 6.782946906292933, speed: 25
2025-09-11 21:22:25,935 [INFO] Truck: Time:<111> Truck:[CLTruck29] breakdown for 8.149703586257122 minutes at 111
2025-09-11 21:22:25,935 [INFO] Truck: Time:<117.56431188460039> Truck:[OfficalTruck9] Start loading at shovel NorthPitMine-LoadSite5-Shovel-2, load time is 5.684055118110236
2025-09-11 21:22:25,935 [DEBUG] Truck: Time:<117.61400978018773> Truck:[CLTruck9] Arrived at NorthPitMine-DumpSite1 at 117.61400978018773
2025-09-11 21:22:25,935 [DEBUG] Truck: Time:<117.8825818159444> Truck:[CLTruck25] Arrived at NorthPitMine-DumpSite1 at 117.8825818159444
2025-09-11 21:22:25,935 [INFO] Truck: Time:<117.90510681434978> Truck:[CLTruck8] Arrived at NorthPitMine-LoadSite4 at 117.90510681434978
2025-09-11 21:22:25,936 [INFO] Truck: Time:<117.94344217310396> Truck:[XHTruck16] Arrived at NorthPitMine-LoadSite4 at 117.94344217310396
2025-09-11 21:22:25,938 [INFO] Truck: Time:<118.13811692821517> Truck:[CLTruck16] is facing 0 mins delay caused by 1 pre-existing jam events on Road from NorthPitMine-LoadSite4 to NorthPitMine-DumpSite2
2025-09-11 21:22:25,938 [DEBUG] Truck: Time:<118.30744784375614> Truck:[XHTruck2] Arrived at NorthPitMine-DumpSite5 at 118.30744784375614
2025-09-11 21:22:25,938 [DEBUG] Truck: Time:<118.31533530803414> Truck:[XHTruck13] Arrived at NorthPitMine-DumpSite5 at 118.31533530803414
2025-09-11 21:22:25,938 [DEBUG] Truck: Time:<118.31940933203795> Truck:[XHTruck17] Arrived at NorthPitMine-DumpSite5 at 118.31940933203795
2025-09-11 21:22:25,938 [DEBUG] Truck: Time:<118.42557169258615> Truck:[CLTruck3] Arrived at NorthPitMine-DumpSite2 at 118.42557169258615
2025-09-11 21:22:25,938 [DEBUG] Truck: Time:<118.57947044316322> Truck:[XHTruck27] Arrived at NorthPitMine-DumpSite5 at 118.57947044316322
2025-09-11 21:22:25,938 [INFO] Truck: Time:<118.61400978018773> Truck:[CLTruck9] Finish unloading at dumper NorthPitMine-DumpSite1-点位0, dumper tons is 942.4367763531977
2025-09-11 21:22:25,939 [INFO] Road: [RoadEvent] Road from NorthPitMine-DumpSite1 to NorthPitMine-LoadSite3 is in repair，the repair will last for 43.52 mins, and will end at 162.13, vehicle on this road will have to suffer punish_distance.
2025-09-11 21:22:25,940 [DEBUG] Truck: Time:<118.61400978018773> Truck:[CLTruck9] Start moving to ORDER(2):NorthPitMine-LoadSite3, move distance is 4.232874324021994, speed: 25
2025-09-11 21:22:25,940 [INFO] Truck: Time:<98> Truck:[CLTruck9] breakdown for 11.160514230845372 minutes at 98
2025-09-11 21:22:25,940 [INFO] Truck: Time:<118.8825818159444> Truck:[CLTruck25] Finish unloading at dumper NorthPitMine-DumpSite1-点位1, dumper tons is 294.57086421917745
2025-09-11 21:22:25,941 [DEBUG] Truck: Time:<118.8825818159444> Truck:[CLTruck25] Start moving to ORDER(2):NorthPitMine-LoadSite3, move distance is 4.199288820088267, speed: 25
2025-09-11 21:22:25,941 [INFO] Truck: Time:<110> Truck:[CLTruck25] breakdown for 12.281155435660544 minutes at 110
2025-09-11 21:22:25,943 [INFO] Truck: Time:<119.30744784375614> Truck:[XHTruck2] Finish unloading at dumper NorthPitMine-DumpSite5-点位0, dumper tons is 1508.1406972660677
2025-09-11 21:22:25,943 [DEBUG] Truck: Time:<119.30744784375614> Truck:[XHTruck2] Start moving to ORDER(3):NorthPitMine-LoadSite4, move distance is 7.324064213812955, speed: 25
2025-09-11 21:22:25,944 [INFO] Truck: Time:<119.30744784375614> Truck:[XHTruck2] is facing 2.579443551226367 mins delay caused by 5 pre-existing jam events on Road from NorthPitMine-DumpSite5 to NorthPitMine-LoadSite4
2025-09-11 21:22:25,944 [INFO] Truck: Time:<119.31533530803414> Truck:[XHTruck13] Finish unloading at dumper NorthPitMine-DumpSite5-点位1, dumper tons is 799.1841117331454
2025-09-11 21:22:25,944 [DEBUG] Truck: Time:<119.31533530803414> Truck:[XHTruck13] Start moving to ORDER(3):NorthPitMine-LoadSite4, move distance is 7.510807483689618, speed: 25
2025-09-11 21:22:25,944 [INFO] Truck: Time:<113> Truck:[XHTruck13] breakdown for 9.85132727896367 minutes at 113
2025-09-11 21:22:25,945 [INFO] Truck: Time:<119.31940933203795> Truck:[XHTruck17] Finish unloading at dumper NorthPitMine-DumpSite5-点位2, dumper tons is 266.62906806045936
2025-09-11 21:22:25,945 [DEBUG] Truck: Time:<119.31940933203795> Truck:[XHTruck17] Start moving to ORDER(3):NorthPitMine-LoadSite4, move distance is 6.398075030380334, speed: 25
2025-09-11 21:22:25,945 [INFO] Truck: Time:<110> Truck:[XHTruck17] breakdown for 10.317481811643916 minutes at 110
2025-09-11 21:22:25,945 [INFO] Truck: Time:<119.42557169258615> Truck:[CLTruck3] Finish unloading at dumper NorthPitMine-DumpSite2-点位0, dumper tons is 1266.5855781243083
2025-09-11 21:22:25,946 [DEBUG] Truck: Time:<119.42557169258615> Truck:[CLTruck3] Start moving to ORDER(2):NorthPitMine-LoadSite3, move distance is 4.309537869625817, speed: 25
2025-09-11 21:22:25,946 [INFO] Truck: Time:<119.42557169258615> Truck:[CLTruck3] is facing 3.359601369006642 mins delay caused by 1 pre-existing jam events on Road from NorthPitMine-DumpSite2 to NorthPitMine-LoadSite3
2025-09-11 21:22:25,946 [INFO] Truck: Time:<119.57947044316322> Truck:[XHTruck27] Finish unloading at dumper NorthPitMine-DumpSite5-点位3, dumper tons is 54.122813963025855
2025-09-11 21:22:25,947 [DEBUG] Truck: Time:<119.57947044316322> Truck:[XHTruck27] Start moving to ORDER(3):NorthPitMine-LoadSite4, move distance is 7.16197417756793, speed: 25
2025-09-11 21:22:25,947 [INFO] Truck: Time:<119.57947044316322> Truck:[XHTruck27] is facing 2.450504607396459 mins delay caused by 5 pre-existing jam events on Road from NorthPitMine-DumpSite5 to NorthPitMine-LoadSite4
2025-09-11 21:22:25,947 [INFO] Truck: Time:<119.64165747306672> Truck:[CLTruck11] Arrived at NorthPitMine-LoadSite5 at 119.64165747306672
2025-09-11 21:22:25,953 [INFO] Truck: Time:<121.38903183310669> Truck:[XHTruck10] Arrived at NorthPitMine-LoadSite4 at 121.38903183310669
2025-09-11 21:22:25,954 [INFO] Truck: Time:<121.4047911159391> Truck:[XHTruck21] Finish loading at shovel NorthPitMine-LoadSite4-Shovel-1
2025-09-11 21:22:25,955 [DEBUG] Truck: Time:<121.4047911159391> Truck:[XHTruck21] Start moving to ORDER(1): NorthPitMine-DumpSite2, move distance is 1.7109572207339128, speed: 25
2025-09-11 21:22:25,955 [INFO] Truck: Time:<121.4047911159391> Truck:[CLTruck20] Start loading at shovel NorthPitMine-LoadSite4-Shovel-1, load time is 2.5836614173228347
2025-09-11 21:22:25,955 [INFO] Truck: Time:<121.41990259732255> Truck:[XHTruck12] is facing 3.898849851144373 mins delay caused by 5 pre-existing jam events on Road from NorthPitMine-DumpSite5 to NorthPitMine-LoadSite4
2025-09-11 21:22:25,955 [DEBUG] Truck: Time:<121.43047853097553> Truck:[XHTruck31] Arrived at NorthPitMine-DumpSite5 at 121.43047853097553
2025-09-11 21:22:25,955 [INFO] Truck: Time:<121.5067781770115> Truck:[CLTruck4] Arrived at NorthPitMine-LoadSite4 at 121.5067781770115
2025-09-11 21:22:25,955 [DEBUG] Truck: Time:<121.57646668306857> Truck:[CLTruck13] Arrived at NorthPitMine-DumpSite2 at 121.57646668306857
2025-09-11 21:22:25,955 [INFO] Truck: Time:<121.75822222222223> Truck:[CLTruck18] Finish loading at shovel NorthPitMine-LoadSite3-Shovel-2
2025-09-11 21:22:25,955 [INFO] Truck: Time:<121.75822222222223> Truck:[CLTruck17] Finish loading at shovel NorthPitMine-LoadSite3-Shovel-3
2025-09-11 21:22:25,955 [DEBUG] Truck: Time:<121.75822222222223> Truck:[CLTruck18] Start moving to ORDER(4): NorthPitMine-DumpSite5, move distance is 2.7206141502918237, speed: 25
2025-09-11 21:22:25,955 [INFO] Truck: Time:<96> Truck:[CLTruck18] breakdown for 11.250303838929312 minutes at 96
2025-09-11 21:22:25,958 [DEBUG] Truck: Time:<121.75822222222223> Truck:[CLTruck17] Start moving to ORDER(4): NorthPitMine-DumpSite5, move distance is 2.3418319830189023, speed: 25
2025-09-11 21:22:25,958 [INFO] Truck: Time:<102> Truck:[CLTruck17] breakdown for 11.05530441892428 minutes at 102
2025-09-11 21:22:25,958 [INFO] Truck: Time:<121.75822222222223> Truck:[CLTruck24] Start loading at shovel NorthPitMine-LoadSite3-Shovel-2, load time is 15.555555555555555
2025-09-11 21:22:25,958 [INFO] Truck: Time:<121.75822222222223> Truck:[CLTruck15] Start loading at shovel NorthPitMine-LoadSite3-Shovel-3, load time is 15.555555555555555
2025-09-11 21:22:25,959 [INFO] Truck: Time:<122.00971549772508> Truck:[XHTruck3] Arrived at NorthPitMine-LoadSite3 at 122.00971549772508
2025-09-11 21:22:25,959 [INFO] Truck: Time:<122.00971549772508> Truck:[XHTruck3] Start loading at shovel NorthPitMine-LoadSite3-Shovel-1, load time is 4.060039370078741
2025-09-11 21:22:25,959 [INFO] Truck: Time:<122.22654472285909> Truck:[XHTruck14] Arrived at NorthPitMine-LoadSite3 at 122.22654472285909
2025-09-11 21:22:25,959 [DEBUG] Truck: Time:<122.33933191119468> Truck:[CLTruck16] Arrived at NorthPitMine-DumpSite2 at 122.33933191119468
2025-09-11 21:22:25,959 [INFO] Truck: Time:<122.42860412766612> Truck:[OfficalTruck6] Arrived at NorthPitMine-LoadSite4 at 122.42860412766612
2025-09-11 21:22:25,959 [INFO] Truck: Time:<122.43047853097553> Truck:[XHTruck31] Finish unloading at dumper NorthPitMine-DumpSite5-点位0, dumper tons is 1562.4409352218083
2025-09-11 21:22:25,959 [DEBUG] Truck: Time:<122.43047853097553> Truck:[XHTruck31] Start moving to ORDER(3):NorthPitMine-LoadSite4, move distance is 7.664823956860707, speed: 25
2025-09-11 21:22:25,959 [INFO] Truck: Time:<122.43047853097553> Truck:[XHTruck31] is facing 2.898495571130948 mins delay caused by 5 pre-existing jam events on Road from NorthPitMine-DumpSite5 to NorthPitMine-LoadSite4
2025-09-11 21:22:25,959 [INFO] Truck: Time:<122.57646668306857> Truck:[CLTruck13] Finish unloading at dumper NorthPitMine-DumpSite2-点位0, dumper tons is 1304.8457700119689
2025-09-11 21:22:25,963 [DEBUG] Truck: Time:<122.57646668306857> Truck:[CLTruck13] Start moving to ORDER(2):NorthPitMine-LoadSite3, move distance is 5.029382186605431, speed: 25
2025-09-11 21:22:25,964 [INFO] Truck: Time:<121> Truck:[CLTruck13] breakdown for 5.798953766173081 minutes at 121
2025-09-11 21:22:25,965 [INFO] Truck: Time:<123.24836700271062> Truck:[OfficalTruck9] Finish loading at shovel NorthPitMine-LoadSite5-Shovel-2
2025-09-11 21:22:25,966 [DEBUG] Truck: Time:<123.24836700271062> Truck:[OfficalTruck9] Start moving to ORDER(0): NorthPitMine-DumpSite1, move distance is 8.229291221087482, speed: 25
2025-09-11 21:22:25,967 [INFO] Truck: Time:<105> Truck:[OfficalTruck9] breakdown for 10.13495390909637 minutes at 105
2025-09-11 21:22:25,967 [INFO] Truck: Time:<123.24836700271062> Truck:[CLTruck11] Start loading at shovel NorthPitMine-LoadSite5-Shovel-2, load time is 2.5836614173228347
2025-09-11 21:22:25,967 [DEBUG] Truck: Time:<123.25088029434308> Truck:[CLTruck1] Arrived at NorthPitMine-DumpSite2 at 123.25088029434308
2025-09-11 21:22:25,967 [INFO] Truck: Time:<123.33933191119468> Truck:[CLTruck16] Finish unloading at dumper NorthPitMine-DumpSite2-点位1, dumper tons is 313.0309351528601
2025-09-11 21:22:25,968 [DEBUG] Truck: Time:<123.33933191119468> Truck:[CLTruck16] Start moving to ORDER(2):NorthPitMine-LoadSite3, move distance is 4.502310924427935, speed: 25
2025-09-11 21:22:25,968 [INFO] Truck: Time:<121> Truck:[CLTruck16] breakdown for 12.455761159150734 minutes at 121
2025-09-11 21:22:25,968 [INFO] Truck: Time:<123.87781546842763> Truck:[CLTruck23] is facing 0 mins delay caused by 2 pre-existing jam events on Road from NorthPitMine-DumpSite2 to NorthPitMine-LoadSite3
2025-09-11 21:22:25,968 [INFO] Truck: Time:<123.98845253326193> Truck:[CLTruck20] Finish loading at shovel NorthPitMine-LoadSite4-Shovel-1
2025-09-11 21:22:25,968 [DEBUG] Truck: Time:<123.98845253326193> Truck:[CLTruck20] Start moving to ORDER(1): NorthPitMine-DumpSite2, move distance is 1.670328699209622, speed: 25
2025-09-11 21:22:25,968 [INFO] Truck: Time:<102> Truck:[CLTruck20] breakdown for 3.681693295386493 minutes at 102
2025-09-11 21:22:25,968 [INFO] Truck: Time:<123.98845253326193> Truck:[CLTruck8] Start loading at shovel NorthPitMine-LoadSite4-Shovel-1, load time is 2.5836614173228347
2025-09-11 21:22:25,972 [INFO] Truck: Time:<124.25088029434308> Truck:[CLTruck1] Finish unloading at dumper NorthPitMine-DumpSite2-点位0, dumper tons is 1337.0931289204125
2025-09-11 21:22:25,973 [DEBUG] Truck: Time:<124.25088029434308> Truck:[CLTruck1] Start moving to ORDER(2):NorthPitMine-LoadSite3, move distance is 4.889396414701669, speed: 25
2025-09-11 21:22:25,973 [INFO] Truck: Time:<124.25088029434308> Truck:[CLTruck1] is facing 0 mins delay caused by 2 pre-existing jam events on Road from NorthPitMine-DumpSite2 to NorthPitMine-LoadSite3
2025-09-11 21:22:25,973 [INFO] Truck: Time:<124.59089689097425> Truck:[XHTruck20] Arrived at NorthPitMine-LoadSite5 at 124.59089689097425
2025-09-11 21:22:25,974 [DEBUG] Truck: Time:<124.86994193469147> Truck:[OfficalTruck3] Arrived at NorthPitMine-DumpSite2 at 124.86994193469147
2025-09-11 21:22:25,974 [DEBUG] Truck: Time:<124.90767210507528> Truck:[XHTruck18] Arrived at NorthPitMine-DumpSite5 at 124.90767210507528
2025-09-11 21:22:25,975 [INFO] Truck: Time:<125.42399999999999> Truck:[XHTruck26] Finish loading at shovel NorthPitMine-LoadSite4-Shovel-4
2025-09-11 21:22:25,976 [DEBUG] Truck: Time:<125.42399999999999> Truck:[XHTruck26] Start moving to ORDER(1): NorthPitMine-DumpSite2, move distance is 1.7854192692445865, speed: 25
2025-09-11 21:22:25,976 [INFO] Truck: Time:<120> Truck:[XHTruck26] breakdown for 12.66049491049942 minutes at 120
2025-09-11 21:22:25,977 [INFO] Truck: Time:<125.42399999999999> Truck:[OfficalTruck2] Start loading at shovel NorthPitMine-LoadSite4-Shovel-4, load time is 34.22222222222222
2025-09-11 21:22:25,977 [DEBUG] Truck: Time:<125.43340424784779> Truck:[OfficalTruck4] Arrived at NorthPitMine-DumpSite2 at 125.43340424784779
2025-09-11 21:22:25,977 [DEBUG] Truck: Time:<125.5110884457005> Truck:[XHTruck21] Arrived at NorthPitMine-DumpSite2 at 125.5110884457005
2025-09-11 21:22:25,977 [INFO] Truck: Time:<125.83202842003345> Truck:[CLTruck11] Finish loading at shovel NorthPitMine-LoadSite5-Shovel-2
2025-09-11 21:22:25,978 [DEBUG] Truck: Time:<125.83202842003345> Truck:[CLTruck11] Start moving to ORDER(0): NorthPitMine-DumpSite1, move distance is 6.921570065846438, speed: 25
2025-09-11 21:22:25,978 [INFO] Truck: Time:<119> Truck:[CLTruck11] breakdown for 11.771761217508388 minutes at 119
2025-09-11 21:22:25,978 [INFO] Truck: Time:<125.83202842003345> Truck:[XHTruck20] Start loading at shovel NorthPitMine-LoadSite5-Shovel-2, load time is 4.060039370078741
2025-09-11 21:22:25,979 [INFO] Truck: Time:<125.86994193469147> Truck:[OfficalTruck3] Finish unloading at dumper NorthPitMine-DumpSite2-点位0, dumper tons is 1409.1915334222924
2025-09-11 21:22:25,979 [DEBUG] Truck: Time:<125.86994193469147> Truck:[OfficalTruck3] Start moving to ORDER(4):NorthPitMine-LoadSite5, move distance is 7.626063010149598, speed: 25
2025-09-11 21:22:25,979 [INFO] Truck: Time:<125.86994193469147> Truck:[OfficalTruck3] is facing 0 mins delay caused by 3 pre-existing jam events on Road from NorthPitMine-DumpSite2 to NorthPitMine-LoadSite5
2025-09-11 21:22:25,979 [INFO] Truck: Time:<125.90767210507528> Truck:[XHTruck18] Finish unloading at dumper NorthPitMine-DumpSite5-点位0, dumper tons is 1612.3520398268236
2025-09-11 21:22:25,979 [DEBUG] Truck: Time:<125.90767210507528> Truck:[XHTruck18] Start moving to ORDER(3):NorthPitMine-LoadSite4, move distance is 7.521967514244852, speed: 25
2025-09-11 21:22:25,979 [INFO] Truck: Time:<125.90767210507528> Truck:[XHTruck18] is facing 4.538084042510638 mins delay caused by 6 pre-existing jam events on Road from NorthPitMine-DumpSite5 to NorthPitMine-LoadSite4
2025-09-11 21:22:25,984 [INFO] Truck: Time:<126.06975486780382> Truck:[XHTruck3] Finish loading at shovel NorthPitMine-LoadSite3-Shovel-1
2025-09-11 21:22:25,985 [DEBUG] Truck: Time:<126.06975486780382> Truck:[XHTruck3] Start moving to ORDER(4): NorthPitMine-DumpSite5, move distance is 2.5279533724873486, speed: 25
2025-09-11 21:22:25,985 [INFO] Truck: Time:<123> Truck:[XHTruck3] breakdown for 10.00426017880354 minutes at 123
2025-09-11 21:22:25,985 [INFO] Truck: Time:<126.06975486780382> Truck:[XHTruck14] Start loading at shovel NorthPitMine-LoadSite3-Shovel-1, load time is 4.060039370078741
2025-09-11 21:22:25,986 [INFO] Truck: Time:<126.2342987166571> Truck:[CLTruck26] Arrived at NorthPitMine-LoadSite3 at 126.2342987166571
2025-09-11 21:22:25,986 [INFO] Truck: Time:<126.43340424784779> Truck:[OfficalTruck4] Finish unloading at dumper NorthPitMine-DumpSite2-点位1, dumper tons is 387.14662453616495
2025-09-11 21:22:25,986 [DEBUG] Truck: Time:<126.43340424784779> Truck:[OfficalTruck4] Start moving to ORDER(4):NorthPitMine-LoadSite5, move distance is 7.8210805720632175, speed: 25
2025-09-11 21:22:25,987 [INFO] Truck: Time:<126.43340424784779> Truck:[OfficalTruck4] is facing 0 mins delay caused by 1 pre-existing jam events on Road from NorthPitMine-DumpSite2 to NorthPitMine-LoadSite5
2025-09-11 21:22:25,987 [INFO] Truck: Time:<126.5110884457005> Truck:[XHTruck21] Finish unloading at dumper NorthPitMine-DumpSite2-点位2, dumper tons is 196.37528245939177
2025-09-11 21:22:25,988 [DEBUG] Truck: Time:<126.5110884457005> Truck:[XHTruck21] Start moving to ORDER(2):NorthPitMine-LoadSite3, move distance is 4.640157897736297, speed: 25
2025-09-11 21:22:25,988 [INFO] Truck: Time:<122> Truck:[XHTruck21] breakdown for 10.493686117724309 minutes at 122
2025-09-11 21:22:25,988 [INFO] Truck: Time:<126.57211395058476> Truck:[CLTruck8] Finish loading at shovel NorthPitMine-LoadSite4-Shovel-1
2025-09-11 21:22:25,989 [DEBUG] Truck: Time:<126.57211395058476> Truck:[CLTruck8] Start moving to ORDER(1): NorthPitMine-DumpSite2, move distance is 1.8236884848422565, speed: 25
2025-09-11 21:22:25,989 [INFO] Truck: Time:<113> Truck:[CLTruck8] breakdown for 13.233430423670296 minutes at 113
2025-09-11 21:22:25,989 [INFO] Truck: Time:<126.57211395058476> Truck:[XHTruck16] Start loading at shovel NorthPitMine-LoadSite4-Shovel-1, load time is 4.060039370078741
2025-09-11 21:22:25,992 [INFO] Truck: Time:<127.45253979508638> Truck:[XHTruck9] Arrived at NorthPitMine-LoadSite4 at 127.45253979508638
2025-09-11 21:22:25,992 [INFO] Truck: Time:<127.67014582864843> Truck:[CLTruck20] is facing 0.4253532304209786 mins delay caused by 1 pre-existing jam events on Road from NorthPitMine-LoadSite4 to NorthPitMine-DumpSite2
2025-09-11 21:22:25,993 [DEBUG] Truck: Time:<127.86850230576337> Truck:[CLTruck2] Arrived at NorthPitMine-DumpSite5 at 127.86850230576337
2025-09-11 21:22:25,993 [DEBUG] Truck: Time:<127.89858906387019> Truck:[CLTruck7] Arrived at NorthPitMine-DumpSite2 at 127.89858906387019
2025-09-11 21:22:25,994 [INFO] Truck: Time:<128.3248555680379> Truck:[CLTruck22] Arrived at NorthPitMine-LoadSite4 at 128.3248555680379
2025-09-11 21:22:25,995 [INFO] Truck: Time:<128.37542044924166> Truck:[CLTruck13] is facing 3.838416771065422 mins delay caused by 1 pre-existing jam events on Road from NorthPitMine-DumpSite2 to NorthPitMine-LoadSite3
2025-09-11 21:22:25,995 [INFO] Truck: Time:<128.86850230576337> Truck:[CLTruck2] Finish unloading at dumper NorthPitMine-DumpSite5-点位0, dumper tons is 1648.0674601867513
2025-09-11 21:22:25,996 [DEBUG] Truck: Time:<128.86850230576337> Truck:[CLTruck2] Start moving to ORDER(3):NorthPitMine-LoadSite4, move distance is 6.67515687407458, speed: 25
2025-09-11 21:22:25,996 [INFO] Truck: Time:<125> Truck:[CLTruck2] breakdown for 12.826931889418997 minutes at 125
2025-09-11 21:22:25,996 [INFO] Truck: Time:<128.8985890638702> Truck:[CLTruck7] Finish unloading at dumper NorthPitMine-DumpSite2-点位0, dumper tons is 1441.2237312328232
2025-09-11 21:22:25,997 [DEBUG] Truck: Time:<128.8985890638702> Truck:[CLTruck7] Start moving to ORDER(2):NorthPitMine-LoadSite3, move distance is 5.039741106809444, speed: 25
2025-09-11 21:22:25,997 [INFO] Truck: Time:<128.8985890638702> Truck:[CLTruck7] is facing 3.3031036445820954 mins delay caused by 1 pre-existing jam events on Road from NorthPitMine-DumpSite2 to NorthPitMine-LoadSite3
2025-09-11 21:22:25,997 [INFO] Truck: Time:<129.1666625869978> Truck:[XHTruck13] is facing 5.5306632067349 mins delay caused by 7 pre-existing jam events on Road from NorthPitMine-DumpSite5 to NorthPitMine-LoadSite4
2025-09-11 21:22:26,000 [INFO] Truck: Time:<129.47386436311993> Truck:[XHTruck15] Arrived at NorthPitMine-LoadSite4 at 129.47386436311993
2025-09-11 21:22:26,000 [INFO] Truck: Time:<129.63689114368185> Truck:[XHTruck17] is facing 7.046905491784175 mins delay caused by 6 pre-existing jam events on Road from NorthPitMine-DumpSite5 to NorthPitMine-LoadSite4
2025-09-11 21:22:26,001 [INFO] Truck: Time:<129.82280938748303> Shovel NorthPitMine-LoadSite4-Shovel-2 maintenance completed
2025-09-11 21:22:26,002 [DEBUG] Truck: Time:<129.82280938748303> Truck:[XHTruck30] Start moving to ORDER(1): NorthPitMine-DumpSite2, move distance is 1.8470117957160392, speed: 25
2025-09-11 21:22:26,002 [INFO] Truck: Time:<120> Truck:[XHTruck30] breakdown for 7.10507405285672 minutes at 120
2025-09-11 21:22:26,002 [INFO] Truck: Time:<129.82280938748303> Truck:[CLTruck6] Start loading at shovel NorthPitMine-LoadSite4-Shovel-2, load time is 15.555555555555555
2025-09-11 21:22:26,002 [INFO] Truck: Time:<129.8493754820337> Truck:[OfficalTruck7] Arrived at NorthPitMine-LoadSite5 at 129.8493754820337
2025-09-11 21:22:26,003 [INFO] Truck: Time:<129.8920677901122> Truck:[XHTruck20] Finish loading at shovel NorthPitMine-LoadSite5-Shovel-2
2025-09-11 21:22:26,003 [DEBUG] Truck: Time:<129.8920677901122> Truck:[XHTruck20] Start moving to ORDER(0): NorthPitMine-DumpSite1, move distance is 6.646474177535894, speed: 25
2025-09-11 21:22:26,003 [INFO] Truck: Time:<122> Truck:[XHTruck20] breakdown for 14.601839217473056 minutes at 122
2025-09-11 21:22:26,004 [INFO] Truck: Time:<129.8920677901122> Truck:[OfficalTruck7] Start loading at shovel NorthPitMine-LoadSite5-Shovel-2, load time is 5.684055118110236
2025-09-11 21:22:26,006 [INFO] Truck: Time:<130.12979423788255> Truck:[XHTruck14] Finish loading at shovel NorthPitMine-LoadSite3-Shovel-1
2025-09-11 21:22:26,008 [DEBUG] Truck: Time:<130.12979423788255> Truck:[XHTruck14] Start moving to ORDER(4): NorthPitMine-DumpSite5, move distance is 2.5411375199680624, speed: 25
2025-09-11 21:22:26,008 [INFO] Truck: Time:<125> Truck:[XHTruck14] breakdown for 11.84270107680306 minutes at 125
2025-09-11 21:22:26,008 [INFO] Truck: Time:<130.12979423788255> Truck:[CLTruck26] Start loading at shovel NorthPitMine-LoadSite3-Shovel-1, load time is 2.5836614173228347
2025-09-11 21:22:26,008 [DEBUG] Truck: Time:<130.36162908080516> Truck:[XHTruck11] Arrived at NorthPitMine-DumpSite5 at 130.36162908080516
2025-09-11 21:22:26,008 [INFO] Truck: Time:<130.43258629022137> Truck:[XHTruck5] Arrived at NorthPitMine-LoadSite4 at 130.43258629022137
2025-09-11 21:22:26,008 [INFO] Truck: Time:<130.63215332066352> Truck:[XHTruck16] Finish loading at shovel NorthPitMine-LoadSite4-Shovel-1
2025-09-11 21:22:26,008 [DEBUG] Truck: Time:<130.63215332066352> Truck:[XHTruck16] Start moving to ORDER(1): NorthPitMine-DumpSite2, move distance is 1.6075631231809164, speed: 25
2025-09-11 21:22:26,008 [INFO] Truck: Time:<130> Truck:[XHTruck16] breakdown for 6.907032239550005 minutes at 130
2025-09-11 21:22:26,008 [INFO] Truck: Time:<130.63215332066352> Truck:[CLTruck4] Start loading at shovel NorthPitMine-LoadSite4-Shovel-1, load time is 2.5836614173228347
2025-09-11 21:22:26,008 [DEBUG] Truck: Time:<130.8659757248107> Truck:[CLTruck10] Arrived at NorthPitMine-DumpSite5 at 130.8659757248107
2025-09-11 21:22:26,008 [DEBUG] Truck: Time:<130.91063571254531> Truck:[CLTruck19] Arrived at NorthPitMine-DumpSite5 at 130.91063571254531
2025-09-11 21:22:26,012 [INFO] Truck: Time:<131.36162908080516> Truck:[XHTruck11] Finish unloading at dumper NorthPitMine-DumpSite5-点位0, dumper tons is 1706.9473427146406
2025-09-11 21:22:26,013 [DEBUG] Truck: Time:<131.36162908080516> Truck:[XHTruck11] Start moving to ORDER(3):NorthPitMine-LoadSite4, move distance is 7.860419173865983, speed: 25
2025-09-11 21:22:26,013 [INFO] Truck: Time:<131.36162908080516> Truck:[XHTruck11] is facing 13.896298414439917 mins delay caused by 6 pre-existing jam events on Road from NorthPitMine-DumpSite5 to NorthPitMine-LoadSite4
2025-09-11 21:22:26,014 [INFO] Truck: Time:<131.8659757248107> Truck:[CLTruck10] Finish unloading at dumper NorthPitMine-DumpSite5-点位1, dumper tons is 834.2188629227379
2025-09-11 21:22:26,014 [DEBUG] Truck: Time:<131.8659757248107> Truck:[CLTruck10] Start moving to ORDER(3):NorthPitMine-LoadSite4, move distance is 7.216328205137823, speed: 25
2025-09-11 21:22:26,015 [INFO] Truck: Time:<131.8659757248107> Truck:[CLTruck10] is facing 14.004803155069613 mins delay caused by 6 pre-existing jam events on Road from NorthPitMine-DumpSite5 to NorthPitMine-LoadSite4
2025-09-11 21:22:26,015 [INFO] Truck: Time:<131.91063571254531> Truck:[CLTruck19] Finish unloading at dumper NorthPitMine-DumpSite5-点位2, dumper tons is 298.98621783337995
2025-09-11 21:22:26,016 [DEBUG] Truck: Time:<131.91063571254531> Truck:[CLTruck19] Start moving to ORDER(3):NorthPitMine-LoadSite4, move distance is 7.237121164340213, speed: 25
2025-09-11 21:22:26,016 [INFO] Truck: Time:<131.91063571254531> Truck:[CLTruck19] is facing 13.87941707378869 mins delay caused by 6 pre-existing jam events on Road from NorthPitMine-DumpSite5 to NorthPitMine-LoadSite4
2025-09-11 21:22:26,019 [DEBUG] Truck: Time:<132.1042879371725> Truck:[CLTruck20] Arrived at NorthPitMine-DumpSite2 at 132.1042879371725
2025-09-11 21:22:26,019 [INFO] Truck: Time:<132.5428243807882> Truck:[XHTruck8] Arrived at NorthPitMine-LoadSite3 at 132.5428243807882
2025-09-11 21:22:26,020 [INFO] Truck: Time:<132.7134556552054> Truck:[CLTruck26] Finish loading at shovel NorthPitMine-LoadSite3-Shovel-1
2025-09-11 21:22:26,021 [DEBUG] Truck: Time:<132.7134556552054> Truck:[CLTruck26] Start moving to ORDER(4): NorthPitMine-DumpSite5, move distance is 2.7181284936887344, speed: 25
2025-09-11 21:22:26,021 [INFO] Truck: Time:<122> Truck:[CLTruck26] breakdown for 14.66763759731933 minutes at 122
2025-09-11 21:22:26,021 [INFO] Truck: Time:<132.7134556552054> Truck:[XHTruck8] Start loading at shovel NorthPitMine-LoadSite3-Shovel-1, load time is 4.060039370078741
2025-09-11 21:22:26,021 [INFO] Truck: Time:<132.8135266411465> Truck:[CLTruck17] is facing 7.053713477801187 mins delay caused by 1 pre-existing jam events on Road from NorthPitMine-LoadSite3 to NorthPitMine-DumpSite5
2025-09-11 21:22:26,024 [INFO] Truck: Time:<133.00852606115154> Truck:[CLTruck18] is facing 6.011515985168897 mins delay caused by 1 pre-existing jam events on Road from NorthPitMine-LoadSite3 to NorthPitMine-DumpSite5
2025-09-11 21:22:26,024 [INFO] Truck: Time:<133.1042879371725> Truck:[CLTruck20] Finish unloading at dumper NorthPitMine-DumpSite2-点位0, dumper tons is 1477.8226279580026
2025-09-11 21:22:26,024 [DEBUG] Truck: Time:<133.1042879371725> Truck:[CLTruck20] Start moving to ORDER(2):NorthPitMine-LoadSite3, move distance is 4.696173864799071, speed: 25
2025-09-11 21:22:26,024 [INFO] Truck: Time:<133.1042879371725> Truck:[CLTruck20] is facing 0 mins delay caused by 2 pre-existing jam events on Road from NorthPitMine-DumpSite2 to NorthPitMine-LoadSite3
2025-09-11 21:22:26,026 [INFO] Truck: Time:<133.12806394869475> Truck:[CLTruck3] Arrived at NorthPitMine-LoadSite3 at 133.12806394869475
2025-09-11 21:22:26,026 [INFO] Truck: Time:<133.21581473798636> Truck:[CLTruck4] Finish loading at shovel NorthPitMine-LoadSite4-Shovel-1
2025-09-11 21:22:26,027 [DEBUG] Truck: Time:<133.21581473798636> Truck:[CLTruck4] Start moving to ORDER(1): NorthPitMine-DumpSite2, move distance is 1.8284503916326722, speed: 25
2025-09-11 21:22:26,027 [INFO] Truck: Time:<129> Truck:[CLTruck4] breakdown for 10.257425331917643 minutes at 129
2025-09-11 21:22:26,027 [INFO] Truck: Time:<133.21581473798636> Truck:[OfficalTruck6] Start loading at shovel NorthPitMine-LoadSite4-Shovel-1, load time is 5.684055118110236
2025-09-11 21:22:26,028 [INFO] Truck: Time:<134.17209651399997> Truck:[CLTruck23] Arrived at NorthPitMine-LoadSite3 at 134.17209651399997
2025-09-11 21:22:26,028 [INFO] Truck: Time:<134.22635201617967> Truck:[XHTruck29] Arrived at NorthPitMine-LoadSite4 at 134.22635201617967
2025-09-11 21:22:26,031 [INFO] Truck: Time:<135.20177777777775> Truck:[XHTruck25] Finish loading at shovel NorthPitMine-LoadSite4-Shovel-3
2025-09-11 21:22:26,032 [DEBUG] Truck: Time:<135.20177777777775> Truck:[XHTruck25] Start moving to ORDER(1): NorthPitMine-DumpSite2, move distance is 1.6760434694708777, speed: 25
2025-09-11 21:22:26,032 [INFO] Truck: Time:<127> Truck:[XHTruck25] breakdown for 6.208272658174829 minutes at 127
2025-09-11 21:22:26,032 [INFO] Truck: Time:<135.20177777777775> Truck:[XHTruck23] Start loading at shovel NorthPitMine-LoadSite4-Shovel-3, load time is 24.444444444444443
2025-09-11 21:22:26,033 [INFO] Truck: Time:<135.20177777777778> Truck:[XHTruck24] Finish loading at shovel NorthPitMine-LoadSite4-Shovel-5
2025-09-11 21:22:26,033 [DEBUG] Truck: Time:<135.20177777777778> Truck:[XHTruck24] Start moving to ORDER(1): NorthPitMine-DumpSite2, move distance is 1.5730658448219927, speed: 25
2025-09-11 21:22:26,033 [INFO] Truck: Time:<104> Truck:[XHTruck24] breakdown for 6.3826288150835016 minutes at 104
2025-09-11 21:22:26,033 [INFO] Truck: Time:<135.20177777777778> Truck:[OfficalTruck1] Start loading at shovel NorthPitMine-LoadSite4-Shovel-5, load time is 34.22222222222222
2025-09-11 21:22:26,033 [INFO] Truck: Time:<135.57612290822243> Truck:[OfficalTruck7] Finish loading at shovel NorthPitMine-LoadSite5-Shovel-2
2025-09-11 21:22:26,034 [DEBUG] Truck: Time:<135.57612290822243> Truck:[OfficalTruck7] Start moving to ORDER(0): NorthPitMine-DumpSite1, move distance is 7.2107306038337455, speed: 25
2025-09-11 21:22:26,034 [INFO] Truck: Time:<117> Truck:[OfficalTruck7] breakdown for 6.53236746951039 minutes at 117
2025-09-11 21:22:26,034 [INFO] Truck: Time:<135.79509307034542> Truck:[CLTruck16] is facing 0 mins delay caused by 1 pre-existing jam events on Road from NorthPitMine-DumpSite2 to NorthPitMine-LoadSite3
2025-09-11 21:22:26,035 [INFO] Truck: Time:<135.9854316896271> Truck:[CLTruck1] Arrived at NorthPitMine-LoadSite3 at 135.9854316896271
2025-09-11 21:22:26,036 [INFO] Truck: Time:<136.07401504660737> Truck:[XHTruck3] is facing 3.376939153793467 mins delay caused by 1 pre-existing jam events on Road from NorthPitMine-LoadSite3 to NorthPitMine-DumpSite5
2025-09-11 21:22:26,037 [INFO] Truck: Time:<136.77349502528415> Truck:[XHTruck8] Finish loading at shovel NorthPitMine-LoadSite3-Shovel-1
2025-09-11 21:22:26,039 [DEBUG] Truck: Time:<136.77349502528415> Truck:[XHTruck8] Start moving to ORDER(4): NorthPitMine-DumpSite5, move distance is 2.502684945140589, speed: 25
2025-09-11 21:22:26,039 [INFO] Truck: Time:<136.77349502528415> Truck:[XHTruck8] is facing 2.7339754654706443 mins delay caused by 1 pre-existing jam events on Road from NorthPitMine-LoadSite3 to NorthPitMine-DumpSite5
2025-09-11 21:22:26,039 [INFO] Truck: Time:<136.77349502528415> Truck:[CLTruck3] Start loading at shovel NorthPitMine-LoadSite3-Shovel-1, load time is 2.5836614173228347
2025-09-11 21:22:26,039 [INFO] Truck: Time:<137.0047745634248> Truck:[XHTruck21] is facing 0 mins delay caused by 1 pre-existing jam events on Road from NorthPitMine-DumpSite2 to NorthPitMine-LoadSite3
2025-09-11 21:22:26,039 [INFO] Truck: Time:<137.31377777777777> Truck:[CLTruck24] Finish loading at shovel NorthPitMine-LoadSite3-Shovel-2
2025-09-11 21:22:26,039 [INFO] Truck: Time:<137.31377777777777> Truck:[CLTruck15] Finish loading at shovel NorthPitMine-LoadSite3-Shovel-3
2025-09-11 21:22:26,042 [INFO] Truck: Time:<137.31377777777777> Shovel NorthPitMine-LoadSite3-Shovel-2 under maintenance for 45.85 minutes
2025-09-11 21:22:26,042 [DEBUG] Truck: Time:<137.31377777777777> Truck:[CLTruck15] Start moving to ORDER(4): NorthPitMine-DumpSite5, move distance is 2.096955518059107, speed: 25
2025-09-11 21:22:26,042 [INFO] Truck: Time:<123> Truck:[CLTruck15] breakdown for 8.529719610621086 minutes at 123
2025-09-11 21:22:26,043 [INFO] Truck: Time:<137.31377777777777> Truck:[XHTruck1] Start loading at shovel NorthPitMine-LoadSite3-Shovel-3, load time is 24.444444444444443
2025-09-11 21:22:26,045 [INFO] Truck: Time:<138.4585601361257> Shovel NorthPitMine-LoadSite5-Shovel-1 maintenance completed
2025-09-11 21:22:26,046 [DEBUG] Truck: Time:<138.4585601361257> Truck:[OfficalTruck5] Start moving to ORDER(0): NorthPitMine-DumpSite1, move distance is 6.534704243322675, speed: 25
2025-09-11 21:22:26,046 [INFO] Truck: Time:<138> Truck:[OfficalTruck5] breakdown for 8.387677296948286 minutes at 138
2025-09-11 21:22:26,046 [INFO] Truck: Time:<138.4585601361257> Truck:[XHTruck22] Start loading at shovel NorthPitMine-LoadSite5-Shovel-1, load time is 4.060039370078741
2025-09-11 21:22:26,047 [INFO] Truck: Time:<138.8998698560966> Truck:[OfficalTruck6] Finish loading at shovel NorthPitMine-LoadSite4-Shovel-1
2025-09-11 21:22:26,047 [DEBUG] Truck: Time:<138.8998698560966> Truck:[OfficalTruck6] Start moving to ORDER(1): NorthPitMine-DumpSite2, move distance is 1.7403844965022746, speed: 25
2025-09-11 21:22:26,047 [INFO] Truck: Time:<138.8998698560966> Truck:[XHTruck9] Start loading at shovel NorthPitMine-LoadSite4-Shovel-1, load time is 4.060039370078741
2025-09-11 21:22:26,052 [INFO] Truck: Time:<139.2187130767227> Truck:[XHTruck27] Arrived at NorthPitMine-LoadSite4 at 139.2187130767227
2025-09-11 21:22:26,052 [INFO] Truck: Time:<139.357156442607> Truck:[CLTruck3] Finish loading at shovel NorthPitMine-LoadSite3-Shovel-1
2025-09-11 21:22:26,053 [DEBUG] Truck: Time:<139.357156442607> Truck:[CLTruck3] Start moving to ORDER(4): NorthPitMine-DumpSite5, move distance is 2.536215654795441, speed: 25
2025-09-11 21:22:26,053 [INFO] Truck: Time:<137> Truck:[CLTruck3] breakdown for 12.803380723107587 minutes at 137
2025-09-11 21:22:26,053 [INFO] Truck: Time:<139.357156442607> Truck:[CLTruck23] Start loading at shovel NorthPitMine-LoadSite3-Shovel-1, load time is 2.5836614173228347
2025-09-11 21:22:26,053 [INFO] Truck: Time:<139.4646455081336> Truck:[XHTruck2] Arrived at NorthPitMine-LoadSite4 at 139.4646455081336
2025-09-11 21:22:26,053 [INFO] Truck: Time:<139.93342238868587> Truck:[CLTruck9] Arrived at NorthPitMine-LoadSite3 at 139.93342238868587
2025-09-11 21:22:26,056 [INFO] Truck: Time:<141.24203041981679> Truck:[CLTruck25] Arrived at NorthPitMine-LoadSite3 at 141.24203041981679
2025-09-11 21:22:26,056 [DEBUG] Truck: Time:<141.35485177851876> Truck:[CLTruck12] Arrived at NorthPitMine-DumpSite1 at 141.35485177851876
2025-09-11 21:22:26,056 [DEBUG] Truck: Time:<141.36071175005824> Truck:[XHTruck30] Arrived at NorthPitMine-DumpSite2 at 141.36071175005824
2025-09-11 21:22:26,056 [DEBUG] Truck: Time:<141.39733705584771> Truck:[XHTruck16] Arrived at NorthPitMine-DumpSite2 at 141.39733705584771
2025-09-11 21:22:26,056 [INFO] Truck: Time:<141.69543419518237> Truck:[CLTruck2] is facing 2.67093677944227 mins delay caused by 2 pre-existing jam events on Road from NorthPitMine-DumpSite5 to NorthPitMine-LoadSite4
2025-09-11 21:22:26,060 [INFO] Truck: Time:<141.94081785992984> Truck:[CLTruck23] Finish loading at shovel NorthPitMine-LoadSite3-Shovel-1
2025-09-11 21:22:26,060 [DEBUG] Truck: Time:<141.94081785992984> Truck:[CLTruck23] Start moving to ORDER(4): NorthPitMine-DumpSite5, move distance is 2.6931848883604217, speed: 25
2025-09-11 21:22:26,060 [INFO] Truck: Time:<132> Truck:[CLTruck23] breakdown for 7.184007721087804 minutes at 132
2025-09-11 21:22:26,061 [INFO] Truck: Time:<141.94081785992984> Truck:[CLTruck1] Start loading at shovel NorthPitMine-LoadSite3-Shovel-1, load time is 2.5836614173228347
2025-09-11 21:22:26,061 [INFO] Truck: Time:<141.9724953146856> Truck:[XHTruck14] is facing 4.729268195627209 mins delay caused by 3 pre-existing jam events on Road from NorthPitMine-LoadSite3 to NorthPitMine-DumpSite5
2025-09-11 21:22:26,061 [DEBUG] Truck: Time:<141.99308804596055> Truck:[CLTruck29] Arrived at NorthPitMine-DumpSite1 at 141.99308804596055
2025-09-11 21:22:26,064 [INFO] Truck: Time:<142.10849037773283> Truck:[OfficalTruck7] is facing 0 mins delay caused by 1 pre-existing jam events on Road from NorthPitMine-LoadSite5 to NorthPitMine-DumpSite1
2025-09-11 21:22:26,065 [INFO] Truck: Time:<142.35485177851876> Truck:[CLTruck12] Finish unloading at dumper NorthPitMine-DumpSite1-点位0, dumper tons is 980.2800054021413
2025-09-11 21:22:26,065 [DEBUG] Truck: Time:<142.35485177851876> Truck:[CLTruck12] Start moving to ORDER(2):NorthPitMine-LoadSite3, move distance is 4.2585488402452265, speed: 25
2025-09-11 21:22:26,066 [INFO] Truck: Time:<136> Truck:[CLTruck12] breakdown for 9.991210468973186 minutes at 136
2025-09-11 21:22:26,066 [INFO] Truck: Time:<142.36071175005824> Truck:[XHTruck30] Finish unloading at dumper NorthPitMine-DumpSite2-点位0, dumper tons is 1535.0261385602282
2025-09-11 21:22:26,066 [DEBUG] Truck: Time:<142.36071175005824> Truck:[XHTruck30] Start moving to ORDER(2):NorthPitMine-LoadSite3, move distance is 3.41, speed: 25
2025-09-11 21:22:26,067 [INFO] Truck: Time:<140> Truck:[XHTruck30] breakdown for 11.4455325568108 minutes at 140
2025-09-11 21:22:26,067 [DEBUG] Truck: Time:<142.36950115668643> Truck:[XHTruck26] Arrived at NorthPitMine-DumpSite2 at 142.36950115668643
2025-09-11 21:22:26,067 [INFO] Truck: Time:<142.39733705584771> Truck:[XHTruck16] Finish unloading at dumper NorthPitMine-DumpSite2-点位1, dumper tons is 440.2823768287036
2025-09-11 21:22:26,068 [DEBUG] Truck: Time:<142.39733705584771> Truck:[XHTruck16] Start moving to ORDER(2):NorthPitMine-LoadSite3, move distance is 3.41, speed: 25
2025-09-11 21:22:26,068 [INFO] Truck: Time:<142.39733705584771> Truck:[XHTruck16] is facing 10.091690205992652 mins delay caused by 2 pre-existing jam events on Road from NorthPitMine-DumpSite2 to NorthPitMine-LoadSite3
2025-09-11 21:22:26,068 [INFO] Truck: Time:<142.51859950620445> Truck:[XHTruck22] Finish loading at shovel NorthPitMine-LoadSite5-Shovel-1
2025-09-11 21:22:26,069 [DEBUG] Truck: Time:<142.51859950620445> Truck:[XHTruck22] Start moving to ORDER(0): NorthPitMine-DumpSite1, move distance is 7.662300507020122, speed: 25
2025-09-11 21:22:26,069 [INFO] Truck: Time:<106> Truck:[XHTruck22] breakdown for 11.240832504201073 minutes at 106
2025-09-11 21:22:26,069 [INFO] Truck: Time:<142.51859950620445> Truck:[CLTruck27] Start loading at shovel NorthPitMine-LoadSite5-Shovel-1, load time is 2.5836614173228347
2025-09-11 21:22:26,070 [INFO] Truck: Time:<142.95990922617534> Truck:[XHTruck9] Finish loading at shovel NorthPitMine-LoadSite4-Shovel-1
2025-09-11 21:22:26,070 [DEBUG] Truck: Time:<142.95990922617534> Truck:[XHTruck9] Start moving to ORDER(1): NorthPitMine-DumpSite2, move distance is 1.6288316589757896, speed: 25
2025-09-11 21:22:26,070 [INFO] Truck: Time:<131> Truck:[XHTruck9] breakdown for 6.545439085765564 minutes at 131
2025-09-11 21:22:26,070 [INFO] Truck: Time:<142.95990922617534> Truck:[XHTruck15] Start loading at shovel NorthPitMine-LoadSite4-Shovel-1, load time is 4.060039370078741
2025-09-11 21:22:26,071 [INFO] Truck: Time:<142.99308804596055> Truck:[CLTruck29] Finish unloading at dumper NorthPitMine-DumpSite1-点位1, dumper tons is 327.97612678014616
2025-09-11 21:22:26,071 [DEBUG] Truck: Time:<142.99308804596055> Truck:[CLTruck29] Start moving to ORDER(2):NorthPitMine-LoadSite3, move distance is 3.9568652283751784, speed: 25
2025-09-11 21:22:26,071 [INFO] Truck: Time:<140> Truck:[CLTruck29] breakdown for 12.468722746633688 minutes at 140
2025-09-11 21:22:26,074 [DEBUG] Truck: Time:<143.07679264770204> Truck:[OfficalTruck6] Arrived at NorthPitMine-DumpSite2 at 143.07679264770204
2025-09-11 21:22:26,074 [INFO] Truck: Time:<143.36950115668643> Truck:[XHTruck26] Finish unloading at dumper NorthPitMine-DumpSite2-点位0, dumper tons is 1585.3900376036765
2025-09-11 21:22:26,074 [DEBUG] Truck: Time:<143.36950115668643> Truck:[XHTruck26] Start moving to ORDER(2):NorthPitMine-LoadSite3, move distance is 3.41, speed: 25
2025-09-11 21:22:26,074 [INFO] Truck: Time:<143.36950115668643> Truck:[XHTruck26] is facing 9.119526105153941 mins delay caused by 2 pre-existing jam events on Road from NorthPitMine-DumpSite2 to NorthPitMine-LoadSite3
2025-09-11 21:22:26,074 [DEBUG] Truck: Time:<143.46325439641328> Truck:[CLTruck28] Arrived at NorthPitMine-DumpSite1 at 143.46325439641328
2025-09-11 21:22:26,074 [INFO] Truck: Time:<143.473240069904> Truck:[CLTruck4] is facing 19.97060301958197 mins delay caused by 2 pre-existing jam events on Road from NorthPitMine-LoadSite4 to NorthPitMine-DumpSite2
2025-09-11 21:22:26,074 [INFO] Truck: Time:<143.7245515985722> Truck:[XHTruck31] Arrived at NorthPitMine-LoadSite4 at 143.7245515985722
2025-09-11 21:22:26,074 [INFO] Truck: Time:<143.97616153431525> Truck:[XHTruck12] Arrived at NorthPitMine-LoadSite4 at 143.97616153431525
2025-09-11 21:22:26,079 [INFO] Truck: Time:<144.07679264770204> Truck:[OfficalTruck6] Finish unloading at dumper NorthPitMine-DumpSite2-点位1, dumper tons is 519.4905178088698
2025-09-11 21:22:26,080 [DEBUG] Truck: Time:<144.07679264770204> Truck:[OfficalTruck6] Start moving to ORDER(4):NorthPitMine-LoadSite5, move distance is 5.59, speed: 25
2025-09-11 21:22:26,080 [INFO] Truck: Time:<144.07679264770204> Truck:[OfficalTruck6] is facing 0 mins delay caused by 1 pre-existing jam events on Road from NorthPitMine-DumpSite2 to NorthPitMine-LoadSite5
2025-09-11 21:22:26,080 [INFO] Truck: Time:<144.1724931590505> Truck:[OfficalTruck3] Arrived at NorthPitMine-LoadSite5 at 144.1724931590505
2025-09-11 21:22:26,081 [INFO] Truck: Time:<144.1724931590505> Truck:[OfficalTruck3] Start loading at shovel NorthPitMine-LoadSite5-Shovel-2, load time is 5.684055118110236
2025-09-11 21:22:26,081 [DEBUG] Truck: Time:<144.18239673787647> Truck:[CLTruck8] Arrived at NorthPitMine-DumpSite2 at 144.18239673787647
2025-09-11 21:22:26,081 [INFO] Truck: Time:<144.2843544681601> Truck:[CLTruck13] Arrived at NorthPitMine-LoadSite3 at 144.2843544681601
2025-09-11 21:22:26,081 [INFO] Truck: Time:<144.29707136479496> Truck:[CLTruck7] Arrived at NorthPitMine-LoadSite3 at 144.29707136479496
2025-09-11 21:22:26,082 [INFO] Truck: Time:<144.37510521269027> Truck:[CLTruck20] Arrived at NorthPitMine-LoadSite3 at 144.37510521269027
2025-09-11 21:22:26,082 [INFO] Truck: Time:<144.46325439641328> Truck:[CLTruck28] Finish unloading at dumper NorthPitMine-DumpSite1-点位0, dumper tons is 1013.8915173937477
2025-09-11 21:22:26,083 [DEBUG] Truck: Time:<144.46325439641328> Truck:[CLTruck28] Start moving to ORDER(2):NorthPitMine-LoadSite3, move distance is 4.348243287920158, speed: 25
2025-09-11 21:22:26,083 [INFO] Truck: Time:<140> Truck:[CLTruck28] breakdown for 6.2595189883139675 minutes at 140
2025-09-11 21:22:26,083 [INFO] Truck: Time:<144.49390700758528> Truck:[XHTruck20] is facing 0 mins delay caused by 1 pre-existing jam events on Road from NorthPitMine-LoadSite5 to NorthPitMine-DumpSite1
2025-09-11 21:22:26,083 [INFO] Truck: Time:<144.52447927725268> Truck:[CLTruck1] Finish loading at shovel NorthPitMine-LoadSite3-Shovel-1
2025-09-11 21:22:26,083 [INFO] Truck: Time:<144.52447927725268> Shovel NorthPitMine-LoadSite3-Shovel-1 under maintenance for 45.62 minutes
2025-09-11 21:22:26,085 [INFO] Truck: Time:<145.1022609235273> Truck:[CLTruck27] Finish loading at shovel NorthPitMine-LoadSite5-Shovel-1
2025-09-11 21:22:26,088 [DEBUG] Truck: Time:<145.1022609235273> Truck:[CLTruck27] Start moving to ORDER(0): NorthPitMine-DumpSite1, move distance is 7.422470323430616, speed: 25
2025-09-11 21:22:26,088 [INFO] Truck: Time:<131> Truck:[CLTruck27] breakdown for 12.430496705566549 minutes at 131
2025-09-11 21:22:26,088 [INFO] Truck: Time:<145.18239673787647> Truck:[CLTruck8] Finish unloading at dumper NorthPitMine-DumpSite2-点位0, dumper tons is 1618.1284884039324
2025-09-11 21:22:26,089 [DEBUG] Truck: Time:<145.18239673787647> Truck:[CLTruck8] Start moving to ORDER(2):NorthPitMine-LoadSite3, move distance is 3.41, speed: 25
2025-09-11 21:22:26,089 [INFO] Truck: Time:<145.18239673787647> Truck:[CLTruck8] is facing 7.306630523963892 mins delay caused by 3 pre-existing jam events on Road from NorthPitMine-DumpSite2 to NorthPitMine-LoadSite3
2025-09-11 21:22:26,089 [INFO] Truck: Time:<145.2039976207995> Truck:[OfficalTruck4] Arrived at NorthPitMine-LoadSite5 at 145.2039976207995
2025-09-11 21:22:26,090 [INFO] Truck: Time:<145.2039976207995> Truck:[OfficalTruck4] Start loading at shovel NorthPitMine-LoadSite5-Shovel-1, load time is 5.684055118110236
2025-09-11 21:22:26,090 [DEBUG] Truck: Time:<145.35976462043408> Truck:[XHTruck24] Arrived at NorthPitMine-DumpSite2 at 145.35976462043408
2025-09-11 21:22:26,090 [INFO] Truck: Time:<145.37836494303858> Truck:[CLTruck6] Finish loading at shovel NorthPitMine-LoadSite4-Shovel-2
2025-09-11 21:22:26,091 [DEBUG] Truck: Time:<145.37836494303858> Truck:[CLTruck6] Start moving to ORDER(1): NorthPitMine-DumpSite2, move distance is 1.5109462164599814, speed: 25
2025-09-11 21:22:26,091 [INFO] Truck: Time:<105> Truck:[CLTruck6] breakdown for 16.882961741743067 minutes at 105
2025-09-11 21:22:26,091 [INFO] Truck: Time:<145.37836494303858> Truck:[OfficalTruck8] Start loading at shovel NorthPitMine-LoadSite4-Shovel-2, load time is 34.22222222222222
2025-09-11 21:22:26,091 [DEBUG] Truck: Time:<145.43255476268268> Truck:[XHTruck25] Arrived at NorthPitMine-DumpSite2 at 145.43255476268268
2025-09-11 21:22:26,091 [DEBUG] Truck: Time:<145.48763687819306> Truck:[CLTruck17] Arrived at NorthPitMine-DumpSite5 at 145.48763687819306
2025-09-11 21:22:26,091 [DEBUG] Truck: Time:<145.5139143590922> Truck:[XHTruck8] Arrived at NorthPitMine-DumpSite5 at 145.5139143590922
2025-09-11 21:22:26,091 [DEBUG] Truck: Time:<145.51804229437047> Truck:[XHTruck3] Arrived at NorthPitMine-DumpSite5 at 145.51804229437047
2025-09-11 21:22:26,092 [DEBUG] Truck: Time:<145.54951600702083> Truck:[CLTruck18] Arrived at NorthPitMine-DumpSite5 at 145.54951600702083
2025-09-11 21:22:26,092 [INFO] Truck: Time:<145.84349738839887> Truck:[CLTruck15] is facing 2.3187646058664937 mins delay caused by 3 pre-existing jam events on Road from NorthPitMine-LoadSite3 to NorthPitMine-DumpSite5
2025-09-11 21:22:26,094 [INFO] Truck: Time:<146.35976462043408> Truck:[XHTruck24] Finish unloading at dumper NorthPitMine-DumpSite2-点位0, dumper tons is 1672.2272119549184
2025-09-11 21:22:26,095 [DEBUG] Truck: Time:<146.35976462043408> Truck:[XHTruck24] Start moving to ORDER(4):NorthPitMine-LoadSite5, move distance is 5.59, speed: 25
2025-09-11 21:22:26,095 [INFO] Truck: Time:<146.43255476268268> Truck:[XHTruck25] Finish unloading at dumper NorthPitMine-DumpSite2-点位1, dumper tons is 576.4004338670997
2025-09-11 21:22:26,095 [DEBUG] Truck: Time:<146.43255476268268> Truck:[XHTruck25] Start moving to ORDER(4):NorthPitMine-LoadSite5, move distance is 5.59, speed: 25
2025-09-11 21:22:26,095 [INFO] Truck: Time:<145> Truck:[XHTruck25] breakdown for 12.992955744537316 minutes at 145
2025-09-11 21:22:26,095 [INFO] Truck: Time:<146.48763687819306> Truck:[CLTruck17] Finish unloading at dumper NorthPitMine-DumpSite5-点位0, dumper tons is 1743.5826103755396
2025-09-11 21:22:26,097 [DEBUG] Truck: Time:<146.48763687819306> Truck:[CLTruck17] Start moving to ORDER(3):NorthPitMine-LoadSite4, move distance is 7.846031381911995, speed: 25
2025-09-11 21:22:26,097 [INFO] Truck: Time:<146.48763687819306> Truck:[CLTruck17] is facing 3.347008258155121 mins delay caused by 4 pre-existing jam events on Road from NorthPitMine-DumpSite5 to NorthPitMine-LoadSite4
2025-09-11 21:22:26,097 [INFO] Truck: Time:<146.5139143590922> Truck:[XHTruck8] Finish unloading at dumper NorthPitMine-DumpSite5-点位1, dumper tons is 893.1738245673291
2025-09-11 21:22:26,098 [DEBUG] Truck: Time:<146.5139143590922> Truck:[XHTruck8] Start moving to ORDER(3):NorthPitMine-LoadSite4, move distance is 7.021352450714233, speed: 25
2025-09-11 21:22:26,098 [INFO] Truck: Time:<143> Truck:[XHTruck8] breakdown for 7.131726856308122 minutes at 143
2025-09-11 21:22:26,098 [INFO] Truck: Time:<146.51804229437047> Truck:[XHTruck3] Finish unloading at dumper NorthPitMine-DumpSite5-点位2, dumper tons is 352.50729007479913
2025-09-11 21:22:26,099 [DEBUG] Truck: Time:<146.51804229437047> Truck:[XHTruck3] Start moving to ORDER(3):NorthPitMine-LoadSite4, move distance is 6.732006999662068, speed: 25
2025-09-11 21:22:26,099 [INFO] Truck: Time:<138> Truck:[XHTruck3] breakdown for 15.852500869490104 minutes at 138
2025-09-11 21:22:26,099 [INFO] Truck: Time:<146.54951600702083> Truck:[CLTruck18] Finish unloading at dumper NorthPitMine-DumpSite5-点位3, dumper tons is 89.20986542899365
2025-09-11 21:22:26,100 [DEBUG] Truck: Time:<146.54951600702083> Truck:[CLTruck18] Start moving to ORDER(3):NorthPitMine-LoadSite4, move distance is 7.5504351833558285, speed: 25
2025-09-11 21:22:26,100 [INFO] Truck: Time:<146.54951600702083> Truck:[CLTruck18] is facing 3.4910700244175334 mins delay caused by 4 pre-existing jam events on Road from NorthPitMine-DumpSite5 to NorthPitMine-LoadSite4
2025-09-11 21:22:26,100 [INFO] Truck: Time:<146.60063928897245> Truck:[CLTruck16] Arrived at NorthPitMine-LoadSite3 at 146.60063928897245
2025-09-11 21:22:26,100 [INFO] Truck: Time:<146.84623743307398> Truck:[OfficalTruck5] is facing 0 mins delay caused by 1 pre-existing jam events on Road from NorthPitMine-LoadSite5 to NorthPitMine-DumpSite1
2025-09-11 21:22:26,103 [INFO] Truck: Time:<147.0199485962541> Truck:[XHTruck15] Finish loading at shovel NorthPitMine-LoadSite4-Shovel-1
2025-09-11 21:22:26,103 [DEBUG] Truck: Time:<147.0199485962541> Truck:[XHTruck15] Start moving to ORDER(1): NorthPitMine-DumpSite2, move distance is 1.5534448231094917, speed: 25
2025-09-11 21:22:26,104 [INFO] Truck: Time:<127> Truck:[XHTruck15] breakdown for 10.651182548297077 minutes at 127
2025-09-11 21:22:26,104 [INFO] Truck: Time:<147.0199485962541> Truck:[XHTruck29] Start loading at shovel NorthPitMine-LoadSite4-Shovel-1, load time is 4.060039370078741
2025-09-11 21:22:26,104 [INFO] Truck: Time:<147.38109325252472> Truck:[CLTruck26] is facing 0 mins delay caused by 3 pre-existing jam events on Road from NorthPitMine-LoadSite3 to NorthPitMine-DumpSite5
2025-09-11 21:22:26,108 [INFO] Truck: Time:<148.1411535179919> Truck:[XHTruck21] Arrived at NorthPitMine-LoadSite3 at 148.1411535179919
2025-09-11 21:22:26,109 [INFO] Truck: Time:<148.49847818177358> Truck:[XHTruck18] Arrived at NorthPitMine-LoadSite4 at 148.49847818177358
2025-09-11 21:22:26,112 [INFO] Truck: Time:<149.12482558101763> Truck:[CLTruck23] is facing 14.790609493551823 mins delay caused by 4 pre-existing jam events on Road from NorthPitMine-LoadSite3 to NorthPitMine-DumpSite5
2025-09-11 21:22:26,112 [INFO] Truck: Time:<149.5053483119409> Truck:[XHTruck9] is facing 8.787346564074376 mins delay caused by 2 pre-existing jam events on Road from NorthPitMine-LoadSite4 to NorthPitMine-DumpSite2
2025-09-11 21:22:26,113 [INFO] Truck: Time:<149.85654827716073> Truck:[OfficalTruck3] Finish loading at shovel NorthPitMine-LoadSite5-Shovel-2
2025-09-11 21:22:26,113 [DEBUG] Truck: Time:<149.85654827716073> Truck:[OfficalTruck3] Start moving to ORDER(0): NorthPitMine-DumpSite1, move distance is 7.15824813310703, speed: 25
2025-09-11 21:22:26,114 [INFO] Truck: Time:<139> Truck:[OfficalTruck3] breakdown for 9.642643926571312 minutes at 139
2025-09-11 21:22:26,116 [INFO] Truck: Time:<150.88805273890972> Truck:[OfficalTruck4] Finish loading at shovel NorthPitMine-LoadSite5-Shovel-1
2025-09-11 21:22:26,117 [DEBUG] Truck: Time:<150.88805273890972> Truck:[OfficalTruck4] Start moving to ORDER(0): NorthPitMine-DumpSite1, move distance is 7.272316989709223, speed: 25
2025-09-11 21:22:26,117 [INFO] Truck: Time:<143> Truck:[OfficalTruck4] breakdown for 6.668266051712559 minutes at 143
2025-09-11 21:22:26,119 [INFO] Truck: Time:<151.07998796633285> Truck:[XHTruck29] Finish loading at shovel NorthPitMine-LoadSite4-Shovel-1
2025-09-11 21:22:26,120 [DEBUG] Truck: Time:<151.07998796633285> Truck:[XHTruck29] Start moving to ORDER(1): NorthPitMine-DumpSite2, move distance is 1.17, speed: 25
2025-09-11 21:22:26,120 [INFO] Truck: Time:<151.07998796633285> Truck:[XHTruck29] is facing 7.66298919532298 mins delay caused by 2 pre-existing jam events on Road from NorthPitMine-LoadSite4 to NorthPitMine-DumpSite2
2025-09-11 21:22:26,120 [INFO] Truck: Time:<151.07998796633285> Truck:[XHTruck27] Start loading at shovel NorthPitMine-LoadSite4-Shovel-1, load time is 4.060039370078741
2025-09-11 21:22:26,123 [INFO] Truck: Time:<152.03917670837882> Truck:[XHTruck17] Arrived at NorthPitMine-LoadSite4 at 152.03917670837882
2025-09-11 21:22:26,123 [INFO] Truck: Time:<152.16053716571457> Truck:[CLTruck3] is facing 12.099193188722337 mins delay caused by 1 pre-existing jam events on Road from NorthPitMine-LoadSite3 to NorthPitMine-DumpSite5
2025-09-11 21:22:26,123 [INFO] Truck: Time:<152.72326375458778> Truck:[XHTruck13] Arrived at NorthPitMine-LoadSite4 at 152.72326375458778
2025-09-11 21:22:26,124 [DEBUG] Truck: Time:<152.80049355823616> Truck:[XHTruck14] Arrived at NorthPitMine-DumpSite5 at 152.80049355823616
2025-09-11 21:22:26,127 [DEBUG] Truck: Time:<153.13361984241698> Truck:[OfficalTruck9] Arrived at NorthPitMine-DumpSite1 at 153.13361984241698
2025-09-11 21:22:26,127 [DEBUG] Truck: Time:<153.19495523760722> Truck:[CLTruck15] Arrived at NorthPitMine-DumpSite5 at 153.19495523760722
2025-09-11 21:22:26,127 [INFO] Truck: Time:<153.64564121540033> Truck:[XHTruck8] is facing 3.5638957192191247 mins delay caused by 3 pre-existing jam events on Road from NorthPitMine-DumpSite5 to NorthPitMine-LoadSite4
2025-09-11 21:22:26,128 [INFO] Truck: Time:<153.75943201040553> Truck:[XHTruck22] is facing 0 mins delay caused by 4 pre-existing jam events on Road from NorthPitMine-LoadSite5 to NorthPitMine-DumpSite1
2025-09-11 21:22:26,128 [INFO] Truck: Time:<153.80049355823616> Truck:[XHTruck14] Finish unloading at dumper NorthPitMine-DumpSite5-点位0, dumper tons is 1803.892092665955
2025-09-11 21:22:26,129 [DEBUG] Truck: Time:<153.80049355823616> Truck:[XHTruck14] Start moving to ORDER(3):NorthPitMine-LoadSite4, move distance is 5.34, speed: 25
2025-09-11 21:22:26,129 [INFO] Truck: Time:<147> Truck:[XHTruck14] breakdown for 5.836506546819305 minutes at 147
2025-09-11 21:22:26,129 [INFO] Truck: Time:<153.80624430686905> Truck:[XHTruck30] is facing 6.95194957255906 mins delay caused by 5 pre-existing jam events on Road from NorthPitMine-DumpSite2 to NorthPitMine-LoadSite3
2025-09-11 21:22:26,129 [DEBUG] Truck: Time:<153.90460163737768> Truck:[CLTruck26] Arrived at NorthPitMine-DumpSite5 at 153.90460163737768
2025-09-11 21:22:26,131 [INFO] Truck: Time:<154.13361984241698> Truck:[OfficalTruck9] Finish unloading at dumper NorthPitMine-DumpSite1-点位0, dumper tons is 1084.7496160456194
2025-09-11 21:22:26,131 [DEBUG] Truck: Time:<154.13361984241698> Truck:[OfficalTruck9] Start moving to ORDER(2):NorthPitMine-LoadSite3, move distance is 4.501566371251572, speed: 25
2025-09-11 21:22:26,132 [INFO] Truck: Time:<154.19495523760722> Truck:[CLTruck15] Finish unloading at dumper NorthPitMine-DumpSite5-点位1, dumper tons is 930.2607875249464
2025-09-11 21:22:26,132 [DEBUG] Truck: Time:<154.19495523760722> Truck:[CLTruck15] Start moving to ORDER(3):NorthPitMine-LoadSite4, move distance is 5.34, speed: 25
2025-09-11 21:22:26,132 [INFO] Truck: Time:<154.19495523760722> Truck:[CLTruck15] is facing 3.022660267346001 mins delay caused by 2 pre-existing jam events on Road from NorthPitMine-DumpSite5 to NorthPitMine-LoadSite4
2025-09-11 21:22:26,132 [DEBUG] Truck: Time:<154.2155577955733> Truck:[CLTruck11] Arrived at NorthPitMine-DumpSite1 at 154.2155577955733
2025-09-11 21:22:26,133 [INFO] Truck: Time:<154.90460163737768> Truck:[CLTruck26] Finish unloading at dumper NorthPitMine-DumpSite5-点位0, dumper tons is 1840.1740782098734
2025-09-11 21:22:26,133 [DEBUG] Truck: Time:<154.90460163737768> Truck:[CLTruck26] Start moving to ORDER(3):NorthPitMine-LoadSite4, move distance is 5.34, speed: 25
2025-09-11 21:22:26,133 [INFO] Truck: Time:<154.90460163737768> Truck:[CLTruck26] is facing 2.313013867575538 mins delay caused by 2 pre-existing jam events on Road from NorthPitMine-DumpSite5 to NorthPitMine-LoadSite4
2025-09-11 21:22:26,135 [INFO] Truck: Time:<155.1400273364116> Truck:[XHTruck27] Finish loading at shovel NorthPitMine-LoadSite4-Shovel-1
2025-09-11 21:22:26,136 [DEBUG] Truck: Time:<155.1400273364116> Truck:[XHTruck27] Start moving to ORDER(1): NorthPitMine-DumpSite2, move distance is 1.17, speed: 25
2025-09-11 21:22:26,136 [INFO] Truck: Time:<147> Truck:[XHTruck27] breakdown for 9.572078865709278 minutes at 147
2025-09-11 21:22:26,136 [INFO] Truck: Time:<155.1400273364116> Truck:[XHTruck31] Start loading at shovel NorthPitMine-LoadSite4-Shovel-1, load time is 4.060039370078741
2025-09-11 21:22:26,136 [INFO] Truck: Time:<155.2155577955733> Truck:[CLTruck11] Finish unloading at dumper NorthPitMine-DumpSite1-点位0, dumper tons is 1117.6479096496562
2025-09-11 21:22:26,137 [DEBUG] Truck: Time:<155.2155577955733> Truck:[CLTruck11] Start moving to ORDER(2):NorthPitMine-LoadSite3, move distance is 4.15301533017181, speed: 25
2025-09-11 21:22:26,137 [INFO] Truck: Time:<144> Truck:[CLTruck11] breakdown for 7.964387692713059 minutes at 144
2025-09-11 21:22:26,141 [INFO] Truck: Time:<157.49279264770203> Truck:[OfficalTruck6] Arrived at NorthPitMine-LoadSite5 at 157.49279264770203
2025-09-11 21:22:26,141 [INFO] Truck: Time:<157.49279264770203> Truck:[OfficalTruck6] Start loading at shovel NorthPitMine-LoadSite5-Shovel-1, load time is 5.684055118110236
2025-09-11 21:22:26,142 [INFO] Truck: Time:<157.53275762909385> Truck:[CLTruck27] is facing 0 mins delay caused by 3 pre-existing jam events on Road from NorthPitMine-LoadSite5 to NorthPitMine-DumpSite1
2025-09-11 21:22:26,142 [INFO] Truck: Time:<157.55631879062227> Truck:[OfficalTruck4] is facing 0 mins delay caused by 3 pre-existing jam events on Road from NorthPitMine-LoadSite5 to NorthPitMine-DumpSite1
2025-09-11 21:22:26,142 [INFO] Truck: Time:<157.67113114455117> Truck:[XHTruck15] is facing 0 mins delay caused by 1 pre-existing jam events on Road from NorthPitMine-LoadSite4 to NorthPitMine-DumpSite2
2025-09-11 21:22:26,149 [INFO] Truck: Time:<159.20006670649036> Truck:[XHTruck31] Finish loading at shovel NorthPitMine-LoadSite4-Shovel-1
2025-09-11 21:22:26,150 [DEBUG] Truck: Time:<159.20006670649036> Truck:[XHTruck31] Start moving to ORDER(1): NorthPitMine-DumpSite2, move distance is 1.17, speed: 25
2025-09-11 21:22:26,150 [INFO] Truck: Time:<146> Truck:[XHTruck31] breakdown for 7.703943313242796 minutes at 146
2025-09-11 21:22:26,150 [INFO] Truck: Time:<159.20006670649036> Truck:[XHTruck18] Start loading at shovel NorthPitMine-LoadSite4-Shovel-1, load time is 4.060039370078741
2025-09-11 21:22:26,151 [DEBUG] Truck: Time:<159.4142438269338> Truck:[OfficalTruck7] Arrived at NorthPitMine-DumpSite1 at 159.4142438269338
2025-09-11 21:22:26,151 [INFO] Truck: Time:<159.42551050722> Truck:[XHTruck25] is facing 0 mins delay caused by 1 pre-existing jam events on Road from NorthPitMine-DumpSite2 to NorthPitMine-LoadSite5
2025-09-11 21:22:26,151 [INFO] Truck: Time:<159.49919220373204> Truck:[OfficalTruck3] is facing 0 mins delay caused by 2 pre-existing jam events on Road from NorthPitMine-LoadSite5 to NorthPitMine-DumpSite1
2025-09-11 21:22:26,151 [INFO] Truck: Time:<159.63700010505545> Truck:[XHTruck14] is facing 0 mins delay caused by 2 pre-existing jam events on Road from NorthPitMine-DumpSite5 to NorthPitMine-LoadSite4
2025-09-11 21:22:26,151 [INFO] Truck: Time:<159.6462222222222> Truck:[OfficalTruck2] Finish loading at shovel NorthPitMine-LoadSite4-Shovel-4
2025-09-11 21:22:26,151 [INFO] Truck: Time:<159.6462222222222> Truck:[XHTruck23] Finish loading at shovel NorthPitMine-LoadSite4-Shovel-3
2025-09-11 21:22:26,153 [INFO] Road: [RoadEvent] Road from NorthPitMine-LoadSite4 to NorthPitMine-DumpSite2 is in repair，the repair will last for 28.32 mins, and will end at 187.97, vehicle on this road will have to suffer punish_distance.
2025-09-11 21:22:26,153 [DEBUG] Truck: Time:<159.6462222222222> Truck:[OfficalTruck2] Start moving to ORDER(1): NorthPitMine-DumpSite2, move distance is 1.3965379246381238, speed: 25
2025-09-11 21:22:26,153 [INFO] Truck: Time:<117> Truck:[OfficalTruck2] breakdown for 12.066681825064874 minutes at 117
2025-09-11 21:22:26,154 [DEBUG] Truck: Time:<159.6462222222222> Truck:[XHTruck23] Start moving to ORDER(1): NorthPitMine-DumpSite2, move distance is 1.4505102737142073, speed: 25
2025-09-11 21:22:26,154 [INFO] Truck: Time:<148> Truck:[XHTruck23] breakdown for 12.412331809232771 minutes at 148
2025-09-11 21:22:26,154 [INFO] Truck: Time:<159.6462222222222> Truck:[XHTruck4] Start loading at shovel NorthPitMine-LoadSite4-Shovel-4, load time is 24.444444444444443
2025-09-11 21:22:26,154 [INFO] Truck: Time:<159.6462222222222> Truck:[CLTruck14] Start loading at shovel NorthPitMine-LoadSite4-Shovel-3, load time is 15.555555555555555
2025-09-11 21:22:26,154 [INFO] Truck: Time:<159.77576462043407> Truck:[XHTruck24] Arrived at NorthPitMine-LoadSite5 at 159.77576462043407
2025-09-11 21:22:26,154 [INFO] Truck: Time:<159.77576462043407> Truck:[XHTruck24] Start loading at shovel NorthPitMine-LoadSite5-Shovel-2, load time is 4.060039370078741
2025-09-11 21:22:26,157 [INFO] Truck: Time:<160.38674747240364> Truck:[CLTruck2] Arrived at NorthPitMine-LoadSite4 at 160.38674747240364
2025-09-11 21:22:26,157 [INFO] Truck: Time:<160.4142438269338> Truck:[OfficalTruck7] Finish unloading at dumper NorthPitMine-DumpSite1-点位0, dumper tons is 1189.8381476487846
2025-09-11 21:22:26,158 [DEBUG] Truck: Time:<160.4142438269338> Truck:[OfficalTruck7] Start moving to ORDER(2):NorthPitMine-LoadSite3, move distance is 3.903592322995075, speed: 25
2025-09-11 21:22:26,158 [INFO] Truck: Time:<160.4142438269338> Truck:[OfficalTruck7] is facing 2.3451186880123185 mins delay caused by 1 pre-existing jam events on Road from NorthPitMine-DumpSite1 to NorthPitMine-LoadSite3
2025-09-11 21:22:26,158 [DEBUG] Truck: Time:<160.44544503367143> Truck:[XHTruck20] Arrived at NorthPitMine-DumpSite1 at 160.44544503367143
2025-09-11 21:22:26,158 [INFO] Truck: Time:<160.67302726184036> Truck:[XHTruck16] Arrived at NorthPitMine-LoadSite3 at 160.67302726184036
2025-09-11 21:22:26,158 [INFO] Truck: Time:<160.67302726184036> Truck:[XHTruck26] Arrived at NorthPitMine-LoadSite3 at 160.67302726184036
2025-09-11 21:22:26,158 [INFO] Truck: Time:<160.67302726184036> Truck:[CLTruck8] Arrived at NorthPitMine-LoadSite3 at 160.67302726184036
2025-09-11 21:22:26,158 [INFO] Truck: Time:<161.15855727573563> Truck:[CLTruck28] Arrived at NorthPitMine-LoadSite3 at 161.15855727573563
2025-09-11 21:22:26,158 [DEBUG] Truck: Time:<161.39939872001395> Truck:[XHTruck15] Arrived at NorthPitMine-DumpSite2 at 161.39939872001395
2025-09-11 21:22:26,158 [INFO] Truck: Time:<161.44544503367143> Truck:[XHTruck20] Finish unloading at dumper NorthPitMine-DumpSite1-点位0, dumper tons is 1239.5207639113469
2025-09-11 21:22:26,162 [DEBUG] Truck: Time:<161.44544503367143> Truck:[XHTruck20] Start moving to ORDER(2):NorthPitMine-LoadSite3, move distance is 4.36651962264782, speed: 25
2025-09-11 21:22:26,162 [INFO] Truck: Time:<161.44544503367143> Truck:[XHTruck20] is facing 0.4575714855206723 mins delay caused by 1 pre-existing jam events on Road from NorthPitMine-DumpSite1 to NorthPitMine-LoadSite3
2025-09-11 21:22:26,162 [DEBUG] Truck: Time:<161.55097716165582> Truck:[XHTruck29] Arrived at NorthPitMine-DumpSite2 at 161.55097716165582
2025-09-11 21:22:26,162 [INFO] Truck: Time:<161.75822222222223> Truck:[XHTruck1] Finish loading at shovel NorthPitMine-LoadSite3-Shovel-3
2025-09-11 21:22:26,162 [DEBUG] Truck: Time:<161.75822222222223> Truck:[XHTruck1] Start moving to ORDER(4): NorthPitMine-DumpSite5, move distance is 1.86, speed: 25
2025-09-11 21:22:26,162 [INFO] Truck: Time:<141> Truck:[XHTruck1] breakdown for 11.882408000809445 minutes at 141
2025-09-11 21:22:26,164 [INFO] Truck: Time:<161.75822222222223> Truck:[XHTruck32] Start loading at shovel NorthPitMine-LoadSite3-Shovel-3, load time is 24.444444444444443
2025-09-11 21:22:26,166 [DEBUG] Truck: Time:<162.20189085755717> Truck:[XHTruck9] Arrived at NorthPitMine-DumpSite2 at 162.20189085755717
2025-09-11 21:22:26,166 [INFO] Truck: Time:<162.26132668478164> Truck:[CLTruck6] is facing 5.225253725647808 mins delay caused by 1 pre-existing jam events on Road from NorthPitMine-LoadSite4 to NorthPitMine-DumpSite2
2025-09-11 21:22:26,166 [INFO] Truck: Time:<162.3705431638606> Truck:[XHTruck3] is facing 0 mins delay caused by 2 pre-existing jam events on Road from NorthPitMine-DumpSite5 to NorthPitMine-LoadSite4
2025-09-11 21:22:26,167 [INFO] Truck: Time:<162.39939872001395> Truck:[XHTruck15] Finish unloading at dumper NorthPitMine-DumpSite2-点位0, dumper tons is 1721.987389132007
2025-09-11 21:22:26,167 [INFO] Road: [RoadEvent] Road from NorthPitMine-DumpSite2 to NorthPitMine-LoadSite3 is in repair，the repair will last for 37.29 mins, and will end at 199.69, vehicle on this road will have to suffer punish_distance.
2025-09-11 21:22:26,168 [DEBUG] Truck: Time:<162.39939872001395> Truck:[XHTruck15] Start moving to ORDER(2):NorthPitMine-LoadSite3, move distance is 4.714646173718687, speed: 25
2025-09-11 21:22:26,168 [DEBUG] Truck: Time:<162.52952761704842> Truck:[OfficalTruck5] Arrived at NorthPitMine-DumpSite1 at 162.52952761704842
2025-09-11 21:22:26,168 [INFO] Truck: Time:<162.55097716165582> Truck:[XHTruck29] Finish unloading at dumper NorthPitMine-DumpSite2-点位1, dumper tons is 627.074816134152
2025-09-11 21:22:26,168 [DEBUG] Truck: Time:<162.55097716165582> Truck:[XHTruck29] Start moving to ORDER(2):NorthPitMine-LoadSite3, move distance is 5.156212913450149, speed: 25
2025-09-11 21:22:26,168 [INFO] Truck: Time:<154> Truck:[XHTruck29] breakdown for 4.494695357959843 minutes at 154
2025-09-11 21:22:26,169 [INFO] Truck: Time:<162.5665794640805> Truck:[CLTruck12] Arrived at NorthPitMine-LoadSite3 at 162.5665794640805
2025-09-11 21:22:26,170 [INFO] Truck: Time:<163.1591435807505> Truck:[CLTruck19] Arrived at NorthPitMine-LoadSite4 at 163.1591435807505
2025-09-11 21:22:26,171 [INFO] Truck: Time:<163.17684776581225> Truck:[OfficalTruck6] Finish loading at shovel NorthPitMine-LoadSite5-Shovel-1
2025-09-11 21:22:26,171 [DEBUG] Truck: Time:<163.17684776581225> Truck:[OfficalTruck6] Start moving to ORDER(0): NorthPitMine-DumpSite1, move distance is 5.15, speed: 25
2025-09-11 21:22:26,171 [INFO] Truck: Time:<145> Truck:[OfficalTruck6] breakdown for 5.148922891903696 minutes at 145
2025-09-11 21:22:26,172 [INFO] Truck: Time:<163.17994548828634> Truck:[CLTruck11] is facing 0 mins delay caused by 1 pre-existing jam events on Road from NorthPitMine-DumpSite1 to NorthPitMine-LoadSite3
2025-09-11 21:22:26,172 [INFO] Truck: Time:<163.1899665722111> Truck:[CLTruck10] Arrived at NorthPitMine-LoadSite4 at 163.1899665722111
2025-09-11 21:22:26,172 [INFO] Truck: Time:<163.20189085755717> Truck:[XHTruck9] Finish unloading at dumper NorthPitMine-DumpSite2-点位2, dumper tons is 246.4688883069304
2025-09-11 21:22:26,173 [DEBUG] Truck: Time:<163.20189085755717> Truck:[XHTruck9] Start moving to ORDER(2):NorthPitMine-LoadSite3, move distance is 4.664733782113822, speed: 25
2025-09-11 21:22:26,173 [INFO] Truck: Time:<152> Truck:[XHTruck9] breakdown for 9.502150845793755 minutes at 152
2025-09-11 21:22:26,173 [INFO] Truck: Time:<163.26010607656912> Truck:[XHTruck18] Finish loading at shovel NorthPitMine-LoadSite4-Shovel-1
2025-09-11 21:22:26,174 [DEBUG] Truck: Time:<163.26010607656912> Truck:[XHTruck18] Start moving to ORDER(1): NorthPitMine-DumpSite2, move distance is 1.714390716246696, speed: 25
2025-09-11 21:22:26,174 [INFO] Truck: Time:<131> Truck:[XHTruck18] breakdown for 10.202767008840999 minutes at 131
2025-09-11 21:22:26,174 [INFO] Truck: Time:<163.26010607656912> Truck:[XHTruck17] Start loading at shovel NorthPitMine-LoadSite4-Shovel-1, load time is 4.060039370078741
2025-09-11 21:22:26,174 [INFO] Truck: Time:<163.52952761704842> Truck:[OfficalTruck5] Finish unloading at dumper NorthPitMine-DumpSite1-点位0, dumper tons is 1321.2897333662397
2025-09-11 21:22:26,175 [DEBUG] Truck: Time:<163.52952761704842> Truck:[OfficalTruck5] Start moving to ORDER(2):NorthPitMine-LoadSite3, move distance is 2.98, speed: 25
2025-09-11 21:22:26,175 [INFO] Truck: Time:<163.52952761704842> Truck:[OfficalTruck5] is facing 0.9383420179126283 mins delay caused by 1 pre-existing jam events on Road from NorthPitMine-DumpSite1 to NorthPitMine-LoadSite3
2025-09-11 21:22:26,175 [INFO] Truck: Time:<163.83580399051283> Truck:[XHTruck24] Finish loading at shovel NorthPitMine-LoadSite5-Shovel-2
2025-09-11 21:22:26,175 [DEBUG] Truck: Time:<163.83580399051283> Truck:[XHTruck24] Start moving to ORDER(0): NorthPitMine-DumpSite1, move distance is 5.15, speed: 25
2025-09-11 21:22:26,176 [INFO] Truck: Time:<156> Truck:[XHTruck24] breakdown for 2.904962770084339 minutes at 156
2025-09-11 21:22:26,178 [INFO] Truck: Time:<164.12293351252345> Truck:[XHTruck11] Arrived at NorthPitMine-LoadSite4 at 164.12293351252345
2025-09-11 21:22:26,179 [INFO] Truck: Time:<164.71210620212088> Truck:[XHTruck27] is facing 3.392068075481721 mins delay caused by 1 pre-existing jam events on Road from NorthPitMine-LoadSite4 to NorthPitMine-DumpSite2
2025-09-11 21:22:26,179 [INFO] Truck: Time:<164.93737913342076> Truck:[OfficalTruck9] Arrived at NorthPitMine-LoadSite3 at 164.93737913342076
2025-09-11 21:22:26,179 [INFO] Truck: Time:<164.95828734069465> Truck:[CLTruck29] Arrived at NorthPitMine-LoadSite3 at 164.95828734069465
2025-09-11 21:22:26,185 [INFO] Truck: Time:<166.74076676059718> Truck:[XHTruck24] is facing 0 mins delay caused by 1 pre-existing jam events on Road from NorthPitMine-LoadSite5 to NorthPitMine-DumpSite1
2025-09-11 21:22:26,186 [INFO] Truck: Time:<166.90401001973316> Truck:[XHTruck31] is facing 1.2001642578694356 mins delay caused by 1 pre-existing jam events on Road from NorthPitMine-LoadSite4 to NorthPitMine-DumpSite2
2025-09-11 21:22:26,188 [INFO] Truck: Time:<167.32014544664787> Truck:[XHTruck17] Finish loading at shovel NorthPitMine-LoadSite4-Shovel-1
2025-09-11 21:22:26,189 [DEBUG] Truck: Time:<167.32014544664787> Truck:[XHTruck17] Start moving to ORDER(1): NorthPitMine-DumpSite2, move distance is 1.4721763680357298, speed: 25
2025-09-11 21:22:26,189 [INFO] Truck: Time:<140> Truck:[XHTruck17] breakdown for 13.116363210281964 minutes at 140
2025-09-11 21:22:26,189 [INFO] Truck: Time:<167.32014544664787> Truck:[XHTruck13] Start loading at shovel NorthPitMine-LoadSite4-Shovel-1, load time is 4.060039370078741
2025-09-11 21:22:26,189 [DEBUG] Truck: Time:<167.83212402940438> Truck:[CLTruck4] Arrived at NorthPitMine-DumpSite2 at 167.83212402940438
2025-09-11 21:22:26,191 [INFO] Truck: Time:<168.16163047149234> Truck:[CLTruck18] Arrived at NorthPitMine-LoadSite4 at 168.16163047149234
2025-09-11 21:22:26,191 [INFO] Truck: Time:<168.32577065771596> Truck:[OfficalTruck6] is facing 0 mins delay caused by 1 pre-existing jam events on Road from NorthPitMine-LoadSite5 to NorthPitMine-DumpSite1
2025-09-11 21:22:26,192 [INFO] Truck: Time:<168.66512045293697> Truck:[CLTruck17] Arrived at NorthPitMine-LoadSite4 at 168.66512045293697
2025-09-11 21:22:26,192 [INFO] Truck: Time:<168.83212402940438> Truck:[CLTruck4] Finish unloading at dumper NorthPitMine-DumpSite2-点位0, dumper tons is 1756.6620747544416
2025-09-11 21:22:26,193 [DEBUG] Truck: Time:<168.83212402940438> Truck:[CLTruck4] Start moving to ORDER(2):NorthPitMine-LoadSite3, move distance is 5.066536759503704, speed: 25
2025-09-11 21:22:26,193 [INFO] Truck: Time:<152> Truck:[CLTruck4] breakdown for 10.66240919849501 minutes at 152
2025-09-11 21:22:26,193 [INFO] Truck: Time:<168.94219387942812> Truck:[XHTruck30] Arrived at NorthPitMine-LoadSite3 at 168.94219387942812
2025-09-11 21:22:26,195 [INFO] Truck: Time:<169.424> Truck:[OfficalTruck1] Finish loading at shovel NorthPitMine-LoadSite4-Shovel-5
2025-09-11 21:22:26,196 [DEBUG] Truck: Time:<169.424> Truck:[OfficalTruck1] Start moving to ORDER(1): NorthPitMine-DumpSite2, move distance is 1.6821883820688612, speed: 25
2025-09-11 21:22:26,196 [INFO] Truck: Time:<159> Truck:[OfficalTruck1] breakdown for 15.335097096825493 minutes at 159
2025-09-11 21:22:26,196 [INFO] Truck: Time:<169.424> Truck:[CLTruck21] Start loading at shovel NorthPitMine-LoadSite4-Shovel-5, load time is 15.555555555555555
2025-09-11 21:22:26,197 [INFO] Truck: Time:<170.03361550495322> Truck:[CLTruck15] Arrived at NorthPitMine-LoadSite4 at 170.03361550495322
2025-09-11 21:22:26,197 [INFO] Truck: Time:<170.03361550495322> Truck:[CLTruck26] Arrived at NorthPitMine-LoadSite4 at 170.03361550495322
2025-09-11 21:22:26,197 [DEBUG] Truck: Time:<170.34664792594597> Truck:[CLTruck3] Arrived at NorthPitMine-DumpSite5 at 170.34664792594597
2025-09-11 21:22:26,200 [DEBUG] Truck: Time:<170.37907880663448> Truck:[CLTruck23] Arrived at NorthPitMine-DumpSite5 at 170.37907880663448
2025-09-11 21:22:26,200 [DEBUG] Truck: Time:<170.9121742776026> Truck:[XHTruck27] Arrived at NorthPitMine-DumpSite2 at 170.9121742776026
2025-09-11 21:22:26,200 [DEBUG] Truck: Time:<170.9121742776026> Truck:[XHTruck31] Arrived at NorthPitMine-DumpSite2 at 170.9121742776026
2025-09-11 21:22:26,202 [DEBUG] Truck: Time:<171.1128513299334> Truck:[CLTruck6] Arrived at NorthPitMine-DumpSite2 at 171.1128513299334
2025-09-11 21:22:26,202 [INFO] Truck: Time:<171.34664792594597> Truck:[CLTruck3] Finish unloading at dumper NorthPitMine-DumpSite5-点位0, dumper tons is 1874.4098470648792
2025-09-11 21:22:26,203 [DEBUG] Truck: Time:<171.34664792594597> Truck:[CLTruck3] Start moving to ORDER(3):NorthPitMine-LoadSite4, move distance is 5.34, speed: 25
2025-09-11 21:22:26,203 [INFO] Truck: Time:<168> Truck:[CLTruck3] breakdown for 10.233060309569693 minutes at 168
2025-09-11 21:22:26,203 [INFO] Truck: Time:<171.37907880663448> Truck:[CLTruck23] Finish unloading at dumper NorthPitMine-DumpSite5-点位1, dumper tons is 967.5242969487248
2025-09-11 21:22:26,204 [DEBUG] Truck: Time:<171.37907880663448> Truck:[CLTruck23] Start moving to ORDER(3):NorthPitMine-LoadSite4, move distance is 5.34, speed: 25
2025-09-11 21:22:26,204 [INFO] Truck: Time:<171.37907880663448> Truck:[CLTruck23] is facing 0 mins delay caused by 2 pre-existing jam events on Road from NorthPitMine-DumpSite5 to NorthPitMine-LoadSite4
2025-09-11 21:22:26,204 [INFO] Truck: Time:<171.38018481672663> Truck:[XHTruck13] Finish loading at shovel NorthPitMine-LoadSite4-Shovel-1
2025-09-11 21:22:26,205 [DEBUG] Truck: Time:<171.38018481672663> Truck:[XHTruck13] Start moving to ORDER(1): NorthPitMine-DumpSite2, move distance is 1.6415966370214097, speed: 25
2025-09-11 21:22:26,205 [INFO] Truck: Time:<148> Truck:[XHTruck13] breakdown for 14.665006895269752 minutes at 148
2025-09-11 21:22:26,205 [INFO] Truck: Time:<171.38018481672663> Truck:[CLTruck2] Start loading at shovel NorthPitMine-LoadSite4-Shovel-1, load time is 2.5836614173228347
2025-09-11 21:22:26,205 [INFO] Truck: Time:<171.61986963496105> Truck:[OfficalTruck5] Arrived at NorthPitMine-LoadSite3 at 171.61986963496105
2025-09-11 21:22:26,205 [INFO] Truck: Time:<171.71290404728708> Truck:[OfficalTruck2] is facing 4.779811684027209 mins delay caused by 1 pre-existing jam events on Road from NorthPitMine-LoadSite4 to NorthPitMine-DumpSite2
2025-09-11 21:22:26,206 [INFO] Truck: Time:<171.9121742776026> Truck:[XHTruck27] Finish unloading at dumper NorthPitMine-DumpSite2-点位0, dumper tons is 1807.356566128955
2025-09-11 21:22:26,206 [INFO] Truck: Time:<171.9121742776026> Truck:[XHTruck31] Finish unloading at dumper NorthPitMine-DumpSite2-点位1, dumper tons is 677.6872344720578
2025-09-11 21:22:26,206 [DEBUG] Truck: Time:<171.9121742776026> Truck:[XHTruck27] Start moving to ORDER(2):NorthPitMine-LoadSite3, move distance is 4.953759986659695, speed: 25
2025-09-11 21:22:26,207 [DEBUG] Truck: Time:<171.9121742776026> Truck:[XHTruck31] Start moving to ORDER(2):NorthPitMine-LoadSite3, move distance is 4.8696162669745435, speed: 25
2025-09-11 21:22:26,209 [INFO] Truck: Time:<172.05855403145497> Truck:[XHTruck23] is facing 4.314871462862327 mins delay caused by 1 pre-existing jam events on Road from NorthPitMine-LoadSite4 to NorthPitMine-DumpSite2
2025-09-11 21:22:26,209 [INFO] Truck: Time:<172.1128513299334> Truck:[CLTruck6] Finish unloading at dumper NorthPitMine-DumpSite2-点位2, dumper tons is 281.193248674711
2025-09-11 21:22:26,212 [DEBUG] Truck: Time:<172.1128513299334> Truck:[CLTruck6] Start moving to ORDER(2):NorthPitMine-LoadSite3, move distance is 4.967322018717372, speed: 25
2025-09-11 21:22:26,212 [INFO] Truck: Time:<172.1279840901343> Truck:[OfficalTruck7] Arrived at NorthPitMine-LoadSite3 at 172.1279840901343
2025-09-11 21:22:26,212 [DEBUG] Truck: Time:<172.14895322725383> Truck:[XHTruck22] Arrived at NorthPitMine-DumpSite1 at 172.14895322725383
2025-09-11 21:22:26,212 [INFO] Truck: Time:<172.38266361354687> Truck:[XHTruck20] Arrived at NorthPitMine-LoadSite3 at 172.38266361354687
2025-09-11 21:22:26,212 [INFO] Truck: Time:<172.45300010505545> Truck:[XHTruck14] Arrived at NorthPitMine-LoadSite4 at 172.45300010505545
2025-09-11 21:22:26,212 [INFO] Truck: Time:<172.84151050722> Truck:[XHTruck25] Arrived at NorthPitMine-LoadSite5 at 172.84151050722
2025-09-11 21:22:26,212 [INFO] Truck: Time:<172.84151050722> Truck:[XHTruck25] Start loading at shovel NorthPitMine-LoadSite5-Shovel-1, load time is 4.060039370078741
2025-09-11 21:22:26,214 [INFO] Truck: Time:<173.14718228069867> Truck:[CLTruck11] Arrived at NorthPitMine-LoadSite3 at 173.14718228069867
2025-09-11 21:22:26,214 [INFO] Truck: Time:<173.14895322725383> Truck:[XHTruck22] Finish unloading at dumper NorthPitMine-DumpSite1-点位0, dumper tons is 1381.1903970583214
2025-09-11 21:22:26,215 [DEBUG] Truck: Time:<173.14895322725383> Truck:[XHTruck22] Start moving to ORDER(2):NorthPitMine-LoadSite3, move distance is 2.98, speed: 25
2025-09-11 21:22:26,215 [INFO] Truck: Time:<168> Truck:[XHTruck22] breakdown for 7.325172638533491 minutes at 168
2025-09-11 21:22:26,215 [INFO] Truck: Time:<173.4628730854101> Truck:[XHTruck18] is facing 2.327321160547097 mins delay caused by 1 pre-existing jam events on Road from NorthPitMine-LoadSite4 to NorthPitMine-DumpSite2
2025-09-11 21:22:26,215 [INFO] Truck: Time:<173.7145495369388> Truck:[XHTruck15] Arrived at NorthPitMine-LoadSite3 at 173.7145495369388
2025-09-11 21:22:26,216 [INFO] Truck: Time:<173.96384623404947> Truck:[CLTruck2] Finish loading at shovel NorthPitMine-LoadSite4-Shovel-1
2025-09-11 21:22:26,217 [DEBUG] Truck: Time:<173.96384623404947> Truck:[CLTruck2] Start moving to ORDER(1): NorthPitMine-DumpSite2, move distance is 1.7887101045700327, speed: 25
2025-09-11 21:22:26,217 [INFO] Truck: Time:<146> Truck:[CLTruck2] breakdown for 6.365064192911844 minutes at 146
2025-09-11 21:22:26,217 [INFO] Truck: Time:<173.96384623404947> Truck:[XHTruck11] Start loading at shovel NorthPitMine-LoadSite4-Shovel-1, load time is 4.060039370078741
2025-09-11 21:22:26,219 [INFO] Truck: Time:<174.0607828163336> Truck:[XHTruck8] Arrived at NorthPitMine-LoadSite4 at 174.0607828163336
2025-09-11 21:22:26,221 [DEBUG] Truck: Time:<175.0098795659244> Truck:[OfficalTruck4] Arrived at NorthPitMine-DumpSite1 at 175.0098795659244
2025-09-11 21:22:26,221 [INFO] Truck: Time:<175.20177777777775> Truck:[CLTruck14] Finish loading at shovel NorthPitMine-LoadSite4-Shovel-3
2025-09-11 21:22:26,221 [DEBUG] Truck: Time:<175.20177777777775> Truck:[CLTruck14] Start moving to ORDER(1): NorthPitMine-DumpSite2, move distance is 1.6788386109907774, speed: 25
2025-09-11 21:22:26,222 [INFO] Truck: Time:<148> Truck:[CLTruck14] breakdown for 1.9398905006411784 minutes at 148
2025-09-11 21:22:26,222 [INFO] Truck: Time:<175.20177777777775> Truck:[XHTruck33] Start loading at shovel NorthPitMine-LoadSite4-Shovel-3, load time is 24.444444444444443
2025-09-11 21:22:26,222 [DEBUG] Truck: Time:<175.34668640532732> Truck:[CLTruck27] Arrived at NorthPitMine-DumpSite1 at 175.34668640532732
2025-09-11 21:22:26,224 [INFO] Truck: Time:<176.0098795659244> Truck:[OfficalTruck4] Finish unloading at dumper NorthPitMine-DumpSite1-点位0, dumper tons is 1464.8222352520827
2025-09-11 21:22:26,225 [DEBUG] Truck: Time:<176.0098795659244> Truck:[OfficalTruck4] Start moving to ORDER(2):NorthPitMine-LoadSite3, move distance is 2.98, speed: 25
2025-09-11 21:22:26,225 [INFO] Truck: Time:<172> Truck:[OfficalTruck4] breakdown for 10.097822305713795 minutes at 172
2025-09-11 21:22:26,226 [INFO] Truck: Time:<176.34668640532732> Truck:[CLTruck27] Finish unloading at dumper NorthPitMine-DumpSite1-点位1, dumper tons is 361.6413430867601
2025-09-11 21:22:26,227 [DEBUG] Truck: Time:<176.34668640532732> Truck:[CLTruck27] Start moving to ORDER(2):NorthPitMine-LoadSite3, move distance is 2.98, speed: 25
2025-09-11 21:22:26,227 [INFO] Truck: Time:<168> Truck:[CLTruck27] breakdown for 9.191976021361207 minutes at 168
2025-09-11 21:22:26,227 [DEBUG] Truck: Time:<176.6789877231889> Truck:[OfficalTruck3] Arrived at NorthPitMine-DumpSite1 at 176.6789877231889
2025-09-11 21:22:26,227 [INFO] Truck: Time:<176.90154987729875> Truck:[XHTruck25] Finish loading at shovel NorthPitMine-LoadSite5-Shovel-1
2025-09-11 21:22:26,228 [DEBUG] Truck: Time:<176.90154987729875> Truck:[XHTruck25] Start moving to ORDER(0): NorthPitMine-DumpSite1, move distance is 5.15, speed: 25
2025-09-11 21:22:26,228 [INFO] Truck: Time:<176.90154987729875> Truck:[XHTruck25] is facing 0 mins delay caused by 1 pre-existing jam events on Road from NorthPitMine-LoadSite5 to NorthPitMine-DumpSite1
2025-09-11 21:22:26,229 [INFO] Truck: Time:<177.14166827841893> Truck:[CLTruck14] is facing 0 mins delay caused by 2 pre-existing jam events on Road from NorthPitMine-LoadSite4 to NorthPitMine-DumpSite2
2025-09-11 21:22:26,229 [INFO] Truck: Time:<177.6789877231889> Truck:[OfficalTruck3] Finish unloading at dumper NorthPitMine-DumpSite1-点位0, dumper tons is 1543.823579512082
2025-09-11 21:22:26,231 [DEBUG] Truck: Time:<177.6789877231889> Truck:[OfficalTruck3] Start moving to ORDER(2):NorthPitMine-LoadSite3, move distance is 2.98, speed: 25
2025-09-11 21:22:26,231 [INFO] Truck: Time:<177.6789877231889> Truck:[OfficalTruck3] is facing 0 mins delay caused by 1 pre-existing jam events on Road from NorthPitMine-DumpSite1 to NorthPitMine-LoadSite3
2025-09-11 21:22:26,232 [INFO] Truck: Time:<178.02388560412822> Truck:[XHTruck11] Finish loading at shovel NorthPitMine-LoadSite4-Shovel-1
2025-09-11 21:22:26,233 [INFO] Truck: Time:<178.02388560412822> Shovel NorthPitMine-LoadSite4-Shovel-1 under maintenance for 47.10 minutes
2025-09-11 21:22:26,233 [DEBUG] Truck: Time:<178.10463022303168> Truck:[XHTruck1] Arrived at NorthPitMine-DumpSite5 at 178.10463022303168
2025-09-11 21:22:26,233 [INFO] Truck: Time:<178.52735996304955> Truck:[XHTruck3] Arrived at NorthPitMine-LoadSite4 at 178.52735996304955
2025-09-11 21:22:26,234 [DEBUG] Truck: Time:<179.1007667605972> Truck:[XHTruck24] Arrived at NorthPitMine-DumpSite1 at 179.1007667605972
2025-09-11 21:22:26,234 [INFO] Truck: Time:<179.10463022303168> Truck:[XHTruck1] Finish unloading at dumper NorthPitMine-DumpSite5-点位0, dumper tons is 1933.3461301871505
2025-09-11 21:22:26,234 [DEBUG] Truck: Time:<179.10463022303168> Truck:[XHTruck1] Start moving to ORDER(3):NorthPitMine-LoadSite4, move distance is 5.34, speed: 25
2025-09-11 21:22:26,234 [INFO] Truck: Time:<179.420583511896> Truck:[XHTruck29] Arrived at NorthPitMine-LoadSite3 at 179.420583511896
2025-09-11 21:22:26,236 [INFO] Truck: Time:<179.49453322789938> Truck:[CLTruck4] is facing 11.055065922599427 mins delay caused by 2 pre-existing jam events on Road from NorthPitMine-DumpSite2 to NorthPitMine-LoadSite3
2025-09-11 21:22:26,236 [INFO] Truck: Time:<179.6005871652608> Truck:[OfficalTruck8] Finish loading at shovel NorthPitMine-LoadSite4-Shovel-2
2025-09-11 21:22:26,236 [DEBUG] Truck: Time:<179.6005871652608> Truck:[OfficalTruck8] Start moving to ORDER(1): NorthPitMine-DumpSite2, move distance is 1.6052909175797077, speed: 25
2025-09-11 21:22:26,236 [INFO] Truck: Time:<170> Truck:[OfficalTruck8] breakdown for 10.237469691360612 minutes at 170
2025-09-11 21:22:26,236 [INFO] Truck: Time:<179.6005871652608> Truck:[XHTruck28] Start loading at shovel NorthPitMine-LoadSite4-Shovel-2, load time is 24.444444444444443
2025-09-11 21:22:26,236 [DEBUG] Truck: Time:<179.84440675044578> Truck:[OfficalTruck2] Arrived at NorthPitMine-DumpSite2 at 179.84440675044578
2025-09-11 21:22:26,238 [DEBUG] Truck: Time:<179.8546501512314> Truck:[XHTruck23] Arrived at NorthPitMine-DumpSite2 at 179.8546501512314
2025-09-11 21:22:26,238 [DEBUG] Truck: Time:<179.90473196494926> Truck:[XHTruck18] Arrived at NorthPitMine-DumpSite2 at 179.90473196494926
2025-09-11 21:22:26,240 [INFO] Truck: Time:<180.1007667605972> Truck:[XHTruck24] Finish unloading at dumper NorthPitMine-DumpSite1-点位0, dumper tons is 1603.2213798556663
2025-09-11 21:22:26,240 [DEBUG] Truck: Time:<180.1007667605972> Truck:[XHTruck24] Start moving to ORDER(2):NorthPitMine-LoadSite3, move distance is 2.98, speed: 25
2025-09-11 21:22:26,240 [INFO] Truck: Time:<174> Truck:[XHTruck24] breakdown for 11.147059130093771 minutes at 174
2025-09-11 21:22:26,241 [INFO] Truck: Time:<180.3289104269613> Truck:[CLTruck2] is facing 0 mins delay caused by 1 pre-existing jam events on Road from NorthPitMine-LoadSite4 to NorthPitMine-DumpSite2
2025-09-11 21:22:26,241 [INFO] Truck: Time:<180.43650865692985> Truck:[XHTruck17] is facing 0.01886518135753157 mins delay caused by 1 pre-existing jam events on Road from NorthPitMine-LoadSite4 to NorthPitMine-DumpSite2
2025-09-11 21:22:26,241 [DEBUG] Truck: Time:<180.68577065771598> Truck:[OfficalTruck6] Arrived at NorthPitMine-DumpSite1 at 180.68577065771598
2025-09-11 21:22:26,241 [INFO] Truck: Time:<180.84440675044578> Truck:[OfficalTruck2] Finish unloading at dumper NorthPitMine-DumpSite2-点位0, dumper tons is 1888.0774701598373
2025-09-11 21:22:26,242 [DEBUG] Truck: Time:<180.84440675044578> Truck:[OfficalTruck2] Start moving to ORDER(4):NorthPitMine-LoadSite5, move distance is 5.59, speed: 25
2025-09-11 21:22:26,242 [INFO] Truck: Time:<180.8546501512314> Truck:[XHTruck23] Finish unloading at dumper NorthPitMine-DumpSite2-点位1, dumper tons is 735.4353454952153
2025-09-11 21:22:26,243 [DEBUG] Truck: Time:<180.8546501512314> Truck:[XHTruck23] Start moving to ORDER(2):NorthPitMine-LoadSite3, move distance is 5.529776092775633, speed: 25
2025-09-11 21:22:26,243 [INFO] Truck: Time:<180.8546501512314> Truck:[XHTruck23] is facing 7.297891566510661 mins delay caused by 3 pre-existing jam events on Road from NorthPitMine-DumpSite2 to NorthPitMine-LoadSite3
2025-09-11 21:22:26,243 [INFO] Truck: Time:<180.90473196494926> Truck:[XHTruck18] Finish unloading at dumper NorthPitMine-DumpSite2-点位2, dumper tons is 335.3525102387691
2025-09-11 21:22:26,244 [DEBUG] Truck: Time:<180.90473196494926> Truck:[XHTruck18] Start moving to ORDER(2):NorthPitMine-LoadSite3, move distance is 4.836269535723029, speed: 25
2025-09-11 21:22:26,244 [INFO] Truck: Time:<180.90473196494926> Truck:[XHTruck18] is facing 9.334421877905946 mins delay caused by 3 pre-existing jam events on Road from NorthPitMine-DumpSite2 to NorthPitMine-LoadSite3
2025-09-11 21:22:26,245 [DEBUG] Truck: Time:<181.1708809447968> Truck:[CLTruck14] Arrived at NorthPitMine-DumpSite2 at 181.1708809447968
2025-09-11 21:22:26,245 [INFO] Truck: Time:<181.68577065771598> Truck:[OfficalTruck6] Finish unloading at dumper NorthPitMine-DumpSite1-点位0, dumper tons is 1686.8404223383163
2025-09-11 21:22:26,247 [DEBUG] Truck: Time:<181.68577065771598> Truck:[OfficalTruck6] Start moving to ORDER(2):NorthPitMine-LoadSite3, move distance is 2.98, speed: 25
2025-09-11 21:22:26,249 [INFO] Truck: Time:<182.1708809447968> Truck:[CLTruck14] Finish unloading at dumper NorthPitMine-DumpSite2-点位0, dumper tons is 1925.692532230403
2025-09-11 21:22:26,250 [DEBUG] Truck: Time:<182.1708809447968> Truck:[CLTruck14] Start moving to ORDER(2):NorthPitMine-LoadSite3, move distance is 5.072802314027478, speed: 25
2025-09-11 21:22:26,250 [INFO] Truck: Time:<182.1708809447968> Truck:[CLTruck14] is facing 10.50495426917551 mins delay caused by 4 pre-existing jam events on Road from NorthPitMine-DumpSite2 to NorthPitMine-LoadSite3
2025-09-11 21:22:26,253 [INFO] Truck: Time:<183.1626593637843> Shovel NorthPitMine-LoadSite3-Shovel-2 maintenance completed
2025-09-11 21:22:26,255 [DEBUG] Truck: Time:<183.1626593637843> Truck:[CLTruck24] Start moving to ORDER(4): NorthPitMine-DumpSite5, move distance is 1.86, speed: 25
2025-09-11 21:22:26,255 [INFO] Truck: Time:<171> Truck:[CLTruck24] breakdown for 10.493945373363408 minutes at 171
2025-09-11 21:22:26,255 [INFO] Truck: Time:<183.1626593637843> Truck:[XHTruck19] Start loading at shovel NorthPitMine-LoadSite3-Shovel-2, load time is 24.444444444444443
2025-09-11 21:22:26,256 [INFO] Truck: Time:<183.59925331834148> Truck:[XHTruck31] Arrived at NorthPitMine-LoadSite3 at 183.59925331834148
2025-09-11 21:22:26,256 [INFO] Truck: Time:<183.80119824558585> Truck:[XHTruck27] Arrived at NorthPitMine-LoadSite3 at 183.80119824558585
2025-09-11 21:22:26,256 [INFO] Truck: Time:<183.8994027804241> Truck:[XHTruck9] Arrived at NorthPitMine-LoadSite3 at 183.8994027804241
2025-09-11 21:22:26,256 [DEBUG] Truck: Time:<183.98859712157312> Truck:[XHTruck17] Arrived at NorthPitMine-DumpSite2 at 183.98859712157312
2025-09-11 21:22:26,258 [INFO] Truck: Time:<184.03442417485508> Truck:[CLTruck6] Arrived at NorthPitMine-LoadSite3 at 184.03442417485508
2025-09-11 21:22:26,258 [INFO] Truck: Time:<184.09066666666666> Truck:[XHTruck4] Finish loading at shovel NorthPitMine-LoadSite4-Shovel-4
2025-09-11 21:22:26,259 [DEBUG] Truck: Time:<184.09066666666666> Truck:[XHTruck4] Start moving to ORDER(1): NorthPitMine-DumpSite2, move distance is 1.7068285710304962, speed: 25
2025-09-11 21:22:26,259 [INFO] Truck: Time:<161> Truck:[XHTruck4] breakdown for 8.512833851714298 minutes at 161
2025-09-11 21:22:26,259 [INFO] Truck: Time:<184.09066666666666> Truck:[XHTruck7] Start loading at shovel NorthPitMine-LoadSite4-Shovel-4, load time is 24.444444444444443
2025-09-11 21:22:26,259 [INFO] Truck: Time:<184.19507880663448> Truck:[CLTruck23] Arrived at NorthPitMine-LoadSite4 at 184.19507880663448
2025-09-11 21:22:26,259 [DEBUG] Truck: Time:<184.62181467792936> Truck:[CLTruck2] Arrived at NorthPitMine-DumpSite2 at 184.62181467792936
2025-09-11 21:22:26,259 [INFO] Truck: Time:<184.83098772318888> Truck:[OfficalTruck3] Arrived at NorthPitMine-LoadSite3 at 184.83098772318888
2025-09-11 21:22:26,259 [INFO] Truck: Time:<184.97955555555555> Truck:[CLTruck21] Finish loading at shovel NorthPitMine-LoadSite4-Shovel-5
2025-09-11 21:22:26,260 [DEBUG] Truck: Time:<184.97955555555555> Truck:[CLTruck21] Start moving to ORDER(1): NorthPitMine-DumpSite2, move distance is 1.6716716394879905, speed: 25
2025-09-11 21:22:26,260 [INFO] Truck: Time:<153> Truck:[CLTruck21] is broken down and beyond repair at NorthPitMine-LoadSite4 to NorthPitMine-DumpSite2
2025-09-11 21:22:26,261 [INFO] Truck: Truck CLTruck21 is beyond repair and will no longer participate in operations.
2025-09-11 21:22:26,261 [INFO] Truck: Time:<184.97955555555555> Truck:[XHTruck10] Start loading at shovel NorthPitMine-LoadSite4-Shovel-5, load time is 24.444444444444443
2025-09-11 21:22:26,261 [INFO] Truck: Time:<184.98859712157312> Truck:[XHTruck17] Finish unloading at dumper NorthPitMine-DumpSite2-点位0, dumper tons is 1986.0406904350227
2025-09-11 21:22:26,261 [DEBUG] Truck: Time:<184.98859712157312> Truck:[XHTruck17] Start moving to ORDER(2):NorthPitMine-LoadSite3, move distance is 4.84162253119047, speed: 25
2025-09-11 21:22:26,261 [INFO] Truck: Time:<184.98859712157312> Truck:[XHTruck17] is facing 5.3066113789087055 mins delay caused by 5 pre-existing jam events on Road from NorthPitMine-DumpSite2 to NorthPitMine-LoadSite3
2025-09-11 21:22:26,263 [INFO] Truck: Time:<185.53866242668852> Truck:[CLTruck27] is facing 2.534421971489966 mins delay caused by 1 pre-existing jam events on Road from NorthPitMine-DumpSite1 to NorthPitMine-LoadSite3
2025-09-11 21:22:26,264 [INFO] Truck: Time:<185.62181467792936> Truck:[CLTruck2] Finish unloading at dumper NorthPitMine-DumpSite2-点位1, dumper tons is 773.7971646923071
2025-09-11 21:22:26,264 [DEBUG] Truck: Time:<185.62181467792936> Truck:[CLTruck2] Start moving to ORDER(2):NorthPitMine-LoadSite3, move distance is 4.6537298791257475, speed: 25
2025-09-11 21:22:26,264 [INFO] Truck: Time:<185.62181467792936> Truck:[CLTruck2] is facing 4.395423154304176 mins delay caused by 3 pre-existing jam events on Road from NorthPitMine-DumpSite2 to NorthPitMine-LoadSite3
2025-09-11 21:22:26,266 [INFO] Truck: Time:<186.1077018716382> Truck:[OfficalTruck4] is facing 1.9653825265402851 mins delay caused by 1 pre-existing jam events on Road from NorthPitMine-DumpSite1 to NorthPitMine-LoadSite3
2025-09-11 21:22:26,266 [INFO] Truck: Time:<186.2026666666667> Truck:[XHTruck32] Finish loading at shovel NorthPitMine-LoadSite3-Shovel-3
2025-09-11 21:22:26,267 [DEBUG] Truck: Time:<186.2026666666667> Truck:[XHTruck32] Start moving to ORDER(4): NorthPitMine-DumpSite5, move distance is 1.86, speed: 25
2025-09-11 21:22:26,267 [INFO] Truck: Time:<178> Truck:[XHTruck32] breakdown for 9.749199210255842 minutes at 178
2025-09-11 21:22:26,267 [INFO] Truck: Time:<186.2026666666667> Truck:[CLTruck25] Start loading at shovel NorthPitMine-LoadSite3-Shovel-3, load time is 15.555555555555555
2025-09-11 21:22:26,269 [INFO] Truck: Time:<187.62612586578732> Truck:[XHTruck22] Arrived at NorthPitMine-LoadSite3 at 187.62612586578732
2025-09-11 21:22:26,271 [DEBUG] Truck: Time:<188.79634921379076> Truck:[OfficalTruck1] Arrived at NorthPitMine-DumpSite2 at 188.79634921379076
2025-09-11 21:22:26,271 [INFO] Truck: Time:<188.83777065771596> Truck:[OfficalTruck6] Arrived at NorthPitMine-LoadSite3 at 188.83777065771596
2025-09-11 21:22:26,274 [DEBUG] Truck: Time:<189.26154987729876> Truck:[XHTruck25] Arrived at NorthPitMine-DumpSite1 at 189.26154987729876
2025-09-11 21:22:26,274 [INFO] Truck: Time:<189.79634921379076> Truck:[OfficalTruck1] Finish unloading at dumper NorthPitMine-DumpSite2-点位0, dumper tons is 2065.28274933977
2025-09-11 21:22:26,275 [INFO] Road: [RoadEvent] Road from NorthPitMine-DumpSite2 to NorthPitMine-LoadSite5 is in repair，the repair will last for 42.69 mins, and will end at 232.49, vehicle on this road will have to suffer punish_distance.
2025-09-11 21:22:26,275 [DEBUG] Truck: Time:<189.79634921379076> Truck:[OfficalTruck1] Start moving to ORDER(4):NorthPitMine-LoadSite5, move distance is 6.717209723146282, speed: 25
2025-09-11 21:22:26,275 [DEBUG] Truck: Time:<189.98502364084777> Truck:[XHTruck13] Arrived at NorthPitMine-DumpSite2 at 189.98502364084777
2025-09-11 21:22:26,276 [INFO] Truck: Time:<190.14603695767602> Shovel NorthPitMine-LoadSite3-Shovel-1 maintenance completed
2025-09-11 21:22:26,277 [DEBUG] Truck: Time:<190.14603695767602> Truck:[CLTruck1] Start moving to ORDER(4): NorthPitMine-DumpSite5, move distance is 1.86, speed: 25
2025-09-11 21:22:26,277 [INFO] Truck: Time:<187> Truck:[CLTruck1] breakdown for 10.41840444656356 minutes at 187
2025-09-11 21:22:26,278 [INFO] Truck: Time:<190.14603695767602> Truck:[CLTruck9] Start loading at shovel NorthPitMine-LoadSite3-Shovel-1, load time is 2.5836614173228347
2025-09-11 21:22:26,278 [INFO] Truck: Time:<190.26154987729876> Truck:[XHTruck25] Finish unloading at dumper NorthPitMine-DumpSite1-点位0, dumper tons is 1746.4250204263315
2025-09-11 21:22:26,279 [INFO] Road: [RoadEvent] Road from NorthPitMine-DumpSite1 to NorthPitMine-LoadSite4 is in repair，the repair will last for 54.44 mins, and will end at 244.70, vehicle on this road will have to suffer punish_distance.
2025-09-11 21:22:26,279 [DEBUG] Truck: Time:<190.26154987729876> Truck:[XHTruck25] Start moving to ORDER(3):NorthPitMine-LoadSite4, move distance is 4.2755176761447835, speed: 25
2025-09-11 21:22:26,279 [INFO] Truck: Time:<178> Truck:[XHTruck25] breakdown for 11.235517111688438 minutes at 178
2025-09-11 21:22:26,279 [INFO] Truck: Time:<190.98502364084777> Truck:[XHTruck13] Finish unloading at dumper NorthPitMine-DumpSite2-点位0, dumper tons is 2118.7342469295886
2025-09-11 21:22:26,279 [DEBUG] Truck: Time:<190.98502364084777> Truck:[XHTruck13] Start moving to ORDER(4):NorthPitMine-LoadSite5, move distance is 7.789708977770118, speed: 25
2025-09-11 21:22:26,282 [INFO] Truck: Time:<191.92063022303168> Truck:[XHTruck1] Arrived at NorthPitMine-LoadSite4 at 191.92063022303168
2025-09-11 21:22:26,285 [INFO] Truck: Time:<192.72969837499886> Truck:[CLTruck9] Finish loading at shovel NorthPitMine-LoadSite3-Shovel-1
2025-09-11 21:22:26,286 [DEBUG] Truck: Time:<192.72969837499886> Truck:[CLTruck9] Start moving to ORDER(4): NorthPitMine-DumpSite5, move distance is 1.86, speed: 25
2025-09-11 21:22:26,286 [INFO] Truck: Time:<131> Truck:[CLTruck9] breakdown for 11.713170893927323 minutes at 131
2025-09-11 21:22:26,286 [INFO] Truck: Time:<192.72969837499886> Truck:[CLTruck13] Start loading at shovel NorthPitMine-LoadSite3-Shovel-1, load time is 2.5836614173228347
2025-09-11 21:22:26,288 [DEBUG] Truck: Time:<193.69075505881273> Truck:[OfficalTruck8] Arrived at NorthPitMine-DumpSite2 at 193.69075505881273
2025-09-11 21:22:26,290 [INFO] Truck: Time:<194.26040675044578> Truck:[OfficalTruck2] Arrived at NorthPitMine-LoadSite5 at 194.26040675044578
2025-09-11 21:22:26,291 [INFO] Truck: Time:<194.26040675044578> Truck:[OfficalTruck2] Start loading at shovel NorthPitMine-LoadSite5-Shovel-1, load time is 5.684055118110236
2025-09-11 21:22:26,291 [INFO] Truck: Time:<194.39570823551566> Truck:[CLTruck3] Arrived at NorthPitMine-LoadSite4 at 194.39570823551566
2025-09-11 21:22:26,291 [INFO] Truck: Time:<194.69075505881273> Truck:[OfficalTruck8] Finish unloading at dumper NorthPitMine-DumpSite2-点位0, dumper tons is 2199.261409934899
2025-09-11 21:22:26,293 [DEBUG] Truck: Time:<194.69075505881273> Truck:[OfficalTruck8] Start moving to ORDER(4):NorthPitMine-LoadSite5, move distance is 8.627766777507228, speed: 25
2025-09-11 21:22:26,293 [INFO] Truck: Time:<194.69075505881273> Truck:[OfficalTruck8] is facing 16.79003039720623 mins delay caused by 3 pre-existing jam events on Road from NorthPitMine-DumpSite2 to NorthPitMine-LoadSite5
2025-09-11 21:22:26,293 [INFO] Truck: Time:<193> Truck:[OfficalTruck8] is broken down and beyond repair at NorthPitMine-DumpSite2 to NorthPitMine-LoadSite5
2025-09-11 21:22:26,294 [INFO] Truck: Truck OfficalTruck8 is beyond repair and will no longer participate in operations.
2025-09-11 21:22:26,295 [INFO] Truck: Time:<195.2250843981785> Truck:[CLTruck27] Arrived at NorthPitMine-LoadSite3 at 195.2250843981785
2025-09-11 21:22:26,295 [INFO] Truck: Time:<195.2250843981785> Truck:[OfficalTruck4] Arrived at NorthPitMine-LoadSite3 at 195.2250843981785
2025-09-11 21:22:26,296 [INFO] Truck: Time:<195.3133597923217> Truck:[CLTruck13] Finish loading at shovel NorthPitMine-LoadSite3-Shovel-1
2025-09-11 21:22:26,296 [DEBUG] Truck: Time:<195.3133597923217> Truck:[CLTruck13] Start moving to ORDER(4): NorthPitMine-DumpSite5, move distance is 1.86, speed: 25
2025-09-11 21:22:26,297 [INFO] Truck: Time:<191> Truck:[CLTruck13] breakdown for 13.101943050874036 minutes at 191
2025-09-11 21:22:26,297 [INFO] Truck: Time:<195.3133597923217> Truck:[CLTruck7] Start loading at shovel NorthPitMine-LoadSite3-Shovel-1, load time is 2.5836614173228347
2025-09-11 21:22:26,300 [DEBUG] Truck: Time:<196.69988908885415> Truck:[XHTruck4] Arrived at NorthPitMine-DumpSite2 at 196.69988908885415
2025-09-11 21:22:26,303 [INFO] Truck: Time:<197.69988908885415> Truck:[XHTruck4] Finish unloading at dumper NorthPitMine-DumpSite2-点位0, dumper tons is 2252.2268161590923
2025-09-11 21:22:26,303 [DEBUG] Truck: Time:<197.69988908885415> Truck:[XHTruck4] Start moving to ORDER(4):NorthPitMine-LoadSite5, move distance is 7.682567828280694, speed: 25
2025-09-11 21:22:26,303 [INFO] Truck: Time:<197.69988908885415> Truck:[XHTruck4] is facing 10.505067254616824 mins delay caused by 3 pre-existing jam events on Road from NorthPitMine-DumpSite2 to NorthPitMine-LoadSite5
2025-09-11 21:22:26,304 [INFO] Truck: Time:<197.89702120964455> Truck:[CLTruck7] Finish loading at shovel NorthPitMine-LoadSite3-Shovel-1
2025-09-11 21:22:26,304 [DEBUG] Truck: Time:<197.89702120964455> Truck:[CLTruck7] Start moving to ORDER(4): NorthPitMine-DumpSite5, move distance is 1.86, speed: 25
2025-09-11 21:22:26,304 [INFO] Truck: Time:<193> Truck:[CLTruck7] breakdown for 11.649529388121396 minutes at 193
2025-09-11 21:22:26,305 [INFO] Truck: Time:<197.89702120964455> Truck:[XHTruck21] Start loading at shovel NorthPitMine-LoadSite3-Shovel-1, load time is 4.060039370078741
2025-09-11 21:22:26,306 [DEBUG] Truck: Time:<198.1206047371477> Truck:[CLTruck24] Arrived at NorthPitMine-DumpSite5 at 198.1206047371477
2025-09-11 21:22:26,306 [INFO] Truck: Time:<198.39982589069095> Truck:[XHTruck24] Arrived at NorthPitMine-LoadSite3 at 198.39982589069095
2025-09-11 21:22:26,308 [INFO] Truck: Time:<199.1206047371477> Truck:[CLTruck24] Finish unloading at dumper NorthPitMine-DumpSite5-点位0, dumper tons is 1965.1402333200379
2025-09-11 21:22:26,309 [DEBUG] Truck: Time:<199.1206047371477> Truck:[CLTruck24] Start moving to ORDER(3):NorthPitMine-LoadSite4, move distance is 5.34, speed: 25
2025-09-11 21:22:26,309 [INFO] Truck: Time:<199.1206047371477> Truck:[CLTruck24] is facing 0 mins delay caused by 1 pre-existing jam events on Road from NorthPitMine-DumpSite5 to NorthPitMine-LoadSite4
2025-09-11 21:22:26,309 [INFO] Truck: Time:<199.6462222222222> Truck:[XHTruck33] Finish loading at shovel NorthPitMine-LoadSite4-Shovel-3
2025-09-11 21:22:26,310 [DEBUG] Truck: Time:<199.6462222222222> Truck:[XHTruck33] Start moving to ORDER(1): NorthPitMine-DumpSite2, move distance is 1.17, speed: 25
2025-09-11 21:22:26,311 [INFO] Truck: Time:<167> Truck:[XHTruck33] breakdown for 6.082516822340933 minutes at 167
2025-09-11 21:22:26,311 [INFO] Truck: Time:<199.6462222222222> Truck:[XHTruck2] Start loading at shovel NorthPitMine-LoadSite4-Shovel-3, load time is 24.444444444444443
2025-09-11 21:22:26,311 [INFO] Truck: Time:<199.944461868556> Truck:[OfficalTruck2] Finish loading at shovel NorthPitMine-LoadSite5-Shovel-1
2025-09-11 21:22:26,312 [INFO] Road: [RoadEvent] Road from NorthPitMine-LoadSite5 to NorthPitMine-DumpSite1 is in repair，the repair will last for 59.40 mins, and will end at 259.34, vehicle on this road will have to suffer punish_distance.
2025-09-11 21:22:26,312 [DEBUG] Truck: Time:<199.944461868556> Truck:[OfficalTruck2] Start moving to ORDER(0): NorthPitMine-DumpSite1, move distance is 7.720345532953194, speed: 25
2025-09-11 21:22:26,312 [INFO] Truck: Time:<198> Truck:[OfficalTruck2] breakdown for 9.171585457766554 minutes at 198
2025-09-11 21:22:26,314 [DEBUG] Truck: Time:<200.41586587692254> Truck:[XHTruck32] Arrived at NorthPitMine-DumpSite5 at 200.41586587692254
2025-09-11 21:22:26,315 [INFO] Truck: Time:<201.18618954213534> Truck:[CLTruck2] Arrived at NorthPitMine-LoadSite3 at 201.18618954213534
2025-09-11 21:22:26,315 [INFO] Truck: Time:<201.41586587692254> Truck:[XHTruck32] Finish unloading at dumper NorthPitMine-DumpSite5-点位0, dumper tons is 2024.9087359882565
2025-09-11 21:22:26,318 [DEBUG] Truck: Time:<201.41586587692254> Truck:[XHTruck32] Start moving to ORDER(3):NorthPitMine-LoadSite4, move distance is 5.34, speed: 25
2025-09-11 21:22:26,318 [INFO] Truck: Time:<201.41586587692254> Truck:[XHTruck32] is facing 0 mins delay caused by 1 pre-existing jam events on Road from NorthPitMine-DumpSite5 to NorthPitMine-LoadSite4
2025-09-11 21:22:26,318 [INFO] Truck: Time:<201.42400434040357> Truck:[XHTruck23] Arrived at NorthPitMine-LoadSite3 at 201.42400434040357
2025-09-11 21:22:26,318 [INFO] Truck: Time:<201.75822222222223> Truck:[CLTruck25] Finish loading at shovel NorthPitMine-LoadSite3-Shovel-3
2025-09-11 21:22:26,318 [DEBUG] Truck: Time:<201.75822222222223> Truck:[CLTruck25] Start moving to ORDER(4): NorthPitMine-DumpSite5, move distance is 1.86, speed: 25
2025-09-11 21:22:26,318 [INFO] Truck: Time:<191> Truck:[CLTruck25] breakdown for 12.37169145972538 minutes at 191
2025-09-11 21:22:26,318 [INFO] Truck: Time:<201.75822222222223> Truck:[CLTruck16] Start loading at shovel NorthPitMine-LoadSite3-Shovel-3, load time is 15.555555555555555
2025-09-11 21:22:26,318 [INFO] Truck: Time:<201.84620072859047> Truck:[XHTruck18] Arrived at NorthPitMine-LoadSite3 at 201.84620072859047
2025-09-11 21:22:26,321 [INFO] Truck: Time:<201.91510257533895> Truck:[XHTruck17] Arrived at NorthPitMine-LoadSite3 at 201.91510257533895
2025-09-11 21:22:26,321 [INFO] Truck: Time:<201.9570605797233> Truck:[XHTruck21] Finish loading at shovel NorthPitMine-LoadSite3-Shovel-1
2025-09-11 21:22:26,321 [DEBUG] Truck: Time:<201.9570605797233> Truck:[XHTruck21] Start moving to ORDER(4): NorthPitMine-DumpSite5, move distance is 1.86, speed: 25
2025-09-11 21:22:26,321 [INFO] Truck: Time:<195> Truck:[XHTruck21] breakdown for 9.659463223229148 minutes at 195
2025-09-11 21:22:26,322 [INFO] Truck: Time:<201.9570605797233> Truck:[CLTruck8] Start loading at shovel NorthPitMine-LoadSite3-Shovel-1, load time is 2.5836614173228347
2025-09-11 21:22:26,323 [INFO] Truck: Time:<202.7092873733077> Truck:[CLTruck4] Arrived at NorthPitMine-LoadSite3 at 202.7092873733077
2025-09-11 21:22:26,326 [INFO] Truck: Time:<204.04503160970523> Truck:[XHTruck28] Finish loading at shovel NorthPitMine-LoadSite4-Shovel-2
2025-09-11 21:22:26,327 [DEBUG] Truck: Time:<204.04503160970523> Truck:[XHTruck28] Start moving to ORDER(1): NorthPitMine-DumpSite2, move distance is 1.17, speed: 25
2025-09-11 21:22:26,327 [INFO] Truck: Time:<189> Truck:[XHTruck28] breakdown for 10.739509379317784 minutes at 189
2025-09-11 21:22:26,327 [INFO] Truck: Time:<204.04503160970523> Truck:[CLTruck5] Start loading at shovel NorthPitMine-LoadSite4-Shovel-2, load time is 15.555555555555555
2025-09-11 21:22:26,327 [INFO] Truck: Time:<204.54072199704615> Truck:[CLTruck8] Finish loading at shovel NorthPitMine-LoadSite3-Shovel-1
2025-09-11 21:22:26,328 [DEBUG] Truck: Time:<204.54072199704615> Truck:[CLTruck8] Start moving to ORDER(4): NorthPitMine-DumpSite5, move distance is 1.86, speed: 25
2025-09-11 21:22:26,328 [INFO] Truck: Time:<189> Truck:[CLTruck8] breakdown for 8.275105265323225 minutes at 189
2025-09-11 21:22:26,328 [INFO] Truck: Time:<204.54072199704615> Truck:[CLTruck29] Start loading at shovel NorthPitMine-LoadSite3-Shovel-1, load time is 2.5836614173228347
2025-09-11 21:22:26,328 [INFO] Truck: Time:<204.85056076763826> Truck:[CLTruck14] Arrived at NorthPitMine-LoadSite3 at 204.85056076763826
2025-09-11 21:22:26,330 [DEBUG] Truck: Time:<205.02844140423957> Truck:[CLTruck1] Arrived at NorthPitMine-DumpSite5 at 205.02844140423957
2025-09-11 21:22:26,330 [INFO] Truck: Time:<205.91765254934182> Truck:[OfficalTruck1] Arrived at NorthPitMine-LoadSite5 at 205.91765254934182
2025-09-11 21:22:26,330 [INFO] Truck: Time:<205.91765254934182> Truck:[OfficalTruck1] Start loading at shovel NorthPitMine-LoadSite5-Shovel-1, load time is 5.684055118110236
2025-09-11 21:22:26,331 [INFO] Truck: Time:<206.02844140423957> Truck:[CLTruck1] Finish unloading at dumper NorthPitMine-DumpSite5-点位0, dumper tons is 2059.803476703796
2025-09-11 21:22:26,332 [INFO] Road: [RoadEvent] Road from NorthPitMine-DumpSite5 to NorthPitMine-LoadSite4 is in repair，the repair will last for 61.19 mins, and will end at 267.22, vehicle on this road will have to suffer punish_distance.
2025-09-11 21:22:26,332 [DEBUG] Truck: Time:<206.02844140423957> Truck:[CLTruck1] Start moving to ORDER(3):NorthPitMine-LoadSite4, move distance is 8.350171700741782, speed: 25
2025-09-11 21:22:26,332 [INFO] Truck: Time:<206.02844140423957> Truck:[CLTruck1] is facing 0 mins delay caused by 1 pre-existing jam events on Road from NorthPitMine-DumpSite5 to NorthPitMine-LoadSite4
2025-09-11 21:22:26,334 [INFO] Truck: Time:<207.124383414369> Truck:[CLTruck29] Finish loading at shovel NorthPitMine-LoadSite3-Shovel-1
2025-09-11 21:22:26,335 [INFO] Road: [RoadEvent] Road from NorthPitMine-LoadSite3 to NorthPitMine-DumpSite5 is in repair，the repair will last for 47.54 mins, and will end at 254.66, vehicle on this road will have to suffer punish_distance.
2025-09-11 21:22:26,336 [DEBUG] Truck: Time:<207.124383414369> Truck:[CLTruck29] Start moving to ORDER(4): NorthPitMine-DumpSite5, move distance is 2.2972931477575225, speed: 25
2025-09-11 21:22:26,336 [INFO] Truck: Time:<198> Truck:[CLTruck29] breakdown for 11.679624357438326 minutes at 198
2025-09-11 21:22:26,336 [INFO] Truck: Time:<207.124383414369> Truck:[OfficalTruck7] Start loading at shovel NorthPitMine-LoadSite3-Shovel-1, load time is 5.684055118110236
2025-09-11 21:22:26,336 [INFO] Truck: Time:<207.60710380822871> Truck:[XHTruck19] Finish loading at shovel NorthPitMine-LoadSite3-Shovel-2
2025-09-11 21:22:26,336 [DEBUG] Truck: Time:<207.60710380822871> Truck:[XHTruck19] Start moving to ORDER(4): NorthPitMine-DumpSite5, move distance is 2.8549970418263597, speed: 25
2025-09-11 21:22:26,336 [INFO] Truck: Time:<188> Truck:[XHTruck19] breakdown for 12.401880606979764 minutes at 188
2025-09-11 21:22:26,336 [INFO] Truck: Time:<207.60710380822871> Truck:[XHTruck6] Start loading at shovel NorthPitMine-LoadSite3-Shovel-2, load time is 24.444444444444443
2025-09-11 21:22:26,340 [INFO] Truck: Time:<208.53511111111112> Truck:[XHTruck7] Finish loading at shovel NorthPitMine-LoadSite4-Shovel-4
2025-09-11 21:22:26,341 [DEBUG] Truck: Time:<208.53511111111112> Truck:[XHTruck7] Start moving to ORDER(1): NorthPitMine-DumpSite2, move distance is 1.17, speed: 25
2025-09-11 21:22:26,341 [INFO] Truck: Time:<204> Truck:[XHTruck7] breakdown for 14.031951531216789 minutes at 204
2025-09-11 21:22:26,341 [INFO] Truck: Time:<208.53511111111112> Truck:[CLTruck22] Start loading at shovel NorthPitMine-LoadSite4-Shovel-4, load time is 15.555555555555555
2025-09-11 21:22:26,341 [DEBUG] Truck: Time:<208.53673904456312> Truck:[XHTruck33] Arrived at NorthPitMine-DumpSite2 at 208.53673904456312
2025-09-11 21:22:26,341 [DEBUG] Truck: Time:<208.9068692689262> Truck:[CLTruck9] Arrived at NorthPitMine-DumpSite5 at 208.9068692689262
2025-09-11 21:22:26,343 [INFO] Truck: Time:<209.42399999999998> Truck:[XHTruck10] Finish loading at shovel NorthPitMine-LoadSite4-Shovel-5
2025-09-11 21:22:26,343 [DEBUG] Truck: Time:<209.42399999999998> Truck:[XHTruck10] Start moving to ORDER(1): NorthPitMine-DumpSite2, move distance is 1.17, speed: 25
2025-09-11 21:22:26,343 [INFO] Truck: Time:<200> Truck:[XHTruck10] breakdown for 13.221873030182541 minutes at 200
2025-09-11 21:22:26,344 [INFO] Truck: Time:<209.42399999999998> Truck:[XHTruck12] Start loading at shovel NorthPitMine-LoadSite4-Shovel-5, load time is 24.444444444444443
2025-09-11 21:22:26,344 [INFO] Truck: Time:<209.53673904456312> Truck:[XHTruck33] Finish unloading at dumper NorthPitMine-DumpSite2-点位0, dumper tons is 2311.659612828115
2025-09-11 21:22:26,344 [DEBUG] Truck: Time:<209.53673904456312> Truck:[XHTruck33] Start moving to ORDER(4):NorthPitMine-LoadSite5, move distance is 7.170391941308019, speed: 25
2025-09-11 21:22:26,345 [INFO] Truck: Time:<207> Truck:[XHTruck33] breakdown for 11.490963349215038 minutes at 207
2025-09-11 21:22:26,345 [INFO] Truck: Time:<209.68032518749607> Truck:[XHTruck13] Arrived at NorthPitMine-LoadSite5 at 209.68032518749607
2025-09-11 21:22:26,345 [INFO] Truck: Time:<209.68032518749607> Truck:[XHTruck13] Start loading at shovel NorthPitMine-LoadSite5-Shovel-2, load time is 4.060039370078741
2025-09-11 21:22:26,345 [INFO] Truck: Time:<209.9068692689262> Truck:[CLTruck9] Finish unloading at dumper NorthPitMine-DumpSite5-点位0, dumper tons is 2093.837715103806
2025-09-11 21:22:26,346 [DEBUG] Truck: Time:<209.9068692689262> Truck:[CLTruck9] Start moving to ORDER(3):NorthPitMine-LoadSite4, move distance is 6.824711646477148, speed: 25
2025-09-11 21:22:26,346 [INFO] Truck: Time:<206> Truck:[CLTruck9] breakdown for 10.483384398912696 minutes at 206
2025-09-11 21:22:26,349 [INFO] Truck: Time:<211.60170766745205> Truck:[OfficalTruck1] Finish loading at shovel NorthPitMine-LoadSite5-Shovel-1
2025-09-11 21:22:26,350 [DEBUG] Truck: Time:<211.60170766745205> Truck:[OfficalTruck1] Start moving to ORDER(0): NorthPitMine-DumpSite1, move distance is 7.196434510390314, speed: 25
2025-09-11 21:22:26,350 [INFO] Truck: Time:<202> Truck:[OfficalTruck1] breakdown for 10.054192209758746 minutes at 202
2025-09-11 21:22:26,350 [INFO] Truck: Time:<211.75830941173467> Truck:[XHTruck25] Arrived at NorthPitMine-LoadSite4 at 211.75830941173467
2025-09-11 21:22:26,350 [INFO] Truck: Time:<211.9366047371477> Truck:[CLTruck24] Arrived at NorthPitMine-LoadSite4 at 211.9366047371477
2025-09-11 21:22:26,352 [INFO] Truck: Time:<212.80843853247922> Truck:[OfficalTruck7] Finish loading at shovel NorthPitMine-LoadSite3-Shovel-1
2025-09-11 21:22:26,354 [DEBUG] Truck: Time:<212.80843853247922> Truck:[OfficalTruck7] Start moving to ORDER(4): NorthPitMine-DumpSite5, move distance is 2.8652818311123074, speed: 25
2025-09-11 21:22:26,354 [INFO] Truck: Time:<208> Truck:[OfficalTruck7] breakdown for 7.628435844888881 minutes at 208
2025-09-11 21:22:26,354 [INFO] Truck: Time:<212.80843853247922> Truck:[XHTruck15] Start loading at shovel NorthPitMine-LoadSite3-Shovel-1, load time is 4.060039370078741
2025-09-11 21:22:26,354 [DEBUG] Truck: Time:<212.87930284319575> Truck:[CLTruck13] Arrived at NorthPitMine-DumpSite5 at 212.87930284319575
2025-09-11 21:22:26,354 [INFO] Truck: Time:<213.74036455757482> Truck:[XHTruck13] Finish loading at shovel NorthPitMine-LoadSite5-Shovel-2
2025-09-11 21:22:26,354 [INFO] Truck: Time:<213.74036455757482> Shovel NorthPitMine-LoadSite5-Shovel-2 under maintenance for 47.57 minutes
2025-09-11 21:22:26,358 [INFO] Truck: Time:<213.87930284319575> Truck:[CLTruck13] Finish unloading at dumper NorthPitMine-DumpSite5-点位0, dumper tons is 2129.9719096840668
2025-09-11 21:22:26,358 [DEBUG] Truck: Time:<213.87930284319575> Truck:[CLTruck13] Start moving to ORDER(3):NorthPitMine-LoadSite4, move distance is 7.596957190477519, speed: 25
2025-09-11 21:22:26,358 [INFO] Truck: Time:<213.87930284319575> Truck:[CLTruck13] is facing 0 mins delay caused by 1 pre-existing jam events on Road from NorthPitMine-DumpSite5 to NorthPitMine-LoadSite4
2025-09-11 21:22:26,360 [DEBUG] Truck: Time:<214.01055059776596> Truck:[CLTruck7] Arrived at NorthPitMine-DumpSite5 at 214.01055059776596
2025-09-11 21:22:26,360 [INFO] Truck: Time:<214.23186587692254> Truck:[XHTruck32] Arrived at NorthPitMine-LoadSite4 at 214.23186587692254
2025-09-11 21:22:26,362 [INFO] Truck: Time:<215.01055059776596> Truck:[CLTruck7] Finish unloading at dumper NorthPitMine-DumpSite5-点位0, dumper tons is 2166.1027013785756
2025-09-11 21:22:26,362 [DEBUG] Truck: Time:<215.01055059776596> Truck:[CLTruck7] Start moving to ORDER(3):NorthPitMine-LoadSite4, move distance is 7.399523022396356, speed: 25
2025-09-11 21:22:26,362 [INFO] Truck: Time:<215.01055059776596> Truck:[CLTruck7] is facing 0 mins delay caused by 1 pre-existing jam events on Road from NorthPitMine-DumpSite5 to NorthPitMine-LoadSite4
2025-09-11 21:22:26,365 [DEBUG] Truck: Time:<216.08052380295246> Truck:[XHTruck21] Arrived at NorthPitMine-DumpSite5 at 216.08052380295246
2025-09-11 21:22:26,366 [INFO] Truck: Time:<216.86847790255797> Truck:[XHTruck15] Finish loading at shovel NorthPitMine-LoadSite3-Shovel-1
2025-09-11 21:22:26,366 [DEBUG] Truck: Time:<216.86847790255797> Truck:[XHTruck15] Start moving to ORDER(4): NorthPitMine-DumpSite5, move distance is 2.8014424411617003, speed: 25
2025-09-11 21:22:26,366 [INFO] Truck: Time:<195> Truck:[XHTruck15] breakdown for 7.657896824444395 minutes at 195
2025-09-11 21:22:26,366 [INFO] Truck: Time:<216.86847790255797> Truck:[XHTruck9] Start loading at shovel NorthPitMine-LoadSite3-Shovel-1, load time is 4.060039370078741
2025-09-11 21:22:26,368 [INFO] Truck: Time:<217.08052380295246> Truck:[XHTruck21] Finish unloading at dumper NorthPitMine-DumpSite5-点位0, dumper tons is 2224.0432578622217
2025-09-11 21:22:26,370 [DEBUG] Truck: Time:<217.08052380295246> Truck:[XHTruck21] Start moving to ORDER(3):NorthPitMine-LoadSite4, move distance is 7.465231711499145, speed: 25
2025-09-11 21:22:26,370 [INFO] Truck: Time:<214> Truck:[XHTruck21] breakdown for 5.522947865634339 minutes at 214
2025-09-11 21:22:26,370 [DEBUG] Truck: Time:<217.27982726236937> Truck:[CLTruck8] Arrived at NorthPitMine-DumpSite5 at 217.27982726236937
2025-09-11 21:22:26,370 [INFO] Truck: Time:<217.31377777777777> Truck:[CLTruck16] Finish loading at shovel NorthPitMine-LoadSite3-Shovel-3
2025-09-11 21:22:26,370 [INFO] Truck: Time:<217.31377777777777> Shovel NorthPitMine-LoadSite3-Shovel-3 under maintenance for 47.57 minutes
2025-09-11 21:22:26,370 [DEBUG] Truck: Time:<217.592540989023> Truck:[XHTruck28] Arrived at NorthPitMine-DumpSite2 at 217.592540989023
2025-09-11 21:22:26,372 [INFO] Truck: Time:<218.27982726236937> Truck:[CLTruck8] Finish unloading at dumper NorthPitMine-DumpSite5-点位0, dumper tons is 2255.5952816435415
2025-09-11 21:22:26,372 [DEBUG] Truck: Time:<218.27982726236937> Truck:[CLTruck8] Start moving to ORDER(3):NorthPitMine-LoadSite4, move distance is 7.32424672264892, speed: 25
2025-09-11 21:22:26,372 [INFO] Truck: Time:<218.27982726236937> Truck:[CLTruck8] is facing 6.044976873215967 mins delay caused by 2 pre-existing jam events on Road from NorthPitMine-DumpSite5 to NorthPitMine-LoadSite4
2025-09-11 21:22:26,372 [INFO] Truck: Time:<218.592540989023> Truck:[XHTruck28] Finish unloading at dumper NorthPitMine-DumpSite2-点位0, dumper tons is 2362.313766858603
2025-09-11 21:22:26,372 [DEBUG] Truck: Time:<218.592540989023> Truck:[XHTruck28] Start moving to ORDER(4):NorthPitMine-LoadSite5, move distance is 7.414850047123989, speed: 25
2025-09-11 21:22:26,375 [DEBUG] Truck: Time:<218.5939136819476> Truck:[CLTruck25] Arrived at NorthPitMine-DumpSite5 at 218.5939136819476
2025-09-11 21:22:26,375 [INFO] Truck: Time:<218.8040077718073> Truck:[CLTruck29] is facing 11.368854288622193 mins delay caused by 1 pre-existing jam events on Road from NorthPitMine-LoadSite3 to NorthPitMine-DumpSite5
2025-09-11 21:22:26,376 [INFO] Truck: Time:<219.5939136819476> Truck:[CLTruck25] Finish unloading at dumper NorthPitMine-DumpSite5-点位0, dumper tons is 2289.3796298146394
2025-09-11 21:22:26,377 [DEBUG] Truck: Time:<219.5939136819476> Truck:[CLTruck25] Start moving to ORDER(3):NorthPitMine-LoadSite4, move distance is 6.756886750330166, speed: 25
2025-09-11 21:22:26,377 [INFO] Truck: Time:<217> Truck:[CLTruck25] breakdown for 7.963916615606475 minutes at 217
2025-09-11 21:22:26,377 [INFO] Truck: Time:<219.60058716526078> Truck:[CLTruck5] Finish loading at shovel NorthPitMine-LoadSite4-Shovel-2
2025-09-11 21:22:26,378 [INFO] Road: [RoadEvent] Road from NorthPitMine-LoadSite4 to NorthPitMine-DumpSite2 is in repair，the repair will last for 66.26 mins, and will end at 285.86, vehicle on this road will have to suffer punish_distance.
2025-09-11 21:22:26,378 [DEBUG] Truck: Time:<219.60058716526078> Truck:[CLTruck5] Start moving to ORDER(1): NorthPitMine-DumpSite2, move distance is 1.62848007270193, speed: 25
2025-09-11 21:22:26,378 [INFO] Truck: Time:<219> Truck:[CLTruck5] breakdown for 9.189636613294027 minutes at 219
2025-09-11 21:22:26,378 [INFO] Truck: Time:<219.60058716526078> Truck:[XHTruck5] Start loading at shovel NorthPitMine-LoadSite4-Shovel-2, load time is 24.444444444444443
2025-09-11 21:22:26,380 [INFO] Truck: Time:<220.0089844152085> Truck:[XHTruck19] is facing 8.856204370479425 mins delay caused by 1 pre-existing jam events on Road from NorthPitMine-LoadSite3 to NorthPitMine-DumpSite5
2025-09-11 21:22:26,380 [INFO] Truck: Time:<220.3902536678389> Truck:[CLTruck9] is facing 4.016156197907836 mins delay caused by 2 pre-existing jam events on Road from NorthPitMine-DumpSite5 to NorthPitMine-LoadSite4
2025-09-11 21:22:26,380 [INFO] Truck: Time:<220.4368743773681> Truck:[OfficalTruck7] is facing 8.404199202690782 mins delay caused by 1 pre-existing jam events on Road from NorthPitMine-LoadSite3 to NorthPitMine-DumpSite5
2025-09-11 21:22:26,380 [INFO] Truck: Time:<220.92851727263673> Truck:[XHTruck9] Finish loading at shovel NorthPitMine-LoadSite3-Shovel-1
2025-09-11 21:22:26,382 [DEBUG] Truck: Time:<220.92851727263673> Truck:[XHTruck9] Start moving to ORDER(4): NorthPitMine-DumpSite5, move distance is 2.688069730149577, speed: 25
2025-09-11 21:22:26,382 [INFO] Truck: Time:<209> Truck:[XHTruck9] breakdown for 9.89690223892164 minutes at 209
2025-09-11 21:22:26,382 [INFO] Truck: Time:<220.92851727263673> Truck:[OfficalTruck6] Start loading at shovel NorthPitMine-LoadSite3-Shovel-1, load time is 5.684055118110236
2025-09-11 21:22:26,386 [INFO] Truck: Time:<222.6034716685868> Truck:[XHTruck21] is facing 1.6983006850362223 mins delay caused by 2 pre-existing jam events on Road from NorthPitMine-DumpSite5 to NorthPitMine-LoadSite4
2025-09-11 21:22:26,389 [INFO] Truck: Time:<224.09066666666666> Truck:[XHTruck2] Finish loading at shovel NorthPitMine-LoadSite4-Shovel-3
2025-09-11 21:22:26,389 [INFO] Truck: Time:<224.09066666666666> Truck:[CLTruck22] Finish loading at shovel NorthPitMine-LoadSite4-Shovel-4
2025-09-11 21:22:26,389 [INFO] Truck: Time:<224.09066666666666> Shovel NorthPitMine-LoadSite4-Shovel-3 under maintenance for 49.12 minutes
2025-09-11 21:22:26,389 [INFO] Truck: Time:<224.09066666666666> Shovel NorthPitMine-LoadSite4-Shovel-4 under maintenance for 53.65 minutes
2025-09-11 21:22:26,389 [INFO] Truck: Time:<224.52637472700238> Truck:[XHTruck15] is facing 8.52472206188666 mins delay caused by 3 pre-existing jam events on Road from NorthPitMine-LoadSite3 to NorthPitMine-DumpSite5
2025-09-11 21:22:26,394 [INFO] Truck: Time:<225.12786264527824> Shovel NorthPitMine-LoadSite4-Shovel-1 maintenance completed
2025-09-11 21:22:26,395 [DEBUG] Truck: Time:<225.12786264527824> Truck:[XHTruck11] Start moving to ORDER(1): NorthPitMine-DumpSite2, move distance is 1.5426457373815972, speed: 25
2025-09-11 21:22:26,395 [INFO] Truck: Time:<215> Truck:[XHTruck11] breakdown for 7.107085099824825 minutes at 215
2025-09-11 21:22:26,395 [INFO] Truck: Time:<225.12786264527824> Truck:[CLTruck18] Start loading at shovel NorthPitMine-LoadSite4-Shovel-1, load time is 2.5836614173228347
2025-09-11 21:22:26,396 [DEBUG] Truck: Time:<225.3750626423279> Truck:[XHTruck7] Arrived at NorthPitMine-DumpSite2 at 225.3750626423279
2025-09-11 21:22:26,396 [DEBUG] Truck: Time:<225.4538730301825> Truck:[XHTruck10] Arrived at NorthPitMine-DumpSite2 at 225.4538730301825
2025-09-11 21:22:26,397 [INFO] Truck: Time:<226.06885348601986> Truck:[CLTruck1] Arrived at NorthPitMine-LoadSite4 at 226.06885348601986
2025-09-11 21:22:26,398 [INFO] Truck: Time:<226.3750626423279> Truck:[XHTruck7] Finish unloading at dumper NorthPitMine-DumpSite2-点位0, dumper tons is 2418.697734878578
2025-09-11 21:22:26,398 [DEBUG] Truck: Time:<226.3750626423279> Truck:[XHTruck7] Start moving to ORDER(4):NorthPitMine-LoadSite5, move distance is 7.687419101985118, speed: 25
2025-09-11 21:22:26,398 [INFO] Truck: Time:<224> Truck:[XHTruck7] breakdown for 8.570817798741068 minutes at 224
2025-09-11 21:22:26,398 [INFO] Truck: Time:<226.4538730301825> Truck:[XHTruck10] Finish unloading at dumper NorthPitMine-DumpSite2-点位1, dumper tons is 829.6450232120604
2025-09-11 21:22:26,400 [DEBUG] Truck: Time:<226.4538730301825> Truck:[XHTruck10] Start moving to ORDER(4):NorthPitMine-LoadSite5, move distance is 8.373387319669508, speed: 25
2025-09-11 21:22:26,400 [INFO] Truck: Time:<226.61257239074695> Truck:[OfficalTruck6] Finish loading at shovel NorthPitMine-LoadSite3-Shovel-1
2025-09-11 21:22:26,401 [DEBUG] Truck: Time:<226.61257239074695> Truck:[OfficalTruck6] Start moving to ORDER(4): NorthPitMine-DumpSite5, move distance is 2.5507359718361107, speed: 25
2025-09-11 21:22:26,401 [INFO] Truck: Time:<192> Truck:[OfficalTruck6] breakdown for 10.458074272093778 minutes at 192
2025-09-11 21:22:26,401 [INFO] Truck: Time:<226.61257239074695> Truck:[CLTruck27] Start loading at shovel NorthPitMine-LoadSite3-Shovel-1, load time is 2.5836614173228347
2025-09-11 21:22:26,401 [INFO] Truck: Time:<226.64311913134463> Truck:[XHTruck4] Arrived at NorthPitMine-LoadSite5 at 226.64311913134463
2025-09-11 21:22:26,402 [INFO] Truck: Time:<226.64311913134463> Truck:[XHTruck4] Start loading at shovel NorthPitMine-LoadSite5-Shovel-1, load time is 4.060039370078741
2025-09-11 21:22:26,404 [INFO] Truck: Time:<227.5578302975541> Truck:[CLTruck25] is facing 0 mins delay caused by 3 pre-existing jam events on Road from NorthPitMine-DumpSite5 to NorthPitMine-LoadSite4
2025-09-11 21:22:26,404 [DEBUG] Truck: Time:<227.64487660541022> Truck:[OfficalTruck2] Arrived at NorthPitMine-DumpSite1 at 227.64487660541022
2025-09-11 21:22:26,404 [INFO] Truck: Time:<227.7115240626011> Truck:[CLTruck18] Finish loading at shovel NorthPitMine-LoadSite4-Shovel-1
2025-09-11 21:22:26,405 [DEBUG] Truck: Time:<227.7115240626011> Truck:[CLTruck18] Start moving to ORDER(1): NorthPitMine-DumpSite2, move distance is 1.5985768870122008, speed: 25
2025-09-11 21:22:26,405 [INFO] Truck: Time:<201> Truck:[CLTruck18] breakdown for 1.6486841507781342 minutes at 201
2025-09-11 21:22:26,405 [INFO] Truck: Time:<227.7115240626011> Truck:[CLTruck17] Start loading at shovel NorthPitMine-LoadSite4-Shovel-1, load time is 2.5836614173228347
2025-09-11 21:22:26,406 [INFO] Truck: Time:<228.64487660541022> Truck:[OfficalTruck2] Finish unloading at dumper NorthPitMine-DumpSite1-点位0, dumper tons is 1828.6868297693925
2025-09-11 21:22:26,424 [DEBUG] Truck: Time:<228.64487660541022> Truck:[OfficalTruck2] Start moving to ORDER(3):NorthPitMine-LoadSite4, move distance is 4.530568114839396, speed: 25
2025-09-11 21:22:26,432 [INFO] Truck: Time:<229.1962338080698> Truck:[CLTruck27] Finish loading at shovel NorthPitMine-LoadSite3-Shovel-1
2025-09-11 21:22:26,433 [INFO] Truck: Time:<229.1962338080698> Shovel NorthPitMine-LoadSite3-Shovel-1 under maintenance for 39.05 minutes
2025-09-11 21:22:26,436 [INFO] Truck: Time:<230.29518547992393> Truck:[CLTruck17] Finish loading at shovel NorthPitMine-LoadSite4-Shovel-1
2025-09-11 21:22:26,438 [DEBUG] Truck: Time:<230.29518547992393> Truck:[CLTruck17] Start moving to ORDER(1): NorthPitMine-DumpSite2, move distance is 1.442913142903747, speed: 25
2025-09-11 21:22:26,438 [INFO] Truck: Time:<224> Truck:[CLTruck17] breakdown for 17.35378847784075 minutes at 224
2025-09-11 21:22:26,438 [INFO] Truck: Time:<230.29518547992393> Truck:[XHTruck14] Start loading at shovel NorthPitMine-LoadSite4-Shovel-1, load time is 4.060039370078741
2025-09-11 21:22:26,438 [INFO] Truck: Time:<230.7031585014234> Truck:[XHTruck4] Finish loading at shovel NorthPitMine-LoadSite5-Shovel-1
2025-09-11 21:22:26,442 [DEBUG] Truck: Time:<230.7031585014234> Truck:[XHTruck4] Start moving to ORDER(0): NorthPitMine-DumpSite1, move distance is 7.507996194452958, speed: 25
2025-09-11 21:22:26,442 [INFO] Truck: Time:<224> Truck:[XHTruck4] breakdown for 13.006103324568292 minutes at 224
2025-09-11 21:22:26,443 [INFO] Truck: Time:<230.82541951155838> Truck:[XHTruck9] is facing 0 mins delay caused by 3 pre-existing jam events on Road from NorthPitMine-LoadSite3 to NorthPitMine-DumpSite5
2025-09-11 21:22:26,448 [INFO] Truck: Time:<232.05154825267317> Truck:[XHTruck6] Finish loading at shovel NorthPitMine-LoadSite3-Shovel-2
2025-09-11 21:22:26,448 [DEBUG] Truck: Time:<232.05154825267317> Truck:[XHTruck6] Start moving to ORDER(4): NorthPitMine-DumpSite5, move distance is 2.591713106358779, speed: 25
2025-09-11 21:22:26,448 [INFO] Truck: Time:<209> Truck:[XHTruck6] breakdown for 8.292583038038538 minutes at 209
2025-09-11 21:22:26,448 [INFO] Truck: Time:<232.05154825267317> Truck:[CLTruck20] Start loading at shovel NorthPitMine-LoadSite3-Shovel-2, load time is 15.555555555555555
2025-09-11 21:22:26,448 [INFO] Truck: Time:<232.1120001003418> Truck:[CLTruck13] Arrived at NorthPitMine-LoadSite4 at 232.1120001003418
2025-09-11 21:22:26,453 [DEBUG] Truck: Time:<232.69857595303944> Truck:[CLTruck5] Arrived at NorthPitMine-DumpSite2 at 232.69857595303944
2025-09-11 21:22:26,453 [INFO] Truck: Time:<232.7694058515172> Truck:[CLTruck7] Arrived at NorthPitMine-LoadSite4 at 232.7694058515172
2025-09-11 21:22:26,457 [DEBUG] Truck: Time:<233.19679274220852> Truck:[CLTruck18] Arrived at NorthPitMine-DumpSite2 at 233.19679274220852
2025-09-11 21:22:26,457 [INFO] Truck: Time:<233.69857595303944> Truck:[CLTruck5] Finish unloading at dumper NorthPitMine-DumpSite2-点位0, dumper tons is 2453.804811827113
2025-09-11 21:22:26,459 [DEBUG] Truck: Time:<233.69857595303944> Truck:[CLTruck5] Start moving to ORDER(4):NorthPitMine-LoadSite5, move distance is 5.59, speed: 25
2025-09-11 21:22:26,459 [INFO] Truck: Time:<229> Truck:[CLTruck5] breakdown for 10.56905918710323 minutes at 229
2025-09-11 21:22:26,459 [INFO] Truck: Time:<233.86844444444444> Truck:[XHTruck12] Finish loading at shovel NorthPitMine-LoadSite4-Shovel-5
2025-09-11 21:22:26,461 [DEBUG] Truck: Time:<233.86844444444444> Truck:[XHTruck12] Start moving to ORDER(1): NorthPitMine-DumpSite2, move distance is 1.4984120670347192, speed: 25
2025-09-11 21:22:26,461 [INFO] Truck: Time:<221> Truck:[XHTruck12] breakdown for 12.374471533509311 minutes at 221
2025-09-11 21:22:26,461 [INFO] Truck: Time:<233.86844444444444> Truck:[CLTruck15] Start loading at shovel NorthPitMine-LoadSite4-Shovel-5, load time is 15.555555555555555
2025-09-11 21:22:26,462 [INFO] Truck: Time:<234.19679274220852> Truck:[CLTruck18] Finish unloading at dumper NorthPitMine-DumpSite2-点位1, dumper tons is 861.1883639664438
2025-09-11 21:22:26,467 [DEBUG] Truck: Time:<234.19679274220852> Truck:[CLTruck18] Start moving to ORDER(4):NorthPitMine-LoadSite5, move distance is 5.59, speed: 25
2025-09-11 21:22:26,467 [INFO] Truck: Time:<234.19679274220852> Truck:[CLTruck18] is facing 0 mins delay caused by 2 pre-existing jam events on Road from NorthPitMine-DumpSite2 to NorthPitMine-LoadSite5
2025-09-11 21:22:26,467 [INFO] Truck: Time:<234.35522485000268> Truck:[XHTruck14] Finish loading at shovel NorthPitMine-LoadSite4-Shovel-1
2025-09-11 21:22:26,468 [DEBUG] Truck: Time:<234.35522485000268> Truck:[XHTruck14] Start moving to ORDER(1): NorthPitMine-DumpSite2, move distance is 1.803662674123548, speed: 25
2025-09-11 21:22:26,468 [INFO] Truck: Time:<226> Truck:[XHTruck14] breakdown for 12.648058525307093 minutes at 226
2025-09-11 21:22:26,469 [INFO] Truck: Time:<234.35522485000268> Truck:[XHTruck8] Start loading at shovel NorthPitMine-LoadSite4-Shovel-1, load time is 4.060039370078741
2025-09-11 21:22:26,469 [INFO] Truck: Time:<234.94588044106897> Truck:[XHTruck7] is facing 0 mins delay caused by 2 pre-existing jam events on Road from NorthPitMine-DumpSite2 to NorthPitMine-LoadSite5
2025-09-11 21:22:26,472 [DEBUG] Truck: Time:<235.68636561504755> Truck:[CLTruck29] Arrived at NorthPitMine-DumpSite5 at 235.68636561504755
2025-09-11 21:22:26,472 [DEBUG] Truck: Time:<235.71718168607117> Truck:[XHTruck19] Arrived at NorthPitMine-DumpSite5 at 235.71718168607117
2025-09-11 21:22:26,472 [DEBUG] Truck: Time:<235.7177499747284> Truck:[OfficalTruck7] Arrived at NorthPitMine-DumpSite5 at 235.7177499747284
2025-09-11 21:22:26,472 [DEBUG] Truck: Time:<235.93729751481888> Truck:[XHTruck11] Arrived at NorthPitMine-DumpSite2 at 235.93729751481888
2025-09-11 21:22:26,473 [INFO] Truck: Time:<236.38818110212057> Truck:[XHTruck28] Arrived at NorthPitMine-LoadSite5 at 236.38818110212057
2025-09-11 21:22:26,473 [INFO] Truck: Time:<236.38818110212057> Truck:[XHTruck28] Start loading at shovel NorthPitMine-LoadSite5-Shovel-1, load time is 4.060039370078741
2025-09-11 21:22:26,473 [INFO] Truck: Time:<236.68636561504755> Truck:[CLTruck29] Finish unloading at dumper NorthPitMine-DumpSite5-点位0, dumper tons is 2321.4425361198087
2025-09-11 21:22:26,473 [DEBUG] Truck: Time:<236.68636561504755> Truck:[CLTruck29] Start moving to ORDER(3):NorthPitMine-LoadSite4, move distance is 8.210678190767075, speed: 25
2025-09-11 21:22:26,473 [INFO] Truck: Time:<231> Truck:[CLTruck29] breakdown for 8.935073383091687 minutes at 231
2025-09-11 21:22:26,473 [INFO] Truck: Time:<236.71718168607117> Truck:[XHTruck19] Finish unloading at dumper NorthPitMine-DumpSite5-点位1, dumper tons is 1027.8786841017254
2025-09-11 21:22:26,473 [DEBUG] Truck: Time:<236.71718168607117> Truck:[XHTruck19] Start moving to ORDER(3):NorthPitMine-LoadSite4, move distance is 7.596111771167198, speed: 25
2025-09-11 21:22:26,473 [INFO] Truck: Time:<236.71718168607117> Truck:[XHTruck19] is facing 0 mins delay caused by 3 pre-existing jam events on Road from NorthPitMine-DumpSite5 to NorthPitMine-LoadSite4
2025-09-11 21:22:26,473 [INFO] Truck: Time:<236.7177499747284> Truck:[OfficalTruck7] Finish unloading at dumper NorthPitMine-DumpSite5-点位2, dumper tons is 427.7360514908131
2025-09-11 21:22:26,479 [DEBUG] Truck: Time:<236.7177499747284> Truck:[OfficalTruck7] Start moving to ORDER(3):NorthPitMine-LoadSite4, move distance is 7.000820250639494, speed: 25
2025-09-11 21:22:26,480 [INFO] Truck: Time:<236.7177499747284> Truck:[OfficalTruck7] is facing 0 mins delay caused by 3 pre-existing jam events on Road from NorthPitMine-DumpSite5 to NorthPitMine-LoadSite4
2025-09-11 21:22:26,480 [INFO] Truck: Time:<236.93729751481888> Truck:[XHTruck11] Finish unloading at dumper NorthPitMine-DumpSite2-点位0, dumper tons is 2511.4388042795376
2025-09-11 21:22:26,481 [DEBUG] Truck: Time:<236.93729751481888> Truck:[XHTruck11] Start moving to ORDER(4):NorthPitMine-LoadSite5, move distance is 5.59, speed: 25
2025-09-11 21:22:26,481 [INFO] Truck: Time:<236.93729751481888> Truck:[XHTruck11] is facing 0 mins delay caused by 1 pre-existing jam events on Road from NorthPitMine-DumpSite2 to NorthPitMine-LoadSite5
2025-09-11 21:22:26,485 [INFO] Truck: Time:<237.07064666284072> Truck:[OfficalTruck6] is facing 10.406974744652402 mins delay caused by 1 pre-existing jam events on Road from NorthPitMine-LoadSite3 to NorthPitMine-DumpSite5
2025-09-11 21:22:26,485 [DEBUG] Truck: Time:<237.27678686391735> Truck:[XHTruck9] Arrived at NorthPitMine-DumpSite5 at 237.27678686391735
2025-09-11 21:22:26,491 [INFO] Truck: Time:<238.2366430529174> Truck:[XHTruck33] Arrived at NorthPitMine-LoadSite5 at 238.2366430529174
2025-09-11 21:22:26,492 [INFO] Truck: Time:<238.27678686391735> Truck:[XHTruck9] Finish unloading at dumper NorthPitMine-DumpSite5-点位0, dumper tons is 2371.8527199448204
2025-09-11 21:22:26,493 [DEBUG] Truck: Time:<238.27678686391735> Truck:[XHTruck9] Start moving to ORDER(3):NorthPitMine-LoadSite4, move distance is 7.580966953796732, speed: 25
2025-09-11 21:22:26,493 [INFO] Truck: Time:<233> Truck:[XHTruck9] breakdown for 15.957706136678503 minutes at 233
2025-09-11 21:22:26,494 [INFO] Truck: Time:<238.41526422008144> Truck:[XHTruck8] Finish loading at shovel NorthPitMine-LoadSite4-Shovel-1
2025-09-11 21:22:26,496 [DEBUG] Truck: Time:<238.41526422008144> Truck:[XHTruck8] Start moving to ORDER(1): NorthPitMine-DumpSite2, move distance is 1.4515722945305294, speed: 25
2025-09-11 21:22:26,496 [INFO] Truck: Time:<223> Truck:[XHTruck8] breakdown for 12.089877232711899 minutes at 223
2025-09-11 21:22:26,497 [INFO] Truck: Time:<238.41526422008144> Truck:[CLTruck13] Start loading at shovel NorthPitMine-LoadSite4-Shovel-1, load time is 2.5836614173228347
2025-09-11 21:22:26,497 [DEBUG] Truck: Time:<238.92734270214754> Truck:[OfficalTruck1] Arrived at NorthPitMine-DumpSite1 at 238.92734270214754
2025-09-11 21:22:26,499 [INFO] Truck: Time:<239.51824008102477> Truck:[OfficalTruck2] Arrived at NorthPitMine-LoadSite4 at 239.51824008102477
2025-09-11 21:22:26,501 [DEBUG] Truck: Time:<239.7745586476771> Truck:[XHTruck15] Arrived at NorthPitMine-DumpSite5 at 239.7745586476771
2025-09-11 21:22:26,501 [INFO] Truck: Time:<239.92734270214754> Truck:[OfficalTruck1] Finish unloading at dumper NorthPitMine-DumpSite1-点位0, dumper tons is 1899.2645506225751
2025-09-11 21:22:26,501 [DEBUG] Truck: Time:<239.92734270214754> Truck:[OfficalTruck1] Start moving to ORDER(2):NorthPitMine-LoadSite3, move distance is 2.98, speed: 25
2025-09-11 21:22:26,503 [INFO] Truck: Time:<232> Truck:[OfficalTruck1] breakdown for 15.204827990089633 minutes at 232
2025-09-11 21:22:26,503 [INFO] NorthPitMine: simulation finished with dispatcher ShortestTripDispatcher
2025-09-11 21:22:27,233 [INFO] NorthPitMine: simulation started with dispatcher PPODispatcher
2025-09-11 21:22:27,771 [INFO] Truck: Time:<0> Truck:[OfficalTruck1] Activated at 0, Target load site is ORDER(1):NorthPitMine-LoadSite2, move distance is 4.3
2025-09-11 21:22:27,773 [INFO] Truck: Time:<0> Truck:[OfficalTruck2] Activated at 0, Target load site is ORDER(3):NorthPitMine-LoadSite4, move distance is 2.26
2025-09-11 21:22:27,775 [INFO] Truck: Time:<0> Truck:[OfficalTruck3] Activated at 0, Target load site is ORDER(2):NorthPitMine-LoadSite3, move distance is 3.14
2025-09-11 21:22:27,777 [INFO] Truck: Time:<0> Truck:[OfficalTruck4] Activated at 0, Target load site is ORDER(3):NorthPitMine-LoadSite4, move distance is 2.26
2025-09-11 21:22:27,781 [INFO] Truck: Time:<0> Truck:[OfficalTruck5] Activated at 0, Target load site is ORDER(4):NorthPitMine-LoadSite5, move distance is 2.1
2025-09-11 21:22:27,783 [INFO] Truck: Time:<0> Truck:[OfficalTruck6] Activated at 0, Target load site is ORDER(1):NorthPitMine-LoadSite2, move distance is 4.3
2025-09-11 21:22:27,786 [INFO] Truck: Time:<0> Truck:[OfficalTruck7] Activated at 0, Target load site is ORDER(1):NorthPitMine-LoadSite2, move distance is 4.3
2025-09-11 21:22:27,792 [INFO] Truck: Time:<0> Truck:[OfficalTruck8] Activated at 0, Target load site is ORDER(4):NorthPitMine-LoadSite5, move distance is 2.1
2025-09-11 21:22:27,797 [INFO] Truck: Time:<0> Truck:[OfficalTruck9] Activated at 0, Target load site is ORDER(2):NorthPitMine-LoadSite3, move distance is 3.14
2025-09-11 21:22:27,801 [INFO] Truck: Time:<0> Truck:[CLTruck1] Activated at 0, Target load site is ORDER(3):NorthPitMine-LoadSite4, move distance is 2.26
2025-09-11 21:22:27,805 [INFO] Truck: Time:<0> Truck:[CLTruck2] Activated at 0, Target load site is ORDER(3):NorthPitMine-LoadSite4, move distance is 2.26
2025-09-11 21:22:27,807 [INFO] Truck: Time:<0> Truck:[CLTruck3] Activated at 0, Target load site is ORDER(2):NorthPitMine-LoadSite3, move distance is 3.14
2025-09-11 21:22:27,810 [INFO] Truck: Time:<0> Truck:[CLTruck4] Activated at 0, Target load site is ORDER(1):NorthPitMine-LoadSite2, move distance is 4.3
2025-09-11 21:22:27,814 [INFO] Truck: Time:<0> Truck:[CLTruck5] Activated at 0, Target load site is ORDER(0):LoadSite1, move distance is 3.0
2025-09-11 21:22:27,819 [INFO] Truck: Time:<0> Truck:[CLTruck6] Activated at 0, Target load site is ORDER(3):NorthPitMine-LoadSite4, move distance is 2.26
2025-09-11 21:22:27,825 [INFO] Truck: Time:<0> Truck:[CLTruck7] Activated at 0, Target load site is ORDER(0):LoadSite1, move distance is 3.0
2025-09-11 21:22:27,829 [INFO] Truck: Time:<0> Truck:[CLTruck8] Activated at 0, Target load site is ORDER(4):NorthPitMine-LoadSite5, move distance is 2.1
2025-09-11 21:22:27,830 [INFO] Truck: Time:<0> Truck:[CLTruck9] Activated at 0, Target load site is ORDER(4):NorthPitMine-LoadSite5, move distance is 2.1
2025-09-11 21:22:27,834 [INFO] Truck: Time:<0> Truck:[CLTruck10] Activated at 0, Target load site is ORDER(3):NorthPitMine-LoadSite4, move distance is 2.26
2025-09-11 21:22:27,836 [INFO] Truck: Time:<0> Truck:[CLTruck11] Activated at 0, Target load site is ORDER(0):LoadSite1, move distance is 3.0
2025-09-11 21:22:27,839 [INFO] Truck: Time:<0> Truck:[CLTruck12] Activated at 0, Target load site is ORDER(3):NorthPitMine-LoadSite4, move distance is 2.26
2025-09-11 21:22:27,841 [INFO] Truck: Time:<0> Truck:[CLTruck13] Activated at 0, Target load site is ORDER(3):NorthPitMine-LoadSite4, move distance is 2.26
2025-09-11 21:22:27,846 [INFO] Truck: Time:<0> Truck:[CLTruck14] Activated at 0, Target load site is ORDER(0):LoadSite1, move distance is 3.0
2025-09-11 21:22:27,849 [INFO] Truck: Time:<0> Truck:[CLTruck15] Activated at 0, Target load site is ORDER(0):LoadSite1, move distance is 3.0
2025-09-11 21:22:27,853 [INFO] Truck: Time:<0> Truck:[CLTruck16] Activated at 0, Target load site is ORDER(3):NorthPitMine-LoadSite4, move distance is 2.26
2025-09-11 21:22:27,856 [INFO] Truck: Time:<0> Truck:[CLTruck17] Activated at 0, Target load site is ORDER(2):NorthPitMine-LoadSite3, move distance is 3.14
2025-09-11 21:22:27,859 [INFO] Truck: Time:<0> Truck:[CLTruck18] Activated at 0, Target load site is ORDER(4):NorthPitMine-LoadSite5, move distance is 2.1
2025-09-11 21:22:27,863 [INFO] Truck: Time:<0> Truck:[CLTruck19] Activated at 0, Target load site is ORDER(2):NorthPitMine-LoadSite3, move distance is 3.14
2025-09-11 21:22:27,867 [INFO] Truck: Time:<0> Truck:[CLTruck20] Activated at 0, Target load site is ORDER(2):NorthPitMine-LoadSite3, move distance is 3.14
2025-09-11 21:22:27,872 [INFO] Truck: Time:<0> Truck:[CLTruck21] Activated at 0, Target load site is ORDER(1):NorthPitMine-LoadSite2, move distance is 4.3
2025-09-11 21:22:27,876 [INFO] Truck: Time:<0> Truck:[CLTruck22] Activated at 0, Target load site is ORDER(1):NorthPitMine-LoadSite2, move distance is 4.3
2025-09-11 21:22:27,879 [INFO] Truck: Time:<0> Truck:[CLTruck23] Activated at 0, Target load site is ORDER(1):NorthPitMine-LoadSite2, move distance is 4.3
2025-09-11 21:22:27,885 [INFO] Truck: Time:<0> Truck:[CLTruck24] Activated at 0, Target load site is ORDER(3):NorthPitMine-LoadSite4, move distance is 2.26
2025-09-11 21:22:27,891 [INFO] Truck: Time:<0> Truck:[CLTruck25] Activated at 0, Target load site is ORDER(3):NorthPitMine-LoadSite4, move distance is 2.26
2025-09-11 21:22:27,895 [INFO] Truck: Time:<0> Truck:[CLTruck26] Activated at 0, Target load site is ORDER(2):NorthPitMine-LoadSite3, move distance is 3.14
2025-09-11 21:22:27,897 [INFO] Truck: Time:<0> Truck:[CLTruck27] Activated at 0, Target load site is ORDER(3):NorthPitMine-LoadSite4, move distance is 2.26
2025-09-11 21:22:27,904 [INFO] Truck: Time:<0> Truck:[CLTruck28] Activated at 0, Target load site is ORDER(1):NorthPitMine-LoadSite2, move distance is 4.3
2025-09-11 21:22:27,907 [INFO] Truck: Time:<0> Truck:[CLTruck29] Activated at 0, Target load site is ORDER(4):NorthPitMine-LoadSite5, move distance is 2.1
2025-09-11 21:22:27,912 [INFO] Truck: Time:<0> Truck:[XHTruck1] Activated at 0, Target load site is ORDER(2):NorthPitMine-LoadSite3, move distance is 3.14
2025-09-11 21:22:27,917 [INFO] Truck: Time:<0> Truck:[XHTruck2] Activated at 0, Target load site is ORDER(2):NorthPitMine-LoadSite3, move distance is 3.14
2025-09-11 21:22:27,922 [INFO] Truck: Time:<0> Truck:[XHTruck3] Activated at 0, Target load site is ORDER(2):NorthPitMine-LoadSite3, move distance is 3.14
2025-09-11 21:22:27,925 [INFO] Truck: Time:<0> Truck:[XHTruck4] Activated at 0, Target load site is ORDER(0):LoadSite1, move distance is 3.0
2025-09-11 21:22:27,929 [INFO] Truck: Time:<0> Truck:[XHTruck5] Activated at 0, Target load site is ORDER(2):NorthPitMine-LoadSite3, move distance is 3.14
2025-09-11 21:22:27,932 [INFO] Truck: Time:<0> Truck:[XHTruck6] Activated at 0, Target load site is ORDER(3):NorthPitMine-LoadSite4, move distance is 2.26
2025-09-11 21:22:27,936 [INFO] Truck: Time:<0> Truck:[XHTruck7] Activated at 0, Target load site is ORDER(1):NorthPitMine-LoadSite2, move distance is 4.3
2025-09-11 21:22:27,941 [INFO] Truck: Time:<0> Truck:[XHTruck8] Activated at 0, Target load site is ORDER(3):NorthPitMine-LoadSite4, move distance is 2.26
2025-09-11 21:22:27,945 [INFO] Truck: Time:<0> Truck:[XHTruck9] Activated at 0, Target load site is ORDER(4):NorthPitMine-LoadSite5, move distance is 2.1
2025-09-11 21:22:27,949 [INFO] Truck: Time:<0> Truck:[XHTruck10] Activated at 0, Target load site is ORDER(3):NorthPitMine-LoadSite4, move distance is 2.26
2025-09-11 21:22:27,951 [INFO] Truck: Time:<0> Truck:[XHTruck11] Activated at 0, Target load site is ORDER(4):NorthPitMine-LoadSite5, move distance is 2.1
2025-09-11 21:22:27,956 [INFO] Truck: Time:<0> Truck:[XHTruck12] Activated at 0, Target load site is ORDER(1):NorthPitMine-LoadSite2, move distance is 4.3
2025-09-11 21:22:27,959 [INFO] Truck: Time:<0> Truck:[XHTruck13] Activated at 0, Target load site is ORDER(0):LoadSite1, move distance is 3.0
2025-09-11 21:22:27,962 [INFO] Truck: Time:<0> Truck:[XHTruck14] Activated at 0, Target load site is ORDER(3):NorthPitMine-LoadSite4, move distance is 2.26
2025-09-11 21:22:27,966 [INFO] Truck: Time:<0> Truck:[XHTruck15] Activated at 0, Target load site is ORDER(4):NorthPitMine-LoadSite5, move distance is 2.1
2025-09-11 21:22:27,971 [INFO] Truck: Time:<0> Truck:[XHTruck16] Activated at 0, Target load site is ORDER(1):NorthPitMine-LoadSite2, move distance is 4.3
2025-09-11 21:22:27,975 [INFO] Truck: Time:<0> Truck:[XHTruck17] Activated at 0, Target load site is ORDER(0):LoadSite1, move distance is 3.0
2025-09-11 21:22:27,980 [INFO] Truck: Time:<0> Truck:[XHTruck18] Activated at 0, Target load site is ORDER(1):NorthPitMine-LoadSite2, move distance is 4.3
2025-09-11 21:22:27,983 [INFO] Truck: Time:<0> Truck:[XHTruck19] Activated at 0, Target load site is ORDER(4):NorthPitMine-LoadSite5, move distance is 2.1
2025-09-11 21:22:27,986 [INFO] Truck: Time:<0> Truck:[XHTruck20] Activated at 0, Target load site is ORDER(2):NorthPitMine-LoadSite3, move distance is 3.14
2025-09-11 21:22:27,989 [INFO] Truck: Time:<0> Truck:[XHTruck21] Activated at 0, Target load site is ORDER(0):LoadSite1, move distance is 3.0
2025-09-11 21:22:27,992 [INFO] Truck: Time:<0> Truck:[XHTruck22] Activated at 0, Target load site is ORDER(4):NorthPitMine-LoadSite5, move distance is 2.1
2025-09-11 21:22:27,996 [INFO] Truck: Time:<0> Truck:[XHTruck23] Activated at 0, Target load site is ORDER(3):NorthPitMine-LoadSite4, move distance is 2.26
2025-09-11 21:22:28,001 [INFO] Truck: Time:<0> Truck:[XHTruck24] Activated at 0, Target load site is ORDER(3):NorthPitMine-LoadSite4, move distance is 2.26
2025-09-11 21:22:28,005 [INFO] Truck: Time:<0> Truck:[XHTruck25] Activated at 0, Target load site is ORDER(4):NorthPitMine-LoadSite5, move distance is 2.1
2025-09-11 21:22:28,009 [INFO] Truck: Time:<0> Truck:[XHTruck26] Activated at 0, Target load site is ORDER(3):NorthPitMine-LoadSite4, move distance is 2.26
2025-09-11 21:22:28,013 [INFO] Truck: Time:<0> Truck:[XHTruck27] Activated at 0, Target load site is ORDER(3):NorthPitMine-LoadSite4, move distance is 2.26
2025-09-11 21:22:28,021 [INFO] Truck: Time:<0> Truck:[XHTruck28] Activated at 0, Target load site is ORDER(4):NorthPitMine-LoadSite5, move distance is 2.1
2025-09-11 21:22:28,026 [INFO] Truck: Time:<0> Truck:[XHTruck29] Activated at 0, Target load site is ORDER(3):NorthPitMine-LoadSite4, move distance is 2.26
2025-09-11 21:22:28,030 [INFO] Truck: Time:<0> Truck:[XHTruck30] Activated at 0, Target load site is ORDER(1):NorthPitMine-LoadSite2, move distance is 4.3
2025-09-11 21:22:28,033 [INFO] Truck: Time:<0> Truck:[XHTruck31] Activated at 0, Target load site is ORDER(0):LoadSite1, move distance is 3.0
2025-09-11 21:22:28,036 [INFO] Truck: Time:<0> Truck:[XHTruck32] Activated at 0, Target load site is ORDER(4):NorthPitMine-LoadSite5, move distance is 2.1
2025-09-11 21:22:28,039 [INFO] Truck: Time:<0> Truck:[XHTruck33] Activated at 0, Target load site is ORDER(4):NorthPitMine-LoadSite5, move distance is 2.1
2025-09-11 21:22:28,057 [INFO] Truck: Time:<5.04> Truck:[OfficalTruck5] Arrived at NorthPitMine-LoadSite5 at 5.04
2025-09-11 21:22:28,057 [INFO] Truck: Time:<5.04> Truck:[OfficalTruck8] Arrived at NorthPitMine-LoadSite5 at 5.04
2025-09-11 21:22:28,058 [INFO] Truck: Time:<5.04> Truck:[CLTruck8] Arrived at NorthPitMine-LoadSite5 at 5.04
2025-09-11 21:22:28,058 [INFO] Truck: Time:<5.04> Truck:[CLTruck9] Arrived at NorthPitMine-LoadSite5 at 5.04
2025-09-11 21:22:28,058 [INFO] Truck: Time:<5.04> Truck:[CLTruck18] Arrived at NorthPitMine-LoadSite5 at 5.04
2025-09-11 21:22:28,059 [INFO] Truck: Time:<5.04> Truck:[CLTruck29] Arrived at NorthPitMine-LoadSite5 at 5.04
2025-09-11 21:22:28,059 [INFO] Truck: Time:<5.04> Truck:[XHTruck9] Arrived at NorthPitMine-LoadSite5 at 5.04
2025-09-11 21:22:28,059 [INFO] Truck: Time:<5.04> Truck:[XHTruck11] Arrived at NorthPitMine-LoadSite5 at 5.04
2025-09-11 21:22:28,059 [INFO] Truck: Time:<5.04> Truck:[XHTruck15] Arrived at NorthPitMine-LoadSite5 at 5.04
2025-09-11 21:22:28,060 [INFO] Truck: Time:<5.04> Truck:[XHTruck19] Arrived at NorthPitMine-LoadSite5 at 5.04
2025-09-11 21:22:28,060 [INFO] Truck: Time:<5.04> Truck:[XHTruck22] Arrived at NorthPitMine-LoadSite5 at 5.04
2025-09-11 21:22:28,060 [INFO] Truck: Time:<5.04> Truck:[XHTruck25] Arrived at NorthPitMine-LoadSite5 at 5.04
2025-09-11 21:22:28,060 [INFO] Truck: Time:<5.04> Truck:[XHTruck28] Arrived at NorthPitMine-LoadSite5 at 5.04
2025-09-11 21:22:28,060 [INFO] Truck: Time:<5.04> Truck:[XHTruck32] Arrived at NorthPitMine-LoadSite5 at 5.04
2025-09-11 21:22:28,061 [INFO] Truck: Time:<5.04> Truck:[XHTruck33] Arrived at NorthPitMine-LoadSite5 at 5.04
2025-09-11 21:22:28,061 [INFO] Truck: Time:<5.04> Truck:[OfficalTruck5] Start loading at shovel NorthPitMine-LoadSite5-Shovel-1, load time is 5.684055118110236
2025-09-11 21:22:28,061 [INFO] Truck: Time:<5.04> Truck:[OfficalTruck8] Start loading at shovel NorthPitMine-LoadSite5-Shovel-2, load time is 5.684055118110236
2025-09-11 21:22:28,061 [INFO] Truck: Time:<5.4239999999999995> Truck:[OfficalTruck2] Arrived at NorthPitMine-LoadSite4 at 5.4239999999999995
2025-09-11 21:22:28,062 [INFO] Truck: Time:<5.4239999999999995> Truck:[OfficalTruck4] Arrived at NorthPitMine-LoadSite4 at 5.4239999999999995
2025-09-11 21:22:28,062 [INFO] Truck: Time:<5.4239999999999995> Truck:[CLTruck1] Arrived at NorthPitMine-LoadSite4 at 5.4239999999999995
2025-09-11 21:22:28,062 [INFO] Truck: Time:<5.4239999999999995> Truck:[CLTruck2] Arrived at NorthPitMine-LoadSite4 at 5.4239999999999995
2025-09-11 21:22:28,063 [INFO] Truck: Time:<5.4239999999999995> Truck:[CLTruck6] Arrived at NorthPitMine-LoadSite4 at 5.4239999999999995
2025-09-11 21:22:28,064 [INFO] Truck: Time:<5.4239999999999995> Truck:[CLTruck10] Arrived at NorthPitMine-LoadSite4 at 5.4239999999999995
2025-09-11 21:22:28,064 [INFO] Truck: Time:<5.4239999999999995> Truck:[CLTruck12] Arrived at NorthPitMine-LoadSite4 at 5.4239999999999995
2025-09-11 21:22:28,065 [INFO] Truck: Time:<5.4239999999999995> Truck:[CLTruck13] Arrived at NorthPitMine-LoadSite4 at 5.4239999999999995
2025-09-11 21:22:28,065 [INFO] Truck: Time:<5.4239999999999995> Truck:[CLTruck16] Arrived at NorthPitMine-LoadSite4 at 5.4239999999999995
2025-09-11 21:22:28,065 [INFO] Truck: Time:<5.4239999999999995> Truck:[CLTruck24] Arrived at NorthPitMine-LoadSite4 at 5.4239999999999995
2025-09-11 21:22:28,065 [INFO] Truck: Time:<5.4239999999999995> Truck:[CLTruck25] Arrived at NorthPitMine-LoadSite4 at 5.4239999999999995
2025-09-11 21:22:28,065 [INFO] Truck: Time:<5.4239999999999995> Truck:[CLTruck27] Arrived at NorthPitMine-LoadSite4 at 5.4239999999999995
2025-09-11 21:22:28,065 [INFO] Truck: Time:<5.4239999999999995> Truck:[XHTruck6] Arrived at NorthPitMine-LoadSite4 at 5.4239999999999995
2025-09-11 21:22:28,065 [INFO] Truck: Time:<5.4239999999999995> Truck:[XHTruck8] Arrived at NorthPitMine-LoadSite4 at 5.4239999999999995
2025-09-11 21:22:28,066 [INFO] Truck: Time:<5.4239999999999995> Truck:[XHTruck10] Arrived at NorthPitMine-LoadSite4 at 5.4239999999999995
2025-09-11 21:22:28,066 [INFO] Truck: Time:<5.4239999999999995> Truck:[XHTruck14] Arrived at NorthPitMine-LoadSite4 at 5.4239999999999995
2025-09-11 21:22:28,066 [INFO] Truck: Time:<5.4239999999999995> Truck:[XHTruck23] Arrived at NorthPitMine-LoadSite4 at 5.4239999999999995
2025-09-11 21:22:28,066 [INFO] Truck: Time:<5.4239999999999995> Truck:[XHTruck24] Arrived at NorthPitMine-LoadSite4 at 5.4239999999999995
2025-09-11 21:22:28,066 [INFO] Truck: Time:<5.4239999999999995> Truck:[XHTruck26] Arrived at NorthPitMine-LoadSite4 at 5.4239999999999995
2025-09-11 21:22:28,066 [INFO] Truck: Time:<5.4239999999999995> Truck:[XHTruck27] Arrived at NorthPitMine-LoadSite4 at 5.4239999999999995
2025-09-11 21:22:28,067 [INFO] Truck: Time:<5.4239999999999995> Truck:[XHTruck29] Arrived at NorthPitMine-LoadSite4 at 5.4239999999999995
2025-09-11 21:22:28,067 [INFO] Truck: Time:<5.4239999999999995> Truck:[OfficalTruck2] Start loading at shovel NorthPitMine-LoadSite4-Shovel-1, load time is 5.684055118110236
2025-09-11 21:22:28,067 [INFO] Truck: Time:<5.4239999999999995> Truck:[OfficalTruck4] Start loading at shovel NorthPitMine-LoadSite4-Shovel-2, load time is 34.22222222222222
2025-09-11 21:22:28,067 [INFO] Truck: Time:<5.4239999999999995> Truck:[CLTruck1] Start loading at shovel NorthPitMine-LoadSite4-Shovel-3, load time is 15.555555555555555
2025-09-11 21:22:28,067 [INFO] Truck: Time:<5.4239999999999995> Truck:[CLTruck2] Start loading at shovel NorthPitMine-LoadSite4-Shovel-4, load time is 15.555555555555555
2025-09-11 21:22:28,068 [INFO] Truck: Time:<5.4239999999999995> Truck:[CLTruck6] Start loading at shovel NorthPitMine-LoadSite4-Shovel-5, load time is 15.555555555555555
2025-09-11 21:22:28,072 [INFO] Truck: Time:<7.199999999999999> Truck:[CLTruck5] Arrived at LoadSite1 at 7.199999999999999
2025-09-11 21:22:28,072 [INFO] Truck: Time:<7.199999999999999> Truck:[CLTruck7] Arrived at LoadSite1 at 7.199999999999999
2025-09-11 21:22:28,075 [INFO] Truck: Time:<7.199999999999999> Truck:[CLTruck11] Arrived at LoadSite1 at 7.199999999999999
2025-09-11 21:22:28,075 [INFO] Truck: Time:<7.199999999999999> Truck:[CLTruck14] Arrived at LoadSite1 at 7.199999999999999
2025-09-11 21:22:28,075 [INFO] Truck: Time:<7.199999999999999> Truck:[CLTruck15] Arrived at LoadSite1 at 7.199999999999999
2025-09-11 21:22:28,075 [INFO] Truck: Time:<7.199999999999999> Truck:[XHTruck4] Arrived at LoadSite1 at 7.199999999999999
2025-09-11 21:22:28,075 [INFO] Truck: Time:<7.199999999999999> Truck:[XHTruck13] Arrived at LoadSite1 at 7.199999999999999
2025-09-11 21:22:28,075 [INFO] Truck: Time:<7.199999999999999> Truck:[XHTruck17] Arrived at LoadSite1 at 7.199999999999999
2025-09-11 21:22:28,075 [INFO] Truck: Time:<7.199999999999999> Truck:[XHTruck21] Arrived at LoadSite1 at 7.199999999999999
2025-09-11 21:22:28,075 [INFO] Truck: Time:<7.199999999999999> Truck:[XHTruck31] Arrived at LoadSite1 at 7.199999999999999
2025-09-11 21:22:28,078 [INFO] Truck: Time:<7.199999999999999> Truck:[CLTruck5] Start loading at shovel LoadSite1-Shovel-1, load time is 15.555555555555555
2025-09-11 21:22:28,078 [INFO] Truck: Time:<7.199999999999999> Truck:[CLTruck7] Start loading at shovel LoadSite1-Shovel-2, load time is 15.555555555555555
2025-09-11 21:22:28,078 [INFO] Truck: Time:<7.199999999999999> Truck:[CLTruck11] Start loading at shovel LoadSite1-Shovel-3, load time is 15.555555555555555
2025-09-11 21:22:28,078 [INFO] Truck: Time:<7.199999999999999> Truck:[CLTruck14] Start loading at shovel LoadSite1-Shovel-4, load time is 15.555555555555555
2025-09-11 21:22:28,079 [INFO] Truck: Time:<7.199999999999999> Truck:[CLTruck15] Start loading at shovel LoadSite1-Shovel-5, load time is 15.555555555555555
2025-09-11 21:22:28,079 [INFO] Truck: Time:<7.536000000000001> Truck:[OfficalTruck3] Arrived at NorthPitMine-LoadSite3 at 7.536000000000001
2025-09-11 21:22:28,080 [INFO] Truck: Time:<7.536000000000001> Truck:[OfficalTruck9] Arrived at NorthPitMine-LoadSite3 at 7.536000000000001
2025-09-11 21:22:28,080 [INFO] Truck: Time:<7.536000000000001> Truck:[CLTruck3] Arrived at NorthPitMine-LoadSite3 at 7.536000000000001
2025-09-11 21:22:28,080 [INFO] Truck: Time:<7.536000000000001> Truck:[CLTruck17] Arrived at NorthPitMine-LoadSite3 at 7.536000000000001
2025-09-11 21:22:28,081 [INFO] Truck: Time:<7.536000000000001> Truck:[CLTruck19] Arrived at NorthPitMine-LoadSite3 at 7.536000000000001
2025-09-11 21:22:28,081 [INFO] Truck: Time:<7.536000000000001> Truck:[CLTruck20] Arrived at NorthPitMine-LoadSite3 at 7.536000000000001
2025-09-11 21:22:28,081 [INFO] Truck: Time:<7.536000000000001> Truck:[CLTruck26] Arrived at NorthPitMine-LoadSite3 at 7.536000000000001
2025-09-11 21:22:28,082 [INFO] Truck: Time:<7.536000000000001> Truck:[XHTruck1] Arrived at NorthPitMine-LoadSite3 at 7.536000000000001
2025-09-11 21:22:28,082 [INFO] Truck: Time:<7.536000000000001> Truck:[XHTruck2] Arrived at NorthPitMine-LoadSite3 at 7.536000000000001
2025-09-11 21:22:28,082 [INFO] Truck: Time:<7.536000000000001> Truck:[XHTruck3] Arrived at NorthPitMine-LoadSite3 at 7.536000000000001
2025-09-11 21:22:28,082 [INFO] Truck: Time:<7.536000000000001> Truck:[XHTruck5] Arrived at NorthPitMine-LoadSite3 at 7.536000000000001
2025-09-11 21:22:28,083 [INFO] Truck: Time:<7.536000000000001> Truck:[XHTruck20] Arrived at NorthPitMine-LoadSite3 at 7.536000000000001
2025-09-11 21:22:28,083 [INFO] Truck: Time:<7.536000000000001> Truck:[OfficalTruck3] Start loading at shovel NorthPitMine-LoadSite3-Shovel-1, load time is 5.684055118110236
2025-09-11 21:22:28,083 [INFO] Truck: Time:<7.536000000000001> Truck:[OfficalTruck9] Start loading at shovel NorthPitMine-LoadSite3-Shovel-2, load time is 34.22222222222222
2025-09-11 21:22:28,083 [INFO] Truck: Time:<7.536000000000001> Truck:[CLTruck3] Start loading at shovel NorthPitMine-LoadSite3-Shovel-3, load time is 15.555555555555555
2025-09-11 21:22:28,090 [INFO] Truck: Time:<10.319999999999999> Truck:[OfficalTruck1] Arrived at NorthPitMine-LoadSite2 at 10.319999999999999
2025-09-11 21:22:28,091 [INFO] Truck: Time:<10.319999999999999> Truck:[OfficalTruck6] Arrived at NorthPitMine-LoadSite2 at 10.319999999999999
2025-09-11 21:22:28,091 [INFO] Truck: Time:<10.319999999999999> Truck:[OfficalTruck7] Arrived at NorthPitMine-LoadSite2 at 10.319999999999999
2025-09-11 21:22:28,091 [INFO] Truck: Time:<10.319999999999999> Truck:[CLTruck4] Arrived at NorthPitMine-LoadSite2 at 10.319999999999999
2025-09-11 21:22:28,091 [INFO] Truck: Time:<10.319999999999999> Truck:[CLTruck21] Arrived at NorthPitMine-LoadSite2 at 10.319999999999999
2025-09-11 21:22:28,092 [INFO] Truck: Time:<10.319999999999999> Truck:[CLTruck22] Arrived at NorthPitMine-LoadSite2 at 10.319999999999999
2025-09-11 21:22:28,092 [INFO] Truck: Time:<10.319999999999999> Truck:[CLTruck23] Arrived at NorthPitMine-LoadSite2 at 10.319999999999999
2025-09-11 21:22:28,092 [INFO] Truck: Time:<10.319999999999999> Truck:[CLTruck28] Arrived at NorthPitMine-LoadSite2 at 10.319999999999999
2025-09-11 21:22:28,092 [INFO] Truck: Time:<10.319999999999999> Truck:[XHTruck7] Arrived at NorthPitMine-LoadSite2 at 10.319999999999999
2025-09-11 21:22:28,093 [INFO] Truck: Time:<10.319999999999999> Truck:[XHTruck12] Arrived at NorthPitMine-LoadSite2 at 10.319999999999999
2025-09-11 21:22:28,093 [INFO] Truck: Time:<10.319999999999999> Truck:[XHTruck16] Arrived at NorthPitMine-LoadSite2 at 10.319999999999999
2025-09-11 21:22:28,093 [INFO] Truck: Time:<10.319999999999999> Truck:[XHTruck18] Arrived at NorthPitMine-LoadSite2 at 10.319999999999999
2025-09-11 21:22:28,094 [INFO] Truck: Time:<10.319999999999999> Truck:[XHTruck30] Arrived at NorthPitMine-LoadSite2 at 10.319999999999999
2025-09-11 21:22:28,094 [INFO] Truck: Time:<10.319999999999999> Truck:[OfficalTruck1] Start loading at shovel NorthPitMine-LoadSite2-Shovel-1, load time is 5.684055118110236
2025-09-11 21:22:28,094 [INFO] Truck: Time:<10.319999999999999> Truck:[OfficalTruck6] Start loading at shovel NorthPitMine-LoadSite2-Shovel-2, load time is 34.22222222222222
2025-09-11 21:22:28,095 [INFO] Truck: Time:<10.319999999999999> Truck:[OfficalTruck7] Start loading at shovel NorthPitMine-LoadSite2-Shovel-3, load time is 34.22222222222222
2025-09-11 21:22:28,095 [INFO] Truck: Time:<10.319999999999999> Truck:[CLTruck4] Start loading at shovel NorthPitMine-LoadSite2-Shovel-4, load time is 15.555555555555555
2025-09-11 21:22:28,095 [INFO] Truck: Time:<10.319999999999999> Truck:[CLTruck21] Start loading at shovel NorthPitMine-LoadSite2-Shovel-5, load time is 15.555555555555555
2025-09-11 21:22:28,095 [INFO] Truck: Time:<10.724055118110236> Truck:[OfficalTruck5] Finish loading at shovel NorthPitMine-LoadSite5-Shovel-1
2025-09-11 21:22:28,095 [INFO] Truck: Time:<10.724055118110236> Truck:[OfficalTruck8] Finish loading at shovel NorthPitMine-LoadSite5-Shovel-2
2025-09-11 21:22:28,099 [DEBUG] Truck: Time:<10.724055118110236> Truck:[OfficalTruck5] Start moving to ORDER(2): NorthPitMine-DumpSite3, move distance is 5.62, speed: 25
2025-09-11 21:22:28,103 [DEBUG] Truck: Time:<10.724055118110236> Truck:[OfficalTruck8] Start moving to ORDER(2): NorthPitMine-DumpSite3, move distance is 5.62, speed: 25
2025-09-11 21:22:28,104 [INFO] Truck: Time:<10.724055118110236> Truck:[CLTruck8] Start loading at shovel NorthPitMine-LoadSite5-Shovel-1, load time is 2.5836614173228347
2025-09-11 21:22:28,104 [INFO] Truck: Time:<10.724055118110236> Truck:[CLTruck9] Start loading at shovel NorthPitMine-LoadSite5-Shovel-2, load time is 2.5836614173228347
2025-09-11 21:22:28,106 [INFO] Truck: Time:<11.108055118110236> Truck:[OfficalTruck2] Finish loading at shovel NorthPitMine-LoadSite4-Shovel-1
2025-09-11 21:22:28,109 [DEBUG] Truck: Time:<11.108055118110236> Truck:[OfficalTruck2] Start moving to ORDER(0): NorthPitMine-DumpSite1, move distance is 3.41, speed: 25
2025-09-11 21:22:28,109 [INFO] Truck: Time:<11.108055118110236> Truck:[CLTruck10] Start loading at shovel NorthPitMine-LoadSite4-Shovel-1, load time is 2.5836614173228347
2025-09-11 21:22:28,112 [INFO] Truck: Time:<13.220055118110238> Truck:[OfficalTruck3] Finish loading at shovel NorthPitMine-LoadSite3-Shovel-1
2025-09-11 21:22:28,116 [DEBUG] Truck: Time:<13.220055118110238> Truck:[OfficalTruck3] Start moving to ORDER(2): NorthPitMine-DumpSite3, move distance is 2.49, speed: 25
2025-09-11 21:22:28,117 [INFO] Truck: Time:<13.220055118110238> Truck:[CLTruck17] Start loading at shovel NorthPitMine-LoadSite3-Shovel-1, load time is 2.5836614173228347
2025-09-11 21:22:28,117 [INFO] Truck: Time:<13.307716535433071> Truck:[CLTruck8] Finish loading at shovel NorthPitMine-LoadSite5-Shovel-1
2025-09-11 21:22:28,117 [INFO] Truck: Time:<13.307716535433071> Truck:[CLTruck9] Finish loading at shovel NorthPitMine-LoadSite5-Shovel-2
2025-09-11 21:22:28,120 [DEBUG] Truck: Time:<13.307716535433071> Truck:[CLTruck8] Start moving to ORDER(1): NorthPitMine-DumpSite2, move distance is 5.59, speed: 25
2025-09-11 21:22:28,120 [INFO] Truck: Time:<12> Truck:[CLTruck8] breakdown for 12.804938220945377 minutes at 12
2025-09-11 21:22:28,125 [DEBUG] Truck: Time:<13.307716535433071> Truck:[CLTruck9] Start moving to ORDER(0): NorthPitMine-DumpSite1, move distance is 5.15, speed: 25
2025-09-11 21:22:28,125 [INFO] Truck: Time:<13.307716535433071> Truck:[CLTruck18] Start loading at shovel NorthPitMine-LoadSite5-Shovel-1, load time is 2.5836614173228347
2025-09-11 21:22:28,125 [INFO] Truck: Time:<13.307716535433071> Truck:[CLTruck29] Start loading at shovel NorthPitMine-LoadSite5-Shovel-2, load time is 2.5836614173228347
2025-09-11 21:22:28,126 [INFO] Truck: Time:<13.691716535433072> Truck:[CLTruck10] Finish loading at shovel NorthPitMine-LoadSite4-Shovel-1
2025-09-11 21:22:28,129 [DEBUG] Truck: Time:<13.691716535433072> Truck:[CLTruck10] Start moving to ORDER(2): NorthPitMine-DumpSite3, move distance is 3.73, speed: 25
2025-09-11 21:22:28,129 [INFO] Truck: Time:<13.691716535433072> Truck:[CLTruck25] Start loading at shovel NorthPitMine-LoadSite4-Shovel-1, load time is 2.5836614173228347
2025-09-11 21:22:28,133 [INFO] Truck: Time:<15.803716535433074> Truck:[CLTruck17] Finish loading at shovel NorthPitMine-LoadSite3-Shovel-1
2025-09-11 21:22:28,137 [DEBUG] Truck: Time:<15.803716535433074> Truck:[CLTruck17] Start moving to ORDER(0): NorthPitMine-DumpSite1, move distance is 2.98, speed: 25
2025-09-11 21:22:28,137 [INFO] Truck: Time:<15.803716535433074> Truck:[CLTruck26] Start loading at shovel NorthPitMine-LoadSite3-Shovel-1, load time is 2.5836614173228347
2025-09-11 21:22:28,138 [INFO] Truck: Time:<15.891377952755906> Truck:[CLTruck18] Finish loading at shovel NorthPitMine-LoadSite5-Shovel-1
2025-09-11 21:22:28,138 [INFO] Truck: Time:<15.891377952755906> Truck:[CLTruck29] Finish loading at shovel NorthPitMine-LoadSite5-Shovel-2
2025-09-11 21:22:28,138 [INFO] Truck: Time:<15.891377952755906> Shovel NorthPitMine-LoadSite5-Shovel-1 under maintenance for 48.51 minutes
2025-09-11 21:22:28,144 [DEBUG] Truck: Time:<15.891377952755906> Truck:[CLTruck29] Start moving to ORDER(2): NorthPitMine-DumpSite3, move distance is 5.62, speed: 25
2025-09-11 21:22:28,144 [INFO] Truck: Time:<15> Truck:[CLTruck29] breakdown for 15.197111786613926 minutes at 15
2025-09-11 21:22:28,144 [INFO] Truck: Time:<15.891377952755906> Truck:[XHTruck11] Start loading at shovel NorthPitMine-LoadSite5-Shovel-2, load time is 4.060039370078741
2025-09-11 21:22:28,146 [INFO] Truck: Time:<16.004055118110234> Truck:[OfficalTruck1] Finish loading at shovel NorthPitMine-LoadSite2-Shovel-1
2025-09-11 21:22:28,148 [DEBUG] Truck: Time:<16.004055118110234> Truck:[OfficalTruck1] Start moving to ORDER(0): NorthPitMine-DumpSite1, move distance is 5.32, speed: 25
2025-09-11 21:22:28,148 [INFO] Truck: Time:<16.004055118110234> Truck:[CLTruck22] Start loading at shovel NorthPitMine-LoadSite2-Shovel-1, load time is 2.5836614173228347
2025-09-11 21:22:28,151 [INFO] Truck: Time:<16.275377952755907> Truck:[CLTruck25] Finish loading at shovel NorthPitMine-LoadSite4-Shovel-1
2025-09-11 21:22:28,151 [INFO] Truck: Time:<16.275377952755907> Shovel NorthPitMine-LoadSite4-Shovel-1 under maintenance for 43.93 minutes
2025-09-11 21:22:28,154 [INFO] Truck: Time:<18.38737795275591> Truck:[CLTruck26] Finish loading at shovel NorthPitMine-LoadSite3-Shovel-1
2025-09-11 21:22:28,157 [DEBUG] Truck: Time:<18.38737795275591> Truck:[CLTruck26] Start moving to ORDER(3): NorthPitMine-DumpSite4, move distance is 3.57, speed: 25
2025-09-11 21:22:28,158 [INFO] Truck: Time:<18.38737795275591> Truck:[XHTruck3] Start loading at shovel NorthPitMine-LoadSite3-Shovel-1, load time is 4.060039370078741
2025-09-11 21:22:28,158 [INFO] Truck: Time:<18.587716535433067> Truck:[CLTruck22] Finish loading at shovel NorthPitMine-LoadSite2-Shovel-1
2025-09-11 21:22:28,160 [DEBUG] Truck: Time:<18.587716535433067> Truck:[CLTruck22] Start moving to ORDER(1): NorthPitMine-DumpSite2, move distance is 18.4, speed: 25
2025-09-11 21:22:28,163 [INFO] Truck: Time:<18.587716535433067> Truck:[XHTruck16] Start loading at shovel NorthPitMine-LoadSite2-Shovel-1, load time is 4.060039370078741
2025-09-11 21:22:28,165 [DEBUG] Truck: Time:<19.196055118110237> Truck:[OfficalTruck3] Arrived at NorthPitMine-DumpSite3 at 19.196055118110237
2025-09-11 21:22:28,165 [DEBUG] Truck: Time:<19.292055118110234> Truck:[OfficalTruck2] Arrived at NorthPitMine-DumpSite1 at 19.292055118110234
2025-09-11 21:22:28,165 [INFO] Truck: Time:<19.951417322834647> Truck:[XHTruck11] Finish loading at shovel NorthPitMine-LoadSite5-Shovel-2
2025-09-11 21:22:28,168 [INFO] Road: [RoadEvent] Road from NorthPitMine-LoadSite5 to NorthPitMine-DumpSite3 is in repair，the repair will last for 66.69 mins, and will end at 86.64, vehicle on this road will have to suffer punish_distance.
2025-09-11 21:22:28,169 [DEBUG] Truck: Time:<19.951417322834647> Truck:[XHTruck11] Start moving to ORDER(2): NorthPitMine-DumpSite3, move distance is 7.492437730946838, speed: 25
2025-09-11 21:22:28,169 [INFO] Truck: Time:<17> Truck:[XHTruck11] breakdown for 11.725832254836787 minutes at 17
2025-09-11 21:22:28,169 [INFO] Truck: Time:<19.951417322834647> Truck:[XHTruck19] Start loading at shovel NorthPitMine-LoadSite5-Shovel-2, load time is 4.060039370078741
2025-09-11 21:22:28,171 [INFO] Truck: Time:<20.196055118110237> Truck:[OfficalTruck3] Finish unloading at dumper NorthPitMine-DumpSite3-点位0, dumper tons is 78.76446694655405
2025-09-11 21:22:28,174 [DEBUG] Truck: Time:<20.196055118110237> Truck:[OfficalTruck3] Start moving to ORDER(1):NorthPitMine-LoadSite2, move distance is 7.41, speed: 25
2025-09-11 21:22:28,175 [INFO] Truck: Time:<20.292055118110234> Truck:[OfficalTruck2] Finish unloading at dumper NorthPitMine-DumpSite1-点位0, dumper tons is 76.65865660140659
2025-09-11 21:22:28,180 [DEBUG] Truck: Time:<20.292055118110234> Truck:[OfficalTruck2] Start moving to ORDER(2):NorthPitMine-LoadSite3, move distance is 2.98, speed: 25
2025-09-11 21:22:28,180 [INFO] Truck: Time:<20.979555555555557> Truck:[CLTruck1] Finish loading at shovel NorthPitMine-LoadSite4-Shovel-3
2025-09-11 21:22:28,181 [INFO] Truck: Time:<20.979555555555557> Truck:[CLTruck2] Finish loading at shovel NorthPitMine-LoadSite4-Shovel-4
2025-09-11 21:22:28,181 [INFO] Truck: Time:<20.979555555555557> Truck:[CLTruck6] Finish loading at shovel NorthPitMine-LoadSite4-Shovel-5
2025-09-11 21:22:28,185 [DEBUG] Truck: Time:<20.979555555555557> Truck:[CLTruck1] Start moving to ORDER(0): NorthPitMine-DumpSite1, move distance is 3.41, speed: 25
2025-09-11 21:22:28,188 [DEBUG] Truck: Time:<20.979555555555557> Truck:[CLTruck2] Start moving to ORDER(1): NorthPitMine-DumpSite2, move distance is 1.17, speed: 25
2025-09-11 21:22:28,189 [INFO] Truck: Time:<18> Truck:[CLTruck2] breakdown for 11.543121821239698 minutes at 18
2025-09-11 21:22:28,194 [DEBUG] Truck: Time:<20.979555555555557> Truck:[CLTruck6] Start moving to ORDER(2): NorthPitMine-DumpSite3, move distance is 3.73, speed: 25
2025-09-11 21:22:28,195 [INFO] Truck: Time:<3> Truck:[CLTruck6] breakdown for 8.716122637020824 minutes at 3
2025-09-11 21:22:28,195 [INFO] Truck: Time:<20.979555555555557> Truck:[CLTruck13] Start loading at shovel NorthPitMine-LoadSite4-Shovel-3, load time is 15.555555555555555
2025-09-11 21:22:28,195 [INFO] Truck: Time:<20.979555555555557> Truck:[CLTruck16] Start loading at shovel NorthPitMine-LoadSite4-Shovel-4, load time is 15.555555555555555
2025-09-11 21:22:28,196 [INFO] Truck: Time:<20.979555555555557> Truck:[CLTruck24] Start loading at shovel NorthPitMine-LoadSite4-Shovel-5, load time is 15.555555555555555
2025-09-11 21:22:28,200 [INFO] Truck: Time:<22.44741732283465> Truck:[XHTruck3] Finish loading at shovel NorthPitMine-LoadSite3-Shovel-1
2025-09-11 21:22:28,205 [DEBUG] Truck: Time:<22.44741732283465> Truck:[XHTruck3] Start moving to ORDER(0): NorthPitMine-DumpSite1, move distance is 2.98, speed: 25
2025-09-11 21:22:28,205 [DEBUG] Truck: Time:<22.64371653543307> Truck:[CLTruck10] Arrived at NorthPitMine-DumpSite3 at 22.64371653543307
2025-09-11 21:22:28,205 [INFO] Truck: Time:<22.647755905511808> Truck:[XHTruck16] Finish loading at shovel NorthPitMine-LoadSite2-Shovel-1
2025-09-11 21:22:28,210 [DEBUG] Truck: Time:<22.647755905511808> Truck:[XHTruck16] Start moving to ORDER(3): NorthPitMine-DumpSite4, move distance is 13.77, speed: 25
2025-09-11 21:22:28,211 [INFO] Truck: Time:<16> Truck:[XHTruck16] breakdown for 7.683107968049695 minutes at 16
2025-09-11 21:22:28,211 [INFO] Truck: Time:<22.755555555555553> Truck:[CLTruck5] Finish loading at shovel LoadSite1-Shovel-1
2025-09-11 21:22:28,212 [INFO] Truck: Time:<22.755555555555553> Truck:[CLTruck7] Finish loading at shovel LoadSite1-Shovel-2
2025-09-11 21:22:28,212 [INFO] Truck: Time:<22.755555555555553> Truck:[CLTruck11] Finish loading at shovel LoadSite1-Shovel-3
2025-09-11 21:22:28,212 [INFO] Truck: Time:<22.755555555555553> Truck:[CLTruck14] Finish loading at shovel LoadSite1-Shovel-4
2025-09-11 21:22:28,213 [INFO] Truck: Time:<22.755555555555553> Truck:[CLTruck15] Finish loading at shovel LoadSite1-Shovel-5
2025-09-11 21:22:28,217 [INFO] Road: [RoadEvent] Road from LoadSite1 to NorthPitMine-DumpSite1 is in repair，the repair will last for 60.28 mins, and will end at 83.04, vehicle on this road will have to suffer punish_distance.
2025-09-11 21:22:28,217 [DEBUG] Truck: Time:<22.755555555555553> Truck:[CLTruck5] Start moving to ORDER(0): NorthPitMine-DumpSite1, move distance is 8.119906570889997, speed: 25
2025-09-11 21:22:28,217 [INFO] Truck: Time:<22> Truck:[CLTruck5] breakdown for 6.6680890097090115 minutes at 22
2025-09-11 21:22:28,221 [DEBUG] Truck: Time:<22.755555555555553> Truck:[CLTruck7] Start moving to ORDER(0): NorthPitMine-DumpSite1, move distance is 7.601334306702485, speed: 25
2025-09-11 21:22:28,224 [DEBUG] Truck: Time:<22.755555555555553> Truck:[CLTruck11] Start moving to ORDER(0): NorthPitMine-DumpSite1, move distance is 6.543401403764618, speed: 25
2025-09-11 21:22:28,226 [DEBUG] Truck: Time:<22.755555555555553> Truck:[CLTruck14] Start moving to ORDER(0): NorthPitMine-DumpSite1, move distance is 7.059898721035339, speed: 25
2025-09-11 21:22:28,226 [INFO] Truck: Time:<18> Truck:[CLTruck14] breakdown for 10.946797575786489 minutes at 18
2025-09-11 21:22:28,229 [DEBUG] Truck: Time:<22.755555555555553> Truck:[CLTruck15] Start moving to ORDER(0): NorthPitMine-DumpSite1, move distance is 7.577425003098925, speed: 25
2025-09-11 21:22:28,229 [INFO] Truck: Time:<22.755555555555553> Truck:[XHTruck4] Start loading at shovel LoadSite1-Shovel-1, load time is 24.444444444444443
2025-09-11 21:22:28,230 [INFO] Truck: Time:<22.755555555555553> Truck:[XHTruck13] Start loading at shovel LoadSite1-Shovel-2, load time is 24.444444444444443
2025-09-11 21:22:28,230 [INFO] Truck: Time:<22.755555555555553> Truck:[XHTruck17] Start loading at shovel LoadSite1-Shovel-3, load time is 24.444444444444443
2025-09-11 21:22:28,230 [INFO] Truck: Time:<22.755555555555553> Truck:[XHTruck21] Start loading at shovel LoadSite1-Shovel-4, load time is 24.444444444444443
2025-09-11 21:22:28,230 [INFO] Truck: Time:<22.755555555555553> Truck:[XHTruck31] Start loading at shovel LoadSite1-Shovel-5, load time is 24.444444444444443
2025-09-11 21:22:28,231 [DEBUG] Truck: Time:<22.955716535433073> Truck:[CLTruck17] Arrived at NorthPitMine-DumpSite1 at 22.955716535433073
2025-09-11 21:22:28,232 [INFO] Truck: Time:<23.09155555555556> Truck:[CLTruck3] Finish loading at shovel NorthPitMine-LoadSite3-Shovel-3
2025-09-11 21:22:28,234 [INFO] Road: [RoadEvent] Road from NorthPitMine-LoadSite3 to NorthPitMine-DumpSite3 is in repair，the repair will last for 50.31 mins, and will end at 73.40, vehicle on this road will have to suffer punish_distance.
2025-09-11 21:22:28,235 [DEBUG] Truck: Time:<23.09155555555556> Truck:[CLTruck3] Start moving to ORDER(2): NorthPitMine-DumpSite3, move distance is 3.3741888018864494, speed: 25
2025-09-11 21:22:28,235 [INFO] Truck: Time:<17> Truck:[CLTruck3] breakdown for 4.93266473681478 minutes at 17
2025-09-11 21:22:28,235 [INFO] Truck: Time:<23.09155555555556> Truck:[CLTruck20] Start loading at shovel NorthPitMine-LoadSite3-Shovel-3, load time is 15.555555555555555
2025-09-11 21:22:28,235 [INFO] Truck: Time:<23.64371653543307> Truck:[CLTruck10] Finish unloading at dumper NorthPitMine-DumpSite3-点位0, dumper tons is 113.73151611499864
2025-09-11 21:22:28,238 [INFO] Road: [RoadEvent] Road from NorthPitMine-DumpSite3 to NorthPitMine-LoadSite5 is in repair，the repair will last for 65.86 mins, and will end at 89.50, vehicle on this road will have to suffer punish_distance.
2025-09-11 21:22:28,238 [DEBUG] Truck: Time:<23.64371653543307> Truck:[CLTruck10] Start moving to ORDER(4):NorthPitMine-LoadSite5, move distance is 8.420763609948143, speed: 25
2025-09-11 21:22:28,238 [INFO] Truck: Time:<23.955716535433073> Truck:[CLTruck17] Finish unloading at dumper NorthPitMine-DumpSite1-点位0, dumper tons is 114.237386264332
2025-09-11 21:22:28,240 [DEBUG] Truck: Time:<23.955716535433073> Truck:[CLTruck17] Start moving to ORDER(1):NorthPitMine-LoadSite2, move distance is 5.32, speed: 25
2025-09-11 21:22:28,240 [INFO] Truck: Time:<22> Truck:[CLTruck17] breakdown for 4.473993090900826 minutes at 22
2025-09-11 21:22:28,242 [INFO] Truck: Time:<24.011456692913388> Truck:[XHTruck19] Finish loading at shovel NorthPitMine-LoadSite5-Shovel-2
2025-09-11 21:22:28,244 [DEBUG] Truck: Time:<24.011456692913388> Truck:[XHTruck19] Start moving to ORDER(2): NorthPitMine-DumpSite3, move distance is 7.541980208591058, speed: 25
2025-09-11 21:22:28,244 [INFO] Truck: Time:<20> Truck:[XHTruck19] breakdown for 4.7563654186021855 minutes at 20
2025-09-11 21:22:28,245 [INFO] Truck: Time:<24.011456692913388> Truck:[XHTruck25] Start loading at shovel NorthPitMine-LoadSite5-Shovel-2, load time is 4.060039370078741
2025-09-11 21:22:28,245 [DEBUG] Truck: Time:<24.212055118110236> Truck:[OfficalTruck5] Arrived at NorthPitMine-DumpSite3 at 24.212055118110236
2025-09-11 21:22:28,245 [DEBUG] Truck: Time:<24.212055118110236> Truck:[OfficalTruck8] Arrived at NorthPitMine-DumpSite3 at 24.212055118110236
2025-09-11 21:22:28,246 [INFO] Truck: Time:<25.212055118110236> Truck:[OfficalTruck5] Finish unloading at dumper NorthPitMine-DumpSite3-点位0, dumper tons is 190.33207577926146
2025-09-11 21:22:28,247 [INFO] Truck: Time:<25.212055118110236> Truck:[OfficalTruck8] Finish unloading at dumper NorthPitMine-DumpSite3-点位1, dumper tons is 74.50171078623599
2025-09-11 21:22:28,249 [DEBUG] Truck: Time:<25.212055118110236> Truck:[OfficalTruck5] Start moving to ORDER(3):NorthPitMine-LoadSite4, move distance is 3.73, speed: 25
2025-09-11 21:22:28,249 [INFO] Truck: Time:<20> Truck:[OfficalTruck5] breakdown for 11.02718437314388 minutes at 20
2025-09-11 21:22:28,251 [DEBUG] Truck: Time:<25.212055118110236> Truck:[OfficalTruck8] Start moving to ORDER(3):NorthPitMine-LoadSite4, move distance is 3.73, speed: 25
2025-09-11 21:22:28,251 [DEBUG] Truck: Time:<25.667716535433073> Truck:[CLTruck9] Arrived at NorthPitMine-DumpSite1 at 25.667716535433073
2025-09-11 21:22:28,251 [INFO] Truck: Time:<25.875555555555554> Truck:[CLTruck4] Finish loading at shovel NorthPitMine-LoadSite2-Shovel-4
2025-09-11 21:22:28,252 [INFO] Truck: Time:<25.875555555555554> Truck:[CLTruck21] Finish loading at shovel NorthPitMine-LoadSite2-Shovel-5
2025-09-11 21:22:28,254 [INFO] Road: [RoadEvent] Road from NorthPitMine-LoadSite2 to NorthPitMine-DumpSite1 is in repair，the repair will last for 46.51 mins, and will end at 72.38, vehicle on this road will have to suffer punish_distance.
2025-09-11 21:22:28,254 [DEBUG] Truck: Time:<25.875555555555554> Truck:[CLTruck4] Start moving to ORDER(0): NorthPitMine-DumpSite1, move distance is 7.917524807833754, speed: 25
2025-09-11 21:22:28,254 [INFO] Truck: Time:<24> Truck:[CLTruck4] breakdown for 11.61057065991538 minutes at 24
2025-09-11 21:22:28,257 [DEBUG] Truck: Time:<25.875555555555554> Truck:[CLTruck21] Start moving to ORDER(0): NorthPitMine-DumpSite1, move distance is 8.151918633515695, speed: 25
2025-09-11 21:22:28,257 [INFO] Truck: Time:<22> Truck:[CLTruck21] breakdown for 11.07067096128877 minutes at 22
2025-09-11 21:22:28,257 [INFO] Truck: Time:<25.875555555555554> Truck:[XHTruck7] Start loading at shovel NorthPitMine-LoadSite2-Shovel-4, load time is 24.444444444444443
2025-09-11 21:22:28,257 [INFO] Truck: Time:<25.875555555555554> Truck:[XHTruck12] Start loading at shovel NorthPitMine-LoadSite2-Shovel-5, load time is 24.444444444444443
2025-09-11 21:22:28,258 [INFO] Truck: Time:<26.667716535433073> Truck:[CLTruck9] Finish unloading at dumper NorthPitMine-DumpSite1-点位0, dumper tons is 146.9262185082154
2025-09-11 21:22:28,261 [INFO] Road: [RoadEvent] Road from NorthPitMine-DumpSite1 to NorthPitMine-LoadSite3 is in repair，the repair will last for 37.18 mins, and will end at 63.84, vehicle on this road will have to suffer punish_distance.
2025-09-11 21:22:28,261 [DEBUG] Truck: Time:<26.667716535433073> Truck:[CLTruck9] Start moving to ORDER(2):NorthPitMine-LoadSite3, move distance is 3.861856694923593, speed: 25
2025-09-11 21:22:28,261 [INFO] Truck: Time:<20> Truck:[CLTruck9] breakdown for 11.535999588152555 minutes at 20
2025-09-11 21:22:28,261 [DEBUG] Truck: Time:<26.95537795275591> Truck:[CLTruck26] Arrived at NorthPitMine-DumpSite4 at 26.95537795275591
2025-09-11 21:22:28,262 [INFO] Truck: Time:<27.444055118110235> Truck:[OfficalTruck2] Arrived at NorthPitMine-LoadSite3 at 27.444055118110235
2025-09-11 21:22:28,263 [INFO] Truck: Time:<27.444055118110235> Truck:[OfficalTruck2] Start loading at shovel NorthPitMine-LoadSite3-Shovel-1, load time is 5.684055118110236
2025-09-11 21:22:28,263 [INFO] Truck: Time:<27.95537795275591> Truck:[CLTruck26] Finish unloading at dumper NorthPitMine-DumpSite4-点位0, dumper tons is 33.96844662241215
2025-09-11 21:22:28,265 [DEBUG] Truck: Time:<27.95537795275591> Truck:[CLTruck26] Start moving to ORDER(3):NorthPitMine-LoadSite4, move distance is 2.6, speed: 25
2025-09-11 21:22:28,265 [INFO] Truck: Time:<27> Truck:[CLTruck26] breakdown for 15.473331331600315 minutes at 27
2025-09-11 21:22:28,267 [INFO] Truck: Time:<28.07149606299213> Truck:[XHTruck25] Finish loading at shovel NorthPitMine-LoadSite5-Shovel-2
2025-09-11 21:22:28,269 [DEBUG] Truck: Time:<28.07149606299213> Truck:[XHTruck25] Start moving to ORDER(0): NorthPitMine-DumpSite1, move distance is 5.15, speed: 25
2025-09-11 21:22:28,269 [INFO] Truck: Time:<17> Truck:[XHTruck25] breakdown for 11.19853289468108 minutes at 17
2025-09-11 21:22:28,269 [INFO] Truck: Time:<28.07149606299213> Truck:[XHTruck32] Start loading at shovel NorthPitMine-LoadSite5-Shovel-2, load time is 4.060039370078741
2025-09-11 21:22:28,269 [DEBUG] Truck: Time:<28.772055118110234> Truck:[OfficalTruck1] Arrived at NorthPitMine-DumpSite1 at 28.772055118110234
2025-09-11 21:22:28,270 [DEBUG] Truck: Time:<29.163555555555554> Truck:[CLTruck1] Arrived at NorthPitMine-DumpSite1 at 29.163555555555554
2025-09-11 21:22:28,271 [DEBUG] Truck: Time:<29.59941732283465> Truck:[XHTruck3] Arrived at NorthPitMine-DumpSite1 at 29.59941732283465
2025-09-11 21:22:28,271 [INFO] Truck: Time:<29.772055118110234> Truck:[OfficalTruck1] Finish unloading at dumper NorthPitMine-DumpSite1-点位0, dumper tons is 227.75726797190902
2025-09-11 21:22:28,273 [DEBUG] Truck: Time:<29.772055118110234> Truck:[OfficalTruck1] Start moving to ORDER(2):NorthPitMine-LoadSite3, move distance is 4.015054957101006, speed: 25
2025-09-11 21:22:28,274 [INFO] Truck: Time:<30.163555555555554> Truck:[CLTruck1] Finish unloading at dumper NorthPitMine-DumpSite1-点位1, dumper tons is 38.15995252300654
2025-09-11 21:22:28,277 [DEBUG] Truck: Time:<30.163555555555554> Truck:[CLTruck1] Start moving to ORDER(0):LoadSite1, move distance is 5.238, speed: 25
2025-09-11 21:22:28,277 [INFO] Truck: Time:<21> Truck:[CLTruck1] breakdown for 7.9866017992799225 minutes at 21
2025-09-11 21:22:28,277 [INFO] Truck: Time:<30.59941732283465> Truck:[XHTruck3] Finish unloading at dumper NorthPitMine-DumpSite1-点位2, dumper tons is 59.55516666864786
2025-09-11 21:22:28,279 [DEBUG] Truck: Time:<30.59941732283465> Truck:[XHTruck3] Start moving to ORDER(1):NorthPitMine-LoadSite2, move distance is 5.32, speed: 25
2025-09-11 21:22:28,282 [INFO] Truck: Time:<32.131535433070866> Truck:[XHTruck32] Finish loading at shovel NorthPitMine-LoadSite5-Shovel-2
2025-09-11 21:22:28,284 [DEBUG] Truck: Time:<32.131535433070866> Truck:[XHTruck32] Start moving to ORDER(2): NorthPitMine-DumpSite3, move distance is 7.909365715441052, speed: 25
2025-09-11 21:22:28,284 [INFO] Truck: Time:<25> Truck:[XHTruck32] breakdown for 6.614213662800218 minutes at 25
2025-09-11 21:22:28,285 [INFO] Truck: Time:<33.12811023622047> Truck:[OfficalTruck2] Finish loading at shovel NorthPitMine-LoadSite3-Shovel-1
2025-09-11 21:22:28,288 [DEBUG] Truck: Time:<33.12811023622047> Truck:[OfficalTruck2] Start moving to ORDER(2): NorthPitMine-DumpSite3, move distance is 3.022340440169013, speed: 25
2025-09-11 21:22:28,288 [INFO] Truck: Time:<33.70235313134204> Truck:[CLTruck14] is facing 0 mins delay caused by 1 pre-existing jam events on Road from LoadSite1 to NorthPitMine-DumpSite1
2025-09-11 21:22:28,289 [INFO] Truck: Time:<34.164055118110234> Truck:[OfficalTruck8] Arrived at NorthPitMine-LoadSite4 at 34.164055118110234
2025-09-11 21:22:28,291 [DEBUG] Truck: Time:<35.33067737679526> Truck:[CLTruck2] Arrived at NorthPitMine-DumpSite2 at 35.33067737679526
2025-09-11 21:22:28,293 [DEBUG] Truck: Time:<36.12227341689781> Truck:[CLTruck3] Arrived at NorthPitMine-DumpSite3 at 36.12227341689781
2025-09-11 21:22:28,293 [INFO] Truck: Time:<36.33067737679526> Truck:[CLTruck2] Finish unloading at dumper NorthPitMine-DumpSite2-点位0, dumper tons is 33.98479942997536
2025-09-11 21:22:28,295 [DEBUG] Truck: Time:<36.33067737679526> Truck:[CLTruck2] Start moving to ORDER(1):NorthPitMine-LoadSite2, move distance is 18.4, speed: 25
2025-09-11 21:22:28,296 [INFO] Truck: Time:<36.535111111111114> Truck:[CLTruck13] Finish loading at shovel NorthPitMine-LoadSite4-Shovel-3
2025-09-11 21:22:28,296 [INFO] Truck: Time:<36.535111111111114> Truck:[CLTruck16] Finish loading at shovel NorthPitMine-LoadSite4-Shovel-4
2025-09-11 21:22:28,296 [INFO] Truck: Time:<36.535111111111114> Truck:[CLTruck24] Finish loading at shovel NorthPitMine-LoadSite4-Shovel-5
2025-09-11 21:22:28,298 [DEBUG] Truck: Time:<36.535111111111114> Truck:[CLTruck13] Start moving to ORDER(1): NorthPitMine-DumpSite2, move distance is 1.17, speed: 25
2025-09-11 21:22:28,298 [INFO] Truck: Time:<7> Truck:[CLTruck13] breakdown for 12.691681017916872 minutes at 7
2025-09-11 21:22:28,300 [DEBUG] Truck: Time:<36.535111111111114> Truck:[CLTruck16] Start moving to ORDER(2): NorthPitMine-DumpSite3, move distance is 3.73, speed: 25
2025-09-11 21:22:28,300 [INFO] Truck: Time:<32> Truck:[CLTruck16] breakdown for 9.159931818186003 minutes at 32
2025-09-11 21:22:28,302 [DEBUG] Truck: Time:<36.535111111111114> Truck:[CLTruck24] Start moving to ORDER(2): NorthPitMine-DumpSite3, move distance is 3.73, speed: 25
2025-09-11 21:22:28,302 [INFO] Truck: Time:<15> Truck:[CLTruck24] breakdown for 12.831725911055301 minutes at 15
2025-09-11 21:22:28,303 [INFO] Truck: Time:<36.535111111111114> Truck:[XHTruck6] Start loading at shovel NorthPitMine-LoadSite4-Shovel-3, load time is 24.444444444444443
2025-09-11 21:22:28,303 [INFO] Truck: Time:<36.535111111111114> Truck:[XHTruck8] Start loading at shovel NorthPitMine-LoadSite4-Shovel-4, load time is 24.444444444444443
2025-09-11 21:22:28,303 [INFO] Truck: Time:<36.535111111111114> Truck:[XHTruck10] Start loading at shovel NorthPitMine-LoadSite4-Shovel-5, load time is 24.444444444444443
2025-09-11 21:22:28,304 [INFO] Truck: Time:<37.12227341689781> Truck:[CLTruck3] Finish unloading at dumper NorthPitMine-DumpSite3-点位0, dumper tons is 225.2448139279827
2025-09-11 21:22:28,306 [DEBUG] Truck: Time:<37.12227341689781> Truck:[CLTruck3] Start moving to ORDER(1):NorthPitMine-LoadSite2, move distance is 7.41, speed: 25
2025-09-11 21:22:28,307 [INFO] Truck: Time:<37.980055118110236> Truck:[OfficalTruck3] Arrived at NorthPitMine-LoadSite2 at 37.980055118110236
2025-09-11 21:22:28,307 [INFO] Truck: Time:<37.980055118110236> Truck:[OfficalTruck3] Start loading at shovel NorthPitMine-LoadSite2-Shovel-1, load time is 5.684055118110236
2025-09-11 21:22:28,309 [DEBUG] Truck: Time:<38.45971892459064> Truck:[CLTruck11] Arrived at NorthPitMine-DumpSite1 at 38.45971892459064
2025-09-11 21:22:28,309 [INFO] Truck: Time:<38.647111111111116> Truck:[CLTruck20] Finish loading at shovel NorthPitMine-LoadSite3-Shovel-3
2025-09-11 21:22:28,311 [DEBUG] Truck: Time:<38.647111111111116> Truck:[CLTruck20] Start moving to ORDER(2): NorthPitMine-DumpSite3, move distance is 3.6890701157443733, speed: 25
2025-09-11 21:22:28,311 [INFO] Truck: Time:<35> Truck:[CLTruck20] breakdown for 9.876564032458507 minutes at 35
2025-09-11 21:22:28,311 [INFO] Truck: Time:<38.647111111111116> Truck:[XHTruck2] Start loading at shovel NorthPitMine-LoadSite3-Shovel-3, load time is 24.444444444444443
2025-09-11 21:22:28,312 [DEBUG] Truck: Time:<38.64767819257638> Truck:[CLTruck6] Arrived at NorthPitMine-DumpSite3 at 38.64767819257638
2025-09-11 21:22:28,312 [INFO] Truck: Time:<39.40818701515265> Truck:[OfficalTruck1] Arrived at NorthPitMine-LoadSite3 at 39.40818701515265
2025-09-11 21:22:28,312 [INFO] Truck: Time:<39.40818701515265> Truck:[OfficalTruck1] Start loading at shovel NorthPitMine-LoadSite3-Shovel-1, load time is 5.684055118110236
2025-09-11 21:22:28,312 [INFO] Truck: Time:<39.45971892459064> Truck:[CLTruck11] Finish unloading at dumper NorthPitMine-DumpSite1-点位0, dumper tons is 264.4476559150479
2025-09-11 21:22:28,319 [DEBUG] Truck: Time:<39.45971892459064> Truck:[CLTruck11] Start moving to ORDER(2):NorthPitMine-LoadSite3, move distance is 4.74000529915456, speed: 25
2025-09-11 21:22:28,319 [INFO] Truck: Time:<24> Truck:[CLTruck11] breakdown for 15.643836710500599 minutes at 24
2025-09-11 21:22:28,319 [DEBUG] Truck: Time:<39.528654756378444> Truck:[CLTruck8] Arrived at NorthPitMine-DumpSite2 at 39.528654756378444
2025-09-11 21:22:28,319 [INFO] Truck: Time:<39.64622222222222> Truck:[OfficalTruck4] Finish loading at shovel NorthPitMine-LoadSite4-Shovel-2
2025-09-11 21:22:28,319 [DEBUG] Truck: Time:<39.64622222222222> Truck:[OfficalTruck4] Start moving to ORDER(1): NorthPitMine-DumpSite2, move distance is 1.17, speed: 25
2025-09-11 21:22:28,319 [INFO] Truck: Time:<28> Truck:[OfficalTruck4] breakdown for 4.335644873549441 minutes at 28
2025-09-11 21:22:28,319 [INFO] Truck: Time:<39.64622222222222> Truck:[CLTruck12] Start loading at shovel NorthPitMine-LoadSite4-Shovel-2, load time is 15.555555555555555
2025-09-11 21:22:28,319 [INFO] Truck: Time:<39.64767819257638> Truck:[CLTruck6] Finish unloading at dumper NorthPitMine-DumpSite3-点位0, dumper tons is 258.76259925050243
2025-09-11 21:22:28,326 [DEBUG] Truck: Time:<39.64767819257638> Truck:[CLTruck6] Start moving to ORDER(4):NorthPitMine-LoadSite5, move distance is 7.298926345173077, speed: 25
2025-09-11 21:22:28,326 [INFO] Truck: Time:<36> Truck:[CLTruck6] breakdown for 5.732689850677289 minutes at 36
2025-09-11 21:22:28,327 [DEBUG] Truck: Time:<40.3817272926261> Truck:[OfficalTruck2] Arrived at NorthPitMine-DumpSite3 at 40.3817272926261
2025-09-11 21:22:28,327 [INFO] Truck: Time:<40.528654756378444> Truck:[CLTruck8] Finish unloading at dumper NorthPitMine-DumpSite2-点位0, dumper tons is 71.11680498119861
2025-09-11 21:22:28,333 [INFO] Road: [RoadEvent] Road from NorthPitMine-DumpSite2 to LoadSite1 is in repair，the repair will last for 68.09 mins, and will end at 108.62, vehicle on this road will have to suffer punish_distance.
2025-09-11 21:22:28,334 [DEBUG] Truck: Time:<40.528654756378444> Truck:[CLTruck8] Start moving to ORDER(0):LoadSite1, move distance is 47.17545212567533, speed: 25
2025-09-11 21:22:28,334 [INFO] Truck: Time:<37> Truck:[CLTruck8] breakdown for 12.26080661462337 minutes at 37
2025-09-11 21:22:28,334 [DEBUG] Truck: Time:<40.941375562992974> Truck:[CLTruck15] Arrived at NorthPitMine-DumpSite1 at 40.941375562992974
2025-09-11 21:22:28,334 [DEBUG] Truck: Time:<40.99875789164152> Truck:[CLTruck7] Arrived at NorthPitMine-DumpSite1 at 40.99875789164152
2025-09-11 21:22:28,337 [INFO] Truck: Time:<41.1977096263339> Truck:[CLTruck17] Arrived at NorthPitMine-LoadSite2 at 41.1977096263339
2025-09-11 21:22:28,337 [INFO] Truck: Time:<41.3817272926261> Truck:[OfficalTruck2] Finish unloading at dumper NorthPitMine-DumpSite3-点位0, dumper tons is 339.10302839231724
2025-09-11 21:22:28,340 [DEBUG] Truck: Time:<41.3817272926261> Truck:[OfficalTruck2] Start moving to ORDER(4):NorthPitMine-LoadSite5, move distance is 8.254968536237566, speed: 25
2025-09-11 21:22:28,340 [INFO] Truck: Time:<38> Truck:[OfficalTruck2] breakdown for 11.042825840916208 minutes at 38
2025-09-11 21:22:28,340 [INFO] Truck: Time:<41.75822222222222> Truck:[OfficalTruck9] Finish loading at shovel NorthPitMine-LoadSite3-Shovel-2
2025-09-11 21:22:28,344 [INFO] Road: [RoadEvent] Road from NorthPitMine-LoadSite3 to NorthPitMine-DumpSite2 is in repair，the repair will last for 62.82 mins, and will end at 104.58, vehicle on this road will have to suffer punish_distance.
2025-09-11 21:22:28,344 [DEBUG] Truck: Time:<41.75822222222222> Truck:[OfficalTruck9] Start moving to ORDER(1): NorthPitMine-DumpSite2, move distance is 4.24671122814121, speed: 25
2025-09-11 21:22:28,344 [INFO] Truck: Time:<26> Truck:[OfficalTruck9] breakdown for 6.660463925930425 minutes at 26
2025-09-11 21:22:28,345 [INFO] Truck: Time:<41.75822222222222> Truck:[CLTruck19] Start loading at shovel NorthPitMine-LoadSite3-Shovel-2, load time is 15.555555555555555
2025-09-11 21:22:28,345 [INFO] Truck: Time:<41.941375562992974> Truck:[CLTruck15] Finish unloading at dumper NorthPitMine-DumpSite1-点位0, dumper tons is 301.7673338606975
2025-09-11 21:22:28,346 [DEBUG] Truck: Time:<41.941375562992974> Truck:[CLTruck15] Start moving to ORDER(1):NorthPitMine-LoadSite2, move distance is 5.32, speed: 25
2025-09-11 21:22:28,346 [INFO] Truck: Time:<25> Truck:[CLTruck15] breakdown for 5.90123413108639 minutes at 25
2025-09-11 21:22:28,346 [INFO] Truck: Time:<41.99875789164152> Truck:[CLTruck7] Finish unloading at dumper NorthPitMine-DumpSite1-点位1, dumper tons is 70.04137177543774
2025-09-11 21:22:28,353 [DEBUG] Truck: Time:<41.99875789164152> Truck:[CLTruck7] Start moving to ORDER(4):NorthPitMine-LoadSite5, move distance is 19.6, speed: 25
2025-09-11 21:22:28,353 [INFO] Truck: Time:<30> Truck:[CLTruck7] breakdown for 9.244431492113893 minutes at 30
2025-09-11 21:22:28,358 [INFO] Truck: Time:<43.367417322834655> Truck:[XHTruck3] Arrived at NorthPitMine-LoadSite2 at 43.367417322834655
2025-09-11 21:22:28,358 [INFO] Truck: Time:<43.66411023622047> Truck:[OfficalTruck3] Finish loading at shovel NorthPitMine-LoadSite2-Shovel-1
2025-09-11 21:22:28,362 [DEBUG] Truck: Time:<43.66411023622047> Truck:[OfficalTruck3] Start moving to ORDER(2): NorthPitMine-DumpSite3, move distance is 7.41, speed: 25
2025-09-11 21:22:28,362 [INFO] Truck: Time:<39> Truck:[OfficalTruck3] breakdown for 13.856008538162017 minutes at 39
2025-09-11 21:22:28,362 [INFO] Truck: Time:<43.66411023622047> Truck:[CLTruck17] Start loading at shovel NorthPitMine-LoadSite2-Shovel-1, load time is 2.5836614173228347
2025-09-11 21:22:28,363 [INFO] Truck: Time:<43.85354919930862> Truck:[CLTruck10] Arrived at NorthPitMine-LoadSite5 at 43.85354919930862
2025-09-11 21:22:28,363 [INFO] Truck: Time:<43.85354919930862> Truck:[CLTruck10] Start loading at shovel NorthPitMine-LoadSite5-Shovel-2, load time is 2.5836614173228347
2025-09-11 21:22:28,365 [INFO] Truck: Time:<44.54222222222222> Truck:[OfficalTruck6] Finish loading at shovel NorthPitMine-LoadSite2-Shovel-2
2025-09-11 21:22:28,366 [INFO] Truck: Time:<44.54222222222222> Truck:[OfficalTruck7] Finish loading at shovel NorthPitMine-LoadSite2-Shovel-3
2025-09-11 21:22:28,371 [DEBUG] Truck: Time:<44.54222222222222> Truck:[OfficalTruck6] Start moving to ORDER(2): NorthPitMine-DumpSite3, move distance is 7.41, speed: 25
2025-09-11 21:22:28,371 [INFO] Truck: Time:<9> Truck:[OfficalTruck6] breakdown for 9.990708848685134 minutes at 9
2025-09-11 21:22:28,375 [DEBUG] Truck: Time:<44.54222222222222> Truck:[OfficalTruck7] Start moving to ORDER(2): NorthPitMine-DumpSite3, move distance is 7.41, speed: 25
2025-09-11 21:22:28,375 [INFO] Truck: Time:<35> Truck:[OfficalTruck7] breakdown for 11.283724818531189 minutes at 35
2025-09-11 21:22:28,375 [INFO] Truck: Time:<44.54222222222222> Truck:[CLTruck23] Start loading at shovel NorthPitMine-LoadSite2-Shovel-2, load time is 15.555555555555555
2025-09-11 21:22:28,376 [INFO] Truck: Time:<44.54222222222222> Truck:[CLTruck28] Start loading at shovel NorthPitMine-LoadSite2-Shovel-3, load time is 15.555555555555555
2025-09-11 21:22:28,376 [DEBUG] Truck: Time:<44.57648973936983> Truck:[CLTruck29] Arrived at NorthPitMine-DumpSite3 at 44.57648973936983
2025-09-11 21:22:28,377 [INFO] Truck: Time:<45.092242133262886> Truck:[OfficalTruck1] Finish loading at shovel NorthPitMine-LoadSite3-Shovel-1
2025-09-11 21:22:28,380 [DEBUG] Truck: Time:<45.092242133262886> Truck:[OfficalTruck1] Start moving to ORDER(2): NorthPitMine-DumpSite3, move distance is 3.564452563295418, speed: 25
2025-09-11 21:22:28,381 [INFO] Truck: Time:<37> Truck:[OfficalTruck1] breakdown for 8.892068313597532 minutes at 37
2025-09-11 21:22:28,381 [INFO] Truck: Time:<45.191239491254116> Truck:[OfficalTruck5] Arrived at NorthPitMine-LoadSite4 at 45.191239491254116
2025-09-11 21:22:28,381 [INFO] Truck: Time:<45.57648973936983> Truck:[CLTruck29] Finish unloading at dumper NorthPitMine-DumpSite3-点位0, dumper tons is 374.72484559274415
2025-09-11 21:22:28,386 [DEBUG] Truck: Time:<45.57648973936983> Truck:[CLTruck29] Start moving to ORDER(4):NorthPitMine-LoadSite5, move distance is 7.920812098466739, speed: 25
2025-09-11 21:22:28,387 [INFO] Truck: Time:<46.24777165354331> Truck:[CLTruck17] Finish loading at shovel NorthPitMine-LoadSite2-Shovel-1
2025-09-11 21:22:28,391 [INFO] Road: [RoadEvent] Road from NorthPitMine-LoadSite2 to NorthPitMine-DumpSite2 is in repair，the repair will last for 57.85 mins, and will end at 104.10, vehicle on this road will have to suffer punish_distance.
2025-09-11 21:22:28,391 [DEBUG] Truck: Time:<46.24777165354331> Truck:[CLTruck17] Start moving to ORDER(1): NorthPitMine-DumpSite2, move distance is 28.14951902530973, speed: 25
2025-09-11 21:22:28,392 [INFO] Truck: Time:<46.437210616631454> Truck:[CLTruck10] Finish loading at shovel NorthPitMine-LoadSite5-Shovel-2
2025-09-11 21:22:28,395 [INFO] Road: [RoadEvent] Road from NorthPitMine-LoadSite5 to NorthPitMine-DumpSite1 is in repair，the repair will last for 51.51 mins, and will end at 97.95, vehicle on this road will have to suffer punish_distance.
2025-09-11 21:22:28,395 [DEBUG] Truck: Time:<46.437210616631454> Truck:[CLTruck10] Start moving to ORDER(0): NorthPitMine-DumpSite1, move distance is 6.853146689549477, speed: 25
2025-09-11 21:22:28,395 [INFO] Truck: Time:<28> Truck:[CLTruck10] breakdown for 13.415556178212432 minutes at 28
2025-09-11 21:22:28,395 [DEBUG] Truck: Time:<46.78986709577166> Truck:[OfficalTruck4] Arrived at NorthPitMine-DumpSite2 at 46.78986709577166
2025-09-11 21:22:28,395 [DEBUG] Truck: Time:<46.86857461213411> Truck:[XHTruck19] Arrived at NorthPitMine-DumpSite3 at 46.86857461213411
2025-09-11 21:22:28,395 [INFO] Truck: Time:<47.199999999999996> Truck:[XHTruck4] Finish loading at shovel LoadSite1-Shovel-1
2025-09-11 21:22:28,399 [INFO] Truck: Time:<47.199999999999996> Truck:[XHTruck13] Finish loading at shovel LoadSite1-Shovel-2
2025-09-11 21:22:28,399 [INFO] Truck: Time:<47.199999999999996> Truck:[XHTruck17] Finish loading at shovel LoadSite1-Shovel-3
2025-09-11 21:22:28,399 [INFO] Truck: Time:<47.199999999999996> Truck:[XHTruck21] Finish loading at shovel LoadSite1-Shovel-4
2025-09-11 21:22:28,399 [INFO] Truck: Time:<47.199999999999996> Truck:[XHTruck31] Finish loading at shovel LoadSite1-Shovel-5
2025-09-11 21:22:28,404 [DEBUG] Truck: Time:<47.199999999999996> Truck:[XHTruck4] Start moving to ORDER(0): NorthPitMine-DumpSite1, move distance is 7.114143402872974, speed: 25
2025-09-11 21:22:28,404 [INFO] Truck: Time:<43> Truck:[XHTruck4] breakdown for 10.623812098625299 minutes at 43
2025-09-11 21:22:28,408 [INFO] Road: [RoadEvent] Road from LoadSite1 to NorthPitMine-DumpSite3 is in repair，the repair will last for 47.88 mins, and will end at 95.08, vehicle on this road will have to suffer punish_distance.
2025-09-11 21:22:28,409 [DEBUG] Truck: Time:<47.199999999999996> Truck:[XHTruck13] Start moving to ORDER(2): NorthPitMine-DumpSite3, move distance is 16.026566027936614, speed: 25
2025-09-11 21:22:28,409 [INFO] Truck: Time:<36> Truck:[XHTruck13] breakdown for 8.857125680303986 minutes at 36
2025-09-11 21:22:28,412 [DEBUG] Truck: Time:<47.199999999999996> Truck:[XHTruck17] Start moving to ORDER(0): NorthPitMine-DumpSite1, move distance is 7.021106815325432, speed: 25
2025-09-11 21:22:28,413 [INFO] Truck: Time:<6> Truck:[XHTruck17] breakdown for 10.12107553196041 minutes at 6
2025-09-11 21:22:28,416 [DEBUG] Truck: Time:<47.199999999999996> Truck:[XHTruck21] Start moving to ORDER(0): NorthPitMine-DumpSite1, move distance is 7.114324204001831, speed: 25
2025-09-11 21:22:28,416 [INFO] Truck: Time:<46> Truck:[XHTruck21] breakdown for 7.710589534959946 minutes at 46
2025-09-11 21:22:28,422 [DEBUG] Truck: Time:<47.199999999999996> Truck:[XHTruck31] Start moving to ORDER(0): NorthPitMine-DumpSite1, move distance is 7.566491436503651, speed: 25
2025-09-11 21:22:28,422 [INFO] Truck: Time:<14> Truck:[XHTruck31] breakdown for 6.087281399713751 minutes at 14
2025-09-11 21:22:28,423 [INFO] Truck: Time:<47.47217219140225> Truck:[CLTruck9] Arrived at NorthPitMine-LoadSite3 at 47.47217219140225
2025-09-11 21:22:28,423 [INFO] Truck: Time:<47.47217219140225> Truck:[CLTruck9] Start loading at shovel NorthPitMine-LoadSite3-Shovel-1, load time is 2.5836614173228347
2025-09-11 21:22:28,423 [INFO] Truck: Time:<47.78986709577166> Truck:[OfficalTruck4] Finish unloading at dumper NorthPitMine-DumpSite2-点位0, dumper tons is 140.57244837474929
2025-09-11 21:22:28,428 [DEBUG] Truck: Time:<47.78986709577166> Truck:[OfficalTruck4] Start moving to ORDER(0):LoadSite1, move distance is 47.701751585967145, speed: 25
2025-09-11 21:22:28,428 [INFO] Truck: Time:<47.842609694079364> Truck:[CLTruck15] is facing 0 mins delay caused by 1 pre-existing jam events on Road from NorthPitMine-DumpSite1 to NorthPitMine-LoadSite2
2025-09-11 21:22:28,429 [INFO] Truck: Time:<47.86857461213411> Truck:[XHTruck19] Finish unloading at dumper NorthPitMine-DumpSite3-点位0, dumper tons is 428.6246332224174
2025-09-11 21:22:28,432 [DEBUG] Truck: Time:<47.86857461213411> Truck:[XHTruck19] Start moving to ORDER(1):NorthPitMine-LoadSite2, move distance is 7.41, speed: 25
2025-09-11 21:22:28,433 [INFO] Truck: Time:<47> Truck:[XHTruck19] breakdown for 14.013543006323786 minutes at 47
2025-09-11 21:22:28,434 [DEBUG] Truck: Time:<48.91142033540056> Truck:[CLTruck5] Arrived at NorthPitMine-DumpSite1 at 48.91142033540056
2025-09-11 21:22:28,436 [DEBUG] Truck: Time:<49.659100131943845> Truck:[XHTruck11] Arrived at NorthPitMine-DumpSite3 at 49.659100131943845
2025-09-11 21:22:28,436 [INFO] Truck: Time:<49.668709284356225> Truck:[CLTruck26] Arrived at NorthPitMine-LoadSite4 at 49.668709284356225
2025-09-11 21:22:28,436 [INFO] Truck: Time:<49.91142033540056> Truck:[CLTruck5] Finish unloading at dumper NorthPitMine-DumpSite1-点位0, dumper tons is 336.71799854401604
2025-09-11 21:22:28,443 [INFO] Road: [RoadEvent] Road from NorthPitMine-DumpSite1 to NorthPitMine-LoadSite2 is in repair，the repair will last for 56.46 mins, and will end at 106.37, vehicle on this road will have to suffer punish_distance.
2025-09-11 21:22:28,444 [DEBUG] Truck: Time:<49.91142033540056> Truck:[CLTruck5] Start moving to ORDER(1):NorthPitMine-LoadSite2, move distance is 7.662864082877909, speed: 25
2025-09-11 21:22:28,447 [INFO] Truck: Time:<50.05583360872509> Truck:[CLTruck9] Finish loading at shovel NorthPitMine-LoadSite3-Shovel-1
2025-09-11 21:22:28,451 [DEBUG] Truck: Time:<50.05583360872509> Truck:[CLTruck9] Start moving to ORDER(3): NorthPitMine-DumpSite4, move distance is 3.57, speed: 25
2025-09-11 21:22:28,451 [INFO] Truck: Time:<50.31999999999999> Truck:[XHTruck7] Finish loading at shovel NorthPitMine-LoadSite2-Shovel-4
2025-09-11 21:22:28,451 [INFO] Truck: Time:<50.31999999999999> Truck:[XHTruck12] Finish loading at shovel NorthPitMine-LoadSite2-Shovel-5
2025-09-11 21:22:28,456 [DEBUG] Truck: Time:<50.31999999999999> Truck:[XHTruck7] Start moving to ORDER(0): NorthPitMine-DumpSite1, move distance is 7.765700000100412, speed: 25
2025-09-11 21:22:28,456 [INFO] Truck: Time:<47> Truck:[XHTruck7] breakdown for 13.13991232837282 minutes at 47
2025-09-11 21:22:28,460 [DEBUG] Truck: Time:<50.31999999999999> Truck:[XHTruck12] Start moving to ORDER(0): NorthPitMine-DumpSite1, move distance is 6.6547129944036225, speed: 25
2025-09-11 21:22:28,460 [INFO] Truck: Time:<33> Truck:[XHTruck12] breakdown for 10.259288131113385 minutes at 33
2025-09-11 21:22:28,460 [INFO] Truck: Time:<50.31999999999999> Truck:[XHTruck3] Start loading at shovel NorthPitMine-LoadSite2-Shovel-4, load time is 24.444444444444443
2025-09-11 21:22:28,460 [DEBUG] Truck: Time:<50.64611006182686> Truck:[CLTruck14] Arrived at NorthPitMine-DumpSite1 at 50.64611006182686
2025-09-11 21:22:28,460 [INFO] Truck: Time:<50.659100131943845> Truck:[XHTruck11] Finish unloading at dumper NorthPitMine-DumpSite3-点位0, dumper tons is 483.9591389702085
2025-09-11 21:22:28,464 [INFO] Road: [RoadEvent] Road from NorthPitMine-DumpSite3 to LoadSite1 is in repair，the repair will last for 52.23 mins, and will end at 102.89, vehicle on this road will have to suffer punish_distance.
2025-09-11 21:22:28,466 [DEBUG] Truck: Time:<50.659100131943845> Truck:[XHTruck11] Start moving to ORDER(0):LoadSite1, move distance is 15.90929272077505, speed: 25
2025-09-11 21:22:28,466 [INFO] Truck: Time:<50.721357354835476> Truck:[CLTruck1] Arrived at LoadSite1 at 50.721357354835476
2025-09-11 21:22:28,467 [INFO] Truck: Time:<50.721357354835476> Truck:[CLTruck1] Start loading at shovel LoadSite1-Shovel-1, load time is 15.555555555555555
2025-09-11 21:22:28,468 [DEBUG] Truck: Time:<51.630028957673204> Truck:[XHTruck25] Arrived at NorthPitMine-DumpSite1 at 51.630028957673204
2025-09-11 21:22:28,468 [INFO] Truck: Time:<51.64611006182686> Truck:[CLTruck14] Finish unloading at dumper NorthPitMine-DumpSite1-点位0, dumper tons is 369.70481807806163
2025-09-11 21:22:28,473 [DEBUG] Truck: Time:<51.64611006182686> Truck:[CLTruck14] Start moving to ORDER(0):LoadSite1, move distance is 5.238, speed: 25
2025-09-11 21:22:28,476 [DEBUG] Truck: Time:<52.034792129027984> Truck:[CLTruck13] Arrived at NorthPitMine-DumpSite2 at 52.034792129027984
2025-09-11 21:22:28,476 [INFO] Truck: Time:<52.630028957673204> Truck:[XHTruck25] Finish unloading at dumper NorthPitMine-DumpSite1-点位1, dumper tons is 128.44818824758224
2025-09-11 21:22:28,479 [INFO] Road: [RoadEvent] Road from NorthPitMine-DumpSite1 to NorthPitMine-LoadSite4 is in repair，the repair will last for 66.62 mins, and will end at 119.25, vehicle on this road will have to suffer punish_distance.
2025-09-11 21:22:28,480 [DEBUG] Truck: Time:<52.630028957673204> Truck:[XHTruck25] Start moving to ORDER(3):NorthPitMine-LoadSite4, move distance is 5.011531732872362, speed: 25
2025-09-11 21:22:28,480 [INFO] Truck: Time:<51> Truck:[XHTruck25] breakdown for 13.776552346043243 minutes at 51
2025-09-11 21:22:28,482 [INFO] Truck: Time:<53.034792129027984> Truck:[CLTruck13] Finish unloading at dumper NorthPitMine-DumpSite2-点位0, dumper tons is 175.3499804908037
2025-09-11 21:22:28,487 [DEBUG] Truck: Time:<53.034792129027984> Truck:[CLTruck13] Start moving to ORDER(0):LoadSite1, move distance is 53.49540229497091, speed: 25
2025-09-11 21:22:28,490 [DEBUG] Truck: Time:<54.647042929297115> Truck:[CLTruck16] Arrived at NorthPitMine-DumpSite3 at 54.647042929297115
2025-09-11 21:22:28,490 [INFO] Truck: Time:<54.90627341689781> Truck:[CLTruck3] Arrived at NorthPitMine-LoadSite2 at 54.90627341689781
2025-09-11 21:22:28,491 [INFO] Truck: Time:<54.90627341689781> Truck:[CLTruck3] Start loading at shovel NorthPitMine-LoadSite2-Shovel-1, load time is 2.5836614173228347
2025-09-11 21:22:28,492 [INFO] Truck: Time:<55.20177777777778> Truck:[CLTruck12] Finish loading at shovel NorthPitMine-LoadSite4-Shovel-2
2025-09-11 21:22:28,494 [INFO] Road: [RoadEvent] Road from NorthPitMine-LoadSite4 to NorthPitMine-DumpSite3 is in repair，the repair will last for 42.25 mins, and will end at 97.46, vehicle on this road will have to suffer punish_distance.
2025-09-11 21:22:28,496 [DEBUG] Truck: Time:<55.20177777777778> Truck:[CLTruck12] Start moving to ORDER(2): NorthPitMine-DumpSite3, move distance is 5.469755437524855, speed: 25
2025-09-11 21:22:28,496 [INFO] Truck: Time:<41> Truck:[CLTruck12] breakdown for 7.953823699332922 minutes at 41
2025-09-11 21:22:28,496 [INFO] Truck: Time:<55.20177777777778> Truck:[CLTruck27] Start loading at shovel NorthPitMine-LoadSite4-Shovel-2, load time is 15.555555555555555
2025-09-11 21:22:28,497 [INFO] Truck: Time:<55.647042929297115> Truck:[CLTruck16] Finish unloading at dumper NorthPitMine-DumpSite3-点位0, dumper tons is 517.8782481408851
2025-09-11 21:22:28,500 [INFO] Road: [RoadEvent] Road from NorthPitMine-DumpSite3 to NorthPitMine-LoadSite4 is in repair，the repair will last for 55.31 mins, and will end at 110.96, vehicle on this road will have to suffer punish_distance.
2025-09-11 21:22:28,501 [DEBUG] Truck: Time:<55.647042929297115> Truck:[CLTruck16] Start moving to ORDER(3):NorthPitMine-LoadSite4, move distance is 4.218402828672621, speed: 25
2025-09-11 21:22:28,502 [DEBUG] Truck: Time:<56.48818575427194> Truck:[CLTruck4] Arrived at NorthPitMine-DumpSite1 at 56.48818575427194
2025-09-11 21:22:28,502 [DEBUG] Truck: Time:<56.51083123728199> Truck:[CLTruck21] Arrived at NorthPitMine-DumpSite1 at 56.51083123728199
2025-09-11 21:22:28,502 [INFO] Truck: Time:<57.31377777777778> Truck:[CLTruck19] Finish loading at shovel NorthPitMine-LoadSite3-Shovel-2
2025-09-11 21:22:28,509 [INFO] Road: [RoadEvent] Road from NorthPitMine-LoadSite3 to NorthPitMine-DumpSite1 is in repair，the repair will last for 49.11 mins, and will end at 106.43, vehicle on this road will have to suffer punish_distance.
2025-09-11 21:22:28,510 [DEBUG] Truck: Time:<57.31377777777778> Truck:[CLTruck19] Start moving to ORDER(0): NorthPitMine-DumpSite1, move distance is 4.2764922324013686, speed: 25
2025-09-11 21:22:28,510 [INFO] Truck: Time:<52> Truck:[CLTruck19] breakdown for 12.562727270132406 minutes at 52
2025-09-11 21:22:28,510 [INFO] Truck: Time:<57.31377777777778> Truck:[XHTruck1] Start loading at shovel NorthPitMine-LoadSite3-Shovel-2, load time is 24.444444444444443
2025-09-11 21:22:28,511 [DEBUG] Truck: Time:<57.37744342135611> Truck:[CLTruck20] Arrived at NorthPitMine-DumpSite3 at 57.37744342135611
2025-09-11 21:22:28,511 [INFO] Truck: Time:<57.48818575427194> Truck:[CLTruck4] Finish unloading at dumper NorthPitMine-DumpSite1-点位0, dumper tons is 404.1338837089205
2025-09-11 21:22:28,514 [DEBUG] Truck: Time:<57.48818575427194> Truck:[CLTruck4] Start moving to ORDER(2):NorthPitMine-LoadSite3, move distance is 4.406693095489603, speed: 25
2025-09-11 21:22:28,515 [INFO] Truck: Time:<53> Truck:[CLTruck4] breakdown for 11.041608403295893 minutes at 53
2025-09-11 21:22:28,515 [INFO] Truck: Time:<57.48993483422065> Truck:[CLTruck3] Finish loading at shovel NorthPitMine-LoadSite2-Shovel-1
2025-09-11 21:22:28,517 [DEBUG] Truck: Time:<57.48993483422065> Truck:[CLTruck3] Start moving to ORDER(2): NorthPitMine-DumpSite3, move distance is 7.41, speed: 25
2025-09-11 21:22:28,517 [INFO] Truck: Time:<40> Truck:[CLTruck3] breakdown for 9.539657481350984 minutes at 40
2025-09-11 21:22:28,517 [INFO] Truck: Time:<57.51083123728199> Truck:[CLTruck21] Finish unloading at dumper NorthPitMine-DumpSite1-点位1, dumper tons is 165.6970798672403
2025-09-11 21:22:28,522 [DEBUG] Truck: Time:<57.51083123728199> Truck:[CLTruck21] Start moving to ORDER(3):NorthPitMine-LoadSite4, move distance is 4.28174446488057, speed: 25
2025-09-11 21:22:28,522 [INFO] Truck: Time:<43> Truck:[CLTruck21] breakdown for 10.701842867670111 minutes at 43
2025-09-11 21:22:28,522 [DEBUG] Truck: Time:<57.728226812929606> Truck:[XHTruck32] Arrived at NorthPitMine-DumpSite3 at 57.728226812929606
2025-09-11 21:22:28,524 [DEBUG] Truck: Time:<58.31883702216641> Truck:[CLTruck24] Arrived at NorthPitMine-DumpSite3 at 58.31883702216641
2025-09-11 21:22:28,524 [INFO] Truck: Time:<58.37744342135611> Truck:[CLTruck20] Finish unloading at dumper NorthPitMine-DumpSite3-点位0, dumper tons is 550.0993431332197
2025-09-11 21:22:28,528 [DEBUG] Truck: Time:<58.37744342135611> Truck:[CLTruck20] Start moving to ORDER(0):LoadSite1, move distance is 18.205171108980203, speed: 25
2025-09-11 21:22:28,528 [DEBUG] Truck: Time:<58.61079309569155> Truck:[OfficalTruck9] Arrived at NorthPitMine-DumpSite2 at 58.61079309569155
2025-09-11 21:22:28,528 [DEBUG] Truck: Time:<58.623833608725086> Truck:[CLTruck9] Arrived at NorthPitMine-DumpSite4 at 58.623833608725086
2025-09-11 21:22:28,528 [INFO] Truck: Time:<58.728226812929606> Truck:[XHTruck32] Finish unloading at dumper NorthPitMine-DumpSite3-点位1, dumper tons is 128.47714781014724
2025-09-11 21:22:28,533 [DEBUG] Truck: Time:<58.728226812929606> Truck:[XHTruck32] Start moving to ORDER(3):NorthPitMine-LoadSite4, move distance is 5.560898659782686, speed: 25
2025-09-11 21:22:28,533 [INFO] Truck: Time:<50> Truck:[XHTruck32] breakdown for 8.339358026815944 minutes at 50
2025-09-11 21:22:28,535 [INFO] Truck: Time:<59.31883702216641> Truck:[CLTruck24] Finish unloading at dumper NorthPitMine-DumpSite3-点位2, dumper tons is 33.109679773624194
2025-09-11 21:22:28,538 [DEBUG] Truck: Time:<59.31883702216641> Truck:[CLTruck24] Start moving to ORDER(1):NorthPitMine-LoadSite2, move distance is 7.41, speed: 25
2025-09-11 21:22:28,539 [INFO] Truck: Time:<58> Truck:[CLTruck24] breakdown for 8.338965992743315 minutes at 58
2025-09-11 21:22:28,539 [INFO] Truck: Time:<59.61079309569155> Truck:[OfficalTruck9] Finish unloading at dumper NorthPitMine-DumpSite2-点位0, dumper tons is 258.9843799353297
2025-09-11 21:22:28,543 [DEBUG] Truck: Time:<59.61079309569155> Truck:[OfficalTruck9] Start moving to ORDER(3):NorthPitMine-LoadSite4, move distance is 22.0, speed: 25
2025-09-11 21:22:28,543 [INFO] Truck: Time:<59.623833608725086> Truck:[CLTruck9] Finish unloading at dumper NorthPitMine-DumpSite4-点位0, dumper tons is 70.82862514337981
2025-09-11 21:22:28,546 [DEBUG] Truck: Time:<59.623833608725086> Truck:[CLTruck9] Start moving to ORDER(0):LoadSite1, move distance is 4.75, speed: 25
2025-09-11 21:22:28,546 [INFO] Truck: Time:<58> Truck:[CLTruck9] breakdown for 8.185172136601608 minutes at 58
2025-09-11 21:22:28,548 [INFO] Truck: Time:<60.09777777777778> Truck:[CLTruck23] Finish loading at shovel NorthPitMine-LoadSite2-Shovel-2
2025-09-11 21:22:28,548 [INFO] Truck: Time:<60.09777777777778> Truck:[CLTruck28] Finish loading at shovel NorthPitMine-LoadSite2-Shovel-3
2025-09-11 21:22:28,551 [DEBUG] Truck: Time:<60.09777777777778> Truck:[CLTruck23] Start moving to ORDER(0): NorthPitMine-DumpSite1, move distance is 6.838330512800236, speed: 25
2025-09-11 21:22:28,553 [INFO] Truck: Time:<48> Truck:[CLTruck23] breakdown for 7.914217531518847 minutes at 48
2025-09-11 21:22:28,557 [DEBUG] Truck: Time:<60.09777777777778> Truck:[CLTruck28] Start moving to ORDER(2): NorthPitMine-DumpSite3, move distance is 7.41, speed: 25
2025-09-11 21:22:28,558 [INFO] Truck: Time:<34> Truck:[CLTruck28] breakdown for 16.05966698582187 minutes at 34
2025-09-11 21:22:28,558 [INFO] Truck: Time:<60.09777777777778> Truck:[XHTruck18] Start loading at shovel NorthPitMine-LoadSite2-Shovel-2, load time is 24.444444444444443
2025-09-11 21:22:28,558 [INFO] Truck: Time:<60.09777777777778> Truck:[XHTruck30] Start loading at shovel NorthPitMine-LoadSite2-Shovel-3, load time is 24.444444444444443
2025-09-11 21:22:28,558 [INFO] Truck: Time:<60.20787351211308> Shovel NorthPitMine-LoadSite4-Shovel-1 maintenance completed
2025-09-11 21:22:28,562 [DEBUG] Truck: Time:<60.20787351211308> Truck:[CLTruck25] Start moving to ORDER(2): NorthPitMine-DumpSite3, move distance is 4.805848293438719, speed: 25
2025-09-11 21:22:28,562 [INFO] Truck: Time:<54> Truck:[CLTruck25] breakdown for 14.583599550705857 minutes at 54
2025-09-11 21:22:28,562 [INFO] Truck: Time:<60.20787351211308> Truck:[XHTruck14] Start loading at shovel NorthPitMine-LoadSite4-Shovel-1, load time is 4.060039370078741
2025-09-11 21:22:28,563 [INFO] Truck: Time:<60.57928813111338> Truck:[XHTruck12] is facing 2.818173852546053 mins delay caused by 1 pre-existing jam events on Road from NorthPitMine-LoadSite2 to NorthPitMine-DumpSite1
2025-09-11 21:22:28,563 [INFO] Truck: Time:<60.610609694079365> Truck:[CLTruck15] Arrived at NorthPitMine-LoadSite2 at 60.610609694079365
2025-09-11 21:22:28,563 [INFO] Truck: Time:<60.610609694079365> Truck:[CLTruck15] Start loading at shovel NorthPitMine-LoadSite2-Shovel-1, load time is 2.5836614173228347
2025-09-11 21:22:28,563 [INFO] Truck: Time:<60.97955555555556> Truck:[XHTruck6] Finish loading at shovel NorthPitMine-LoadSite4-Shovel-3
2025-09-11 21:22:28,564 [INFO] Truck: Time:<60.97955555555556> Truck:[XHTruck8] Finish loading at shovel NorthPitMine-LoadSite4-Shovel-4
2025-09-11 21:22:28,565 [INFO] Truck: Time:<60.97955555555556> Truck:[XHTruck10] Finish loading at shovel NorthPitMine-LoadSite4-Shovel-5
2025-09-11 21:22:28,568 [DEBUG] Truck: Time:<60.97955555555556> Truck:[XHTruck6] Start moving to ORDER(0): NorthPitMine-DumpSite1, move distance is 3.41, speed: 25
2025-09-11 21:22:28,568 [INFO] Truck: Time:<27> Truck:[XHTruck6] breakdown for 10.751537283902419 minutes at 27
2025-09-11 21:22:28,571 [DEBUG] Truck: Time:<60.97955555555556> Truck:[XHTruck8] Start moving to ORDER(4): NorthPitMine-DumpSite5, move distance is 5.34, speed: 25
2025-09-11 21:22:28,571 [INFO] Truck: Time:<59> Truck:[XHTruck8] breakdown for 11.509629618068246 minutes at 59
2025-09-11 21:22:28,572 [DEBUG] Truck: Time:<60.97955555555556> Truck:[XHTruck10] Start moving to ORDER(2): NorthPitMine-DumpSite3, move distance is 4.416553031767779, speed: 25
2025-09-11 21:22:28,572 [INFO] Truck: Time:<49> Truck:[XHTruck10] breakdown for 9.102519305156852 minutes at 49
2025-09-11 21:22:28,575 [INFO] Truck: Time:<60.97955555555556> Truck:[XHTruck24] Start loading at shovel NorthPitMine-LoadSite4-Shovel-3, load time is 24.444444444444443
2025-09-11 21:22:28,575 [INFO] Truck: Time:<60.97955555555556> Truck:[XHTruck26] Start loading at shovel NorthPitMine-LoadSite4-Shovel-4, load time is 24.444444444444443
2025-09-11 21:22:28,575 [INFO] Truck: Time:<60.97955555555556> Truck:[XHTruck27] Start loading at shovel NorthPitMine-LoadSite4-Shovel-5, load time is 24.444444444444443
2025-09-11 21:22:28,578 [DEBUG] Truck: Time:<62.53899659876942> Truck:[OfficalTruck1] Arrived at NorthPitMine-DumpSite3 at 62.53899659876942
2025-09-11 21:22:28,578 [DEBUG] Truck: Time:<62.747716535433064> Truck:[CLTruck22] Arrived at NorthPitMine-DumpSite2 at 62.747716535433064
2025-09-11 21:22:28,579 [INFO] Truck: Time:<62.89779127166905> Truck:[CLTruck6] Arrived at NorthPitMine-LoadSite5 at 62.89779127166905
2025-09-11 21:22:28,579 [INFO] Truck: Time:<62.89779127166905> Truck:[CLTruck6] Start loading at shovel NorthPitMine-LoadSite5-Shovel-2, load time is 2.5836614173228347
2025-09-11 21:22:28,580 [INFO] Truck: Time:<63.09155555555556> Truck:[XHTruck2] Finish loading at shovel NorthPitMine-LoadSite3-Shovel-3
2025-09-11 21:22:28,584 [DEBUG] Truck: Time:<63.09155555555556> Truck:[XHTruck2] Start moving to ORDER(2): NorthPitMine-DumpSite3, move distance is 4.159513073719542, speed: 25
2025-09-11 21:22:28,584 [INFO] Truck: Time:<43> Truck:[XHTruck2] breakdown for 1.4419485196800785 minutes at 43
2025-09-11 21:22:28,587 [INFO] Truck: Time:<63.09155555555556> Truck:[XHTruck20] Start loading at shovel NorthPitMine-LoadSite3-Shovel-3, load time is 24.444444444444443
2025-09-11 21:22:28,587 [INFO] Truck: Time:<63.1556014771107> Truck:[CLTruck12] is facing 0 mins delay caused by 1 pre-existing jam events on Road from NorthPitMine-LoadSite4 to NorthPitMine-DumpSite3
2025-09-11 21:22:28,587 [INFO] Truck: Time:<63.1942711114022> Truck:[CLTruck15] Finish loading at shovel NorthPitMine-LoadSite2-Shovel-1
2025-09-11 21:22:28,593 [DEBUG] Truck: Time:<63.1942711114022> Truck:[CLTruck15] Start moving to ORDER(4): NorthPitMine-DumpSite5, move distance is 3.18, speed: 25
2025-09-11 21:22:28,593 [INFO] Truck: Time:<59> Truck:[CLTruck15] breakdown for 12.158707783840411 minutes at 59
2025-09-11 21:22:28,593 [DEBUG] Truck: Time:<63.3788638735615> Truck:[XHTruck16] Arrived at NorthPitMine-DumpSite4 at 63.3788638735615
2025-09-11 21:22:28,593 [INFO] Truck: Time:<63.45991232837281> Truck:[XHTruck7] is facing 0 mins delay caused by 1 pre-existing jam events on Road from NorthPitMine-LoadSite2 to NorthPitMine-DumpSite1
2025-09-11 21:22:28,594 [INFO] Truck: Time:<63.53899659876942> Truck:[OfficalTruck1] Finish unloading at dumper NorthPitMine-DumpSite3-点位0, dumper tons is 623.1194398257527
2025-09-11 21:22:28,597 [INFO] Road: [RoadEvent] Road from NorthPitMine-DumpSite3 to NorthPitMine-LoadSite3 is in repair，the repair will last for 64.15 mins, and will end at 127.69, vehicle on this road will have to suffer punish_distance.
2025-09-11 21:22:28,598 [DEBUG] Truck: Time:<63.53899659876942> Truck:[OfficalTruck1] Start moving to ORDER(2):NorthPitMine-LoadSite3, move distance is 3.4973324381424575, speed: 25
2025-09-11 21:22:28,598 [INFO] Truck: Time:<63.747716535433064> Truck:[CLTruck22] Finish unloading at dumper NorthPitMine-DumpSite2-点位0, dumper tons is 291.5357036237709
2025-09-11 21:22:28,600 [INFO] Road: [RoadEvent] Road from NorthPitMine-DumpSite2 to NorthPitMine-LoadSite4 is in repair，the repair will last for 47.03 mins, and will end at 110.78, vehicle on this road will have to suffer punish_distance.
2025-09-11 21:22:28,600 [DEBUG] Truck: Time:<63.747716535433064> Truck:[CLTruck22] Start moving to ORDER(3):NorthPitMine-LoadSite4, move distance is 27.125116807376585, speed: 25
2025-09-11 21:22:28,600 [INFO] Truck: Time:<23> Truck:[CLTruck22] breakdown for 6.183328099278891 minutes at 23
2025-09-11 21:22:28,606 [INFO] Truck: Time:<64.21731006182686> Truck:[CLTruck14] Arrived at LoadSite1 at 64.21731006182686
2025-09-11 21:22:28,606 [INFO] Truck: Time:<64.21731006182686> Truck:[CLTruck14] Start loading at shovel LoadSite1-Shovel-2, load time is 15.555555555555555
2025-09-11 21:22:28,607 [INFO] Truck: Time:<64.26791288219182> Truck:[XHTruck14] Finish loading at shovel NorthPitMine-LoadSite4-Shovel-1
2025-09-11 21:22:28,610 [DEBUG] Truck: Time:<64.26791288219182> Truck:[XHTruck14] Start moving to ORDER(0): NorthPitMine-DumpSite1, move distance is 3.41, speed: 25
2025-09-11 21:22:28,610 [INFO] Truck: Time:<43> Truck:[XHTruck14] breakdown for 10.212999970127894 minutes at 43
2025-09-11 21:22:28,610 [INFO] Truck: Time:<64.26791288219182> Truck:[XHTruck29] Start loading at shovel NorthPitMine-LoadSite4-Shovel-1, load time is 4.060039370078741
2025-09-11 21:22:28,610 [INFO] Truck: Time:<64.3788638735615> Truck:[XHTruck16] Finish unloading at dumper NorthPitMine-DumpSite4-点位0, dumper tons is 127.94272317502063
2025-09-11 21:22:28,615 [DEBUG] Truck: Time:<64.3788638735615> Truck:[XHTruck16] Start moving to ORDER(0):LoadSite1, move distance is 4.75, speed: 25
2025-09-11 21:22:28,615 [INFO] Truck: Time:<63> Truck:[XHTruck16] breakdown for 6.8024978033846715 minutes at 63
2025-09-11 21:22:28,615 [INFO] Truck: Time:<64.40428675417743> Shovel NorthPitMine-LoadSite5-Shovel-1 maintenance completed
2025-09-11 21:22:28,619 [DEBUG] Truck: Time:<64.40428675417743> Truck:[CLTruck18] Start moving to ORDER(2): NorthPitMine-DumpSite3, move distance is 7.770453646428483, speed: 25
2025-09-11 21:22:28,619 [INFO] Truck: Time:<29> Truck:[CLTruck18] breakdown for 13.277853887256775 minutes at 29
2025-09-11 21:22:28,620 [INFO] Truck: Time:<64.40428675417743> Truck:[XHTruck9] Start loading at shovel NorthPitMine-LoadSite5-Shovel-1, load time is 4.060039370078741
2025-09-11 21:22:28,620 [INFO] Truck: Time:<64.58643877569001> Truck:[CLTruck29] Arrived at NorthPitMine-LoadSite5 at 64.58643877569001
2025-09-11 21:22:28,622 [INFO] Truck: Time:<65.48145268899188> Truck:[CLTruck6] Finish loading at shovel NorthPitMine-LoadSite5-Shovel-2
2025-09-11 21:22:28,626 [DEBUG] Truck: Time:<65.48145268899188> Truck:[CLTruck6] Start moving to ORDER(1): NorthPitMine-DumpSite2, move distance is 5.59, speed: 25
2025-09-11 21:22:28,627 [INFO] Truck: Time:<64> Truck:[CLTruck6] breakdown for 10.474648549900476 minutes at 64
2025-09-11 21:22:28,627 [INFO] Truck: Time:<65.48145268899188> Truck:[CLTruck29] Start loading at shovel NorthPitMine-LoadSite5-Shovel-2, load time is 2.5836614173228347
2025-09-11 21:22:28,627 [INFO] Truck: Time:<65.77120971811141> Truck:[CLTruck16] Arrived at NorthPitMine-LoadSite4 at 65.77120971811141
2025-09-11 21:22:28,630 [INFO] Truck: Time:<66.27691291039103> Truck:[CLTruck1] Finish loading at shovel LoadSite1-Shovel-1
2025-09-11 21:22:28,633 [DEBUG] Truck: Time:<66.27691291039103> Truck:[CLTruck1] Start moving to ORDER(0): NorthPitMine-DumpSite1, move distance is 8.006711427409378, speed: 25
2025-09-11 21:22:28,633 [INFO] Truck: Time:<58> Truck:[CLTruck1] breakdown for 12.974094464569983 minutes at 58
2025-09-11 21:22:28,633 [INFO] Truck: Time:<66.47956835306218> Truck:[CLTruck11] Arrived at NorthPitMine-LoadSite3 at 66.47956835306218
2025-09-11 21:22:28,635 [INFO] Truck: Time:<66.47956835306218> Truck:[CLTruck11] Start loading at shovel NorthPitMine-LoadSite3-Shovel-1, load time is 2.5836614173228347
2025-09-11 21:22:28,637 [INFO] Truck: Time:<67.02959231557163> Truck:[CLTruck3] is facing 0 mins delay caused by 2 pre-existing jam events on Road from NorthPitMine-LoadSite2 to NorthPitMine-DumpSite3
2025-09-11 21:22:28,641 [INFO] Truck: Time:<68.01199530929662> Truck:[CLTruck23] is facing 0 mins delay caused by 1 pre-existing jam events on Road from NorthPitMine-LoadSite2 to NorthPitMine-DumpSite1
2025-09-11 21:22:28,642 [INFO] Truck: Time:<68.06511410631471> Truck:[CLTruck29] Finish loading at shovel NorthPitMine-LoadSite5-Shovel-2
2025-09-11 21:22:28,646 [DEBUG] Truck: Time:<68.06511410631471> Truck:[CLTruck29] Start moving to ORDER(0): NorthPitMine-DumpSite1, move distance is 7.224063555955494, speed: 25
2025-09-11 21:22:28,646 [INFO] Truck: Time:<53> Truck:[CLTruck29] breakdown for 9.294030416706956 minutes at 53
2025-09-11 21:22:28,647 [INFO] Truck: Time:<68.30229413430754> Truck:[CLTruck5] Arrived at NorthPitMine-LoadSite2 at 68.30229413430754
2025-09-11 21:22:28,647 [INFO] Truck: Time:<68.30229413430754> Truck:[CLTruck5] Start loading at shovel NorthPitMine-LoadSite2-Shovel-1, load time is 2.5836614173228347
2025-09-11 21:22:28,647 [INFO] Truck: Time:<68.32795225227056> Truck:[XHTruck29] Finish loading at shovel NorthPitMine-LoadSite4-Shovel-1
2025-09-11 21:22:28,651 [DEBUG] Truck: Time:<68.32795225227056> Truck:[XHTruck29] Start moving to ORDER(2): NorthPitMine-DumpSite3, move distance is 4.799317805872874, speed: 25
2025-09-11 21:22:28,651 [INFO] Truck: Time:<56> Truck:[XHTruck29] breakdown for 11.012808026905867 minutes at 56
2025-09-11 21:22:28,651 [INFO] Truck: Time:<68.32795225227056> Truck:[OfficalTruck8] Start loading at shovel NorthPitMine-LoadSite4-Shovel-1, load time is 5.684055118110236
2025-09-11 21:22:28,651 [INFO] Truck: Time:<68.46432612425617> Truck:[XHTruck9] Finish loading at shovel NorthPitMine-LoadSite5-Shovel-1
2025-09-11 21:22:28,655 [DEBUG] Truck: Time:<68.46432612425617> Truck:[XHTruck9] Start moving to ORDER(2): NorthPitMine-DumpSite3, move distance is 6.612116452338917, speed: 25
2025-09-11 21:22:28,655 [INFO] Truck: Time:<60> Truck:[XHTruck9] breakdown for 13.829732451773225 minutes at 60
2025-09-11 21:22:28,655 [INFO] Truck: Time:<68.46432612425617> Truck:[XHTruck15] Start loading at shovel NorthPitMine-LoadSite5-Shovel-1, load time is 4.060039370078741
2025-09-11 21:22:28,657 [INFO] Truck: Time:<69.063229770385> Truck:[CLTruck11] Finish loading at shovel NorthPitMine-LoadSite3-Shovel-1
2025-09-11 21:22:28,660 [INFO] Road: [RoadEvent] Road from NorthPitMine-LoadSite3 to NorthPitMine-DumpSite4 is in repair，the repair will last for 62.28 mins, and will end at 131.34, vehicle on this road will have to suffer punish_distance.
2025-09-11 21:22:28,661 [DEBUG] Truck: Time:<69.063229770385> Truck:[CLTruck11] Start moving to ORDER(3): NorthPitMine-DumpSite4, move distance is 4.6838872196257855, speed: 25
2025-09-11 21:22:28,663 [INFO] Truck: Time:<70.75733333333334> Truck:[CLTruck27] Finish loading at shovel NorthPitMine-LoadSite4-Shovel-2
2025-09-11 21:22:28,667 [DEBUG] Truck: Time:<70.75733333333334> Truck:[CLTruck27] Start moving to ORDER(0): NorthPitMine-DumpSite1, move distance is 3.41, speed: 25
2025-09-11 21:22:28,667 [INFO] Truck: Time:<57> Truck:[CLTruck27] breakdown for 10.434688729636399 minutes at 57
2025-09-11 21:22:28,667 [INFO] Truck: Time:<70.75733333333334> Truck:[XHTruck23] Start loading at shovel NorthPitMine-LoadSite4-Shovel-2, load time is 24.444444444444443
2025-09-11 21:22:28,668 [INFO] Truck: Time:<70.88595555163037> Truck:[CLTruck5] Finish loading at shovel NorthPitMine-LoadSite2-Shovel-1
2025-09-11 21:22:28,671 [INFO] Road: [RoadEvent] Road from NorthPitMine-LoadSite2 to NorthPitMine-DumpSite3 is in repair，the repair will last for 59.66 mins, and will end at 130.54, vehicle on this road will have to suffer punish_distance.
2025-09-11 21:22:28,672 [DEBUG] Truck: Time:<70.88595555163037> Truck:[CLTruck5] Start moving to ORDER(2): NorthPitMine-DumpSite3, move distance is 10.383227723620744, speed: 25
2025-09-11 21:22:28,672 [INFO] Truck: Time:<58> Truck:[CLTruck5] breakdown for 13.168501460546004 minutes at 58
2025-09-11 21:22:28,676 [DEBUG] Truck: Time:<71.44686084732251> Truck:[XHTruck31] Arrived at NorthPitMine-DumpSite1 at 71.44686084732251
2025-09-11 21:22:28,676 [INFO] Truck: Time:<71.93259445031131> Truck:[OfficalTruck1] Arrived at NorthPitMine-LoadSite3 at 71.93259445031131
2025-09-11 21:22:28,676 [INFO] Truck: Time:<71.93259445031131> Truck:[OfficalTruck1] Start loading at shovel NorthPitMine-LoadSite3-Shovel-1, load time is 5.684055118110236
2025-09-11 21:22:28,677 [DEBUG] Truck: Time:<71.98496762456433> Truck:[XHTruck21] Arrived at NorthPitMine-DumpSite1 at 71.98496762456433
2025-09-11 21:22:28,678 [INFO] Truck: Time:<72.23647762051247> Truck:[OfficalTruck2] Arrived at NorthPitMine-LoadSite5 at 72.23647762051247
2025-09-11 21:22:28,679 [INFO] Truck: Time:<72.23647762051247> Truck:[OfficalTruck2] Start loading at shovel NorthPitMine-LoadSite5-Shovel-2, load time is 5.684055118110236
2025-09-11 21:22:28,679 [DEBUG] Truck: Time:<72.31693107090734> Truck:[OfficalTruck6] Arrived at NorthPitMine-DumpSite3 at 72.31693107090734
2025-09-11 21:22:28,679 [INFO] Truck: Time:<72.44686084732251> Truck:[XHTruck31] Finish unloading at dumper NorthPitMine-DumpSite1-点位0, dumper tons is 460.96516094812443
2025-09-11 21:22:28,681 [DEBUG] Truck: Time:<72.44686084732251> Truck:[XHTruck31] Start moving to ORDER(3):NorthPitMine-LoadSite4, move distance is 5.65613903410474, speed: 25
2025-09-11 21:22:28,681 [INFO] Truck: Time:<71> Truck:[XHTruck31] breakdown for 6.554681124644905 minutes at 71
2025-09-11 21:22:28,681 [INFO] Truck: Time:<72.52436549433492> Truck:[XHTruck15] Finish loading at shovel NorthPitMine-LoadSite5-Shovel-1
2025-09-11 21:22:28,689 [DEBUG] Truck: Time:<72.52436549433492> Truck:[XHTruck15] Start moving to ORDER(2): NorthPitMine-DumpSite3, move distance is 8.33510786601526, speed: 25
2025-09-11 21:22:28,690 [INFO] Truck: Time:<69> Truck:[XHTruck15] breakdown for 11.198242916511791 minutes at 69
2025-09-11 21:22:28,690 [INFO] Truck: Time:<72.52436549433492> Truck:[XHTruck22] Start loading at shovel NorthPitMine-LoadSite5-Shovel-1, load time is 4.060039370078741
2025-09-11 21:22:28,691 [INFO] Truck: Time:<72.98496762456433> Truck:[XHTruck21] Finish unloading at dumper NorthPitMine-DumpSite1-点位1, dumper tons is 223.63392112248064
2025-09-11 21:22:28,695 [DEBUG] Truck: Time:<72.98496762456433> Truck:[XHTruck21] Start moving to ORDER(3):NorthPitMine-LoadSite4, move distance is 4.974999982130728, speed: 25
2025-09-11 21:22:28,695 [INFO] Truck: Time:<72.98496762456433> Truck:[XHTruck21] is facing 0 mins delay caused by 1 pre-existing jam events on Road from NorthPitMine-DumpSite1 to NorthPitMine-LoadSite4
2025-09-11 21:22:28,697 [INFO] Truck: Time:<73.31693107090734> Truck:[OfficalTruck6] Finish unloading at dumper NorthPitMine-DumpSite3-点位0, dumper tons is 704.1941162892548
2025-09-11 21:22:28,701 [DEBUG] Truck: Time:<73.31693107090734> Truck:[OfficalTruck6] Start moving to ORDER(3):NorthPitMine-LoadSite4, move distance is 5.246017245339998, speed: 25
2025-09-11 21:22:28,701 [DEBUG] Truck: Time:<73.60994704075341> Truck:[OfficalTruck7] Arrived at NorthPitMine-DumpSite3 at 73.60994704075341
2025-09-11 21:22:28,704 [INFO] Truck: Time:<74.0120073703808> Truck:[OfficalTruck8] Finish loading at shovel NorthPitMine-LoadSite4-Shovel-1
2025-09-11 21:22:28,709 [INFO] Road: [RoadEvent] Road from NorthPitMine-LoadSite4 to NorthPitMine-DumpSite2 is in repair，the repair will last for 45.12 mins, and will end at 119.13, vehicle on this road will have to suffer punish_distance.
2025-09-11 21:22:28,709 [DEBUG] Truck: Time:<74.0120073703808> Truck:[OfficalTruck8] Start moving to ORDER(1): NorthPitMine-DumpSite2, move distance is 1.5109728702229144, speed: 25
2025-09-11 21:22:28,709 [INFO] Truck: Time:<45> Truck:[OfficalTruck8] breakdown for 11.622868407762347 minutes at 45
2025-09-11 21:22:28,710 [DEBUG] Truck: Time:<74.17173188874143> Truck:[XHTruck17] Arrived at NorthPitMine-DumpSite1 at 74.17173188874143
2025-09-11 21:22:28,710 [DEBUG] Truck: Time:<74.51633545216254> Truck:[XHTruck2] Arrived at NorthPitMine-DumpSite3 at 74.51633545216254
2025-09-11 21:22:28,710 [INFO] Truck: Time:<74.60994704075341> Truck:[OfficalTruck7] Finish unloading at dumper NorthPitMine-DumpSite3-点位0, dumper tons is 788.2113889673054
2025-09-11 21:22:28,714 [DEBUG] Truck: Time:<74.60994704075341> Truck:[OfficalTruck7] Start moving to ORDER(2):NorthPitMine-LoadSite3, move distance is 3.861071047205003, speed: 25
2025-09-11 21:22:28,714 [INFO] Truck: Time:<74.76444444444444> Truck:[XHTruck3] Finish loading at shovel NorthPitMine-LoadSite2-Shovel-4
2025-09-11 21:22:28,718 [DEBUG] Truck: Time:<74.76444444444444> Truck:[XHTruck3] Start moving to ORDER(4): NorthPitMine-DumpSite5, move distance is 3.18, speed: 25
2025-09-11 21:22:28,719 [INFO] Truck: Time:<40> Truck:[XHTruck3] breakdown for 14.311541449965667 minutes at 40
2025-09-11 21:22:28,719 [INFO] Truck: Time:<74.79147306281894> Truck:[CLTruck25] is facing 0 mins delay caused by 1 pre-existing jam events on Road from NorthPitMine-LoadSite4 to NorthPitMine-DumpSite3
2025-09-11 21:22:28,719 [DEBUG] Truck: Time:<74.89775626552043> Truck:[XHTruck4] Arrived at NorthPitMine-DumpSite1 at 74.89775626552043
2025-09-11 21:22:28,721 [INFO] Truck: Time:<75.17173188874143> Truck:[XHTruck17] Finish unloading at dumper NorthPitMine-DumpSite1-点位0, dumper tons is 512.4358311255587
2025-09-11 21:22:28,724 [DEBUG] Truck: Time:<75.17173188874143> Truck:[XHTruck17] Start moving to ORDER(1):NorthPitMine-LoadSite2, move distance is 6.89731733825442, speed: 25
2025-09-11 21:22:28,724 [DEBUG] Truck: Time:<75.30411877438249> Truck:[OfficalTruck3] Arrived at NorthPitMine-DumpSite3 at 75.30411877438249
2025-09-11 21:22:28,724 [INFO] Truck: Time:<75.51633545216254> Truck:[XHTruck2] Finish unloading at dumper NorthPitMine-DumpSite3-点位1, dumper tons is 182.26235080155092
2025-09-11 21:22:28,730 [DEBUG] Truck: Time:<75.51633545216254> Truck:[XHTruck2] Start moving to ORDER(4):NorthPitMine-LoadSite5, move distance is 8.482142830200834, speed: 25
2025-09-11 21:22:28,730 [INFO] Truck: Time:<73> Truck:[XHTruck2] breakdown for 14.68724890492027 minutes at 73
2025-09-11 21:22:28,730 [INFO] Truck: Time:<75.89775626552043> Truck:[XHTruck4] Finish unloading at dumper NorthPitMine-DumpSite1-点位1, dumper tons is 280.7116829747959
2025-09-11 21:22:28,736 [INFO] Road: [RoadEvent] Road from NorthPitMine-DumpSite1 to LoadSite1 is in repair，the repair will last for 26.69 mins, and will end at 102.58, vehicle on this road will have to suffer punish_distance.
2025-09-11 21:22:28,739 [DEBUG] Truck: Time:<75.89775626552043> Truck:[XHTruck4] Start moving to ORDER(0):LoadSite1, move distance is 6.9960072579838455, speed: 25
2025-09-11 21:22:28,741 [INFO] Truck: Time:<76.15744476359964> Truck:[CLTruck28] is facing 0 mins delay caused by 2 pre-existing jam events on Road from NorthPitMine-LoadSite2 to NorthPitMine-DumpSite3
2025-09-11 21:22:28,742 [DEBUG] Truck: Time:<76.28301452717035> Truck:[CLTruck12] Arrived at NorthPitMine-DumpSite3 at 76.28301452717035
2025-09-11 21:22:28,742 [DEBUG] Truck: Time:<76.30031884976263> Truck:[CLTruck10] Arrived at NorthPitMine-DumpSite1 at 76.30031884976263
2025-09-11 21:22:28,742 [INFO] Truck: Time:<76.30411877438249> Truck:[OfficalTruck3] Finish unloading at dumper NorthPitMine-DumpSite3-点位0, dumper tons is 866.471784167985
2025-09-11 21:22:28,746 [DEBUG] Truck: Time:<76.30411877438249> Truck:[OfficalTruck3] Start moving to ORDER(3):NorthPitMine-LoadSite4, move distance is 5.140831334331164, speed: 25
2025-09-11 21:22:28,746 [INFO] Truck: Time:<76.58440486441366> Truck:[XHTruck22] Finish loading at shovel NorthPitMine-LoadSite5-Shovel-1
2025-09-11 21:22:28,749 [DEBUG] Truck: Time:<76.58440486441366> Truck:[XHTruck22] Start moving to ORDER(0): NorthPitMine-DumpSite1, move distance is 8.230236055553254, speed: 25
2025-09-11 21:22:28,750 [INFO] Truck: Time:<41> Truck:[XHTruck22] breakdown for 8.648931337887417 minutes at 41
2025-09-11 21:22:28,750 [INFO] Truck: Time:<76.58440486441366> Truck:[XHTruck28] Start loading at shovel NorthPitMine-LoadSite5-Shovel-1, load time is 4.060039370078741
2025-09-11 21:22:28,753 [INFO] Truck: Time:<77.28301452717035> Truck:[CLTruck12] Finish unloading at dumper NorthPitMine-DumpSite3-点位1, dumper tons is 215.63865572927682
2025-09-11 21:22:28,756 [DEBUG] Truck: Time:<77.28301452717035> Truck:[CLTruck12] Start moving to ORDER(2):NorthPitMine-LoadSite3, move distance is 3.469576311600572, speed: 25
2025-09-11 21:22:28,756 [INFO] Truck: Time:<74> Truck:[CLTruck12] breakdown for 13.409834874056724 minutes at 74
2025-09-11 21:22:28,756 [INFO] Truck: Time:<77.30031884976263> Truck:[CLTruck10] Finish unloading at dumper NorthPitMine-DumpSite1-点位0, dumper tons is 546.2019575908507
2025-09-11 21:22:28,760 [DEBUG] Truck: Time:<77.30031884976263> Truck:[CLTruck10] Start moving to ORDER(1):NorthPitMine-LoadSite2, move distance is 8.02846573793686, speed: 25
2025-09-11 21:22:28,760 [INFO] Truck: Time:<77.61664956842155> Truck:[OfficalTruck1] Finish loading at shovel NorthPitMine-LoadSite3-Shovel-1
2025-09-11 21:22:28,763 [DEBUG] Truck: Time:<77.61664956842155> Truck:[OfficalTruck1] Start moving to ORDER(3): NorthPitMine-DumpSite4, move distance is 5.009237579336463, speed: 25
2025-09-11 21:22:28,763 [INFO] Truck: Time:<71> Truck:[OfficalTruck1] breakdown for 8.239900859802415 minutes at 71
2025-09-11 21:22:28,763 [INFO] Truck: Time:<77.92053273862271> Truck:[OfficalTruck2] Finish loading at shovel NorthPitMine-LoadSite5-Shovel-2
2025-09-11 21:22:28,769 [DEBUG] Truck: Time:<77.92053273862271> Truck:[OfficalTruck2] Start moving to ORDER(0): NorthPitMine-DumpSite1, move distance is 7.457381303634778, speed: 25
2025-09-11 21:22:28,769 [INFO] Truck: Time:<61> Truck:[OfficalTruck2] breakdown for 7.3220185660753945 minutes at 61
2025-09-11 21:22:28,773 [INFO] Truck: Time:<78.43425746261012> Truck:[XHTruck25] Arrived at NorthPitMine-LoadSite4 at 78.43425746261012
2025-09-11 21:22:28,773 [INFO] Truck: Time:<78.43425746261012> Truck:[XHTruck25] Start loading at shovel NorthPitMine-LoadSite4-Shovel-1, load time is 4.060039370078741
2025-09-11 21:22:28,774 [INFO] Truck: Time:<78.48886082066547> Truck:[CLTruck21] Arrived at NorthPitMine-LoadSite4 at 78.48886082066547
2025-09-11 21:22:28,777 [INFO] Truck: Time:<79.00154197196741> Truck:[XHTruck31] is facing 5.6133063034625 mins delay caused by 3 pre-existing jam events on Road from NorthPitMine-DumpSite1 to NorthPitMine-LoadSite4
2025-09-11 21:22:28,778 [INFO] Truck: Time:<79.10585758674289> Truck:[CLTruck4] Arrived at NorthPitMine-LoadSite3 at 79.10585758674289
2025-09-11 21:22:28,778 [INFO] Truck: Time:<79.10585758674289> Truck:[CLTruck4] Start loading at shovel NorthPitMine-LoadSite3-Shovel-1, load time is 2.5836614173228347
2025-09-11 21:22:28,779 [INFO] Truck: Time:<79.20900574532669> Truck:[CLTruck9] Arrived at LoadSite1 at 79.20900574532669
2025-09-11 21:22:28,779 [INFO] Truck: Time:<79.20900574532669> Truck:[CLTruck9] Start loading at shovel LoadSite1-Shovel-1, load time is 15.555555555555555
2025-09-11 21:22:28,779 [INFO] Truck: Time:<79.34076027917644> Truck:[XHTruck29] is facing 0 mins delay caused by 3 pre-existing jam events on Road from NorthPitMine-LoadSite4 to NorthPitMine-DumpSite3
2025-09-11 21:22:28,780 [DEBUG] Truck: Time:<79.36877317022812> Truck:[XHTruck12] Arrived at NorthPitMine-DumpSite1 at 79.36877317022812
2025-09-11 21:22:28,780 [INFO] Truck: Time:<79.66611761845789> Truck:[XHTruck19] Arrived at NorthPitMine-LoadSite2 at 79.66611761845789
2025-09-11 21:22:28,781 [INFO] Truck: Time:<79.66611761845789> Truck:[XHTruck19] Start loading at shovel NorthPitMine-LoadSite2-Shovel-1, load time is 4.060039370078741
2025-09-11 21:22:28,781 [INFO] Truck: Time:<79.77286561738242> Truck:[CLTruck14] Finish loading at shovel LoadSite1-Shovel-2
2025-09-11 21:22:28,785 [DEBUG] Truck: Time:<79.77286561738242> Truck:[CLTruck14] Start moving to ORDER(0): NorthPitMine-DumpSite1, move distance is 7.760123834870798, speed: 25
2025-09-11 21:22:28,785 [INFO] Truck: Time:<59> Truck:[CLTruck14] breakdown for 12.93266890370694 minutes at 59
2025-09-11 21:22:28,785 [DEBUG] Truck: Time:<79.91509283945797> Truck:[XHTruck6] Arrived at NorthPitMine-DumpSite1 at 79.91509283945797
2025-09-11 21:22:28,787 [DEBUG] Truck: Time:<80.14008640567347> Truck:[CLTruck19] Arrived at NorthPitMine-DumpSite1 at 80.14008640567347
2025-09-11 21:22:28,788 [DEBUG] Truck: Time:<80.30455909748689> Truck:[CLTruck11] Arrived at NorthPitMine-DumpSite4 at 80.30455909748689
2025-09-11 21:22:28,788 [INFO] Truck: Time:<80.36877317022812> Truck:[XHTruck12] Finish unloading at dumper NorthPitMine-DumpSite1-点位0, dumper tons is 602.6685397334439
2025-09-11 21:22:28,792 [INFO] Road: [RoadEvent] Road from NorthPitMine-DumpSite1 to NorthPitMine-LoadSite3 is in repair，the repair will last for 48.47 mins, and will end at 128.84, vehicle on this road will have to suffer punish_distance.
2025-09-11 21:22:28,792 [DEBUG] Truck: Time:<80.36877317022812> Truck:[XHTruck12] Start moving to ORDER(2):NorthPitMine-LoadSite3, move distance is 4.22504988929366, speed: 25
2025-09-11 21:22:28,793 [INFO] Truck: Time:<74> Truck:[XHTruck12] breakdown for 8.350986163397522 minutes at 74
2025-09-11 21:22:28,793 [INFO] Truck: Time:<80.413741623224> Truck:[XHTruck32] Arrived at NorthPitMine-LoadSite4 at 80.413741623224
2025-09-11 21:22:28,793 [INFO] Truck: Time:<80.49067737679525> Truck:[CLTruck2] Arrived at NorthPitMine-LoadSite2 at 80.49067737679525
2025-09-11 21:22:28,793 [INFO] Truck: Time:<80.49067737679525> Truck:[CLTruck2] Start loading at shovel NorthPitMine-LoadSite2-Shovel-4, load time is 15.555555555555555
2025-09-11 21:22:28,794 [INFO] Truck: Time:<80.6444442344924> Truck:[XHTruck28] Finish loading at shovel NorthPitMine-LoadSite5-Shovel-1
2025-09-11 21:22:28,797 [DEBUG] Truck: Time:<80.6444442344924> Truck:[XHTruck28] Start moving to ORDER(1): NorthPitMine-DumpSite2, move distance is 5.59, speed: 25
2025-09-11 21:22:28,799 [INFO] Truck: Time:<54> Truck:[XHTruck28] breakdown for 12.479733765278265 minutes at 54
2025-09-11 21:22:28,799 [INFO] Truck: Time:<80.6444442344924> Truck:[XHTruck33] Start loading at shovel NorthPitMine-LoadSite5-Shovel-1, load time is 4.060039370078741
2025-09-11 21:22:28,799 [DEBUG] Truck: Time:<80.68180213695508> Truck:[XHTruck10] Arrived at NorthPitMine-DumpSite3 at 80.68180213695508
2025-09-11 21:22:28,799 [INFO] Truck: Time:<80.91509283945797> Truck:[XHTruck6] Finish unloading at dumper NorthPitMine-DumpSite1-点位1, dumper tons is 337.5040189776859
2025-09-11 21:22:28,803 [DEBUG] Truck: Time:<80.91509283945797> Truck:[XHTruck6] Start moving to ORDER(3):NorthPitMine-LoadSite4, move distance is 4.788246475865615, speed: 25
2025-09-11 21:22:28,803 [INFO] Truck: Time:<80.91509283945797> Truck:[XHTruck6] is facing 3.985404157842839 mins delay caused by 3 pre-existing jam events on Road from NorthPitMine-DumpSite1 to NorthPitMine-LoadSite4
2025-09-11 21:22:28,805 [INFO] Truck: Time:<81.14008640567347> Truck:[CLTruck19] Finish unloading at dumper NorthPitMine-DumpSite1-点位2, dumper tons is 93.39837123988443
2025-09-11 21:22:28,809 [DEBUG] Truck: Time:<81.14008640567347> Truck:[CLTruck19] Start moving to ORDER(3):NorthPitMine-LoadSite4, move distance is 4.557853216549214, speed: 25
2025-09-11 21:22:28,811 [INFO] Truck: Time:<81.14008640567347> Truck:[CLTruck19] is facing 3.836239724423365 mins delay caused by 3 pre-existing jam events on Road from NorthPitMine-DumpSite1 to NorthPitMine-LoadSite4
2025-09-11 21:22:28,811 [INFO] Truck: Time:<81.30455909748689> Truck:[CLTruck11] Finish unloading at dumper NorthPitMine-DumpSite4-点位0, dumper tons is 159.73605491422833
2025-09-11 21:22:28,814 [DEBUG] Truck: Time:<81.30455909748689> Truck:[CLTruck11] Start moving to ORDER(4):NorthPitMine-LoadSite5, move distance is 26.12, speed: 25
2025-09-11 21:22:28,815 [INFO] Truck: Time:<81.68180213695508> Truck:[XHTruck10] Finish unloading at dumper NorthPitMine-DumpSite3-点位0, dumper tons is 926.0275089249136
2025-09-11 21:22:28,818 [DEBUG] Truck: Time:<81.68180213695508> Truck:[XHTruck10] Start moving to ORDER(4):NorthPitMine-LoadSite5, move distance is 7.730064726027279, speed: 25
2025-09-11 21:22:28,820 [INFO] Truck: Time:<81.68951900406572> Truck:[CLTruck4] Finish loading at shovel NorthPitMine-LoadSite3-Shovel-1
2025-09-11 21:22:28,824 [DEBUG] Truck: Time:<81.68951900406572> Truck:[CLTruck4] Start moving to ORDER(2): NorthPitMine-DumpSite3, move distance is 2.49, speed: 25
2025-09-11 21:22:28,824 [INFO] Truck: Time:<81.75822222222223> Truck:[XHTruck1] Finish loading at shovel NorthPitMine-LoadSite3-Shovel-2
2025-09-11 21:22:28,827 [DEBUG] Truck: Time:<81.75822222222223> Truck:[XHTruck1] Start moving to ORDER(0): NorthPitMine-DumpSite1, move distance is 3.90117785158491, speed: 25
2025-09-11 21:22:28,827 [INFO] Truck: Time:<58> Truck:[XHTruck1] breakdown for 5.85902767920005 minutes at 58
2025-09-11 21:22:28,827 [INFO] Truck: Time:<81.75822222222223> Truck:[XHTruck5] Start loading at shovel NorthPitMine-LoadSite3-Shovel-2, load time is 24.444444444444443
2025-09-11 21:22:28,827 [DEBUG] Truck: Time:<82.0975923286138> Truck:[XHTruck7] Arrived at NorthPitMine-DumpSite1 at 82.0975923286138
2025-09-11 21:22:28,830 [INFO] Truck: Time:<82.49429683268886> Truck:[XHTruck25] Finish loading at shovel NorthPitMine-LoadSite4-Shovel-1
2025-09-11 21:22:28,833 [DEBUG] Truck: Time:<82.49429683268886> Truck:[XHTruck25] Start moving to ORDER(2): NorthPitMine-DumpSite3, move distance is 4.542830152829778, speed: 25
2025-09-11 21:22:28,833 [INFO] Truck: Time:<73> Truck:[XHTruck25] breakdown for 10.408513398266162 minutes at 73
2025-09-11 21:22:28,834 [INFO] Truck: Time:<82.49429683268886> Truck:[CLTruck21] Start loading at shovel NorthPitMine-LoadSite4-Shovel-1, load time is 2.5836614173228347
2025-09-11 21:22:28,834 [INFO] Truck: Time:<82.58136167694617> Truck:[XHTruck16] Arrived at LoadSite1 at 82.58136167694617
2025-09-11 21:22:28,835 [INFO] Truck: Time:<82.58136167694617> Truck:[XHTruck16] Start loading at shovel LoadSite1-Shovel-2, load time is 24.444444444444443
2025-09-11 21:22:28,835 [DEBUG] Truck: Time:<82.66491285231972> Truck:[XHTruck14] Arrived at NorthPitMine-DumpSite1 at 82.66491285231972
2025-09-11 21:22:28,835 [DEBUG] Truck: Time:<82.98497889524262> Truck:[CLTruck15] Arrived at NorthPitMine-DumpSite5 at 82.98497889524262
2025-09-11 21:22:28,837 [INFO] Truck: Time:<83.0975923286138> Truck:[XHTruck7] Finish unloading at dumper NorthPitMine-DumpSite1-点位0, dumper tons is 656.1184671640965
2025-09-11 21:22:28,843 [DEBUG] Truck: Time:<83.0975923286138> Truck:[XHTruck7] Start moving to ORDER(3):NorthPitMine-LoadSite4, move distance is 4.658636682395869, speed: 25
2025-09-11 21:22:28,843 [INFO] Truck: Time:<83.0975923286138> Truck:[XHTruck7] is facing 1.845563027138312 mins delay caused by 3 pre-existing jam events on Road from NorthPitMine-DumpSite1 to NorthPitMine-LoadSite4
2025-09-11 21:22:28,843 [INFO] Truck: Time:<83.66491285231972> Truck:[XHTruck14] Finish unloading at dumper NorthPitMine-DumpSite1-点位1, dumper tons is 389.68982673379185
2025-09-11 21:22:28,847 [DEBUG] Truck: Time:<83.66491285231972> Truck:[XHTruck14] Start moving to ORDER(0):LoadSite1, move distance is 6.916187440537828, speed: 25
2025-09-11 21:22:28,847 [INFO] Truck: Time:<76> Truck:[XHTruck14] breakdown for 12.623985077354776 minutes at 76
2025-09-11 21:22:28,847 [INFO] Truck: Time:<83.72615698853663> Truck:[XHTruck19] Finish loading at shovel NorthPitMine-LoadSite2-Shovel-1
2025-09-11 21:22:28,852 [DEBUG] Truck: Time:<83.72615698853663> Truck:[XHTruck19] Start moving to ORDER(2): NorthPitMine-DumpSite3, move distance is 10.94412042677316, speed: 25
2025-09-11 21:22:28,852 [INFO] Truck: Time:<83.87651755404542> Truck:[OfficalTruck7] Arrived at NorthPitMine-LoadSite3 at 83.87651755404542
2025-09-11 21:22:28,853 [INFO] Truck: Time:<83.87651755404542> Truck:[OfficalTruck7] Start loading at shovel NorthPitMine-LoadSite3-Shovel-1, load time is 5.684055118110236
2025-09-11 21:22:28,853 [INFO] Truck: Time:<83.98497889524262> Truck:[CLTruck15] Finish unloading at dumper NorthPitMine-DumpSite5-点位0, dumper tons is 35.267425283485395
2025-09-11 21:22:28,854 [INFO] Road: [RoadEvent] Road from NorthPitMine-DumpSite5 to NorthPitMine-LoadSite5 is in repair，the repair will last for 47.92 mins, and will end at 131.91, vehicle on this road will have to suffer punish_distance.
2025-09-11 21:22:28,854 [DEBUG] Truck: Time:<83.98497889524262> Truck:[CLTruck15] Start moving to ORDER(4):NorthPitMine-LoadSite5, move distance is 29.174016946017037, speed: 25
2025-09-11 21:22:28,861 [INFO] Truck: Time:<84.05445701217639> Truck:[CLTruck5] is facing 8.645713625365131 mins delay caused by 1 pre-existing jam events on Road from NorthPitMine-LoadSite2 to NorthPitMine-DumpSite3
2025-09-11 21:22:28,861 [DEBUG] Truck: Time:<84.42398854001719> Truck:[CLTruck23] Arrived at NorthPitMine-DumpSite1 at 84.42398854001719
2025-09-11 21:22:28,862 [INFO] Truck: Time:<84.54222222222222> Truck:[XHTruck18] Finish loading at shovel NorthPitMine-LoadSite2-Shovel-2
2025-09-11 21:22:28,862 [INFO] Truck: Time:<84.54222222222222> Truck:[XHTruck30] Finish loading at shovel NorthPitMine-LoadSite2-Shovel-3
2025-09-11 21:22:28,867 [DEBUG] Truck: Time:<84.54222222222222> Truck:[XHTruck18] Start moving to ORDER(0): NorthPitMine-DumpSite1, move distance is 5.32, speed: 25
2025-09-11 21:22:28,867 [INFO] Truck: Time:<84> Truck:[XHTruck18] breakdown for 10.556895004048675 minutes at 84
2025-09-11 21:22:28,872 [INFO] Road: [RoadEvent] Road from NorthPitMine-LoadSite2 to NorthPitMine-DumpSite5 is in repair，the repair will last for 47.42 mins, and will end at 131.96, vehicle on this road will have to suffer punish_distance.
2025-09-11 21:22:28,873 [DEBUG] Truck: Time:<84.54222222222222> Truck:[XHTruck30] Start moving to ORDER(4): NorthPitMine-DumpSite5, move distance is 4.537748362074506, speed: 25
2025-09-11 21:22:28,873 [INFO] Truck: Time:<77> Truck:[XHTruck30] breakdown for 10.339804989579743 minutes at 77
2025-09-11 21:22:28,873 [INFO] Truck: Time:<84.70448360457114> Truck:[XHTruck33] Finish loading at shovel NorthPitMine-LoadSite5-Shovel-1
2025-09-11 21:22:28,879 [INFO] Road: [RoadEvent] Road from NorthPitMine-LoadSite5 to NorthPitMine-DumpSite2 is in repair，the repair will last for 35.78 mins, and will end at 120.49, vehicle on this road will have to suffer punish_distance.
2025-09-11 21:22:28,880 [DEBUG] Truck: Time:<84.70448360457114> Truck:[XHTruck33] Start moving to ORDER(1): NorthPitMine-DumpSite2, move distance is 8.286090804154336, speed: 25
2025-09-11 21:22:28,880 [INFO] Truck: Time:<79> Truck:[XHTruck33] breakdown for 9.573771612393559 minutes at 79
2025-09-11 21:22:28,881 [DEBUG] Truck: Time:<84.81359231557164> Truck:[CLTruck3] Arrived at NorthPitMine-DumpSite3 at 84.81359231557164
2025-09-11 21:22:28,881 [INFO] Truck: Time:<84.92496758167809> Truck:[XHTruck21] Arrived at NorthPitMine-LoadSite4 at 84.92496758167809
2025-09-11 21:22:28,884 [INFO] Truck: Time:<85.07795825001169> Truck:[CLTruck21] Finish loading at shovel NorthPitMine-LoadSite4-Shovel-1
2025-09-11 21:22:28,887 [INFO] Road: [RoadEvent] Road from NorthPitMine-LoadSite4 to NorthPitMine-DumpSite4 is in repair，the repair will last for 57.71 mins, and will end at 142.79, vehicle on this road will have to suffer punish_distance.
2025-09-11 21:22:28,887 [DEBUG] Truck: Time:<85.07795825001169> Truck:[CLTruck21] Start moving to ORDER(3): NorthPitMine-DumpSite4, move distance is 3.9018442172502477, speed: 25
2025-09-11 21:22:28,887 [INFO] Truck: Time:<82> Truck:[CLTruck21] breakdown for 9.87346319115698 minutes at 82
2025-09-11 21:22:28,890 [INFO] Truck: Time:<85.07795825001169> Truck:[XHTruck21] Start loading at shovel NorthPitMine-LoadSite4-Shovel-1, load time is 4.060039370078741
2025-09-11 21:22:28,890 [DEBUG] Truck: Time:<85.30518517362381> Truck:[XHTruck8] Arrived at NorthPitMine-DumpSite5 at 85.30518517362381
2025-09-11 21:22:28,890 [INFO] Truck: Time:<85.42398854001719> Truck:[CLTruck23] Finish unloading at dumper NorthPitMine-DumpSite1-点位0, dumper tons is 690.1633996882199
2025-09-11 21:22:28,894 [DEBUG] Truck: Time:<85.42398854001719> Truck:[CLTruck23] Start moving to ORDER(2):NorthPitMine-LoadSite3, move distance is 4.177037071579917, speed: 25
2025-09-11 21:22:28,894 [INFO] Truck: Time:<76> Truck:[CLTruck23] breakdown for 10.155482963346335 minutes at 76
2025-09-11 21:22:28,894 [INFO] Truck: Time:<85.424> Truck:[XHTruck24] Finish loading at shovel NorthPitMine-LoadSite4-Shovel-3
2025-09-11 21:22:28,895 [INFO] Truck: Time:<85.424> Truck:[XHTruck26] Finish loading at shovel NorthPitMine-LoadSite4-Shovel-4
2025-09-11 21:22:28,895 [INFO] Truck: Time:<85.424> Truck:[XHTruck27] Finish loading at shovel NorthPitMine-LoadSite4-Shovel-5
2025-09-11 21:22:28,900 [DEBUG] Truck: Time:<85.424> Truck:[XHTruck24] Start moving to ORDER(2): NorthPitMine-DumpSite3, move distance is 5.377457420895812, speed: 25
2025-09-11 21:22:28,900 [INFO] Truck: Time:<55> Truck:[XHTruck24] breakdown for 5.708726631362344 minutes at 55
2025-09-11 21:22:28,905 [DEBUG] Truck: Time:<85.424> Truck:[XHTruck26] Start moving to ORDER(2): NorthPitMine-DumpSite3, move distance is 5.699924850424315, speed: 25
2025-09-11 21:22:28,905 [INFO] Truck: Time:<79> Truck:[XHTruck26] breakdown for 15.784676059170437 minutes at 79
2025-09-11 21:22:28,909 [DEBUG] Truck: Time:<85.424> Truck:[XHTruck27] Start moving to ORDER(1): NorthPitMine-DumpSite2, move distance is 1.5995161414657355, speed: 25
2025-09-11 21:22:28,910 [INFO] Truck: Time:<72> Truck:[XHTruck27] breakdown for 7.5107602479677675 minutes at 72
2025-09-11 21:22:28,910 [INFO] Truck: Time:<85.424> Truck:[OfficalTruck5] Start loading at shovel NorthPitMine-LoadSite4-Shovel-3, load time is 34.22222222222222
2025-09-11 21:22:28,911 [INFO] Truck: Time:<85.424> Truck:[CLTruck26] Start loading at shovel NorthPitMine-LoadSite4-Shovel-4, load time is 15.555555555555555
2025-09-11 21:22:28,911 [INFO] Truck: Time:<85.424> Truck:[CLTruck16] Start loading at shovel NorthPitMine-LoadSite4-Shovel-5, load time is 15.555555555555555
2025-09-11 21:22:28,911 [INFO] Truck: Time:<85.44180301490974> Truck:[CLTruck24] Arrived at NorthPitMine-LoadSite2 at 85.44180301490974
2025-09-11 21:22:28,912 [INFO] Truck: Time:<85.44180301490974> Truck:[CLTruck24] Start loading at shovel NorthPitMine-LoadSite2-Shovel-1, load time is 2.5836614173228347
2025-09-11 21:22:28,912 [INFO] Truck: Time:<85.81359231557164> Truck:[CLTruck3] Finish unloading at dumper NorthPitMine-DumpSite3-点位0, dumper tons is 958.657428657628
2025-09-11 21:22:28,915 [DEBUG] Truck: Time:<85.81359231557164> Truck:[CLTruck3] Start moving to ORDER(2):NorthPitMine-LoadSite3, move distance is 3.509743231927848, speed: 25
2025-09-11 21:22:28,915 [INFO] Truck: Time:<71> Truck:[CLTruck3] breakdown for 10.200266981000143 minutes at 71
2025-09-11 21:22:28,916 [INFO] Truck: Time:<85.90737245972335> Truck:[OfficalTruck6] Arrived at NorthPitMine-LoadSite4 at 85.90737245972335
2025-09-11 21:22:28,918 [INFO] Truck: Time:<86.30518517362381> Truck:[XHTruck8] Finish unloading at dumper NorthPitMine-DumpSite5-点位0, dumper tons is 92.87187375648617
2025-09-11 21:22:28,918 [INFO] Road: [RoadEvent] Road from NorthPitMine-DumpSite5 to NorthPitMine-LoadSite3 is in repair，the repair will last for 59.56 mins, and will end at 145.87, vehicle on this road will have to suffer punish_distance.
2025-09-11 21:22:28,918 [DEBUG] Truck: Time:<86.30518517362381> Truck:[XHTruck8] Start moving to ORDER(2):NorthPitMine-LoadSite3, move distance is 26.953462214177986, speed: 25
2025-09-11 21:22:28,918 [INFO] Truck: Time:<83> Truck:[XHTruck8] breakdown for 4.407549627198389 minutes at 83
2025-09-11 21:22:28,918 [DEBUG] Truck: Time:<86.32550896707187> Truck:[CLTruck25] Arrived at NorthPitMine-DumpSite3 at 86.32550896707187
2025-09-11 21:22:28,922 [INFO] Truck: Time:<87.32550896707187> Truck:[CLTruck25] Finish unloading at dumper NorthPitMine-DumpSite3-点位0, dumper tons is 990.57535650233
2025-09-11 21:22:28,926 [DEBUG] Truck: Time:<87.32550896707187> Truck:[CLTruck25] Start moving to ORDER(4):NorthPitMine-LoadSite5, move distance is 7.919790342982935, speed: 25
2025-09-11 21:22:28,926 [INFO] Truck: Time:<82> Truck:[CLTruck25] breakdown for 9.582272353461859 minutes at 82
2025-09-11 21:22:28,927 [INFO] Truck: Time:<87.536> Truck:[XHTruck20] Finish loading at shovel NorthPitMine-LoadSite3-Shovel-3
2025-09-11 21:22:28,930 [DEBUG] Truck: Time:<87.536> Truck:[XHTruck20] Start moving to ORDER(3): NorthPitMine-DumpSite4, move distance is 5.397643606282631, speed: 25
2025-09-11 21:22:28,932 [INFO] Truck: Time:<84> Truck:[XHTruck20] breakdown for 6.052364236754502 minutes at 84
2025-09-11 21:22:28,932 [DEBUG] Truck: Time:<87.66551900406571> Truck:[CLTruck4] Arrived at NorthPitMine-DumpSite3 at 87.66551900406571
2025-09-11 21:22:28,934 [INFO] Truck: Time:<88.02546443223257> Truck:[CLTruck24] Finish loading at shovel NorthPitMine-LoadSite2-Shovel-1
2025-09-11 21:22:28,939 [DEBUG] Truck: Time:<88.02546443223257> Truck:[CLTruck24] Start moving to ORDER(3): NorthPitMine-DumpSite4, move distance is 13.77, speed: 25
2025-09-11 21:22:28,940 [INFO] Truck: Time:<88.64211397677728> Truck:[OfficalTruck3] Arrived at NorthPitMine-LoadSite4 at 88.64211397677728
2025-09-11 21:22:28,940 [INFO] Truck: Time:<88.66551900406571> Truck:[CLTruck4] Finish unloading at dumper NorthPitMine-DumpSite3-点位0, dumper tons is 1027.705170273604
2025-09-11 21:22:28,944 [DEBUG] Truck: Time:<88.66551900406571> Truck:[CLTruck4] Start moving to ORDER(3):NorthPitMine-LoadSite4, move distance is 5.060517814174853, speed: 25
2025-09-11 21:22:28,944 [INFO] Truck: Time:<82> Truck:[CLTruck4] breakdown for 10.751347627158472 minutes at 82
2025-09-11 21:22:28,945 [INFO] Truck: Time:<88.84140266180395> Truck:[XHTruck11] Arrived at LoadSite1 at 88.84140266180395
2025-09-11 21:22:28,945 [INFO] Truck: Time:<88.84140266180395> Truck:[XHTruck11] Start loading at shovel LoadSite1-Shovel-3, load time is 24.444444444444443
2025-09-11 21:22:28,948 [INFO] Truck: Time:<89.13799762009043> Truck:[XHTruck21] Finish loading at shovel NorthPitMine-LoadSite4-Shovel-1
2025-09-11 21:22:28,952 [INFO] Road: [RoadEvent] Road from NorthPitMine-LoadSite4 to NorthPitMine-DumpSite1 is in repair，the repair will last for 43.35 mins, and will end at 132.48, vehicle on this road will have to suffer punish_distance.
2025-09-11 21:22:28,952 [DEBUG] Truck: Time:<89.13799762009043> Truck:[XHTruck21] Start moving to ORDER(0): NorthPitMine-DumpSite1, move distance is 5.1126412112917174, speed: 25
2025-09-11 21:22:28,953 [INFO] Truck: Time:<83> Truck:[XHTruck21] breakdown for 13.92327195729596 minutes at 83
2025-09-11 21:22:28,953 [INFO] Truck: Time:<89.13799762009043> Truck:[OfficalTruck6] Start loading at shovel NorthPitMine-LoadSite4-Shovel-1, load time is 5.684055118110236
2025-09-11 21:22:28,953 [DEBUG] Truck: Time:<89.26121066667814> Truck:[OfficalTruck8] Arrived at NorthPitMine-DumpSite2 at 89.26121066667814
2025-09-11 21:22:28,953 [DEBUG] Truck: Time:<89.37210123889236> Truck:[CLTruck6] Arrived at NorthPitMine-DumpSite2 at 89.37210123889236
2025-09-11 21:22:28,953 [DEBUG] Truck: Time:<89.37602206296972> Truck:[CLTruck27] Arrived at NorthPitMine-DumpSite1 at 89.37602206296972
2025-09-11 21:22:28,953 [INFO] Truck: Time:<89.56057267215566> Truck:[OfficalTruck7] Finish loading at shovel NorthPitMine-LoadSite3-Shovel-1
2025-09-11 21:22:28,957 [DEBUG] Truck: Time:<89.56057267215566> Truck:[OfficalTruck7] Start moving to ORDER(2): NorthPitMine-DumpSite3, move distance is 2.49, speed: 25
2025-09-11 21:22:28,957 [INFO] Truck: Time:<78> Truck:[OfficalTruck7] breakdown for 4.677430962735338 minutes at 78
2025-09-11 21:22:28,960 [INFO] Truck: Time:<90.26121066667814> Truck:[OfficalTruck8] Finish unloading at dumper NorthPitMine-DumpSite2-点位0, dumper tons is 375.3798508453189
2025-09-11 21:22:28,965 [DEBUG] Truck: Time:<90.26121066667814> Truck:[OfficalTruck8] Start moving to ORDER(0):LoadSite1, move distance is 49.47360170514273, speed: 25
2025-09-11 21:22:28,965 [INFO] Truck: Time:<90.26121066667814> Truck:[OfficalTruck8] is facing 0 mins delay caused by 2 pre-existing jam events on Road from NorthPitMine-DumpSite2 to LoadSite1
2025-09-11 21:22:28,966 [INFO] Truck: Time:<90.37210123889236> Truck:[CLTruck6] Finish unloading at dumper NorthPitMine-DumpSite2-点位1, dumper tons is 33.52795199135077
2025-09-11 21:22:28,969 [DEBUG] Truck: Time:<90.37210123889236> Truck:[CLTruck6] Start moving to ORDER(3):NorthPitMine-LoadSite4, move distance is 33.205257287680745, speed: 25
2025-09-11 21:22:28,969 [INFO] Truck: Time:<78> Truck:[CLTruck6] breakdown for 13.08227458218078 minutes at 78
2025-09-11 21:22:28,970 [INFO] Truck: Time:<90.37602206296972> Truck:[CLTruck27] Finish unloading at dumper NorthPitMine-DumpSite1-点位0, dumper tons is 726.9987198462619
2025-09-11 21:22:28,975 [DEBUG] Truck: Time:<90.37602206296972> Truck:[CLTruck27] Start moving to ORDER(1):NorthPitMine-LoadSite2, move distance is 7.34821247776748, speed: 25
2025-09-11 21:22:28,975 [INFO] Truck: Time:<90.37602206296972> Truck:[CLTruck27] is facing 0 mins delay caused by 1 pre-existing jam events on Road from NorthPitMine-DumpSite1 to NorthPitMine-LoadSite2
2025-09-11 21:22:28,975 [DEBUG] Truck: Time:<90.85912301327133> Truck:[XHTruck29] Arrived at NorthPitMine-DumpSite3 at 90.85912301327133
2025-09-11 21:22:28,978 [INFO] Truck: Time:<91.13272663136235> Truck:[XHTruck24] is facing 9.316305943692763 mins delay caused by 2 pre-existing jam events on Road from NorthPitMine-LoadSite4 to NorthPitMine-DumpSite3
2025-09-11 21:22:28,978 [INFO] Truck: Time:<91.72529350055204> Truck:[XHTruck17] Arrived at NorthPitMine-LoadSite2 at 91.72529350055204
2025-09-11 21:22:28,979 [INFO] Truck: Time:<91.72529350055204> Truck:[XHTruck17] Start loading at shovel NorthPitMine-LoadSite2-Shovel-1, load time is 4.060039370078741
2025-09-11 21:22:28,979 [INFO] Truck: Time:<91.85912301327133> Truck:[XHTruck29] Finish unloading at dumper NorthPitMine-DumpSite3-点位0, dumper tons is 1082.2766411534592
2025-09-11 21:22:28,985 [DEBUG] Truck: Time:<91.85912301327133> Truck:[XHTruck29] Start moving to ORDER(3):NorthPitMine-LoadSite4, move distance is 4.2806591617391145, speed: 25
2025-09-11 21:22:28,987 [INFO] Truck: Time:<92.68817368468166> Truck:[XHTruck4] Arrived at LoadSite1 at 92.68817368468166
2025-09-11 21:22:28,987 [INFO] Truck: Time:<92.68817368468166> Truck:[XHTruck4] Start loading at shovel LoadSite1-Shovel-4, load time is 24.444444444444443
2025-09-11 21:22:28,987 [INFO] Truck: Time:<92.90281023095503> Truck:[XHTruck25] is facing 9.491179581395103 mins delay caused by 2 pre-existing jam events on Road from NorthPitMine-LoadSite4 to NorthPitMine-DumpSite3
2025-09-11 21:22:28,990 [DEBUG] Truck: Time:<93.94144476359963> Truck:[CLTruck28] Arrived at NorthPitMine-DumpSite3 at 93.94144476359963
2025-09-11 21:22:28,992 [DEBUG] Truck: Time:<94.52088414735186> Truck:[XHTruck13] Arrived at NorthPitMine-DumpSite3 at 94.52088414735186
2025-09-11 21:22:28,992 [DEBUG] Truck: Time:<94.69689705731486> Truck:[CLTruck29] Arrived at NorthPitMine-DumpSite1 at 94.69689705731486
2025-09-11 21:22:28,992 [INFO] Truck: Time:<94.76456130088225> Truck:[CLTruck9] Finish loading at shovel LoadSite1-Shovel-1
2025-09-11 21:22:28,993 [INFO] Truck: Time:<94.76456130088225> Shovel LoadSite1-Shovel-1 under maintenance for 52.61 minutes
2025-09-11 21:22:28,993 [INFO] Truck: Time:<94.82205273820067> Truck:[OfficalTruck6] Finish loading at shovel NorthPitMine-LoadSite4-Shovel-1
2025-09-11 21:22:28,996 [DEBUG] Truck: Time:<94.82205273820067> Truck:[OfficalTruck6] Start moving to ORDER(2): NorthPitMine-DumpSite3, move distance is 5.1700001458817075, speed: 25
2025-09-11 21:22:28,996 [INFO] Truck: Time:<81> Truck:[OfficalTruck6] breakdown for 12.053453030874218 minutes at 81
2025-09-11 21:22:28,997 [INFO] Truck: Time:<94.94144476359963> Truck:[CLTruck28] Finish unloading at dumper NorthPitMine-DumpSite3-点位0, dumper tons is 1119.7314806723664
2025-09-11 21:22:29,002 [DEBUG] Truck: Time:<94.94144476359963> Truck:[CLTruck28] Start moving to ORDER(2):NorthPitMine-LoadSite3, move distance is 3.4307566825752795, speed: 25
2025-09-11 21:22:29,002 [INFO] Truck: Time:<92> Truck:[CLTruck28] breakdown for 9.559192367338166 minutes at 92
2025-09-11 21:22:29,005 [INFO] Truck: Time:<95.20177777777778> Truck:[XHTruck23] Finish loading at shovel NorthPitMine-LoadSite4-Shovel-2
2025-09-11 21:22:29,009 [DEBUG] Truck: Time:<95.20177777777778> Truck:[XHTruck23] Start moving to ORDER(3): NorthPitMine-DumpSite4, move distance is 3.913383451206094, speed: 25
2025-09-11 21:22:29,009 [INFO] Truck: Time:<76> Truck:[XHTruck23] breakdown for 12.876288875916883 minutes at 76
2025-09-11 21:22:29,009 [INFO] Truck: Time:<95.20177777777778> Truck:[XHTruck32] Start loading at shovel NorthPitMine-LoadSite4-Shovel-2, load time is 24.444444444444443
2025-09-11 21:22:29,009 [INFO] Truck: Time:<95.52088414735186> Truck:[XHTruck13] Finish unloading at dumper NorthPitMine-DumpSite3-点位1, dumper tons is 275.3674019634505
2025-09-11 21:22:29,013 [DEBUG] Truck: Time:<95.52088414735186> Truck:[XHTruck13] Start moving to ORDER(4):NorthPitMine-LoadSite5, move distance is 5.62, speed: 25
2025-09-11 21:22:29,013 [INFO] Truck: Time:<84> Truck:[XHTruck13] breakdown for 12.353276689921945 minutes at 84
2025-09-11 21:22:29,015 [INFO] Truck: Time:<95.69689705731486> Truck:[CLTruck29] Finish unloading at dumper NorthPitMine-DumpSite1-点位0, dumper tons is 762.2938458006842
2025-09-11 21:22:29,019 [DEBUG] Truck: Time:<95.69689705731486> Truck:[CLTruck29] Start moving to ORDER(1):NorthPitMine-LoadSite2, move distance is 7.09406494913861, speed: 25
2025-09-11 21:22:29,019 [INFO] Truck: Time:<81> Truck:[CLTruck29] breakdown for 10.620985665027476 minutes at 81
2025-09-11 21:22:29,020 [INFO] Truck: Time:<95.78533287063078> Truck:[XHTruck17] Finish loading at shovel NorthPitMine-LoadSite2-Shovel-1
2025-09-11 21:22:29,022 [DEBUG] Truck: Time:<95.78533287063078> Truck:[XHTruck17] Start moving to ORDER(2): NorthPitMine-DumpSite3, move distance is 9.915784136462726, speed: 25
2025-09-11 21:22:29,024 [INFO] Truck: Time:<95.91517384981495> Truck:[CLTruck19] Arrived at NorthPitMine-LoadSite4 at 95.91517384981495
2025-09-11 21:22:29,024 [INFO] Truck: Time:<95.91517384981495> Truck:[CLTruck19] Start loading at shovel NorthPitMine-LoadSite4-Shovel-1, load time is 2.5836614173228347
2025-09-11 21:22:29,026 [INFO] Truck: Time:<96.0462329323508> Truck:[CLTruck2] Finish loading at shovel NorthPitMine-LoadSite2-Shovel-4
2025-09-11 21:22:29,030 [DEBUG] Truck: Time:<96.0462329323508> Truck:[CLTruck2] Start moving to ORDER(4): NorthPitMine-DumpSite5, move distance is 4.511187053527613, speed: 25
2025-09-11 21:22:29,030 [INFO] Truck: Time:<93> Truck:[CLTruck2] breakdown for 12.368347304673794 minutes at 93
2025-09-11 21:22:29,030 [INFO] Truck: Time:<96.1238833935022> Truck:[XHTruck7] Arrived at NorthPitMine-LoadSite4 at 96.1238833935022
2025-09-11 21:22:29,031 [DEBUG] Truck: Time:<96.33122939286258> Truck:[CLTruck18] Arrived at NorthPitMine-DumpSite3 at 96.33122939286258
2025-09-11 21:22:29,031 [INFO] Truck: Time:<96.39228853937828> Truck:[XHTruck6] Arrived at NorthPitMine-LoadSite4 at 96.39228853937828
2025-09-11 21:22:29,031 [INFO] Truck: Time:<96.5686366208111> Truck:[CLTruck10] Arrived at NorthPitMine-LoadSite2 at 96.5686366208111
2025-09-11 21:22:29,031 [INFO] Truck: Time:<96.5686366208111> Truck:[CLTruck10] Start loading at shovel NorthPitMine-LoadSite2-Shovel-1, load time is 2.5836614173228347
2025-09-11 21:22:29,031 [DEBUG] Truck: Time:<96.70798589441011> Truck:[XHTruck3] Arrived at NorthPitMine-DumpSite5 at 96.70798589441011
2025-09-11 21:22:29,032 [DEBUG] Truck: Time:<96.77359898748554> Truck:[XHTruck27] Arrived at NorthPitMine-DumpSite2 at 96.77359898748554
2025-09-11 21:22:29,032 [DEBUG] Truck: Time:<96.98007674522607> Truck:[XHTruck1] Arrived at NorthPitMine-DumpSite1 at 96.98007674522607
2025-09-11 21:22:29,033 [INFO] Truck: Time:<97.33122939286258> Truck:[CLTruck18] Finish unloading at dumper NorthPitMine-DumpSite3-点位0, dumper tons is 1151.6664769275544
2025-09-11 21:22:29,040 [DEBUG] Truck: Time:<97.33122939286258> Truck:[CLTruck18] Start moving to ORDER(4):NorthPitMine-LoadSite5, move distance is 5.62, speed: 25
2025-09-11 21:22:29,040 [INFO] Truck: Time:<97.70798589441011> Truck:[XHTruck3] Finish unloading at dumper NorthPitMine-DumpSite5-点位0, dumper tons is 152.34444764173617
2025-09-11 21:22:29,044 [INFO] Road: [RoadEvent] Road from NorthPitMine-DumpSite5 to LoadSite1 is in repair，the repair will last for 50.33 mins, and will end at 148.03, vehicle on this road will have to suffer punish_distance.
2025-09-11 21:22:29,045 [DEBUG] Truck: Time:<97.70798589441011> Truck:[XHTruck3] Start moving to ORDER(0):LoadSite1, move distance is 45.416328753455126, speed: 25
2025-09-11 21:22:29,046 [INFO] Truck: Time:<97.77359898748554> Truck:[XHTruck27] Finish unloading at dumper NorthPitMine-DumpSite2-点位0, dumper tons is 435.60571160603115
2025-09-11 21:22:29,050 [DEBUG] Truck: Time:<97.77359898748554> Truck:[XHTruck27] Start moving to ORDER(3):NorthPitMine-LoadSite4, move distance is 31.402431149230637, speed: 25
2025-09-11 21:22:29,051 [DEBUG] Truck: Time:<97.87872061863148> Truck:[OfficalTruck1] Arrived at NorthPitMine-DumpSite4 at 97.87872061863148
2025-09-11 21:22:29,051 [INFO] Truck: Time:<97.98007674522607> Truck:[XHTruck1] Finish unloading at dumper NorthPitMine-DumpSite1-点位0, dumper tons is 820.5931023665343
2025-09-11 21:22:29,055 [DEBUG] Truck: Time:<97.98007674522607> Truck:[XHTruck1] Start moving to ORDER(0):LoadSite1, move distance is 7.386270016908597, speed: 25
2025-09-11 21:22:29,059 [DEBUG] Truck: Time:<98.1631380616428> Truck:[XHTruck9] Arrived at NorthPitMine-DumpSite3 at 98.1631380616428
2025-09-11 21:22:29,059 [INFO] Truck: Time:<98.18958195728129> Truck:[XHTruck31] Arrived at NorthPitMine-LoadSite4 at 98.18958195728129
2025-09-11 21:22:29,060 [INFO] Truck: Time:<98.2831893837554> Truck:[CLTruck7] Arrived at NorthPitMine-LoadSite5 at 98.2831893837554
2025-09-11 21:22:29,060 [INFO] Truck: Time:<98.2831893837554> Truck:[CLTruck7] Start loading at shovel NorthPitMine-LoadSite5-Shovel-1, load time is 2.5836614173228347
2025-09-11 21:22:29,060 [DEBUG] Truck: Time:<98.46711480074353> Truck:[CLTruck1] Arrived at NorthPitMine-DumpSite1 at 98.46711480074353
2025-09-11 21:22:29,061 [INFO] Truck: Time:<98.49883526713778> Truck:[CLTruck19] Finish loading at shovel NorthPitMine-LoadSite4-Shovel-1
2025-09-11 21:22:29,066 [DEBUG] Truck: Time:<98.49883526713778> Truck:[CLTruck19] Start moving to ORDER(2): NorthPitMine-DumpSite3, move distance is 3.73, speed: 25
2025-09-11 21:22:29,066 [INFO] Truck: Time:<82> Truck:[CLTruck19] breakdown for 9.50616090257537 minutes at 82
2025-09-11 21:22:29,066 [INFO] Truck: Time:<98.49883526713778> Truck:[XHTruck7] Start loading at shovel NorthPitMine-LoadSite4-Shovel-1, load time is 4.060039370078741
2025-09-11 21:22:29,067 [INFO] Truck: Time:<98.85987906793044> Truck:[XHTruck12] Arrived at NorthPitMine-LoadSite3 at 98.85987906793044
2025-09-11 21:22:29,067 [INFO] Truck: Time:<98.85987906793044> Truck:[XHTruck12] Start loading at shovel NorthPitMine-LoadSite3-Shovel-1, load time is 4.060039370078741
2025-09-11 21:22:29,068 [INFO] Truck: Time:<98.87872061863148> Truck:[OfficalTruck1] Finish unloading at dumper NorthPitMine-DumpSite4-点位0, dumper tons is 238.1615352662218
2025-09-11 21:22:29,071 [INFO] Road: [RoadEvent] Road from NorthPitMine-DumpSite4 to NorthPitMine-LoadSite3 is in repair，the repair will last for 61.01 mins, and will end at 159.89, vehicle on this road will have to suffer punish_distance.
2025-09-11 21:22:29,072 [DEBUG] Truck: Time:<98.87872061863148> Truck:[OfficalTruck1] Start moving to ORDER(2):NorthPitMine-LoadSite3, move distance is 4.909762069495269, speed: 25
2025-09-11 21:22:29,075 [INFO] Truck: Time:<99.01983254906845> Truck:[CLTruck12] Arrived at NorthPitMine-LoadSite3 at 99.01983254906845
2025-09-11 21:22:29,076 [INFO] Truck: Time:<99.01983254906845> Truck:[CLTruck12] Start loading at shovel NorthPitMine-LoadSite3-Shovel-3, load time is 15.555555555555555
2025-09-11 21:22:29,076 [INFO] Truck: Time:<99.15229803813394> Truck:[CLTruck10] Finish loading at shovel NorthPitMine-LoadSite2-Shovel-1
2025-09-11 21:22:29,076 [INFO] Truck: Time:<99.15229803813394> Shovel NorthPitMine-LoadSite2-Shovel-1 under maintenance for 44.18 minutes
2025-09-11 21:22:29,076 [INFO] Truck: Time:<99.1631380616428> Truck:[XHTruck9] Finish unloading at dumper NorthPitMine-DumpSite3-点位0, dumper tons is 1202.4618289468788
2025-09-11 21:22:29,081 [DEBUG] Truck: Time:<99.1631380616428> Truck:[XHTruck9] Start moving to ORDER(0):LoadSite1, move distance is 17.888512863697592, speed: 25
2025-09-11 21:22:29,081 [INFO] Truck: Time:<87> Truck:[XHTruck9] breakdown for 10.615361700932606 minutes at 87
2025-09-11 21:22:29,081 [INFO] Truck: Time:<99.46711480074353> Truck:[CLTruck1] Finish unloading at dumper NorthPitMine-DumpSite1-点位0, dumper tons is 852.4993869144672
2025-09-11 21:22:29,085 [INFO] Road: [RoadEvent] Road from NorthPitMine-DumpSite1 to NorthPitMine-LoadSite5 is in repair，the repair will last for 38.76 mins, and will end at 138.23, vehicle on this road will have to suffer punish_distance.
2025-09-11 21:22:29,086 [DEBUG] Truck: Time:<99.46711480074353> Truck:[CLTruck1] Start moving to ORDER(4):NorthPitMine-LoadSite5, move distance is 28.891800191855463, speed: 25
2025-09-11 21:22:29,086 [INFO] Truck: Time:<96> Truck:[CLTruck1] breakdown for 10.165960874246037 minutes at 96
2025-09-11 21:22:29,088 [DEBUG] Truck: Time:<100.214003634891> Truck:[OfficalTruck7] Arrived at NorthPitMine-DumpSite3 at 100.214003634891
2025-09-11 21:22:29,088 [INFO] Truck: Time:<100.23395747942055> Truck:[XHTruck10] Arrived at NorthPitMine-LoadSite5 at 100.23395747942055
2025-09-11 21:22:29,088 [INFO] Truck: Time:<100.23395747942055> Truck:[XHTruck10] Start loading at shovel NorthPitMine-LoadSite5-Shovel-2, load time is 4.060039370078741
2025-09-11 21:22:29,089 [INFO] Truck: Time:<100.86685080107823> Truck:[CLTruck7] Finish loading at shovel NorthPitMine-LoadSite5-Shovel-1
2025-09-11 21:22:29,093 [INFO] Road: [RoadEvent] Road from NorthPitMine-LoadSite5 to NorthPitMine-DumpSite3 is in repair，the repair will last for 44.01 mins, and will end at 144.88, vehicle on this road will have to suffer punish_distance.
2025-09-11 21:22:29,094 [DEBUG] Truck: Time:<100.86685080107823> Truck:[CLTruck7] Start moving to ORDER(2): NorthPitMine-DumpSite3, move distance is 8.018842687635294, speed: 25
2025-09-11 21:22:29,094 [INFO] Truck: Time:<73> Truck:[CLTruck7] breakdown for 12.260301926072781 minutes at 73
2025-09-11 21:22:29,094 [INFO] Truck: Time:<100.97955555555556> Truck:[CLTruck26] Finish loading at shovel NorthPitMine-LoadSite4-Shovel-4
2025-09-11 21:22:29,094 [INFO] Truck: Time:<100.97955555555556> Truck:[CLTruck16] Finish loading at shovel NorthPitMine-LoadSite4-Shovel-5
2025-09-11 21:22:29,100 [DEBUG] Truck: Time:<100.97955555555556> Truck:[CLTruck26] Start moving to ORDER(4): NorthPitMine-DumpSite5, move distance is 5.34, speed: 25
2025-09-11 21:22:29,100 [INFO] Truck: Time:<99> Truck:[CLTruck26] breakdown for 14.00743746303702 minutes at 99
2025-09-11 21:22:29,105 [INFO] Road: [RoadEvent] Road from NorthPitMine-LoadSite4 to NorthPitMine-DumpSite5 is in repair，the repair will last for 58.76 mins, and will end at 159.74, vehicle on this road will have to suffer punish_distance.
2025-09-11 21:22:29,106 [DEBUG] Truck: Time:<100.97955555555556> Truck:[CLTruck16] Start moving to ORDER(4): NorthPitMine-DumpSite5, move distance is 7.327334388142331, speed: 25
2025-09-11 21:22:29,106 [INFO] Truck: Time:<96> Truck:[CLTruck16] breakdown for 8.47784465932438 minutes at 96
2025-09-11 21:22:29,106 [INFO] Truck: Time:<100.97955555555556> Truck:[XHTruck31] Start loading at shovel NorthPitMine-LoadSite4-Shovel-4, load time is 24.444444444444443
2025-09-11 21:22:29,108 [INFO] Truck: Time:<101.20867605917044> Truck:[XHTruck26] is facing 0 mins delay caused by 2 pre-existing jam events on Road from NorthPitMine-LoadSite4 to NorthPitMine-DumpSite3
2025-09-11 21:22:29,108 [INFO] Truck: Time:<101.214003634891> Truck:[OfficalTruck7] Finish unloading at dumper NorthPitMine-DumpSite3-点位0, dumper tons is 1272.347830527646
2025-09-11 21:22:29,111 [DEBUG] Truck: Time:<101.214003634891> Truck:[OfficalTruck7] Start moving to ORDER(3):NorthPitMine-LoadSite4, move distance is 5.4172985169154515, speed: 25
2025-09-11 21:22:29,111 [INFO] Truck: Time:<101.214003634891> Truck:[OfficalTruck7] is facing 6.706298641769796 mins delay caused by 1 pre-existing jam events on Road from NorthPitMine-DumpSite3 to NorthPitMine-LoadSite4
2025-09-11 21:22:29,114 [INFO] Truck: Time:<102.06985408290859> Truck:[CLTruck20] Arrived at LoadSite1 at 102.06985408290859
2025-09-11 21:22:29,114 [INFO] Truck: Time:<102.06985408290859> Truck:[CLTruck20] Start loading at shovel LoadSite1-Shovel-5, load time is 15.555555555555555
2025-09-11 21:22:29,114 [INFO] Truck: Time:<102.1327050014452> Truck:[XHTruck29] Arrived at NorthPitMine-LoadSite4 at 102.1327050014452
2025-09-11 21:22:29,114 [INFO] Truck: Time:<102.1327050014452> Truck:[XHTruck29] Start loading at shovel NorthPitMine-LoadSite4-Shovel-5, load time is 24.444444444444443
2025-09-11 21:22:29,114 [INFO] Truck: Time:<102.55887463721652> Truck:[XHTruck7] Finish loading at shovel NorthPitMine-LoadSite4-Shovel-1
2025-09-11 21:22:29,121 [DEBUG] Truck: Time:<102.55887463721652> Truck:[XHTruck7] Start moving to ORDER(4): NorthPitMine-DumpSite5, move distance is 7.212448261704091, speed: 25
2025-09-11 21:22:29,121 [INFO] Truck: Time:<85> Truck:[XHTruck7] breakdown for 6.51061751077275 minutes at 85
2025-09-11 21:22:29,121 [INFO] Truck: Time:<102.91991843800918> Truck:[XHTruck12] Finish loading at shovel NorthPitMine-LoadSite3-Shovel-1
2025-09-11 21:22:29,126 [DEBUG] Truck: Time:<102.91991843800918> Truck:[XHTruck12] Start moving to ORDER(0): NorthPitMine-DumpSite1, move distance is 3.9583530795634365, speed: 25
2025-09-11 21:22:29,126 [INFO] Truck: Time:<93> Truck:[XHTruck12] breakdown for 9.63046333639155 minutes at 93
2025-09-11 21:22:29,128 [DEBUG] Truck: Time:<103.14026643342157> Truck:[OfficalTruck2] Arrived at NorthPitMine-DumpSite1 at 103.14026643342157
2025-09-11 21:22:29,129 [DEBUG] Truck: Time:<103.72686728928333> Truck:[XHTruck15] Arrived at NorthPitMine-DumpSite3 at 103.72686728928333
2025-09-11 21:22:29,131 [INFO] Truck: Time:<104.14026643342157> Truck:[OfficalTruck2] Finish unloading at dumper NorthPitMine-DumpSite1-点位0, dumper tons is 932.5492116949152
2025-09-11 21:22:29,134 [DEBUG] Truck: Time:<104.14026643342157> Truck:[OfficalTruck2] Start moving to ORDER(3):NorthPitMine-LoadSite4, move distance is 4.595672370567287, speed: 25
2025-09-11 21:22:29,134 [INFO] Truck: Time:<86> Truck:[OfficalTruck2] breakdown for 6.649355692290182 minutes at 86
2025-09-11 21:22:29,134 [INFO] Truck: Time:<104.2939968494993> Truck:[XHTruck10] Finish loading at shovel NorthPitMine-LoadSite5-Shovel-2
2025-09-11 21:22:29,138 [DEBUG] Truck: Time:<104.2939968494993> Truck:[XHTruck10] Start moving to ORDER(0): NorthPitMine-DumpSite1, move distance is 5.15, speed: 25
2025-09-11 21:22:29,138 [INFO] Truck: Time:<86> Truck:[XHTruck10] breakdown for 12.69847137378088 minutes at 86
2025-09-11 21:22:29,138 [DEBUG] Truck: Time:<104.31584756256926> Truck:[CLTruck21] Arrived at NorthPitMine-DumpSite4 at 104.31584756256926
2025-09-11 21:22:29,139 [INFO] Truck: Time:<104.43724305319861> Truck:[CLTruck3] Arrived at NorthPitMine-LoadSite3 at 104.43724305319861
2025-09-11 21:22:29,139 [INFO] Truck: Time:<104.43724305319861> Truck:[CLTruck3] Start loading at shovel NorthPitMine-LoadSite3-Shovel-1, load time is 2.5836614173228347
2025-09-11 21:22:29,139 [INFO] Truck: Time:<104.72686728928333> Truck:[XHTruck15] Finish unloading at dumper NorthPitMine-DumpSite3-点位0, dumper tons is 1327.4670425514125
2025-09-11 21:22:29,141 [DEBUG] Truck: Time:<104.72686728928333> Truck:[XHTruck15] Start moving to ORDER(0):LoadSite1, move distance is 12.74, speed: 25
2025-09-11 21:22:29,145 [DEBUG] Truck: Time:<104.98590273562888> Truck:[XHTruck22] Arrived at NorthPitMine-DumpSite1 at 104.98590273562888
2025-09-11 21:22:29,147 [INFO] Truck: Time:<105.31584756256926> Truck:[CLTruck21] Finish unloading at dumper NorthPitMine-DumpSite4-点位0, dumper tons is 276.1286303002989
2025-09-11 21:22:29,150 [DEBUG] Truck: Time:<105.31584756256926> Truck:[CLTruck21] Start moving to ORDER(0):LoadSite1, move distance is 4.75, speed: 25
2025-09-11 21:22:29,150 [INFO] Truck: Time:<98> Truck:[CLTruck21] breakdown for 7.253339322706204 minutes at 98
2025-09-11 21:22:29,151 [INFO] Truck: Time:<105.60436047515532> Truck:[CLTruck23] Arrived at NorthPitMine-LoadSite3 at 105.60436047515532
2025-09-11 21:22:29,151 [DEBUG] Truck: Time:<105.77262328078078> Truck:[XHTruck30] Arrived at NorthPitMine-DumpSite5 at 105.77262328078078
2025-09-11 21:22:29,151 [INFO] Truck: Time:<105.98590273562888> Truck:[XHTruck22] Finish unloading at dumper NorthPitMine-DumpSite1-点位0, dumper tons is 984.0664199806739
2025-09-11 21:22:29,155 [DEBUG] Truck: Time:<105.98590273562888> Truck:[XHTruck22] Start moving to ORDER(1):NorthPitMine-LoadSite2, move distance is 6.90669448175264, speed: 25
2025-09-11 21:22:29,155 [INFO] Truck: Time:<100> Truck:[XHTruck22] breakdown for 9.321914969284897 minutes at 100
2025-09-11 21:22:29,157 [INFO] Truck: Time:<106.20266666666667> Truck:[XHTruck5] Finish loading at shovel NorthPitMine-LoadSite3-Shovel-2
2025-09-11 21:22:29,157 [INFO] Truck: Time:<106.20266666666667> Shovel NorthPitMine-LoadSite3-Shovel-2 under maintenance for 40.38 minutes
2025-09-11 21:22:29,157 [DEBUG] Truck: Time:<106.54017799977066> Truck:[XHTruck28] Arrived at NorthPitMine-DumpSite2 at 106.54017799977066
2025-09-11 21:22:29,157 [DEBUG] Truck: Time:<106.54270889183282> Truck:[XHTruck20] Arrived at NorthPitMine-DumpSite4 at 106.54270889183282
2025-09-11 21:22:29,158 [INFO] Truck: Time:<106.77262328078078> Truck:[XHTruck30] Finish unloading at dumper NorthPitMine-DumpSite5-点位0, dumper tons is 209.44534988176582
2025-09-11 21:22:29,163 [DEBUG] Truck: Time:<106.77262328078078> Truck:[XHTruck30] Start moving to ORDER(0):LoadSite1, move distance is 45.21173707139971, speed: 25
2025-09-11 21:22:29,164 [INFO] Truck: Time:<101> Truck:[XHTruck30] breakdown for 8.947939880904851 minutes at 101
2025-09-11 21:22:29,164 [INFO] Truck: Time:<106.87550576907489> Truck:[OfficalTruck6] is facing 0 mins delay caused by 1 pre-existing jam events on Road from NorthPitMine-LoadSite4 to NorthPitMine-DumpSite3
2025-09-11 21:22:29,167 [INFO] Truck: Time:<107.02090447052144> Truck:[CLTruck3] Finish loading at shovel NorthPitMine-LoadSite3-Shovel-1
2025-09-11 21:22:29,167 [INFO] Truck: Time:<107.02090447052144> Shovel NorthPitMine-LoadSite3-Shovel-1 under maintenance for 45.08 minutes
2025-09-11 21:22:29,168 [INFO] Truck: Time:<107.02580612139062> Truck:[XHTruck16] Finish loading at shovel LoadSite1-Shovel-2
2025-09-11 21:22:29,168 [INFO] Truck: Time:<107.02580612139062> Shovel LoadSite1-Shovel-2 under maintenance for 38.25 minutes
2025-09-11 21:22:29,168 [INFO] Truck: Time:<107.54017799977066> Truck:[XHTruck28] Finish unloading at dumper NorthPitMine-DumpSite2-点位0, dumper tons is 492.0961453243786
2025-09-11 21:22:29,172 [DEBUG] Truck: Time:<107.54017799977066> Truck:[XHTruck28] Start moving to ORDER(0):LoadSite1, move distance is 49.00846172710635, speed: 25
2025-09-11 21:22:29,172 [INFO] Truck: Time:<94> Truck:[XHTruck28] breakdown for 11.36401258895615 minutes at 94
2025-09-11 21:22:29,173 [INFO] Truck: Time:<107.54270889183282> Truck:[XHTruck20] Finish unloading at dumper NorthPitMine-DumpSite4-点位0, dumper tons is 335.2949226132915
2025-09-11 21:22:29,177 [DEBUG] Truck: Time:<107.54270889183282> Truck:[XHTruck20] Start moving to ORDER(4):NorthPitMine-LoadSite5, move distance is 26.12, speed: 25
2025-09-11 21:22:29,178 [DEBUG] Truck: Time:<107.86711722627089> Truck:[XHTruck18] Arrived at NorthPitMine-DumpSite1 at 107.86711722627089
2025-09-11 21:22:29,178 [INFO] Truck: Time:<107.8741608372738> Truck:[XHTruck13] is facing 4.4096973794868966 mins delay caused by 1 pre-existing jam events on Road from NorthPitMine-DumpSite3 to NorthPitMine-LoadSite5
2025-09-11 21:22:29,182 [INFO] Truck: Time:<108.00499616971315> Truck:[CLTruck19] is facing 0 mins delay caused by 1 pre-existing jam events on Road from NorthPitMine-LoadSite4 to NorthPitMine-DumpSite3
2025-09-11 21:22:29,183 [INFO] Truck: Time:<108.01173200961168> Truck:[CLTruck27] Arrived at NorthPitMine-LoadSite2 at 108.01173200961168
2025-09-11 21:22:29,183 [INFO] Truck: Time:<108.01173200961168> Truck:[CLTruck27] Start loading at shovel NorthPitMine-LoadSite2-Shovel-2, load time is 15.555555555555555
2025-09-11 21:22:29,184 [INFO] Truck: Time:<108.86711722627089> Truck:[XHTruck18] Finish unloading at dumper NorthPitMine-DumpSite1-点位0, dumper tons is 1036.158735632771
2025-09-11 21:22:29,189 [DEBUG] Truck: Time:<108.86711722627089> Truck:[XHTruck18] Start moving to ORDER(1):NorthPitMine-LoadSite2, move distance is 5.32, speed: 25
2025-09-11 21:22:29,194 [DEBUG] Truck: Time:<109.99204601279222> Truck:[XHTruck19] Arrived at NorthPitMine-DumpSite3 at 109.99204601279222
2025-09-11 21:22:29,196 [INFO] Truck: Time:<110.5607271495648> Truck:[XHTruck2] Arrived at NorthPitMine-LoadSite5 at 110.5607271495648
2025-09-11 21:22:29,196 [INFO] Truck: Time:<110.5607271495648> Truck:[XHTruck2] Start loading at shovel NorthPitMine-LoadSite5-Shovel-1, load time is 4.060039370078741
2025-09-11 21:22:29,199 [INFO] Truck: Time:<110.66214958542012> Truck:[OfficalTruck1] Arrived at NorthPitMine-LoadSite3 at 110.66214958542012
2025-09-11 21:22:29,199 [INFO] Truck: Time:<110.81922939286258> Truck:[CLTruck18] Arrived at NorthPitMine-LoadSite5 at 110.81922939286258
2025-09-11 21:22:29,200 [INFO] Truck: Time:<110.81922939286258> Truck:[CLTruck18] Start loading at shovel NorthPitMine-LoadSite5-Shovel-2, load time is 2.5836614173228347
2025-09-11 21:22:29,200 [INFO] Truck: Time:<110.99204601279222> Truck:[XHTruck19] Finish unloading at dumper NorthPitMine-DumpSite3-点位0, dumper tons is 1387.5763844075948
2025-09-11 21:22:29,204 [DEBUG] Truck: Time:<110.99204601279222> Truck:[XHTruck19] Start moving to ORDER(3):NorthPitMine-LoadSite4, move distance is 3.73, speed: 25
2025-09-11 21:22:29,204 [INFO] Truck: Time:<96> Truck:[XHTruck19] breakdown for 6.4197746186905125 minutes at 96
2025-09-11 21:22:29,208 [DEBUG] Truck: Time:<111.32983172477928> Truck:[CLTruck14] Arrived at NorthPitMine-DumpSite1 at 111.32983172477928
2025-09-11 21:22:29,209 [INFO] Truck: Time:<111.56210938524383> Truck:[CLTruck4] Arrived at NorthPitMine-LoadSite4 at 111.56210938524383
2025-09-11 21:22:29,210 [INFO] Truck: Time:<111.56210938524383> Truck:[CLTruck4] Start loading at shovel NorthPitMine-LoadSite4-Shovel-1, load time is 2.5836614173228347
2025-09-11 21:22:29,215 [INFO] Truck: Time:<112.32983172477928> Truck:[CLTruck14] Finish unloading at dumper NorthPitMine-DumpSite1-点位0, dumper tons is 1072.8420858682557
2025-09-11 21:22:29,218 [DEBUG] Truck: Time:<112.32983172477928> Truck:[CLTruck14] Start moving to ORDER(2):NorthPitMine-LoadSite3, move distance is 4.442312042657074, speed: 25
2025-09-11 21:22:29,218 [INFO] Truck: Time:<103> Truck:[CLTruck14] breakdown for 11.734973599981725 minutes at 103
2025-09-11 21:22:29,221 [INFO] Truck: Time:<112.41079309569155> Truck:[OfficalTruck9] Arrived at NorthPitMine-LoadSite4 at 112.41079309569155
2025-09-11 21:22:29,221 [INFO] Truck: Time:<112.73445316911848> Truck:[CLTruck28] Arrived at NorthPitMine-LoadSite3 at 112.73445316911848
2025-09-11 21:22:29,221 [INFO] Truck: Time:<112.88774778696528> Truck:[XHTruck14] Arrived at LoadSite1 at 112.88774778696528
2025-09-11 21:22:29,224 [INFO] Truck: Time:<113.2858471062484> Truck:[XHTruck11] Finish loading at shovel LoadSite1-Shovel-3
2025-09-11 21:22:29,227 [DEBUG] Truck: Time:<113.2858471062484> Truck:[XHTruck11] Start moving to ORDER(0): NorthPitMine-DumpSite1, move distance is 5.238, speed: 25
2025-09-11 21:22:29,227 [INFO] Truck: Time:<104> Truck:[XHTruck11] breakdown for 13.587427191768281 minutes at 104
2025-09-11 21:22:29,227 [DEBUG] Truck: Time:<113.29678217914159> Truck:[XHTruck25] Arrived at NorthPitMine-DumpSite3 at 113.29678217914159
2025-09-11 21:22:29,227 [DEBUG] Truck: Time:<113.35493038520505> Truck:[XHTruck24] Arrived at NorthPitMine-DumpSite3 at 113.35493038520505
2025-09-11 21:22:29,227 [INFO] Truck: Time:<113.40289081018541> Truck:[CLTruck18] Finish loading at shovel NorthPitMine-LoadSite5-Shovel-2
2025-09-11 21:22:29,231 [DEBUG] Truck: Time:<113.40289081018541> Truck:[CLTruck18] Start moving to ORDER(0): NorthPitMine-DumpSite1, move distance is 5.15, speed: 25
2025-09-11 21:22:29,231 [INFO] Truck: Time:<110> Truck:[CLTruck18] breakdown for 9.629456207635421 minutes at 110
2025-09-11 21:22:29,232 [DEBUG] Truck: Time:<113.80661731428665> Truck:[CLTruck17] Arrived at NorthPitMine-DumpSite2 at 113.80661731428665
2025-09-11 21:22:29,234 [INFO] Truck: Time:<114.14577080256666> Truck:[CLTruck4] Finish loading at shovel NorthPitMine-LoadSite4-Shovel-1
2025-09-11 21:22:29,239 [DEBUG] Truck: Time:<114.14577080256666> Truck:[CLTruck4] Start moving to ORDER(0): NorthPitMine-DumpSite1, move distance is 4.875937512008254, speed: 25
2025-09-11 21:22:29,239 [INFO] Truck: Time:<114.14577080256666> Truck:[OfficalTruck9] Start loading at shovel NorthPitMine-LoadSite4-Shovel-1, load time is 5.684055118110236
2025-09-11 21:22:29,239 [DEBUG] Truck: Time:<114.1648731469351> Truck:[XHTruck33] Arrived at NorthPitMine-DumpSite2 at 114.1648731469351
2025-09-11 21:22:29,239 [INFO] Truck: Time:<114.29678217914159> Truck:[XHTruck25] Finish unloading at dumper NorthPitMine-DumpSite3-点位0, dumper tons is 1444.4002539326186
2025-09-11 21:22:29,245 [DEBUG] Truck: Time:<114.29678217914159> Truck:[XHTruck25] Start moving to ORDER(2):NorthPitMine-LoadSite3, move distance is 3.2615808285898216, speed: 25
2025-09-11 21:22:29,245 [INFO] Truck: Time:<110> Truck:[XHTruck25] breakdown for 10.585410061858504 minutes at 110
2025-09-11 21:22:29,246 [INFO] Truck: Time:<114.35493038520505> Truck:[XHTruck24] Finish unloading at dumper NorthPitMine-DumpSite3-点位1, dumper tons is 330.54549643603923
2025-09-11 21:22:29,252 [DEBUG] Truck: Time:<114.35493038520505> Truck:[XHTruck24] Start moving to ORDER(3):NorthPitMine-LoadSite4, move distance is 3.73, speed: 25
2025-09-11 21:22:29,252 [INFO] Truck: Time:<110> Truck:[XHTruck24] breakdown for 8.481258879208104 minutes at 110
2025-09-11 21:22:29,252 [INFO] Truck: Time:<114.57538810462401> Truck:[CLTruck12] Finish loading at shovel NorthPitMine-LoadSite3-Shovel-3
2025-09-11 21:22:29,256 [DEBUG] Truck: Time:<114.57538810462401> Truck:[CLTruck12] Start moving to ORDER(3): NorthPitMine-DumpSite4, move distance is 4.876333960867795, speed: 25
2025-09-11 21:22:29,257 [INFO] Truck: Time:<114> Truck:[CLTruck12] breakdown for 17.33009257352622 minutes at 114
2025-09-11 21:22:29,257 [INFO] Truck: Time:<114.57538810462401> Truck:[CLTruck28] Start loading at shovel NorthPitMine-LoadSite3-Shovel-3, load time is 15.555555555555555
2025-09-11 21:22:29,257 [INFO] Truck: Time:<114.62076651964354> Truck:[XHTruck2] Finish loading at shovel NorthPitMine-LoadSite5-Shovel-1
2025-09-11 21:22:29,260 [DEBUG] Truck: Time:<114.62076651964354> Truck:[XHTruck2] Start moving to ORDER(2): NorthPitMine-DumpSite3, move distance is 8.250284857757746, speed: 25
2025-09-11 21:22:29,260 [INFO] Truck: Time:<112> Truck:[XHTruck2] breakdown for 11.135706949677685 minutes at 112
2025-09-11 21:22:29,260 [INFO] Truck: Time:<114.80661731428665> Truck:[CLTruck17] Finish unloading at dumper NorthPitMine-DumpSite2-点位0, dumper tons is 527.7005679720012
2025-09-11 21:22:29,263 [INFO] Road: [RoadEvent] Road from NorthPitMine-DumpSite2 to NorthPitMine-LoadSite5 is in repair，the repair will last for 63.92 mins, and will end at 178.72, vehicle on this road will have to suffer punish_distance.
2025-09-11 21:22:29,264 [DEBUG] Truck: Time:<114.80661731428665> Truck:[CLTruck17] Start moving to ORDER(4):NorthPitMine-LoadSite5, move distance is 8.449670987029094, speed: 25
2025-09-11 21:22:29,264 [INFO] Truck: Time:<106> Truck:[CLTruck17] breakdown for 9.807311993599546 minutes at 106
2025-09-11 21:22:29,264 [DEBUG] Truck: Time:<114.8884957001888> Truck:[XHTruck26] Arrived at NorthPitMine-DumpSite3 at 114.8884957001888
2025-09-11 21:22:29,267 [INFO] Truck: Time:<115.1648731469351> Truck:[XHTruck33] Finish unloading at dumper NorthPitMine-DumpSite2-点位1, dumper tons is 86.20733872085123
2025-09-11 21:22:29,267 [INFO] Road: [RoadEvent] Road from NorthPitMine-DumpSite2 to NorthPitMine-LoadSite2 is in repair，the repair will last for 69.06 mins, and will end at 184.23, vehicle on this road will have to suffer punish_distance.
2025-09-11 21:22:29,272 [DEBUG] Truck: Time:<115.1648731469351> Truck:[XHTruck33] Start moving to ORDER(1):NorthPitMine-LoadSite2, move distance is 26.998006531048077, speed: 25
2025-09-11 21:22:29,272 [INFO] Truck: Time:<115.30781770491379> Truck:[XHTruck22] is facing 0 mins delay caused by 1 pre-existing jam events on Road from NorthPitMine-DumpSite1 to NorthPitMine-LoadSite2
2025-09-11 21:22:29,273 [DEBUG] Truck: Time:<115.33160848448651> Truck:[XHTruck21] Arrived at NorthPitMine-DumpSite1 at 115.33160848448651
2025-09-11 21:22:29,273 [INFO] Truck: Time:<115.70712478580671> Truck:[XHTruck1] Arrived at LoadSite1 at 115.70712478580671
2025-09-11 21:22:29,273 [INFO] Truck: Time:<115.70712478580671> Truck:[XHTruck1] Start loading at shovel LoadSite1-Shovel-3, load time is 24.444444444444443
2025-09-11 21:22:29,273 [INFO] Truck: Time:<115.8884957001888> Truck:[XHTruck26] Finish unloading at dumper NorthPitMine-DumpSite3-点位0, dumper tons is 1496.25635481737
2025-09-11 21:22:29,276 [DEBUG] Truck: Time:<115.8884957001888> Truck:[XHTruck26] Start moving to ORDER(1):NorthPitMine-LoadSite2, move distance is 7.41, speed: 25
2025-09-11 21:22:29,277 [INFO] Truck: Time:<115.91527814369277> Truck:[CLTruck25] Arrived at NorthPitMine-LoadSite5 at 115.91527814369277
2025-09-11 21:22:29,277 [INFO] Truck: Time:<115.91527814369277> Truck:[CLTruck25] Start loading at shovel NorthPitMine-LoadSite5-Shovel-1, load time is 2.5836614173228347
2025-09-11 21:22:29,279 [INFO] Truck: Time:<116.33160848448651> Truck:[XHTruck21] Finish unloading at dumper NorthPitMine-DumpSite1-点位0, dumper tons is 1126.9774732237079
2025-09-11 21:22:29,283 [DEBUG] Truck: Time:<116.33160848448651> Truck:[XHTruck21] Start moving to ORDER(3):NorthPitMine-LoadSite4, move distance is 4.59462806299414, speed: 25
2025-09-11 21:22:29,284 [INFO] Truck: Time:<106> Truck:[XHTruck21] breakdown for 12.874911333656954 minutes at 106
2025-09-11 21:22:29,284 [DEBUG] Truck: Time:<116.95699616971315> Truck:[CLTruck19] Arrived at NorthPitMine-DumpSite3 at 116.95699616971315
2025-09-11 21:22:29,286 [INFO] Truck: Time:<117.1326181291261> Truck:[XHTruck4] Finish loading at shovel LoadSite1-Shovel-4
2025-09-11 21:22:29,291 [DEBUG] Truck: Time:<117.1326181291261> Truck:[XHTruck4] Start moving to ORDER(0): NorthPitMine-DumpSite1, move distance is 5.238, speed: 25
2025-09-11 21:22:29,291 [INFO] Truck: Time:<92> Truck:[XHTruck4] breakdown for 9.456994961959929 minutes at 92
2025-09-11 21:22:29,292 [DEBUG] Truck: Time:<117.47018693658929> Truck:[XHTruck23] Arrived at NorthPitMine-DumpSite4 at 117.47018693658929
2025-09-11 21:22:29,292 [DEBUG] Truck: Time:<117.61991717423129> Truck:[CLTruck5] Arrived at NorthPitMine-DumpSite3 at 117.61991717423129
2025-09-11 21:22:29,292 [INFO] Truck: Time:<117.62540963846415> Truck:[CLTruck20] Finish loading at shovel LoadSite1-Shovel-5
2025-09-11 21:22:29,296 [INFO] Road: [RoadEvent] Road from LoadSite1 to NorthPitMine-DumpSite5 is in repair，the repair will last for 41.24 mins, and will end at 158.86, vehicle on this road will have to suffer punish_distance.
2025-09-11 21:22:29,296 [DEBUG] Truck: Time:<117.62540963846415> Truck:[CLTruck20] Start moving to ORDER(4): NorthPitMine-DumpSite5, move distance is 4.459554893656355, speed: 25
2025-09-11 21:22:29,296 [INFO] Truck: Time:<97> Truck:[CLTruck20] breakdown for 7.025277514858651 minutes at 97
2025-09-11 21:22:29,297 [INFO] Truck: Time:<117.95699616971315> Truck:[CLTruck19] Finish unloading at dumper NorthPitMine-DumpSite3-点位0, dumper tons is 1528.697854118864
2025-09-11 21:22:29,301 [DEBUG] Truck: Time:<117.95699616971315> Truck:[CLTruck19] Start moving to ORDER(3):NorthPitMine-LoadSite4, move distance is 3.73, speed: 25
2025-09-11 21:22:29,303 [INFO] Truck: Time:<118.47018693658929> Truck:[XHTruck23] Finish unloading at dumper NorthPitMine-DumpSite4-点位0, dumper tons is 395.6197372783346
2025-09-11 21:22:29,306 [DEBUG] Truck: Time:<118.47018693658929> Truck:[XHTruck23] Start moving to ORDER(1):NorthPitMine-LoadSite2, move distance is 13.77, speed: 25
2025-09-11 21:22:29,307 [INFO] Truck: Time:<118.4989395610156> Truck:[CLTruck25] Finish loading at shovel NorthPitMine-LoadSite5-Shovel-1
2025-09-11 21:22:29,310 [INFO] Road: [RoadEvent] Road from NorthPitMine-LoadSite5 to NorthPitMine-DumpSite1 is in repair，the repair will last for 40.42 mins, and will end at 158.91, vehicle on this road will have to suffer punish_distance.
2025-09-11 21:22:29,310 [DEBUG] Truck: Time:<118.4989395610156> Truck:[CLTruck25] Start moving to ORDER(0): NorthPitMine-DumpSite1, move distance is 7.782143671235283, speed: 25
2025-09-11 21:22:29,310 [INFO] Truck: Time:<108> Truck:[CLTruck25] breakdown for 17.548389013544064 minutes at 108
2025-09-11 21:22:29,310 [INFO] Truck: Time:<118.61991717423129> Truck:[CLTruck5] Finish unloading at dumper NorthPitMine-DumpSite3-点位1, dumper tons is 362.702907809259
2025-09-11 21:22:29,313 [DEBUG] Truck: Time:<118.61991717423129> Truck:[CLTruck5] Start moving to ORDER(2):NorthPitMine-LoadSite3, move distance is 3.5752956316126623, speed: 25
2025-09-11 21:22:29,313 [INFO] Truck: Time:<109> Truck:[CLTruck5] breakdown for 10.184082300469344 minutes at 109
2025-09-11 21:22:29,314 [INFO] Truck: Time:<118.9041905887268> Truck:[XHTruck28] is facing 0 mins delay caused by 1 pre-existing jam events on Road from NorthPitMine-DumpSite2 to LoadSite1
2025-09-11 21:22:29,316 [DEBUG] Truck: Time:<119.24142916549087> Truck:[CLTruck2] Arrived at NorthPitMine-DumpSite5 at 119.24142916549087
2025-09-11 21:22:29,316 [DEBUG] Truck: Time:<119.28350611919099> Truck:[OfficalTruck6] Arrived at NorthPitMine-DumpSite3 at 119.28350611919099
2025-09-11 21:22:29,316 [DEBUG] Truck: Time:<119.58321479814133> Truck:[XHTruck17] Arrived at NorthPitMine-DumpSite3 at 119.58321479814133
2025-09-11 21:22:29,316 [INFO] Truck: Time:<119.64622222222222> Truck:[XHTruck32] Finish loading at shovel NorthPitMine-LoadSite4-Shovel-2
2025-09-11 21:22:29,320 [DEBUG] Truck: Time:<119.64622222222222> Truck:[XHTruck32] Start moving to ORDER(1): NorthPitMine-DumpSite2, move distance is 1.17, speed: 25
2025-09-11 21:22:29,322 [INFO] Truck: Time:<100> Truck:[XHTruck32] breakdown for 7.5056584440738074 minutes at 100
2025-09-11 21:22:29,322 [INFO] Truck: Time:<119.64622222222222> Truck:[XHTruck6] Start loading at shovel NorthPitMine-LoadSite4-Shovel-2, load time is 24.444444444444443
2025-09-11 21:22:29,322 [INFO] Truck: Time:<119.64622222222224> Truck:[OfficalTruck5] Finish loading at shovel NorthPitMine-LoadSite4-Shovel-3
2025-09-11 21:22:29,326 [DEBUG] Truck: Time:<119.64622222222224> Truck:[OfficalTruck5] Start moving to ORDER(0): NorthPitMine-DumpSite1, move distance is 4.310604551538971, speed: 25
2025-09-11 21:22:29,326 [INFO] Truck: Time:<100> Truck:[OfficalTruck5] breakdown for 9.295774902627489 minutes at 100
2025-09-11 21:22:29,326 [INFO] Truck: Time:<119.64622222222224> Truck:[OfficalTruck3] Start loading at shovel NorthPitMine-LoadSite4-Shovel-3, load time is 34.22222222222222
2025-09-11 21:22:29,326 [INFO] Truck: Time:<119.8298259206769> Truck:[OfficalTruck9] Finish loading at shovel NorthPitMine-LoadSite4-Shovel-1
2025-09-11 21:22:29,330 [DEBUG] Truck: Time:<119.8298259206769> Truck:[OfficalTruck9] Start moving to ORDER(0): NorthPitMine-DumpSite1, move distance is 4.730057482447444, speed: 25
2025-09-11 21:22:29,330 [INFO] Truck: Time:<118> Truck:[OfficalTruck9] breakdown for 9.099834926980167 minutes at 118
2025-09-11 21:22:29,332 [INFO] Truck: Time:<120.24142916549087> Truck:[CLTruck2] Finish unloading at dumper NorthPitMine-DumpSite5-点位0, dumper tons is 243.76719551630816
2025-09-11 21:22:29,335 [DEBUG] Truck: Time:<120.24142916549087> Truck:[CLTruck2] Start moving to ORDER(2):NorthPitMine-LoadSite3, move distance is 26.24274297091637, speed: 25
2025-09-11 21:22:29,335 [INFO] Truck: Time:<110> Truck:[CLTruck2] breakdown for 12.635943927955639 minutes at 110
2025-09-11 21:22:29,337 [INFO] Truck: Time:<120.28350611919099> Truck:[OfficalTruck6] Finish unloading at dumper NorthPitMine-DumpSite3-点位0, dumper tons is 1608.4524059587582
2025-09-11 21:22:29,341 [DEBUG] Truck: Time:<120.28350611919099> Truck:[OfficalTruck6] Start moving to ORDER(2):NorthPitMine-LoadSite3, move distance is 3.315803752779633, speed: 25
2025-09-11 21:22:29,341 [INFO] Truck: Time:<120.58321479814133> Truck:[XHTruck17] Finish unloading at dumper NorthPitMine-DumpSite3-点位1, dumper tons is 417.66135760323886
2025-09-11 21:22:29,347 [DEBUG] Truck: Time:<120.58321479814133> Truck:[XHTruck17] Start moving to ORDER(3):NorthPitMine-LoadSite4, move distance is 3.73, speed: 25
2025-09-11 21:22:29,347 [INFO] Truck: Time:<110> Truck:[XHTruck17] breakdown for 9.814373161736183 minutes at 110
2025-09-11 21:22:29,348 [INFO] Truck: Time:<120.92181871725788> Truck:[OfficalTruck7] Arrived at NorthPitMine-LoadSite4 at 120.92181871725788
2025-09-11 21:22:29,348 [INFO] Truck: Time:<120.92181871725788> Truck:[OfficalTruck7] Start loading at shovel NorthPitMine-LoadSite4-Shovel-1, load time is 5.684055118110236
2025-09-11 21:22:29,351 [DEBUG] Truck: Time:<121.07346443223256> Truck:[CLTruck24] Arrived at NorthPitMine-DumpSite4 at 121.07346443223256
2025-09-11 21:22:29,351 [INFO] Truck: Time:<121.63511722627089> Truck:[XHTruck18] Arrived at NorthPitMine-LoadSite2 at 121.63511722627089
2025-09-11 21:22:29,352 [INFO] Truck: Time:<121.63511722627089> Truck:[XHTruck18] Start loading at shovel NorthPitMine-LoadSite2-Shovel-3, load time is 24.444444444444443
2025-09-11 21:22:29,352 [INFO] Truck: Time:<121.81923581507324> Truck:[OfficalTruck2] Arrived at NorthPitMine-LoadSite4 at 121.81923581507324
2025-09-11 21:22:29,354 [DEBUG] Truck: Time:<122.05042916535298> Truck:[XHTruck12] Arrived at NorthPitMine-DumpSite1 at 122.05042916535298
2025-09-11 21:22:29,354 [INFO] Truck: Time:<122.07346443223256> Truck:[CLTruck24] Finish unloading at dumper NorthPitMine-DumpSite4-点位0, dumper tons is 433.90956076490704
2025-09-11 21:22:29,358 [INFO] Road: [RoadEvent] Road from NorthPitMine-DumpSite4 to LoadSite1 is in repair，the repair will last for 53.64 mins, and will end at 175.71, vehicle on this road will have to suffer punish_distance.
2025-09-11 21:22:29,359 [DEBUG] Truck: Time:<122.07346443223256> Truck:[CLTruck24] Start moving to ORDER(0):LoadSite1, move distance is 6.4391076520946156, speed: 25
2025-09-11 21:22:29,359 [INFO] Truck: Time:<115> Truck:[CLTruck24] breakdown for 13.782883275833301 minutes at 115
2025-09-11 21:22:29,362 [INFO] Truck: Time:<123.05042916535298> Truck:[XHTruck12] Finish unloading at dumper NorthPitMine-DumpSite1-点位0, dumper tons is 1179.812484388276
2025-09-11 21:22:29,363 [DEBUG] Truck: Time:<123.05042916535298> Truck:[XHTruck12] Start moving to ORDER(1):NorthPitMine-LoadSite2, move distance is 5.32, speed: 25
2025-09-11 21:22:29,363 [INFO] Truck: Time:<117> Truck:[XHTruck12] breakdown for 11.079911582530123 minutes at 117
2025-09-11 21:22:29,363 [INFO] Truck: Time:<123.343638600275> Truck:[CLTruck29] Arrived at NorthPitMine-LoadSite2 at 123.343638600275
2025-09-11 21:22:29,363 [INFO] Truck: Time:<123.343638600275> Truck:[CLTruck29] Start loading at shovel NorthPitMine-LoadSite2-Shovel-4, load time is 15.555555555555555
2025-09-11 21:22:29,363 [INFO] Truck: Time:<123.56728756516723> Truck:[CLTruck27] Finish loading at shovel NorthPitMine-LoadSite2-Shovel-2
2025-09-11 21:22:29,370 [DEBUG] Truck: Time:<123.56728756516723> Truck:[CLTruck27] Start moving to ORDER(4): NorthPitMine-DumpSite5, move distance is 4.776317235825962, speed: 25
2025-09-11 21:22:29,370 [INFO] Truck: Time:<97> Truck:[CLTruck27] breakdown for 9.884277368329045 minutes at 97
2025-09-11 21:22:29,371 [INFO] Truck: Time:<123.96918688527548> Truck:[CLTruck21] Arrived at LoadSite1 at 123.96918688527548
2025-09-11 21:22:29,371 [INFO] Truck: Time:<123.96918688527548> Truck:[CLTruck21] Start loading at shovel LoadSite1-Shovel-4, load time is 15.555555555555555
2025-09-11 21:22:29,375 [INFO] Truck: Time:<125.424> Truck:[XHTruck31] Finish loading at shovel NorthPitMine-LoadSite4-Shovel-4
2025-09-11 21:22:29,379 [DEBUG] Truck: Time:<125.424> Truck:[XHTruck31] Start moving to ORDER(4): NorthPitMine-DumpSite5, move distance is 7.410279986427897, speed: 25
2025-09-11 21:22:29,379 [INFO] Truck: Time:<120> Truck:[XHTruck31] breakdown for 11.235447742234093 minutes at 120
2025-09-11 21:22:29,379 [INFO] Truck: Time:<125.7718582167607> Truck:[XHTruck13] Arrived at NorthPitMine-LoadSite5 at 125.7718582167607
2025-09-11 21:22:29,380 [INFO] Truck: Time:<125.7718582167607> Truck:[XHTruck13] Start loading at shovel NorthPitMine-LoadSite5-Shovel-1, load time is 4.060039370078741
2025-09-11 21:22:29,380 [DEBUG] Truck: Time:<125.84802083138646> Truck:[CLTruck4] Arrived at NorthPitMine-DumpSite1 at 125.84802083138646
2025-09-11 21:22:29,382 [INFO] Truck: Time:<126.36382063148272> Truck:[XHTruck19] Arrived at NorthPitMine-LoadSite4 at 126.36382063148272
2025-09-11 21:22:29,383 [INFO] Truck: Time:<126.36382063148272> Truck:[XHTruck19] Start loading at shovel NorthPitMine-LoadSite4-Shovel-4, load time is 24.444444444444443
2025-09-11 21:22:29,383 [DEBUG] Truck: Time:<126.37936797607908> Truck:[XHTruck7] Arrived at NorthPitMine-DumpSite5 at 126.37936797607908
2025-09-11 21:22:29,383 [INFO] Truck: Time:<126.57714944588965> Truck:[XHTruck29] Finish loading at shovel NorthPitMine-LoadSite4-Shovel-5
2025-09-11 21:22:29,388 [DEBUG] Truck: Time:<126.57714944588965> Truck:[XHTruck29] Start moving to ORDER(4): NorthPitMine-DumpSite5, move distance is 7.023586625970098, speed: 25
2025-09-11 21:22:29,388 [INFO] Truck: Time:<122> Truck:[XHTruck29] breakdown for 11.62028328473398 minutes at 122
2025-09-11 21:22:29,389 [INFO] Truck: Time:<126.60587383536812> Truck:[OfficalTruck7] Finish loading at shovel NorthPitMine-LoadSite4-Shovel-1
2025-09-11 21:22:29,392 [DEBUG] Truck: Time:<126.60587383536812> Truck:[OfficalTruck7] Start moving to ORDER(1): NorthPitMine-DumpSite2, move distance is 1.17, speed: 25
2025-09-11 21:22:29,392 [INFO] Truck: Time:<126.60587383536812> Truck:[OfficalTruck2] Start loading at shovel NorthPitMine-LoadSite4-Shovel-1, load time is 5.684055118110236
2025-09-11 21:22:29,392 [INFO] Truck: Time:<126.84802083138646> Truck:[CLTruck4] Finish unloading at dumper NorthPitMine-DumpSite1-点位0, dumper tons is 1213.3912391784406
2025-09-11 21:22:29,396 [DEBUG] Truck: Time:<126.84802083138646> Truck:[CLTruck4] Start moving to ORDER(2):NorthPitMine-LoadSite3, move distance is 4.021598701501349, speed: 25
2025-09-11 21:22:29,397 [INFO] Truck: Time:<126.90899616971315> Truck:[CLTruck19] Arrived at NorthPitMine-LoadSite4 at 126.90899616971315
2025-09-11 21:22:29,397 [INFO] Truck: Time:<126.90899616971315> Truck:[CLTruck19] Start loading at shovel NorthPitMine-LoadSite4-Shovel-5, load time is 15.555555555555555
2025-09-11 21:22:29,399 [DEBUG] Truck: Time:<127.04300274642154> Truck:[CLTruck16] Arrived at NorthPitMine-DumpSite5 at 127.04300274642154
2025-09-11 21:22:29,400 [INFO] Truck: Time:<127.37936797607908> Truck:[XHTruck7] Finish unloading at dumper NorthPitMine-DumpSite5-点位0, dumper tons is 293.92281734472226
2025-09-11 21:22:29,402 [INFO] Road: [RoadEvent] Road from NorthPitMine-DumpSite5 to NorthPitMine-LoadSite4 is in repair，the repair will last for 38.97 mins, and will end at 166.35, vehicle on this road will have to suffer punish_distance.
2025-09-11 21:22:29,404 [DEBUG] Truck: Time:<127.37936797607908> Truck:[XHTruck7] Start moving to ORDER(3):NorthPitMine-LoadSite4, move distance is 7.455603819743264, speed: 25
2025-09-11 21:22:29,404 [DEBUG] Truck: Time:<127.80299301859259> Truck:[CLTruck26] Arrived at NorthPitMine-DumpSite5 at 127.80299301859259
2025-09-11 21:22:29,406 [INFO] Truck: Time:<128.04300274642154> Truck:[CLTruck16] Finish unloading at dumper NorthPitMine-DumpSite5-点位1, dumper tons is 33.09548198171048
2025-09-11 21:22:29,409 [DEBUG] Truck: Time:<128.04300274642154> Truck:[CLTruck16] Start moving to ORDER(3):NorthPitMine-LoadSite4, move distance is 7.102274255602536, speed: 25
2025-09-11 21:22:29,409 [INFO] Truck: Time:<110> Truck:[CLTruck16] breakdown for 7.1445602546012354 minutes at 110
2025-09-11 21:22:29,410 [INFO] Truck: Time:<128.2414351258621> Truck:[OfficalTruck6] Arrived at NorthPitMine-LoadSite3 at 128.2414351258621
2025-09-11 21:22:29,411 [INFO] Truck: Time:<128.8029930185926> Truck:[CLTruck26] Finish unloading at dumper NorthPitMine-DumpSite5-点位0, dumper tons is 331.2624977965879
2025-09-11 21:22:29,414 [DEBUG] Truck: Time:<128.8029930185926> Truck:[CLTruck26] Start moving to ORDER(0):LoadSite1, move distance is 50.47597643571262, speed: 25
2025-09-11 21:22:29,418 [DEBUG] Truck: Time:<129.35246822328017> Truck:[XHTruck10] Arrived at NorthPitMine-DumpSite1 at 129.35246822328017
2025-09-11 21:22:29,418 [DEBUG] Truck: Time:<129.41387383536812> Truck:[OfficalTruck7] Arrived at NorthPitMine-DumpSite2 at 129.41387383536812
2025-09-11 21:22:29,418 [INFO] Truck: Time:<129.83189758683943> Truck:[XHTruck13] Finish loading at shovel NorthPitMine-LoadSite5-Shovel-1
2025-09-11 21:22:29,422 [DEBUG] Truck: Time:<129.83189758683943> Truck:[XHTruck13] Start moving to ORDER(2): NorthPitMine-DumpSite3, move distance is 8.215583022988888, speed: 25
2025-09-11 21:22:29,422 [INFO] Truck: Time:<121> Truck:[XHTruck13] breakdown for 6.732918693326509 minutes at 121
2025-09-11 21:22:29,422 [DEBUG] Truck: Time:<129.95988066629602> Truck:[XHTruck32] Arrived at NorthPitMine-DumpSite2 at 129.95988066629602
2025-09-11 21:22:29,425 [INFO] Truck: Time:<130.13094366017955> Truck:[CLTruck28] Finish loading at shovel NorthPitMine-LoadSite3-Shovel-3
2025-09-11 21:22:29,429 [DEBUG] Truck: Time:<130.13094366017955> Truck:[CLTruck28] Start moving to ORDER(1): NorthPitMine-DumpSite2, move distance is 3.41, speed: 25
2025-09-11 21:22:29,429 [INFO] Truck: Time:<126> Truck:[CLTruck28] breakdown for 11.203602688215843 minutes at 126
2025-09-11 21:22:29,429 [INFO] Truck: Time:<130.13094366017955> Truck:[OfficalTruck6] Start loading at shovel NorthPitMine-LoadSite3-Shovel-3, load time is 34.22222222222222
2025-09-11 21:22:29,429 [INFO] Truck: Time:<130.35246822328017> Truck:[XHTruck10] Finish unloading at dumper NorthPitMine-DumpSite1-点位0, dumper tons is 1268.9519695705555
2025-09-11 21:22:29,436 [DEBUG] Truck: Time:<130.35246822328017> Truck:[XHTruck10] Start moving to ORDER(2):NorthPitMine-LoadSite3, move distance is 2.98, speed: 25
2025-09-11 21:22:29,436 [INFO] Truck: Time:<124> Truck:[XHTruck10] breakdown for 11.846395930740643 minutes at 124
2025-09-11 21:22:29,437 [INFO] Truck: Time:<130.41387383536812> Truck:[OfficalTruck7] Finish unloading at dumper NorthPitMine-DumpSite2-点位0, dumper tons is 607.14248479669
2025-09-11 21:22:29,440 [DEBUG] Truck: Time:<130.41387383536812> Truck:[OfficalTruck7] Start moving to ORDER(2):NorthPitMine-LoadSite3, move distance is 3.41, speed: 25
2025-09-11 21:22:29,440 [INFO] Truck: Time:<130.95988066629602> Truck:[XHTruck32] Finish unloading at dumper NorthPitMine-DumpSite2-点位1, dumper tons is 141.04729800663367
2025-09-11 21:22:29,444 [INFO] Road: [RoadEvent] Road from NorthPitMine-DumpSite2 to NorthPitMine-LoadSite3 is in repair，the repair will last for 42.27 mins, and will end at 173.23, vehicle on this road will have to suffer punish_distance.
2025-09-11 21:22:29,445 [DEBUG] Truck: Time:<130.95988066629602> Truck:[XHTruck32] Start moving to ORDER(2):NorthPitMine-LoadSite3, move distance is 5.3863949126079, speed: 25
2025-09-11 21:22:29,445 [INFO] Truck: Time:<129> Truck:[XHTruck32] breakdown for 5.2696963953051155 minutes at 129
2025-09-11 21:22:29,447 [INFO] Truck: Time:<131.78818926441315> Truck:[XHTruck24] Arrived at NorthPitMine-LoadSite4 at 131.78818926441315
2025-09-11 21:22:29,448 [INFO] Truck: Time:<131.88388446112012> Truck:[XHTruck22] Arrived at NorthPitMine-LoadSite2 at 131.88388446112012
2025-09-11 21:22:29,448 [INFO] Truck: Time:<131.88388446112012> Truck:[XHTruck22] Start loading at shovel NorthPitMine-LoadSite2-Shovel-2, load time is 24.444444444444443
2025-09-11 21:22:29,450 [INFO] Truck: Time:<132.28992895347835> Truck:[OfficalTruck2] Finish loading at shovel NorthPitMine-LoadSite4-Shovel-1
2025-09-11 21:22:29,455 [DEBUG] Truck: Time:<132.28992895347835> Truck:[OfficalTruck2] Start moving to ORDER(3): NorthPitMine-DumpSite4, move distance is 3.2308570646176427, speed: 25
2025-09-11 21:22:29,455 [INFO] Truck: Time:<132.28992895347835> Truck:[XHTruck24] Start loading at shovel NorthPitMine-LoadSite4-Shovel-1, load time is 4.060039370078741
2025-09-11 21:22:29,456 [DEBUG] Truck: Time:<132.37237517747573> Truck:[CLTruck7] Arrived at NorthPitMine-DumpSite3 at 132.37237517747573
2025-09-11 21:22:29,456 [INFO] Truck: Time:<132.70998622961568> Truck:[XHTruck25] Arrived at NorthPitMine-LoadSite3 at 132.70998622961568
2025-09-11 21:22:29,458 [INFO] Truck: Time:<133.37237517747573> Truck:[CLTruck7] Finish unloading at dumper NorthPitMine-DumpSite3-点位0, dumper tons is 1640.2979776793534
2025-09-11 21:22:29,461 [DEBUG] Truck: Time:<133.37237517747573> Truck:[CLTruck7] Start moving to ORDER(0):LoadSite1, move distance is 12.74, speed: 25
2025-09-11 21:22:29,463 [INFO] Truck: Time:<121> Truck:[CLTruck7] breakdown for 9.376044163995727 minutes at 121
2025-09-11 21:22:29,463 [INFO] Truck: Time:<133.6724957001888> Truck:[XHTruck26] Arrived at NorthPitMine-LoadSite2 at 133.6724957001888
2025-09-11 21:22:29,464 [INFO] Truck: Time:<133.6724957001888> Truck:[XHTruck26] Start loading at shovel NorthPitMine-LoadSite2-Shovel-5, load time is 24.444444444444443
2025-09-11 21:22:29,467 [INFO] Truck: Time:<134.726354227138> Truck:[CLTruck14] Arrived at NorthPitMine-LoadSite3 at 134.726354227138
2025-09-11 21:22:29,469 [INFO] Truck: Time:<135.03132497241575> Truck:[CLTruck22] Arrived at NorthPitMine-LoadSite4 at 135.03132497241575
2025-09-11 21:22:29,473 [INFO] Truck: Time:<135.30286728928334> Truck:[XHTruck15] Arrived at LoadSite1 at 135.30286728928334
2025-09-11 21:22:29,474 [INFO] Truck: Time:<135.30286728928334> Truck:[XHTruck15] Start loading at shovel LoadSite1-Shovel-5, load time is 24.444444444444443
2025-09-11 21:22:29,474 [DEBUG] Truck: Time:<135.35361889809803> Truck:[CLTruck20] Arrived at NorthPitMine-DumpSite5 at 135.35361889809803
2025-09-11 21:22:29,474 [DEBUG] Truck: Time:<135.39234701782084> Truck:[CLTruck18] Arrived at NorthPitMine-DumpSite1 at 135.39234701782084
2025-09-11 21:22:29,477 [INFO] Truck: Time:<136.3499683235571> Truck:[XHTruck24] Finish loading at shovel NorthPitMine-LoadSite4-Shovel-1
2025-09-11 21:22:29,481 [DEBUG] Truck: Time:<136.3499683235571> Truck:[XHTruck24] Start moving to ORDER(1): NorthPitMine-DumpSite2, move distance is 1.17, speed: 25
2025-09-11 21:22:29,481 [INFO] Truck: Time:<136.3499683235571> Truck:[CLTruck22] Start loading at shovel NorthPitMine-LoadSite4-Shovel-1, load time is 2.5836614173228347
2025-09-11 21:22:29,481 [INFO] Truck: Time:<136.35361889809803> Truck:[CLTruck20] Finish unloading at dumper NorthPitMine-DumpSite5-点位0, dumper tons is 363.2629534204859
2025-09-11 21:22:29,487 [DEBUG] Truck: Time:<136.35361889809803> Truck:[CLTruck20] Start moving to ORDER(3):NorthPitMine-LoadSite4, move distance is 7.641747824315065, speed: 25
2025-09-11 21:22:29,487 [INFO] Truck: Time:<136.39234701782084> Truck:[CLTruck18] Finish unloading at dumper NorthPitMine-DumpSite1-点位0, dumper tons is 1302.8217039804165
2025-09-11 21:22:29,491 [INFO] Road: [RoadEvent] Road from NorthPitMine-DumpSite1 to NorthPitMine-LoadSite4 is in repair，the repair will last for 42.10 mins, and will end at 178.49, vehicle on this road will have to suffer punish_distance.
2025-09-11 21:22:29,492 [DEBUG] Truck: Time:<136.39234701782084> Truck:[CLTruck18] Start moving to ORDER(3):NorthPitMine-LoadSite4, move distance is 5.345014806385397, speed: 25
2025-09-11 21:22:29,492 [INFO] Truck: Time:<136.4998577149897> Truck:[CLTruck4] Arrived at NorthPitMine-LoadSite3 at 136.4998577149897
2025-09-11 21:22:29,495 [INFO] Truck: Time:<137.38470899057103> Truck:[CLTruck5] Arrived at NorthPitMine-LoadSite3 at 137.38470899057103
2025-09-11 21:22:29,498 [INFO] Truck: Time:<138.59787383536812> Truck:[OfficalTruck7] Arrived at NorthPitMine-LoadSite3 at 138.59787383536812
2025-09-11 21:22:29,499 [INFO] Truck: Time:<138.89919415583054> Truck:[CLTruck29] Finish loading at shovel NorthPitMine-LoadSite2-Shovel-4
2025-09-11 21:22:29,506 [DEBUG] Truck: Time:<138.89919415583054> Truck:[CLTruck29] Start moving to ORDER(4): NorthPitMine-DumpSite5, move distance is 3.18, speed: 25
2025-09-11 21:22:29,506 [INFO] Truck: Time:<116> Truck:[CLTruck29] breakdown for 9.218009308946513 minutes at 116
2025-09-11 21:22:29,506 [INFO] Truck: Time:<138.93362974087995> Truck:[CLTruck22] Finish loading at shovel NorthPitMine-LoadSite4-Shovel-1
2025-09-11 21:22:29,511 [DEBUG] Truck: Time:<138.93362974087995> Truck:[CLTruck22] Start moving to ORDER(3): NorthPitMine-DumpSite4, move distance is 3.4699300687226065, speed: 25
2025-09-11 21:22:29,511 [INFO] Truck: Time:<120> Truck:[CLTruck22] breakdown for 7.772282390808814 minutes at 120
2025-09-11 21:22:29,514 [DEBUG] Truck: Time:<139.1579683235571> Truck:[XHTruck24] Arrived at NorthPitMine-DumpSite2 at 139.1579683235571
2025-09-11 21:22:29,514 [DEBUG] Truck: Time:<139.16081309108603> Truck:[XHTruck4] Arrived at NorthPitMine-DumpSite1 at 139.16081309108603
2025-09-11 21:22:29,514 [DEBUG] Truck: Time:<139.28744804854327> Truck:[OfficalTruck5] Arrived at NorthPitMine-DumpSite1 at 139.28744804854327
2025-09-11 21:22:29,514 [INFO] Truck: Time:<139.3495879598775> Truck:[XHTruck17] Arrived at NorthPitMine-LoadSite4 at 139.3495879598775
2025-09-11 21:22:29,514 [INFO] Truck: Time:<139.3495879598775> Truck:[XHTruck17] Start loading at shovel NorthPitMine-LoadSite4-Shovel-1, load time is 4.060039370078741
2025-09-11 21:22:29,514 [DEBUG] Truck: Time:<139.44447429801667> Truck:[XHTruck11] Arrived at NorthPitMine-DumpSite1 at 139.44447429801667
2025-09-11 21:22:29,514 [INFO] Truck: Time:<139.52474244083103> Truck:[CLTruck21] Finish loading at shovel LoadSite1-Shovel-4
2025-09-11 21:22:29,516 [DEBUG] Truck: Time:<139.52474244083103> Truck:[CLTruck21] Start moving to ORDER(4): NorthPitMine-DumpSite5, move distance is 4.485776601179588, speed: 25
2025-09-11 21:22:29,516 [INFO] Truck: Time:<120> Truck:[CLTruck21] breakdown for 12.298038401327645 minutes at 120
2025-09-11 21:22:29,520 [DEBUG] Truck: Time:<140.0439859085607> Truck:[OfficalTruck2] Arrived at NorthPitMine-DumpSite4 at 140.0439859085607
2025-09-11 21:22:29,520 [INFO] Truck: Time:<140.15156923025114> Truck:[XHTruck1] Finish loading at shovel LoadSite1-Shovel-3
2025-09-11 21:22:29,521 [INFO] Truck: Time:<140.15156923025114> Shovel LoadSite1-Shovel-3 under maintenance for 49.31 minutes
2025-09-11 21:22:29,521 [INFO] Truck: Time:<140.1579683235571> Truck:[XHTruck24] Finish unloading at dumper NorthPitMine-DumpSite2-点位0, dumper tons is 656.814723575747
2025-09-11 21:22:29,525 [DEBUG] Truck: Time:<140.1579683235571> Truck:[XHTruck24] Start moving to ORDER(1):NorthPitMine-LoadSite2, move distance is 25.935129742552807, speed: 25
2025-09-11 21:22:29,525 [INFO] Truck: Time:<140.16081309108603> Truck:[XHTruck4] Finish unloading at dumper NorthPitMine-DumpSite1-点位0, dumper tons is 1360.5258588037093
2025-09-11 21:22:29,528 [DEBUG] Truck: Time:<140.16081309108603> Truck:[XHTruck4] Start moving to ORDER(2):NorthPitMine-LoadSite3, move distance is 2.98, speed: 25
2025-09-11 21:22:29,528 [INFO] Truck: Time:<132> Truck:[XHTruck4] breakdown for 8.689551522853241 minutes at 132
2025-09-11 21:22:29,528 [INFO] Truck: Time:<140.23362716932942> Truck:[XHTruck21] Arrived at NorthPitMine-LoadSite4 at 140.23362716932942
2025-09-11 21:22:29,528 [DEBUG] Truck: Time:<140.28179880553094> Truck:[OfficalTruck9] Arrived at NorthPitMine-DumpSite1 at 140.28179880553094
2025-09-11 21:22:29,531 [INFO] Truck: Time:<140.28744804854327> Truck:[OfficalTruck5] Finish unloading at dumper NorthPitMine-DumpSite1-点位1, dumper tons is 469.7597893446476
2025-09-11 21:22:29,534 [DEBUG] Truck: Time:<140.28744804854327> Truck:[OfficalTruck5] Start moving to ORDER(1):NorthPitMine-LoadSite2, move distance is 5.32, speed: 25
2025-09-11 21:22:29,534 [INFO] Truck: Time:<138> Truck:[OfficalTruck5] breakdown for 11.061640212930488 minutes at 138
2025-09-11 21:22:29,534 [INFO] Truck: Time:<140.44447429801667> Truck:[XHTruck11] Finish unloading at dumper NorthPitMine-DumpSite1-点位2, dumper tons is 149.98406215257674
2025-09-11 21:22:29,538 [DEBUG] Truck: Time:<140.44447429801667> Truck:[XHTruck11] Start moving to ORDER(3):NorthPitMine-LoadSite4, move distance is 5.408036991780546, speed: 25
2025-09-11 21:22:29,538 [INFO] Truck: Time:<135> Truck:[XHTruck11] breakdown for 13.003480247238553 minutes at 135
2025-09-11 21:22:29,542 [INFO] Truck: Time:<141.0439859085607> Truck:[OfficalTruck2] Finish unloading at dumper NorthPitMine-DumpSite4-点位0, dumper tons is 504.5245980959617
2025-09-11 21:22:29,547 [DEBUG] Truck: Time:<141.0439859085607> Truck:[OfficalTruck2] Start moving to ORDER(0):LoadSite1, move distance is 6.899725641040099, speed: 25
2025-09-11 21:22:29,547 [INFO] Truck: Time:<138> Truck:[OfficalTruck2] breakdown for 10.761541409313985 minutes at 138
2025-09-11 21:22:29,547 [INFO] Truck: Time:<141.28179880553094> Truck:[OfficalTruck9] Finish unloading at dumper NorthPitMine-DumpSite1-点位0, dumper tons is 1436.2917468718465
2025-09-11 21:22:29,551 [INFO] Road: [RoadEvent] Road from NorthPitMine-DumpSite1 to NorthPitMine-LoadSite3 is in repair，the repair will last for 60.04 mins, and will end at 201.32, vehicle on this road will have to suffer punish_distance.
2025-09-11 21:22:29,552 [DEBUG] Truck: Time:<141.28179880553094> Truck:[OfficalTruck9] Start moving to ORDER(2):NorthPitMine-LoadSite3, move distance is 4.406266175485619, speed: 25
2025-09-11 21:22:29,552 [INFO] Truck: Time:<138> Truck:[OfficalTruck9] breakdown for 4.918892722728481 minutes at 138
2025-09-11 21:22:29,554 [INFO] Truck: Time:<142.4645517252687> Truck:[CLTruck19] Finish loading at shovel NorthPitMine-LoadSite4-Shovel-5
2025-09-11 21:22:29,557 [DEBUG] Truck: Time:<142.4645517252687> Truck:[CLTruck19] Start moving to ORDER(1): NorthPitMine-DumpSite2, move distance is 1.17, speed: 25
2025-09-11 21:22:29,557 [INFO] Truck: Time:<132> Truck:[CLTruck19] breakdown for 10.545749313608987 minutes at 132
2025-09-11 21:22:29,563 [INFO] Truck: Time:<143.3274472266858> Shovel NorthPitMine-LoadSite2-Shovel-1 maintenance completed
2025-09-11 21:22:29,568 [DEBUG] Truck: Time:<143.3274472266858> Truck:[CLTruck10] Start moving to ORDER(4): NorthPitMine-DumpSite5, move distance is 3.18, speed: 25
2025-09-11 21:22:29,568 [INFO] Truck: Time:<133> Truck:[CLTruck10] breakdown for 10.12057583034295 minutes at 133
2025-09-11 21:22:29,569 [INFO] Truck: Time:<143.40962732995627> Truck:[XHTruck17] Finish loading at shovel NorthPitMine-LoadSite4-Shovel-1
2025-09-11 21:22:29,574 [DEBUG] Truck: Time:<143.40962732995627> Truck:[XHTruck17] Start moving to ORDER(1): NorthPitMine-DumpSite2, move distance is 1.17, speed: 25
2025-09-11 21:22:29,574 [INFO] Truck: Time:<143.40962732995627> Truck:[XHTruck21] Start loading at shovel NorthPitMine-LoadSite4-Shovel-1, load time is 4.060039370078741
2025-09-11 21:22:29,574 [DEBUG] Truck: Time:<143.60868218423295> Truck:[CLTruck12] Arrived at NorthPitMine-DumpSite4 at 143.60868218423295
2025-09-11 21:22:29,574 [INFO] Truck: Time:<143.9925590974869> Truck:[CLTruck11] Arrived at NorthPitMine-LoadSite5 at 143.9925590974869
2025-09-11 21:22:29,575 [INFO] Truck: Time:<143.9925590974869> Truck:[CLTruck11] Start loading at shovel NorthPitMine-LoadSite5-Shovel-1, load time is 2.5836614173228347
2025-09-11 21:22:29,578 [INFO] Truck: Time:<144.09066666666666> Truck:[XHTruck6] Finish loading at shovel NorthPitMine-LoadSite4-Shovel-2
2025-09-11 21:22:29,582 [DEBUG] Truck: Time:<144.09066666666666> Truck:[XHTruck6] Start moving to ORDER(3): NorthPitMine-DumpSite4, move distance is 2.6, speed: 25
2025-09-11 21:22:29,582 [INFO] Truck: Time:<135> Truck:[XHTruck6] breakdown for 8.988413436821471 minutes at 135
2025-09-11 21:22:29,582 [INFO] Truck: Time:<144.60868218423295> Truck:[CLTruck12] Finish unloading at dumper NorthPitMine-DumpSite4-点位0, dumper tons is 538.0997450198785
2025-09-11 21:22:29,585 [DEBUG] Truck: Time:<144.60868218423295> Truck:[CLTruck12] Start moving to ORDER(1):NorthPitMine-LoadSite2, move distance is 13.77, speed: 25
2025-09-11 21:22:29,586 [INFO] Truck: Time:<144.89313967675602> Truck:[CLTruck17] Arrived at NorthPitMine-LoadSite5 at 144.89313967675602
2025-09-11 21:22:29,587 [INFO] Truck: Time:<144.89313967675602> Truck:[CLTruck17] Start loading at shovel NorthPitMine-LoadSite5-Shovel-2, load time is 2.5836614173228347
2025-09-11 21:22:29,587 [DEBUG] Truck: Time:<144.9147262994786> Truck:[CLTruck27] Arrived at NorthPitMine-DumpSite5 at 144.9147262994786
2025-09-11 21:22:29,590 [INFO] Truck: Time:<145.27160339882622> Shovel LoadSite1-Shovel-2 maintenance completed
2025-09-11 21:22:29,594 [DEBUG] Truck: Time:<145.27160339882622> Truck:[XHTruck16] Start moving to ORDER(0): NorthPitMine-DumpSite1, move distance is 5.238, speed: 25
2025-09-11 21:22:29,595 [INFO] Truck: Time:<111> Truck:[XHTruck16] breakdown for 13.185825577506378 minutes at 111
2025-09-11 21:22:29,595 [INFO] Truck: Time:<145.27281714346293> Truck:[XHTruck7] Arrived at NorthPitMine-LoadSite4 at 145.27281714346293
2025-09-11 21:22:29,596 [INFO] Truck: Time:<145.27281714346293> Truck:[XHTruck7] Start loading at shovel NorthPitMine-LoadSite4-Shovel-2, load time is 24.444444444444443
2025-09-11 21:22:29,596 [DEBUG] Truck: Time:<145.5571571279398> Truck:[XHTruck2] Arrived at NorthPitMine-DumpSite3 at 145.5571571279398
2025-09-11 21:22:29,596 [INFO] Truck: Time:<145.9147262994786> Truck:[CLTruck27] Finish unloading at dumper NorthPitMine-DumpSite5-点位0, dumper tons is 397.27013816416604
2025-09-11 21:22:29,599 [DEBUG] Truck: Time:<145.9147262994786> Truck:[CLTruck27] Start moving to ORDER(3):NorthPitMine-LoadSite4, move distance is 7.299059114814221, speed: 25
2025-09-11 21:22:29,600 [INFO] Truck: Time:<145> Truck:[CLTruck27] breakdown for 8.816490222570778 minutes at 145
2025-09-11 21:22:29,602 [INFO] Truck: Time:<146.07956167071535> Truck:[XHTruck18] Finish loading at shovel NorthPitMine-LoadSite2-Shovel-3
2025-09-11 21:22:29,606 [DEBUG] Truck: Time:<146.07956167071535> Truck:[XHTruck18] Start moving to ORDER(2): NorthPitMine-DumpSite3, move distance is 7.41, speed: 25
2025-09-11 21:22:29,606 [INFO] Truck: Time:<143> Truck:[XHTruck18] breakdown for 7.030905397970513 minutes at 143
2025-09-11 21:22:29,606 [DEBUG] Truck: Time:<146.21762732995626> Truck:[XHTruck17] Arrived at NorthPitMine-DumpSite2 at 146.21762732995626
2025-09-11 21:22:29,607 [INFO] Truck: Time:<146.5571571279398> Truck:[XHTruck2] Finish unloading at dumper NorthPitMine-DumpSite3-点位0, dumper tons is 1691.2046364089508
2025-09-11 21:22:29,610 [DEBUG] Truck: Time:<146.5571571279398> Truck:[XHTruck2] Start moving to ORDER(3):NorthPitMine-LoadSite4, move distance is 3.73, speed: 25
2025-09-11 21:22:29,611 [INFO] Truck: Time:<130> Truck:[XHTruck2] breakdown for 8.389606791495428 minutes at 130
2025-09-11 21:22:29,611 [INFO] Truck: Time:<146.57622051480973> Truck:[CLTruck11] Finish loading at shovel NorthPitMine-LoadSite5-Shovel-1
2025-09-11 21:22:29,614 [DEBUG] Truck: Time:<146.57622051480973> Truck:[CLTruck11] Start moving to ORDER(4): NorthPitMine-DumpSite5, move distance is 20.58, speed: 25
2025-09-11 21:22:29,614 [INFO] Truck: Time:<141> Truck:[CLTruck11] breakdown for 9.852514756446915 minutes at 141
2025-09-11 21:22:29,615 [INFO] Truck: Time:<146.5785397103324> Shovel NorthPitMine-LoadSite3-Shovel-2 maintenance completed
2025-09-11 21:22:29,619 [INFO] Road: [RoadEvent] Road from NorthPitMine-LoadSite3 to NorthPitMine-DumpSite3 is in repair，the repair will last for 45.42 mins, and will end at 192.00, vehicle on this road will have to suffer punish_distance.
2025-09-11 21:22:29,619 [DEBUG] Truck: Time:<146.5785397103324> Truck:[XHTruck5] Start moving to ORDER(2): NorthPitMine-DumpSite3, move distance is 3.760425810185463, speed: 25
2025-09-11 21:22:29,619 [INFO] Truck: Time:<134> Truck:[XHTruck5] breakdown for 7.8003501258934165 minutes at 134
2025-09-11 21:22:29,620 [INFO] Truck: Time:<146.5785397103324> Truck:[OfficalTruck1] Start loading at shovel NorthPitMine-LoadSite3-Shovel-2, load time is 34.22222222222222
2025-09-11 21:22:29,620 [INFO] Truck: Time:<146.8983407478831> Truck:[XHTruck12] Arrived at NorthPitMine-LoadSite2 at 146.8983407478831
2025-09-11 21:22:29,621 [INFO] Truck: Time:<146.8983407478831> Truck:[XHTruck12] Start loading at shovel NorthPitMine-LoadSite2-Shovel-1, load time is 4.060039370078741
2025-09-11 21:22:29,624 [INFO] Truck: Time:<147.21762732995626> Truck:[XHTruck17] Finish unloading at dumper NorthPitMine-DumpSite2-点位0, dumper tons is 709.8029046780193
2025-09-11 21:22:29,627 [DEBUG] Truck: Time:<147.21762732995626> Truck:[XHTruck17] Start moving to ORDER(1):NorthPitMine-LoadSite2, move distance is 23.398834452579603, speed: 25
2025-09-11 21:22:29,627 [INFO] Truck: Time:<147.37233041690234> Shovel LoadSite1-Shovel-1 maintenance completed
2025-09-11 21:22:29,632 [INFO] Road: [RoadEvent] Road from LoadSite1 to NorthPitMine-DumpSite1 is in repair，the repair will last for 62.56 mins, and will end at 209.93, vehicle on this road will have to suffer punish_distance.
2025-09-11 21:22:29,633 [DEBUG] Truck: Time:<147.37233041690234> Truck:[CLTruck9] Start moving to ORDER(0): NorthPitMine-DumpSite1, move distance is 7.9039191562745605, speed: 25
2025-09-11 21:22:29,633 [INFO] Truck: Time:<142> Truck:[CLTruck9] breakdown for 8.723733083845145 minutes at 142
2025-09-11 21:22:29,633 [INFO] Truck: Time:<147.37233041690234> Truck:[XHTruck14] Start loading at shovel LoadSite1-Shovel-1, load time is 24.444444444444443
2025-09-11 21:22:29,633 [INFO] Truck: Time:<147.46966670003502> Truck:[XHTruck21] Finish loading at shovel NorthPitMine-LoadSite4-Shovel-1
2025-09-11 21:22:29,635 [DEBUG] Truck: Time:<147.46966670003502> Truck:[XHTruck21] Start moving to ORDER(1): NorthPitMine-DumpSite2, move distance is 1.17, speed: 25
2025-09-11 21:22:29,637 [INFO] Truck: Time:<147.47680109407887> Truck:[CLTruck17] Finish loading at shovel NorthPitMine-LoadSite5-Shovel-2
2025-09-11 21:22:29,637 [INFO] Truck: Time:<147.47680109407887> Shovel NorthPitMine-LoadSite5-Shovel-2 under maintenance for 47.80 minutes
2025-09-11 21:22:29,642 [INFO] Truck: Time:<149.15692485186008> Truck:[XHTruck32] Arrived at NorthPitMine-LoadSite3 at 149.15692485186008
2025-09-11 21:22:29,642 [INFO] Truck: Time:<149.22038255314578> Truck:[CLTruck18] Arrived at NorthPitMine-LoadSite4 at 149.22038255314578
2025-09-11 21:22:29,643 [INFO] Truck: Time:<149.22038255314578> Truck:[CLTruck18] Start loading at shovel NorthPitMine-LoadSite4-Shovel-1, load time is 2.5836614173228347
2025-09-11 21:22:29,643 [INFO] Truck: Time:<149.3508641540208> Truck:[XHTruck10] Arrived at NorthPitMine-LoadSite3 at 149.3508641540208
2025-09-11 21:22:29,643 [DEBUG] Truck: Time:<149.5185463483954> Truck:[CLTruck28] Arrived at NorthPitMine-DumpSite2 at 149.5185463483954
2025-09-11 21:22:29,644 [DEBUG] Truck: Time:<150.277666700035> Truck:[XHTruck21] Arrived at NorthPitMine-DumpSite2 at 150.277666700035
2025-09-11 21:22:29,644 [INFO] Truck: Time:<150.5185463483954> Truck:[CLTruck28] Finish unloading at dumper NorthPitMine-DumpSite2-点位0, dumper tons is 746.6760981009204
2025-09-11 21:22:29,649 [DEBUG] Truck: Time:<150.5185463483954> Truck:[CLTruck28] Start moving to ORDER(4):NorthPitMine-LoadSite5, move distance is 8.395371778464266, speed: 25
2025-09-11 21:22:29,649 [INFO] Truck: Time:<145> Truck:[CLTruck28] breakdown for 10.897798915227385 minutes at 145
2025-09-11 21:22:29,650 [INFO] Truck: Time:<150.80826507592718> Truck:[XHTruck19] Finish loading at shovel NorthPitMine-LoadSite4-Shovel-4
2025-09-11 21:22:29,653 [DEBUG] Truck: Time:<150.80826507592718> Truck:[XHTruck19] Start moving to ORDER(0): NorthPitMine-DumpSite1, move distance is 3.41, speed: 25
2025-09-11 21:22:29,654 [INFO] Truck: Time:<142> Truck:[XHTruck19] breakdown for 14.702574768121579 minutes at 142
2025-09-11 21:22:29,654 [INFO] Truck: Time:<150.95838011796184> Truck:[XHTruck12] Finish loading at shovel NorthPitMine-LoadSite2-Shovel-1
2025-09-11 21:22:29,661 [DEBUG] Truck: Time:<150.95838011796184> Truck:[XHTruck12] Start moving to ORDER(0): NorthPitMine-DumpSite1, move distance is 5.32, speed: 25
2025-09-11 21:22:29,663 [INFO] Truck: Time:<151.277666700035> Truck:[XHTruck21] Finish unloading at dumper NorthPitMine-DumpSite2-点位1, dumper tons is 200.72667137069044
2025-09-11 21:22:29,668 [DEBUG] Truck: Time:<151.277666700035> Truck:[XHTruck21] Start moving to ORDER(1):NorthPitMine-LoadSite2, move distance is 26.090416288565162, speed: 25
2025-09-11 21:22:29,668 [INFO] Truck: Time:<151.31020607309296> Truck:[CLTruck24] Arrived at LoadSite1 at 151.31020607309296
2025-09-11 21:22:29,669 [INFO] Truck: Time:<151.31020607309296> Truck:[CLTruck24] Start loading at shovel LoadSite1-Shovel-2, load time is 15.555555555555555
2025-09-11 21:22:29,669 [INFO] Truck: Time:<151.51818693658927> Truck:[XHTruck23] Arrived at NorthPitMine-LoadSite2 at 151.51818693658927
2025-09-11 21:22:29,669 [INFO] Truck: Time:<151.51818693658927> Truck:[XHTruck23] Start loading at shovel NorthPitMine-LoadSite2-Shovel-1, load time is 4.060039370078741
2025-09-11 21:22:29,669 [INFO] Truck: Time:<151.80404397046863> Truck:[CLTruck18] Finish loading at shovel NorthPitMine-LoadSite4-Shovel-1
2025-09-11 21:22:29,672 [DEBUG] Truck: Time:<151.80404397046863> Truck:[CLTruck18] Start moving to ORDER(2): NorthPitMine-DumpSite3, move distance is 3.73, speed: 25
2025-09-11 21:22:29,672 [INFO] Truck: Time:<151> Truck:[CLTruck18] breakdown for 11.994300004758463 minutes at 151
2025-09-11 21:22:29,672 [INFO] Truck: Time:<152.09815239569951> Shovel NorthPitMine-LoadSite3-Shovel-1 maintenance completed
2025-09-11 21:22:29,679 [INFO] Road: [RoadEvent] Road from NorthPitMine-LoadSite3 to NorthPitMine-DumpSite1 is in repair，the repair will last for 38.08 mins, and will end at 190.18, vehicle on this road will have to suffer punish_distance.
2025-09-11 21:22:29,680 [DEBUG] Truck: Time:<152.09815239569951> Truck:[CLTruck3] Start moving to ORDER(0): NorthPitMine-DumpSite1, move distance is 3.7180483291199926, speed: 25
2025-09-11 21:22:29,680 [INFO] Truck: Time:<118> Truck:[CLTruck3] breakdown for 10.524357519909127 minutes at 118
2025-09-11 21:22:29,680 [INFO] Truck: Time:<152.09815239569951> Truck:[CLTruck23] Start loading at shovel NorthPitMine-LoadSite3-Shovel-1, load time is 2.5836614173228347
2025-09-11 21:22:29,680 [INFO] Truck: Time:<152.23302121446886> Truck:[CLTruck16] Arrived at NorthPitMine-LoadSite4 at 152.23302121446886
2025-09-11 21:22:29,681 [INFO] Truck: Time:<152.23302121446886> Truck:[CLTruck16] Start loading at shovel NorthPitMine-LoadSite4-Shovel-1, load time is 2.5836614173228347
2025-09-11 21:22:29,681 [INFO] Truck: Time:<152.71093063544964> Truck:[XHTruck9] Arrived at LoadSite1 at 152.71093063544964
2025-09-11 21:22:29,681 [INFO] Truck: Time:<152.71093063544964> Truck:[XHTruck9] Start loading at shovel LoadSite1-Shovel-4, load time is 24.444444444444443
2025-09-11 21:22:29,684 [INFO] Truck: Time:<153.86844444444446> Truck:[OfficalTruck3] Finish loading at shovel NorthPitMine-LoadSite4-Shovel-3
2025-09-11 21:22:29,688 [INFO] Road: [RoadEvent] Road from NorthPitMine-LoadSite4 to NorthPitMine-DumpSite2 is in repair，the repair will last for 33.47 mins, and will end at 187.34, vehicle on this road will have to suffer punish_distance.
2025-09-11 21:22:29,688 [DEBUG] Truck: Time:<153.86844444444446> Truck:[OfficalTruck3] Start moving to ORDER(1): NorthPitMine-DumpSite2, move distance is 1.5726507118681683, speed: 25
2025-09-11 21:22:29,688 [INFO] Truck: Time:<122> Truck:[OfficalTruck3] breakdown for 5.344583757428708 minutes at 122
2025-09-11 21:22:29,690 [INFO] Truck: Time:<154.00261956568352> Truck:[CLTruck15] Arrived at NorthPitMine-LoadSite5 at 154.00261956568352
2025-09-11 21:22:29,691 [INFO] Truck: Time:<154.00261956568352> Truck:[CLTruck15] Start loading at shovel NorthPitMine-LoadSite5-Shovel-1, load time is 2.5836614173228347
2025-09-11 21:22:29,691 [DEBUG] Truck: Time:<154.44411970966107> Truck:[XHTruck31] Arrived at NorthPitMine-DumpSite5 at 154.44411970966107
2025-09-11 21:22:29,691 [INFO] Truck: Time:<154.68181381302236> Truck:[CLTruck23] Finish loading at shovel NorthPitMine-LoadSite3-Shovel-1
2025-09-11 21:22:29,692 [DEBUG] Truck: Time:<154.68181381302236> Truck:[CLTruck23] Start moving to ORDER(2): NorthPitMine-DumpSite3, move distance is 3.3629815729308077, speed: 25
2025-09-11 21:22:29,696 [INFO] Truck: Time:<135> Truck:[CLTruck23] breakdown for 7.361301714213379 minutes at 135
2025-09-11 21:22:29,696 [INFO] Truck: Time:<154.68181381302236> Truck:[CLTruck14] Start loading at shovel NorthPitMine-LoadSite3-Shovel-1, load time is 2.5836614173228347
2025-09-11 21:22:29,697 [INFO] Truck: Time:<154.6938136764542> Truck:[CLTruck20] Arrived at NorthPitMine-LoadSite4 at 154.6938136764542
2025-09-11 21:22:29,697 [INFO] Truck: Time:<154.6938136764542> Truck:[CLTruck20] Start loading at shovel NorthPitMine-LoadSite4-Shovel-3, load time is 15.555555555555555
2025-09-11 21:22:29,697 [DEBUG] Truck: Time:<154.72447338552433> Truck:[CLTruck25] Arrived at NorthPitMine-DumpSite1 at 154.72447338552433
2025-09-11 21:22:29,697 [INFO] Truck: Time:<154.73121652204935> Truck:[CLTruck27] is facing 0 mins delay caused by 1 pre-existing jam events on Road from NorthPitMine-DumpSite5 to NorthPitMine-LoadSite4
2025-09-11 21:22:29,698 [INFO] Truck: Time:<154.8166826317917> Truck:[CLTruck16] Finish loading at shovel NorthPitMine-LoadSite4-Shovel-1
2025-09-11 21:22:29,701 [DEBUG] Truck: Time:<154.8166826317917> Truck:[CLTruck16] Start moving to ORDER(0): NorthPitMine-DumpSite1, move distance is 3.41, speed: 25
2025-09-11 21:22:29,701 [INFO] Truck: Time:<145> Truck:[CLTruck16] breakdown for 10.634734029532193 minutes at 145
2025-09-11 21:22:29,704 [DEBUG] Truck: Time:<155.033744296623> Truck:[CLTruck22] Arrived at NorthPitMine-DumpSite4 at 155.033744296623
2025-09-11 21:22:29,704 [DEBUG] Truck: Time:<155.05404063295185> Truck:[XHTruck29] Arrived at NorthPitMine-DumpSite5 at 155.05404063295185
2025-09-11 21:22:29,705 [INFO] Truck: Time:<155.40104411484936> Truck:[XHTruck8] Arrived at NorthPitMine-LoadSite3 at 155.40104411484936
2025-09-11 21:22:29,705 [INFO] Truck: Time:<155.44411970966107> Truck:[XHTruck31] Finish unloading at dumper NorthPitMine-DumpSite5-点位0, dumper tons is 447.4523487839049
2025-09-11 21:22:29,709 [DEBUG] Truck: Time:<155.44411970966107> Truck:[XHTruck31] Start moving to ORDER(0):LoadSite1, move distance is 34.26, speed: 25
2025-09-11 21:22:29,709 [INFO] Truck: Time:<155.578226306668> Truck:[XHTruck23] Finish loading at shovel NorthPitMine-LoadSite2-Shovel-1
2025-09-11 21:22:29,714 [DEBUG] Truck: Time:<155.578226306668> Truck:[XHTruck23] Start moving to ORDER(0): NorthPitMine-DumpSite1, move distance is 5.32, speed: 25
2025-09-11 21:22:29,714 [INFO] Truck: Time:<138> Truck:[XHTruck23] breakdown for 14.924338722053992 minutes at 138
2025-09-11 21:22:29,714 [INFO] Truck: Time:<155.72447338552433> Truck:[CLTruck25] Finish unloading at dumper NorthPitMine-DumpSite1-点位0, dumper tons is 1470.2608146136963
2025-09-11 21:22:29,719 [DEBUG] Truck: Time:<155.72447338552433> Truck:[CLTruck25] Start moving to ORDER(4):NorthPitMine-LoadSite5, move distance is 19.6, speed: 25
2025-09-11 21:22:29,719 [INFO] Truck: Time:<149> Truck:[CLTruck25] breakdown for 9.650422291618892 minutes at 149
2025-09-11 21:22:29,719 [DEBUG] Truck: Time:<155.74920346477705> Truck:[CLTruck29] Arrived at NorthPitMine-DumpSite5 at 155.74920346477705
2025-09-11 21:22:29,720 [DEBUG] Truck: Time:<155.81830103887768> Truck:[CLTruck19] Arrived at NorthPitMine-DumpSite2 at 155.81830103887768
2025-09-11 21:22:29,721 [INFO] Truck: Time:<156.00236461393925> Truck:[XHTruck4] Arrived at NorthPitMine-LoadSite3 at 156.00236461393925
2025-09-11 21:22:29,722 [INFO] Truck: Time:<156.033744296623> Truck:[CLTruck22] Finish unloading at dumper NorthPitMine-DumpSite4-点位0, dumper tons is 571.2600857031757
2025-09-11 21:22:29,727 [DEBUG] Truck: Time:<156.033744296623> Truck:[CLTruck22] Start moving to ORDER(2):NorthPitMine-LoadSite3, move distance is 5.651066769881085, speed: 25
2025-09-11 21:22:29,727 [INFO] Truck: Time:<156.05404063295185> Truck:[XHTruck29] Finish unloading at dumper NorthPitMine-DumpSite5-点位1, dumper tons is 88.3012188248435
2025-09-11 21:22:29,731 [DEBUG] Truck: Time:<156.05404063295185> Truck:[XHTruck29] Start moving to ORDER(4):NorthPitMine-LoadSite5, move distance is 20.58, speed: 25
2025-09-11 21:22:29,732 [DEBUG] Truck: Time:<156.28221553533925> Truck:[XHTruck13] Arrived at NorthPitMine-DumpSite3 at 156.28221553533925
2025-09-11 21:22:29,732 [INFO] Truck: Time:<156.32832890556455> Truck:[XHTruck22] Finish loading at shovel NorthPitMine-LoadSite2-Shovel-2
2025-09-11 21:22:29,735 [DEBUG] Truck: Time:<156.32832890556455> Truck:[XHTruck22] Start moving to ORDER(4): NorthPitMine-DumpSite5, move distance is 3.18, speed: 25
2025-09-11 21:22:29,735 [INFO] Truck: Time:<132> Truck:[XHTruck22] breakdown for 11.995932816600424 minutes at 132
2025-09-11 21:22:29,736 [INFO] Truck: Time:<156.58628098300636> Truck:[CLTruck15] Finish loading at shovel NorthPitMine-LoadSite5-Shovel-1
2025-09-11 21:22:29,739 [DEBUG] Truck: Time:<156.58628098300636> Truck:[CLTruck15] Start moving to ORDER(1): NorthPitMine-DumpSite2, move distance is 5.59, speed: 25
2025-09-11 21:22:29,739 [INFO] Truck: Time:<155> Truck:[CLTruck15] breakdown for 11.055217537795244 minutes at 155
2025-09-11 21:22:29,739 [INFO] Truck: Time:<156.74920346477705> Truck:[CLTruck29] Finish unloading at dumper NorthPitMine-DumpSite5-点位0, dumper tons is 485.5385794153147
2025-09-11 21:22:29,741 [DEBUG] Truck: Time:<156.74920346477705> Truck:[CLTruck29] Start moving to ORDER(2):NorthPitMine-LoadSite3, move distance is 18.1, speed: 25
2025-09-11 21:22:29,741 [INFO] Truck: Time:<155> Truck:[CLTruck29] breakdown for 6.3223732940124275 minutes at 155
2025-09-11 21:22:29,745 [INFO] Truck: Time:<156.77573034942492> Truck:[OfficalTruck9] Arrived at NorthPitMine-LoadSite3 at 156.77573034942492
2025-09-11 21:22:29,745 [INFO] Truck: Time:<156.81830103887768> Truck:[CLTruck19] Finish unloading at dumper NorthPitMine-DumpSite2-点位0, dumper tons is 782.8832165322045
2025-09-11 21:22:29,749 [DEBUG] Truck: Time:<156.81830103887768> Truck:[CLTruck19] Start moving to ORDER(4):NorthPitMine-LoadSite5, move distance is 6.9063188554385215, speed: 25
2025-09-11 21:22:29,749 [INFO] Truck: Time:<156> Truck:[CLTruck19] breakdown for 16.270916605808605 minutes at 156
2025-09-11 21:22:29,754 [INFO] Truck: Time:<157.2654752303452> Truck:[CLTruck14] Finish loading at shovel NorthPitMine-LoadSite3-Shovel-1
2025-09-11 21:22:29,757 [DEBUG] Truck: Time:<157.2654752303452> Truck:[CLTruck14] Start moving to ORDER(2): NorthPitMine-DumpSite3, move distance is 3.586822315889916, speed: 25
2025-09-11 21:22:29,757 [INFO] Truck: Time:<155> Truck:[CLTruck14] breakdown for 7.018358777709674 minutes at 155
2025-09-11 21:22:29,757 [INFO] Truck: Time:<157.2654752303452> Truck:[OfficalTruck7] Start loading at shovel NorthPitMine-LoadSite3-Shovel-1, load time is 5.684055118110236
2025-09-11 21:22:29,757 [INFO] Truck: Time:<157.28221553533925> Truck:[XHTruck13] Finish unloading at dumper NorthPitMine-DumpSite3-点位0, dumper tons is 1747.7468378019255
2025-09-11 21:22:29,763 [INFO] Road: [RoadEvent] Road from NorthPitMine-DumpSite3 to LoadSite1 is in repair，the repair will last for 48.51 mins, and will end at 205.79, vehicle on this road will have to suffer punish_distance.
2025-09-11 21:22:29,763 [DEBUG] Truck: Time:<157.28221553533925> Truck:[XHTruck13] Start moving to ORDER(0):LoadSite1, move distance is 16.9420904125907, speed: 25
2025-09-11 21:22:29,764 [INFO] Truck: Time:<157.28221553533925> Truck:[XHTruck13] is facing 0 mins delay caused by 1 pre-existing jam events on Road from NorthPitMine-DumpSite3 to LoadSite1
2025-09-11 21:22:29,766 [INFO] Truck: Time:<158.11694014463325> Truck:[XHTruck26] Finish loading at shovel NorthPitMine-LoadSite2-Shovel-5
2025-09-11 21:22:29,771 [DEBUG] Truck: Time:<158.11694014463325> Truck:[XHTruck26] Start moving to ORDER(2): NorthPitMine-DumpSite3, move distance is 7.41, speed: 25
2025-09-11 21:22:29,772 [INFO] Truck: Time:<137> Truck:[XHTruck26] breakdown for 13.90497337388042 minutes at 137
2025-09-11 21:22:29,773 [DEBUG] Truck: Time:<159.31908010348815> Truck:[XHTruck6] Arrived at NorthPitMine-DumpSite4 at 159.31908010348815
2025-09-11 21:22:29,774 [INFO] Truck: Time:<159.74731173372777> Truck:[XHTruck15] Finish loading at shovel LoadSite1-Shovel-5
2025-09-11 21:22:29,778 [DEBUG] Truck: Time:<159.74731173372777> Truck:[XHTruck15] Start moving to ORDER(0): NorthPitMine-DumpSite1, move distance is 5.511526071112749, speed: 25
2025-09-11 21:22:29,778 [INFO] Truck: Time:<145> Truck:[XHTruck15] breakdown for 10.372718986258201 minutes at 145
2025-09-11 21:22:29,782 [INFO] Truck: Time:<160.31908010348815> Truck:[XHTruck6] Finish unloading at dumper NorthPitMine-DumpSite4-点位0, dumper tons is 631.190289699904
2025-09-11 21:22:29,785 [DEBUG] Truck: Time:<160.31908010348815> Truck:[XHTruck6] Start moving to ORDER(0):LoadSite1, move distance is 5.910411891787708, speed: 25
2025-09-11 21:22:29,785 [INFO] Truck: Time:<159> Truck:[XHTruck6] breakdown for 11.412209720486942 minutes at 159
2025-09-11 21:22:29,787 [DEBUG] Truck: Time:<161.08002305702874> Truck:[CLTruck10] Arrived at NorthPitMine-DumpSite5 at 161.08002305702874
2025-09-11 21:22:29,789 [INFO] Truck: Time:<162.08002305702874> Truck:[CLTruck10] Finish unloading at dumper NorthPitMine-DumpSite5-点位0, dumper tons is 520.1417376726793
2025-09-11 21:22:29,792 [DEBUG] Truck: Time:<162.08002305702874> Truck:[CLTruck10] Start moving to ORDER(3):NorthPitMine-LoadSite4, move distance is 7.1571620934214275, speed: 25
2025-09-11 21:22:29,793 [INFO] Truck: Time:<162> Truck:[CLTruck10] breakdown for 9.771291262748504 minutes at 162
2025-09-11 21:22:29,793 [INFO] Truck: Time:<162.2740709020928> Truck:[OfficalTruck4] Arrived at LoadSite1 at 162.2740709020928
2025-09-11 21:22:29,793 [INFO] Truck: Time:<162.2740709020928> Truck:[OfficalTruck4] Start loading at shovel LoadSite1-Shovel-5, load time is 34.22222222222222
2025-09-11 21:22:29,793 [DEBUG] Truck: Time:<162.5886446849897> Truck:[CLTruck21] Arrived at NorthPitMine-DumpSite5 at 162.5886446849897
2025-09-11 21:22:29,794 [INFO] Truck: Time:<162.94953034845543> Truck:[OfficalTruck7] Finish loading at shovel NorthPitMine-LoadSite3-Shovel-1
2025-09-11 21:22:29,796 [DEBUG] Truck: Time:<162.94953034845543> Truck:[OfficalTruck7] Start moving to ORDER(0): NorthPitMine-DumpSite1, move distance is 4.09517262106994, speed: 25
2025-09-11 21:22:29,796 [INFO] Truck: Time:<139> Truck:[OfficalTruck7] breakdown for 11.668885735249699 minutes at 139
2025-09-11 21:22:29,796 [INFO] Truck: Time:<162.94953034845543> Truck:[XHTruck8] Start loading at shovel NorthPitMine-LoadSite3-Shovel-1, load time is 4.060039370078741
2025-09-11 21:22:29,796 [DEBUG] Truck: Time:<162.98738991035677> Truck:[OfficalTruck3] Arrived at NorthPitMine-DumpSite2 at 162.98738991035677
2025-09-11 21:22:29,800 [DEBUG] Truck: Time:<163.40391178067094> Truck:[XHTruck5] Arrived at NorthPitMine-DumpSite3 at 163.40391178067094
2025-09-11 21:22:29,800 [INFO] Truck: Time:<163.5886446849897> Truck:[CLTruck21] Finish unloading at dumper NorthPitMine-DumpSite5-点位0, dumper tons is 556.4649036230494
2025-09-11 21:22:29,804 [DEBUG] Truck: Time:<163.5886446849897> Truck:[CLTruck21] Start moving to ORDER(3):NorthPitMine-LoadSite4, move distance is 7.260659804104064, speed: 25
2025-09-11 21:22:29,804 [INFO] Truck: Time:<163.5886446849897> Truck:[CLTruck21] is facing 0 mins delay caused by 1 pre-existing jam events on Road from NorthPitMine-DumpSite5 to NorthPitMine-LoadSite4
2025-09-11 21:22:29,805 [DEBUG] Truck: Time:<163.72638011796184> Truck:[XHTruck12] Arrived at NorthPitMine-DumpSite1 at 163.72638011796184
2025-09-11 21:22:29,805 [INFO] Truck: Time:<163.89876391943523> Truck:[XHTruck2] Arrived at NorthPitMine-LoadSite4 at 163.89876391943523
2025-09-11 21:22:29,805 [INFO] Truck: Time:<163.89876391943523> Truck:[XHTruck2] Start loading at shovel NorthPitMine-LoadSite4-Shovel-1, load time is 4.060039370078741
2025-09-11 21:22:29,805 [INFO] Truck: Time:<163.98738991035677> Truck:[OfficalTruck3] Finish unloading at dumper NorthPitMine-DumpSite2-点位0, dumper tons is 862.2395606480061
2025-09-11 21:22:29,809 [DEBUG] Truck: Time:<163.98738991035677> Truck:[OfficalTruck3] Start moving to ORDER(1):NorthPitMine-LoadSite2, move distance is 25.507973030724568, speed: 25
2025-09-11 21:22:29,810 [INFO] Truck: Time:<163> Truck:[OfficalTruck3] breakdown for 18.688814181003707 minutes at 163
2025-09-11 21:22:29,812 [INFO] Truck: Time:<164.11708826147375> Truck:[OfficalTruck5] Arrived at NorthPitMine-LoadSite2 at 164.11708826147375
2025-09-11 21:22:29,813 [INFO] Truck: Time:<164.11708826147375> Truck:[OfficalTruck5] Start loading at shovel NorthPitMine-LoadSite2-Shovel-1, load time is 5.684055118110236
2025-09-11 21:22:29,813 [INFO] Truck: Time:<164.35316588240178> Truck:[OfficalTruck6] Finish loading at shovel NorthPitMine-LoadSite3-Shovel-3
2025-09-11 21:22:29,817 [DEBUG] Truck: Time:<164.35316588240178> Truck:[OfficalTruck6] Start moving to ORDER(2): NorthPitMine-DumpSite3, move distance is 3.5576409576946206, speed: 25
2025-09-11 21:22:29,817 [INFO] Truck: Time:<135> Truck:[OfficalTruck6] breakdown for 9.108045636902466 minutes at 135
2025-09-11 21:22:29,817 [INFO] Truck: Time:<164.35316588240178> Truck:[XHTruck25] Start loading at shovel NorthPitMine-LoadSite3-Shovel-3, load time is 24.444444444444443
2025-09-11 21:22:29,817 [INFO] Truck: Time:<164.40391178067094> Truck:[XHTruck5] Finish unloading at dumper NorthPitMine-DumpSite3-点位0, dumper tons is 1800.040572772974
2025-09-11 21:22:29,821 [INFO] Road: [RoadEvent] Road from NorthPitMine-DumpSite3 to NorthPitMine-LoadSite2 is in repair，the repair will last for 53.95 mins, and will end at 218.35, vehicle on this road will have to suffer punish_distance.
2025-09-11 21:22:29,821 [DEBUG] Truck: Time:<164.40391178067094> Truck:[XHTruck5] Start moving to ORDER(1):NorthPitMine-LoadSite2, move distance is 11.021256399307264, speed: 25
2025-09-11 21:22:29,822 [INFO] Truck: Time:<164.72638011796184> Truck:[XHTruck12] Finish unloading at dumper NorthPitMine-DumpSite1-点位0, dumper tons is 1524.744946040318
2025-09-11 21:22:29,826 [DEBUG] Truck: Time:<164.72638011796184> Truck:[XHTruck12] Start moving to ORDER(2):NorthPitMine-LoadSite3, move distance is 4.374527362036516, speed: 25
2025-09-11 21:22:29,826 [INFO] Truck: Time:<162> Truck:[XHTruck12] breakdown for 12.773391459960873 minutes at 162
2025-09-11 21:22:29,829 [INFO] Truck: Time:<166.0105464726226> Truck:[CLTruck8] Arrived at LoadSite1 at 166.0105464726226
2025-09-11 21:22:29,833 [INFO] Truck: Time:<166.42724332552854> Truck:[XHTruck11] Arrived at NorthPitMine-LoadSite4 at 166.42724332552854
2025-09-11 21:22:29,833 [INFO] Truck: Time:<166.42724332552854> Truck:[XHTruck11] Start loading at shovel NorthPitMine-LoadSite4-Shovel-4, load time is 24.444444444444443
2025-09-11 21:22:29,833 [INFO] Truck: Time:<166.8657616286485> Truck:[CLTruck24] Finish loading at shovel LoadSite1-Shovel-2
2025-09-11 21:22:29,838 [DEBUG] Truck: Time:<166.8657616286485> Truck:[CLTruck24] Start moving to ORDER(0): NorthPitMine-DumpSite1, move distance is 6.839206391446978, speed: 25
2025-09-11 21:22:29,838 [INFO] Truck: Time:<165> Truck:[CLTruck24] breakdown for 4.093927463096239 minutes at 165
2025-09-11 21:22:29,840 [INFO] Truck: Time:<167.00956971853418> Truck:[XHTruck8] Finish loading at shovel NorthPitMine-LoadSite3-Shovel-1
2025-09-11 21:22:29,843 [DEBUG] Truck: Time:<167.00956971853418> Truck:[XHTruck8] Start moving to ORDER(0): NorthPitMine-DumpSite1, move distance is 3.8150049821580136, speed: 25
2025-09-11 21:22:29,844 [INFO] Truck: Time:<152> Truck:[XHTruck8] breakdown for 8.98318542985874 minutes at 152
2025-09-11 21:22:29,844 [INFO] Truck: Time:<167.00956971853418> Truck:[XHTruck4] Start loading at shovel NorthPitMine-LoadSite3-Shovel-1, load time is 4.060039370078741
2025-09-11 21:22:29,844 [INFO] Truck: Time:<167.95880328951398> Truck:[XHTruck2] Finish loading at shovel NorthPitMine-LoadSite4-Shovel-1
2025-09-11 21:22:29,847 [DEBUG] Truck: Time:<167.95880328951398> Truck:[XHTruck2] Start moving to ORDER(2): NorthPitMine-DumpSite3, move distance is 3.73, speed: 25
2025-09-11 21:22:29,848 [INFO] Truck: Time:<165> Truck:[XHTruck2] breakdown for 8.509207352736922 minutes at 165
2025-09-11 21:22:29,850 [INFO] Truck: Time:<168.36486885637095> Truck:[OfficalTruck2] Arrived at LoadSite1 at 168.36486885637095
2025-09-11 21:22:29,851 [INFO] Truck: Time:<168.36486885637095> Truck:[OfficalTruck2] Start loading at shovel LoadSite1-Shovel-2, load time is 34.22222222222222
2025-09-11 21:22:29,854 [INFO] Truck: Time:<169.5963045443376> Truck:[CLTruck22] Arrived at NorthPitMine-LoadSite3 at 169.5963045443376
2025-09-11 21:22:29,855 [INFO] Truck: Time:<169.7172615879074> Truck:[XHTruck7] Finish loading at shovel NorthPitMine-LoadSite4-Shovel-2
2025-09-11 21:22:29,859 [DEBUG] Truck: Time:<169.7172615879074> Truck:[XHTruck7] Start moving to ORDER(2): NorthPitMine-DumpSite3, move distance is 3.73, speed: 25
2025-09-11 21:22:29,859 [INFO] Truck: Time:<162> Truck:[XHTruck7] breakdown for 7.585765712534613 minutes at 162
2025-09-11 21:22:29,859 [INFO] Truck: Time:<169.80114337958398> Truck:[OfficalTruck5] Finish loading at shovel NorthPitMine-LoadSite2-Shovel-1
2025-09-11 21:22:29,862 [DEBUG] Truck: Time:<169.80114337958398> Truck:[OfficalTruck5] Start moving to ORDER(2): NorthPitMine-DumpSite3, move distance is 7.41, speed: 25
2025-09-11 21:22:29,863 [INFO] Truck: Time:<168> Truck:[OfficalTruck5] breakdown for 9.456979152350925 minutes at 168
2025-09-11 21:22:29,865 [DEBUG] Truck: Time:<170.11427130226966> Truck:[CLTruck23] Arrived at NorthPitMine-DumpSite3 at 170.11427130226966
2025-09-11 21:22:29,865 [INFO] Truck: Time:<170.12003071998598> Truck:[XHTruck15] is facing 0 mins delay caused by 1 pre-existing jam events on Road from LoadSite1 to NorthPitMine-DumpSite1
2025-09-11 21:22:29,866 [INFO] Truck: Time:<170.23070889183282> Truck:[XHTruck20] Arrived at NorthPitMine-LoadSite5 at 170.23070889183282
2025-09-11 21:22:29,866 [INFO] Truck: Time:<170.23070889183282> Truck:[XHTruck20] Start loading at shovel NorthPitMine-LoadSite5-Shovel-1, load time is 4.060039370078741
2025-09-11 21:22:29,867 [INFO] Truck: Time:<170.24936923200974> Truck:[CLTruck20] Finish loading at shovel NorthPitMine-LoadSite4-Shovel-3
2025-09-11 21:22:29,872 [INFO] Road: [RoadEvent] Road from NorthPitMine-LoadSite4 to NorthPitMine-DumpSite1 is in repair，the repair will last for 44.05 mins, and will end at 214.30, vehicle on this road will have to suffer punish_distance.
2025-09-11 21:22:29,872 [DEBUG] Truck: Time:<170.24936923200974> Truck:[CLTruck20] Start moving to ORDER(0): NorthPitMine-DumpSite1, move distance is 5.223718781433476, speed: 25
2025-09-11 21:22:29,872 [INFO] Truck: Time:<144> Truck:[CLTruck20] breakdown for 11.716439186181518 minutes at 144
2025-09-11 21:22:29,873 [DEBUG] Truck: Time:<170.89446706868586> Truck:[XHTruck18] Arrived at NorthPitMine-DumpSite3 at 170.89446706868586
2025-09-11 21:22:29,875 [DEBUG] Truck: Time:<171.0286289763326> Truck:[XHTruck16] Arrived at NorthPitMine-DumpSite1 at 171.0286289763326
2025-09-11 21:22:29,875 [INFO] Truck: Time:<171.06960908861294> Truck:[XHTruck4] Finish loading at shovel NorthPitMine-LoadSite3-Shovel-1
2025-09-11 21:22:29,878 [DEBUG] Truck: Time:<171.06960908861294> Truck:[XHTruck4] Start moving to ORDER(0): NorthPitMine-DumpSite1, move distance is 4.890608705026997, speed: 25
2025-09-11 21:22:29,879 [INFO] Truck: Time:<170> Truck:[XHTruck4] breakdown for 10.129021436718983 minutes at 170
2025-09-11 21:22:29,880 [INFO] Truck: Time:<171.06960908861294> Truck:[CLTruck22] Start loading at shovel NorthPitMine-LoadSite3-Shovel-1, load time is 2.5836614173228347
2025-09-11 21:22:29,880 [INFO] Truck: Time:<171.11427130226966> Truck:[CLTruck23] Finish unloading at dumper NorthPitMine-DumpSite3-点位0, dumper tons is 1835.5532160109121
2025-09-11 21:22:29,884 [DEBUG] Truck: Time:<171.11427130226966> Truck:[CLTruck23] Start moving to ORDER(3):NorthPitMine-LoadSite4, move distance is 3.73, speed: 25
2025-09-11 21:22:29,884 [INFO] Truck: Time:<164> Truck:[CLTruck23] breakdown for 15.571184217529913 minutes at 164
2025-09-11 21:22:29,884 [DEBUG] Truck: Time:<171.54582590549663> Truck:[CLTruck3] Arrived at NorthPitMine-DumpSite1 at 171.54582590549663
2025-09-11 21:22:29,884 [INFO] Truck: Time:<171.8167748613468> Truck:[XHTruck14] Finish loading at shovel LoadSite1-Shovel-1
2025-09-11 21:22:29,887 [DEBUG] Truck: Time:<171.8167748613468> Truck:[XHTruck14] Start moving to ORDER(0): NorthPitMine-DumpSite1, move distance is 7.131559891535461, speed: 25
2025-09-11 21:22:29,887 [INFO] Truck: Time:<149> Truck:[XHTruck14] breakdown for 9.530417893727403 minutes at 149
2025-09-11 21:22:29,887 [INFO] Truck: Time:<171.8167748613468> Truck:[CLTruck8] Start loading at shovel LoadSite1-Shovel-1, load time is 15.555555555555555
2025-09-11 21:22:29,887 [INFO] Truck: Time:<171.89446706868586> Truck:[XHTruck18] Finish unloading at dumper NorthPitMine-DumpSite3-点位1, dumper tons is 475.12874032018266
2025-09-11 21:22:29,891 [DEBUG] Truck: Time:<171.89446706868586> Truck:[XHTruck18] Start moving to ORDER(2):NorthPitMine-LoadSite3, move distance is 2.49, speed: 25
2025-09-11 21:22:29,891 [INFO] Truck: Time:<170> Truck:[XHTruck18] breakdown for 14.13943686043828 minutes at 170
2025-09-11 21:22:29,894 [INFO] Truck: Time:<172.0286289763326> Truck:[XHTruck16] Finish unloading at dumper NorthPitMine-DumpSite1-点位0, dumper tons is 1579.0441535342363
2025-09-11 21:22:29,896 [INFO] Road: [RoadEvent] Road from NorthPitMine-DumpSite1 to LoadSite1 is in repair，the repair will last for 44.21 mins, and will end at 216.24, vehicle on this road will have to suffer punish_distance.
2025-09-11 21:22:29,897 [DEBUG] Truck: Time:<172.0286289763326> Truck:[XHTruck16] Start moving to ORDER(0):LoadSite1, move distance is 7.428371160557068, speed: 25
2025-09-11 21:22:29,897 [INFO] Truck: Time:<163> Truck:[XHTruck16] breakdown for 9.279790965141189 minutes at 163
2025-09-11 21:22:29,898 [INFO] Truck: Time:<172.24895839760347> Truck:[CLTruck27] Arrived at NorthPitMine-LoadSite4 at 172.24895839760347
2025-09-11 21:22:29,899 [INFO] Truck: Time:<172.24895839760347> Truck:[CLTruck27] Start loading at shovel NorthPitMine-LoadSite4-Shovel-1, load time is 2.5836614173228347
2025-09-11 21:22:29,899 [INFO] Truck: Time:<172.54582590549663> Truck:[CLTruck3] Finish unloading at dumper NorthPitMine-DumpSite1-点位1, dumper tons is 503.19790497170476
2025-09-11 21:22:29,903 [DEBUG] Truck: Time:<172.54582590549663> Truck:[CLTruck3] Start moving to ORDER(3):NorthPitMine-LoadSite4, move distance is 4.247435405897073, speed: 25
2025-09-11 21:22:29,904 [DEBUG] Truck: Time:<172.75034397522708> Truck:[CLTruck18] Arrived at NorthPitMine-DumpSite3 at 172.75034397522708
2025-09-11 21:22:29,904 [DEBUG] Truck: Time:<172.89220756619068> Truck:[CLTruck14] Arrived at NorthPitMine-DumpSite3 at 172.89220756619068
2025-09-11 21:22:29,906 [INFO] Truck: Time:<173.13943374563905> Truck:[XHTruck27] Arrived at NorthPitMine-LoadSite4 at 173.13943374563905
2025-09-11 21:22:29,907 [INFO] Truck: Time:<173.13943374563905> Truck:[XHTruck27] Start loading at shovel NorthPitMine-LoadSite4-Shovel-2, load time is 24.444444444444443
2025-09-11 21:22:29,907 [INFO] Truck: Time:<173.32441934147144> Truck:[CLTruck7] Arrived at LoadSite1 at 173.32441934147144
2025-09-11 21:22:29,908 [DEBUG] Truck: Time:<173.6354166613239> Truck:[CLTruck16] Arrived at NorthPitMine-DumpSite1 at 173.6354166613239
2025-09-11 21:22:29,908 [INFO] Truck: Time:<173.65327050593578> Truck:[CLTruck22] Finish loading at shovel NorthPitMine-LoadSite3-Shovel-1
2025-09-11 21:22:29,913 [INFO] Road: [RoadEvent] Road from NorthPitMine-LoadSite3 to NorthPitMine-DumpSite5 is in repair，the repair will last for 68.68 mins, and will end at 242.33, vehicle on this road will have to suffer punish_distance.
2025-09-11 21:22:29,914 [DEBUG] Truck: Time:<173.65327050593578> Truck:[CLTruck22] Start moving to ORDER(4): NorthPitMine-DumpSite5, move distance is 2.4541930812913053, speed: 25
2025-09-11 21:22:29,914 [INFO] Truck: Time:<162> Truck:[CLTruck22] breakdown for 9.322095651226169 minutes at 162
2025-09-11 21:22:29,915 [DEBUG] Truck: Time:<173.69483984404874> Truck:[XHTruck19] Arrived at NorthPitMine-DumpSite1 at 173.69483984404874
2025-09-11 21:22:29,915 [INFO] Truck: Time:<173.75034397522708> Truck:[CLTruck18] Finish unloading at dumper NorthPitMine-DumpSite3-点位0, dumper tons is 1869.4261839269311
2025-09-11 21:22:29,920 [DEBUG] Truck: Time:<173.75034397522708> Truck:[CLTruck18] Start moving to ORDER(2):NorthPitMine-LoadSite3, move distance is 2.49, speed: 25
2025-09-11 21:22:29,920 [INFO] Truck: Time:<173.89220756619068> Truck:[CLTruck14] Finish unloading at dumper NorthPitMine-DumpSite3-点位1, dumper tons is 508.1010939857411
2025-09-11 21:22:29,923 [DEBUG] Truck: Time:<173.89220756619068> Truck:[CLTruck14] Start moving to ORDER(2):NorthPitMine-LoadSite3, move distance is 2.49, speed: 25
2025-09-11 21:22:29,925 [INFO] Truck: Time:<174.29074826191157> Truck:[XHTruck20] Finish loading at shovel NorthPitMine-LoadSite5-Shovel-1
2025-09-11 21:22:29,929 [DEBUG] Truck: Time:<174.29074826191157> Truck:[XHTruck20] Start moving to ORDER(0): NorthPitMine-DumpSite1, move distance is 5.15, speed: 25
2025-09-11 21:22:29,929 [INFO] Truck: Time:<170> Truck:[XHTruck20] breakdown for 11.304302096549115 minutes at 170
2025-09-11 21:22:29,929 [INFO] Truck: Time:<174.6354166613239> Truck:[CLTruck16] Finish unloading at dumper NorthPitMine-DumpSite1-点位0, dumper tons is 1612.9643871466546
2025-09-11 21:22:29,932 [DEBUG] Truck: Time:<174.6354166613239> Truck:[CLTruck16] Start moving to ORDER(2):NorthPitMine-LoadSite3, move distance is 3.9057666824779633, speed: 25
2025-09-11 21:22:29,932 [INFO] Truck: Time:<174.69483984404874> Truck:[XHTruck19] Finish unloading at dumper NorthPitMine-DumpSite1-点位1, dumper tons is 553.8223753685153
2025-09-11 21:22:29,938 [DEBUG] Truck: Time:<174.69483984404874> Truck:[XHTruck19] Start moving to ORDER(3):NorthPitMine-LoadSite4, move distance is 4.961892353036237, speed: 25
2025-09-11 21:22:29,938 [INFO] Truck: Time:<166> Truck:[XHTruck19] breakdown for 7.251355917993078 minutes at 166
2025-09-11 21:22:29,938 [INFO] Truck: Time:<174.83261981492632> Truck:[CLTruck27] Finish loading at shovel NorthPitMine-LoadSite4-Shovel-1
2025-09-11 21:22:29,941 [DEBUG] Truck: Time:<174.83261981492632> Truck:[CLTruck27] Start moving to ORDER(0): NorthPitMine-DumpSite1, move distance is 4.849270796554573, speed: 25
2025-09-11 21:22:29,942 [INFO] Truck: Time:<174.83261981492632> Truck:[CLTruck27] is facing 0 mins delay caused by 1 pre-existing jam events on Road from NorthPitMine-LoadSite4 to NorthPitMine-DumpSite1
2025-09-11 21:22:29,943 [DEBUG] Truck: Time:<175.06546947580642> Truck:[CLTruck9] Arrived at NorthPitMine-DumpSite1 at 175.06546947580642
2025-09-11 21:22:29,943 [DEBUG] Truck: Time:<175.95626172216498> Truck:[XHTruck22] Arrived at NorthPitMine-DumpSite5 at 175.95626172216498
2025-09-11 21:22:29,947 [INFO] Truck: Time:<176.06546947580642> Truck:[CLTruck9] Finish unloading at dumper NorthPitMine-DumpSite1-点位0, dumper tons is 1650.2832962018533
2025-09-11 21:22:29,950 [INFO] Road: [RoadEvent] Road from NorthPitMine-DumpSite1 to NorthPitMine-LoadSite5 is in repair，the repair will last for 30.93 mins, and will end at 207.00, vehicle on this road will have to suffer punish_distance.
2025-09-11 21:22:29,951 [DEBUG] Truck: Time:<176.06546947580642> Truck:[CLTruck9] Start moving to ORDER(4):NorthPitMine-LoadSite5, move distance is 29.084523252276927, speed: 25
2025-09-11 21:22:29,951 [INFO] Truck: Time:<175> Truck:[CLTruck9] breakdown for 8.48565371224713 minutes at 175
2025-09-11 21:22:29,951 [INFO] Truck: Time:<176.95626172216498> Truck:[XHTruck22] Finish unloading at dumper NorthPitMine-DumpSite5-点位0, dumper tons is 606.6056928438456
2025-09-11 21:22:29,954 [INFO] Road: [RoadEvent] Road from NorthPitMine-DumpSite5 to NorthPitMine-LoadSite2 is in repair，the repair will last for 45.66 mins, and will end at 222.62, vehicle on this road will have to suffer punish_distance.
2025-09-11 21:22:29,957 [DEBUG] Truck: Time:<176.95626172216498> Truck:[XHTruck22] Start moving to ORDER(1):NorthPitMine-LoadSite2, move distance is 47.98748193647353, speed: 25
2025-09-11 21:22:29,960 [INFO] Truck: Time:<177.1553750798941> Truck:[XHTruck9] Finish loading at shovel LoadSite1-Shovel-4
2025-09-11 21:22:29,965 [DEBUG] Truck: Time:<177.1553750798941> Truck:[XHTruck9] Start moving to ORDER(0): NorthPitMine-DumpSite1, move distance is 6.48648444712179, speed: 25
2025-09-11 21:22:29,966 [INFO] Truck: Time:<150> Truck:[XHTruck9] breakdown for 7.6896431282469555 minutes at 150
2025-09-11 21:22:29,967 [INFO] Truck: Time:<177.65668218423295> Truck:[CLTruck12] Arrived at NorthPitMine-LoadSite2 at 177.65668218423295
2025-09-11 21:22:29,967 [INFO] Truck: Time:<177.65668218423295> Truck:[CLTruck12] Start loading at shovel NorthPitMine-LoadSite2-Shovel-1, load time is 2.5836614173228347
2025-09-11 21:22:29,970 [INFO] Truck: Time:<178.97339613544267> Truck:[CLTruck1] Arrived at NorthPitMine-LoadSite5 at 178.97339613544267
2025-09-11 21:22:29,971 [INFO] Truck: Time:<178.97339613544267> Truck:[CLTruck1] Start loading at shovel NorthPitMine-LoadSite5-Shovel-1, load time is 2.5836614173228347
2025-09-11 21:22:29,973 [INFO] Truck: Time:<179.72634397522708> Truck:[CLTruck18] Arrived at NorthPitMine-LoadSite3 at 179.72634397522708
2025-09-11 21:22:29,974 [INFO] Truck: Time:<179.72634397522708> Truck:[CLTruck18] Start loading at shovel NorthPitMine-LoadSite3-Shovel-1, load time is 2.5836614173228347
2025-09-11 21:22:29,974 [INFO] Truck: Time:<179.86820756619068> Truck:[CLTruck14] Arrived at NorthPitMine-LoadSite3 at 179.86820756619068
2025-09-11 21:22:29,975 [INFO] Truck: Time:<179.96008882145048> Truck:[XHTruck33] Arrived at NorthPitMine-LoadSite2 at 179.96008882145048
2025-09-11 21:22:29,975 [INFO] Truck: Time:<179.96008882145048> Truck:[XHTruck33] Start loading at shovel NorthPitMine-LoadSite2-Shovel-2, load time is 24.444444444444443
2025-09-11 21:22:29,977 [INFO] Truck: Time:<180.2403436015558> Truck:[CLTruck12] Finish loading at shovel NorthPitMine-LoadSite2-Shovel-1
2025-09-11 21:22:29,981 [DEBUG] Truck: Time:<180.2403436015558> Truck:[CLTruck12] Start moving to ORDER(2): NorthPitMine-DumpSite3, move distance is 7.41, speed: 25
2025-09-11 21:22:29,981 [INFO] Truck: Time:<160> Truck:[CLTruck12] breakdown for 6.0420611202239245 minutes at 160
2025-09-11 21:22:29,982 [INFO] Truck: Time:<180.80076193255462> Truck:[OfficalTruck1] Finish loading at shovel NorthPitMine-LoadSite3-Shovel-2
2025-09-11 21:22:29,987 [DEBUG] Truck: Time:<180.80076193255462> Truck:[OfficalTruck1] Start moving to ORDER(2): NorthPitMine-DumpSite3, move distance is 3.4244362636896324, speed: 25
2025-09-11 21:22:29,987 [INFO] Truck: Time:<180> Truck:[OfficalTruck1] breakdown for 11.125328874883426 minutes at 180
2025-09-11 21:22:29,988 [INFO] Truck: Time:<180.80076193255462> Truck:[CLTruck4] Start loading at shovel NorthPitMine-LoadSite3-Shovel-2, load time is 15.555555555555555
2025-09-11 21:22:29,990 [INFO] Truck: Time:<181.01422821483945> Truck:[CLTruck21] Arrived at NorthPitMine-LoadSite4 at 181.01422821483945
2025-09-11 21:22:29,990 [INFO] Truck: Time:<181.01422821483945> Truck:[CLTruck21] Start loading at shovel NorthPitMine-LoadSite4-Shovel-1, load time is 2.5836614173228347
2025-09-11 21:22:29,990 [DEBUG] Truck: Time:<181.0574985208016> Truck:[CLTruck15] Arrived at NorthPitMine-DumpSite2 at 181.0574985208016
2025-09-11 21:22:29,991 [INFO] Truck: Time:<181.42375763695816> Truck:[CLTruck13] Arrived at LoadSite1 at 181.42375763695816
2025-09-11 21:22:29,991 [INFO] Truck: Time:<181.42375763695816> Truck:[CLTruck13] Start loading at shovel LoadSite1-Shovel-4, load time is 15.555555555555555
2025-09-11 21:22:29,991 [INFO] Truck: Time:<181.5570575527655> Truck:[CLTruck1] Finish loading at shovel NorthPitMine-LoadSite5-Shovel-1
2025-09-11 21:22:29,995 [INFO] Road: [RoadEvent] Road from NorthPitMine-LoadSite5 to NorthPitMine-DumpSite3 is in repair，the repair will last for 42.78 mins, and will end at 224.34, vehicle on this road will have to suffer punish_distance.
2025-09-11 21:22:29,996 [DEBUG] Truck: Time:<181.5570575527655> Truck:[CLTruck1] Start moving to ORDER(2): NorthPitMine-DumpSite3, move distance is 7.552889914287316, speed: 25
2025-09-11 21:22:29,996 [INFO] Truck: Time:<152> Truck:[CLTruck1] breakdown for 10.410180112638784 minutes at 152
2025-09-11 21:22:29,996 [INFO] Truck: Time:<181.56523753193704> Truck:[CLTruck28] Arrived at NorthPitMine-LoadSite5 at 181.56523753193704
2025-09-11 21:22:29,997 [INFO] Truck: Time:<181.56523753193704> Truck:[CLTruck28] Start loading at shovel NorthPitMine-LoadSite5-Shovel-1, load time is 2.5836614173228347
2025-09-11 21:22:29,997 [DEBUG] Truck: Time:<181.99954981777134> Truck:[OfficalTruck6] Arrived at NorthPitMine-DumpSite3 at 181.99954981777134
2025-09-11 21:22:29,999 [INFO] Truck: Time:<182.0574985208016> Truck:[CLTruck15] Finish unloading at dumper NorthPitMine-DumpSite2-点位0, dumper tons is 896.3003945683562
2025-09-11 21:22:30,002 [DEBUG] Truck: Time:<182.0574985208016> Truck:[CLTruck15] Start moving to ORDER(3):NorthPitMine-LoadSite4, move distance is 22.0, speed: 25
2025-09-11 21:22:30,002 [INFO] Truck: Time:<182.0574985208016> Truck:[CLTruck15] is facing 0 mins delay caused by 1 pre-existing jam events on Road from NorthPitMine-DumpSite2 to NorthPitMine-LoadSite4
2025-09-11 21:22:30,002 [INFO] Truck: Time:<182.31000539254993> Truck:[CLTruck18] Finish loading at shovel NorthPitMine-LoadSite3-Shovel-1
2025-09-11 21:22:30,006 [DEBUG] Truck: Time:<182.31000539254993> Truck:[CLTruck18] Start moving to ORDER(2): NorthPitMine-DumpSite3, move distance is 3.812591544486742, speed: 25
2025-09-11 21:22:30,006 [INFO] Truck: Time:<176> Truck:[CLTruck18] breakdown for 15.631163220061923 minutes at 176
2025-09-11 21:22:30,006 [INFO] Truck: Time:<182.31000539254993> Truck:[CLTruck14] Start loading at shovel NorthPitMine-LoadSite3-Shovel-1, load time is 2.5836614173228347
2025-09-11 21:22:30,007 [INFO] Truck: Time:<182.7396708796496> Truck:[CLTruck3] Arrived at NorthPitMine-LoadSite4 at 182.7396708796496
2025-09-11 21:22:30,007 [INFO] Truck: Time:<182.7396708796496> Truck:[CLTruck3] Start loading at shovel NorthPitMine-LoadSite4-Shovel-3, load time is 15.555555555555555
2025-09-11 21:22:30,007 [INFO] Truck: Time:<182.99954981777134> Truck:[OfficalTruck6] Finish unloading at dumper NorthPitMine-DumpSite3-点位0, dumper tons is 1949.8781407593028
2025-09-11 21:22:30,010 [DEBUG] Truck: Time:<182.99954981777134> Truck:[OfficalTruck6] Start moving to ORDER(1):NorthPitMine-LoadSite2, move distance is 10.687419954580255, speed: 25
2025-09-11 21:22:30,010 [INFO] Truck: Time:<177> Truck:[OfficalTruck6] breakdown for 7.71239911140091 minutes at 177
2025-09-11 21:22:30,014 [INFO] Truck: Time:<183.14699331150695> Truck:[CLTruck6] Arrived at NorthPitMine-LoadSite4 at 183.14699331150695
2025-09-11 21:22:30,014 [INFO] Truck: Time:<183.14699331150695> Truck:[CLTruck6] Start loading at shovel NorthPitMine-LoadSite4-Shovel-5, load time is 15.555555555555555
2025-09-11 21:22:30,014 [DEBUG] Truck: Time:<183.270565028722> Truck:[XHTruck23] Arrived at NorthPitMine-DumpSite1 at 183.270565028722
2025-09-11 21:22:30,014 [DEBUG] Truck: Time:<183.34769329065657> Truck:[XHTruck15] Arrived at NorthPitMine-DumpSite1 at 183.34769329065657
2025-09-11 21:22:30,014 [INFO] Truck: Time:<183.5978896321623> Truck:[CLTruck21] Finish loading at shovel NorthPitMine-LoadSite4-Shovel-1
2025-09-11 21:22:30,020 [DEBUG] Truck: Time:<183.5978896321623> Truck:[CLTruck21] Start moving to ORDER(1): NorthPitMine-DumpSite2, move distance is 1.7318887495977024, speed: 25
2025-09-11 21:22:30,020 [INFO] Truck: Time:<177> Truck:[CLTruck21] breakdown for 11.382278176276428 minutes at 177
2025-09-11 21:22:30,023 [INFO] Truck: Time:<184.009256699271> Truck:[CLTruck16] Arrived at NorthPitMine-LoadSite3 at 184.009256699271
2025-09-11 21:22:30,024 [INFO] Truck: Time:<184.1488989492599> Truck:[CLTruck28] Finish loading at shovel NorthPitMine-LoadSite5-Shovel-1
2025-09-11 21:22:30,029 [DEBUG] Truck: Time:<184.1488989492599> Truck:[CLTruck28] Start moving to ORDER(0): NorthPitMine-DumpSite1, move distance is 5.15, speed: 25
2025-09-11 21:22:30,029 [INFO] Truck: Time:<174> Truck:[CLTruck28] breakdown for 9.968867256296528 minutes at 174
2025-09-11 21:22:30,030 [INFO] Truck: Time:<184.270565028722> Truck:[XHTruck23] Finish unloading at dumper NorthPitMine-DumpSite1-点位0, dumper tons is 1707.2601279323828
2025-09-11 21:22:30,036 [DEBUG] Truck: Time:<184.270565028722> Truck:[XHTruck23] Start moving to ORDER(2):NorthPitMine-LoadSite3, move distance is 4.1784052235830575, speed: 25
2025-09-11 21:22:30,036 [INFO] Truck: Time:<184.34769329065657> Truck:[XHTruck15] Finish unloading at dumper NorthPitMine-DumpSite1-点位1, dumper tons is 613.9134245667889
2025-09-11 21:22:30,040 [INFO] Road: [RoadEvent] Road from NorthPitMine-DumpSite1 to NorthPitMine-LoadSite2 is in repair，the repair will last for 74.95 mins, and will end at 259.30, vehicle on this road will have to suffer punish_distance.
2025-09-11 21:22:30,040 [DEBUG] Truck: Time:<184.34769329065657> Truck:[XHTruck15] Start moving to ORDER(1):NorthPitMine-LoadSite2, move distance is 7.4090942003698785, speed: 25
2025-09-11 21:22:30,040 [INFO] Truck: Time:<179> Truck:[XHTruck15] breakdown for 6.185770628226141 minutes at 179
2025-09-11 21:22:30,041 [DEBUG] Truck: Time:<184.44683037427296> Truck:[OfficalTruck7] Arrived at NorthPitMine-DumpSite1 at 184.44683037427296
2025-09-11 21:22:30,041 [INFO] Truck: Time:<184.89366680987277> Truck:[CLTruck14] Finish loading at shovel NorthPitMine-LoadSite3-Shovel-1
2025-09-11 21:22:30,045 [DEBUG] Truck: Time:<184.89366680987277> Truck:[CLTruck14] Start moving to ORDER(2): NorthPitMine-DumpSite3, move distance is 3.467462410042857, speed: 25
2025-09-11 21:22:30,046 [INFO] Truck: Time:<184.89366680987277> Truck:[CLTruck16] Start loading at shovel NorthPitMine-LoadSite3-Shovel-1, load time is 2.5836614173228347
2025-09-11 21:22:30,049 [DEBUG] Truck: Time:<185.14876710557215> Truck:[XHTruck8] Arrived at NorthPitMine-DumpSite1 at 185.14876710557215
2025-09-11 21:22:30,049 [DEBUG] Truck: Time:<185.4200106422509> Truck:[XHTruck2] Arrived at NorthPitMine-DumpSite3 at 185.4200106422509
2025-09-11 21:22:30,049 [INFO] Truck: Time:<185.44683037427296> Truck:[OfficalTruck7] Finish unloading at dumper NorthPitMine-DumpSite1-点位0, dumper tons is 1777.6423776191605
2025-09-11 21:22:30,051 [DEBUG] Truck: Time:<185.44683037427296> Truck:[OfficalTruck7] Start moving to ORDER(3):NorthPitMine-LoadSite4, move distance is 3.41, speed: 25
2025-09-11 21:22:30,051 [INFO] Truck: Time:<178> Truck:[OfficalTruck7] breakdown for 17.89771426953361 minutes at 178
2025-09-11 21:22:30,051 [INFO] Truck: Time:<185.9162783642656> Truck:[XHTruck6] Arrived at LoadSite1 at 185.9162783642656
2025-09-11 21:22:30,057 [INFO] Truck: Time:<186.14876710557215> Truck:[XHTruck8] Finish unloading at dumper NorthPitMine-DumpSite1-点位1, dumper tons is 666.1306167399375
2025-09-11 21:22:30,061 [DEBUG] Truck: Time:<186.14876710557215> Truck:[XHTruck8] Start moving to ORDER(3):NorthPitMine-LoadSite4, move distance is 3.41, speed: 25
2025-09-11 21:22:30,061 [INFO] Truck: Time:<181> Truck:[XHTruck8] breakdown for 11.189206061167903 minutes at 181
2025-09-11 21:22:30,063 [DEBUG] Truck: Time:<186.255027300442> Truck:[XHTruck7] Arrived at NorthPitMine-DumpSite3 at 186.255027300442
2025-09-11 21:22:30,063 [INFO] Truck: Time:<186.28240472177973> Truck:[CLTruck12] is facing 0 mins delay caused by 1 pre-existing jam events on Road from NorthPitMine-LoadSite2 to NorthPitMine-DumpSite3
2025-09-11 21:22:30,063 [INFO] Truck: Time:<186.4200106422509> Truck:[XHTruck2] Finish unloading at dumper NorthPitMine-DumpSite3-点位0, dumper tons is 2009.7249912503746
2025-09-11 21:22:30,068 [DEBUG] Truck: Time:<186.4200106422509> Truck:[XHTruck2] Start moving to ORDER(1):NorthPitMine-LoadSite2, move distance is 9.131453101322457, speed: 25
2025-09-11 21:22:30,068 [INFO] Truck: Time:<185> Truck:[XHTruck2] breakdown for 16.203298228227773 minutes at 185
2025-09-11 21:22:30,069 [DEBUG] Truck: Time:<186.4708697266573> Truck:[CLTruck27] Arrived at NorthPitMine-DumpSite1 at 186.4708697266573
2025-09-11 21:22:30,072 [INFO] Truck: Time:<187.255027300442> Truck:[XHTruck7] Finish unloading at dumper NorthPitMine-DumpSite3-点位1, dumper tons is 557.7706427985556
2025-09-11 21:22:30,077 [DEBUG] Truck: Time:<187.255027300442> Truck:[XHTruck7] Start moving to ORDER(4):NorthPitMine-LoadSite5, move distance is 5.62, speed: 25
2025-09-11 21:22:30,077 [INFO] Truck: Time:<187.37233041690234> Truck:[CLTruck8] Finish loading at shovel LoadSite1-Shovel-1
2025-09-11 21:22:30,081 [DEBUG] Truck: Time:<187.37233041690234> Truck:[CLTruck8] Start moving to ORDER(0): NorthPitMine-DumpSite1, move distance is 6.6883440360230395, speed: 25
2025-09-11 21:22:30,081 [INFO] Truck: Time:<186> Truck:[CLTruck8] breakdown for 12.889598174623261 minutes at 186
2025-09-11 21:22:30,081 [INFO] Truck: Time:<187.37233041690234> Truck:[CLTruck7] Start loading at shovel LoadSite1-Shovel-1, load time is 15.555555555555555
2025-09-11 21:22:30,081 [DEBUG] Truck: Time:<187.37378443121747> Truck:[CLTruck24] Arrived at NorthPitMine-DumpSite1 at 187.37378443121747
2025-09-11 21:22:30,081 [INFO] Truck: Time:<187.4708697266573> Truck:[CLTruck27] Finish unloading at dumper NorthPitMine-DumpSite1-点位0, dumper tons is 1816.1359309324985
2025-09-11 21:22:30,086 [DEBUG] Truck: Time:<187.4708697266573> Truck:[CLTruck27] Start moving to ORDER(3):NorthPitMine-LoadSite4, move distance is 3.41, speed: 25
2025-09-11 21:22:30,087 [INFO] Truck: Time:<186> Truck:[CLTruck27] breakdown for 19.21359537680469 minutes at 186
2025-09-11 21:22:30,087 [INFO] Truck: Time:<187.4773282271956> Truck:[CLTruck16] Finish loading at shovel NorthPitMine-LoadSite3-Shovel-1
2025-09-11 21:22:30,090 [INFO] Road: [RoadEvent] Road from NorthPitMine-LoadSite3 to NorthPitMine-DumpSite2 is in repair，the repair will last for 37.78 mins, and will end at 225.26, vehicle on this road will have to suffer punish_distance.
2025-09-11 21:22:30,091 [DEBUG] Truck: Time:<187.4773282271956> Truck:[CLTruck16] Start moving to ORDER(1): NorthPitMine-DumpSite2, move distance is 4.895913111722286, speed: 25
2025-09-11 21:22:30,091 [INFO] Truck: Time:<187> Truck:[CLTruck16] breakdown for 9.15982379282179 minutes at 187
2025-09-11 21:22:30,091 [INFO] Truck: Time:<187.99863724681035> Truck:[XHTruck12] Arrived at NorthPitMine-LoadSite3 at 187.99863724681035
2025-09-11 21:22:30,092 [INFO] Truck: Time:<187.99863724681035> Truck:[XHTruck12] Start loading at shovel NorthPitMine-LoadSite3-Shovel-1, load time is 4.060039370078741
2025-09-11 21:22:30,096 [INFO] Truck: Time:<188.37378443121747> Truck:[CLTruck24] Finish unloading at dumper NorthPitMine-DumpSite1-点位1, dumper tons is 698.2876925421687
2025-09-11 21:22:30,100 [DEBUG] Truck: Time:<188.37378443121747> Truck:[CLTruck24] Start moving to ORDER(1):NorthPitMine-LoadSite2, move distance is 7.968392034017694, speed: 25
2025-09-11 21:22:30,100 [INFO] Truck: Time:<177> Truck:[CLTruck24] breakdown for 11.1223915652177 minutes at 177
2025-09-11 21:22:30,101 [INFO] Truck: Time:<188.7976103268462> Truck:[XHTruck25] Finish loading at shovel NorthPitMine-LoadSite3-Shovel-3
2025-09-11 21:22:30,105 [DEBUG] Truck: Time:<188.7976103268462> Truck:[XHTruck25] Start moving to ORDER(4): NorthPitMine-DumpSite5, move distance is 2.636147483786934, speed: 25
2025-09-11 21:22:30,105 [INFO] Truck: Time:<159> Truck:[XHTruck25] breakdown for 10.944990004097315 minutes at 159
2025-09-11 21:22:30,106 [INFO] Truck: Time:<188.7976103268462> Truck:[CLTruck5] Start loading at shovel NorthPitMine-LoadSite3-Shovel-3, load time is 15.555555555555555
2025-09-11 21:22:30,106 [DEBUG] Truck: Time:<188.86542955226108> Truck:[CLTruck22] Arrived at NorthPitMine-DumpSite5 at 188.86542955226108
2025-09-11 21:22:30,110 [INFO] Truck: Time:<189.02850334398866> Truck:[CLTruck10] Arrived at NorthPitMine-LoadSite4 at 189.02850334398866
2025-09-11 21:22:30,111 [INFO] Truck: Time:<189.02850334398866> Truck:[CLTruck10] Start loading at shovel NorthPitMine-LoadSite4-Shovel-1, load time is 2.5836614173228347
2025-09-11 21:22:30,111 [INFO] Truck: Time:<189.45670970328607> Shovel LoadSite1-Shovel-3 maintenance completed
2025-09-11 21:22:30,115 [DEBUG] Truck: Time:<189.45670970328607> Truck:[XHTruck1] Start moving to ORDER(0): NorthPitMine-DumpSite1, move distance is 6.097199525069328, speed: 25
2025-09-11 21:22:30,115 [INFO] Truck: Time:<179> Truck:[XHTruck1] breakdown for 5.704957353801499 minutes at 179
2025-09-11 21:22:30,115 [INFO] Truck: Time:<189.66438289773873> Truck:[CLTruck19] Arrived at NorthPitMine-LoadSite5 at 189.66438289773873
2025-09-11 21:22:30,116 [INFO] Truck: Time:<189.66438289773873> Truck:[CLTruck19] Start loading at shovel NorthPitMine-LoadSite5-Shovel-1, load time is 2.5836614173228347
2025-09-11 21:22:30,116 [DEBUG] Truck: Time:<189.80591351851365> Truck:[XHTruck26] Arrived at NorthPitMine-DumpSite3 at 189.80591351851365
2025-09-11 21:22:30,116 [INFO] Truck: Time:<189.86542955226108> Truck:[CLTruck22] Finish unloading at dumper NorthPitMine-DumpSite5-点位0, dumper tons is 640.9486240254043
2025-09-11 21:22:30,120 [DEBUG] Truck: Time:<189.86542955226108> Truck:[CLTruck22] Start moving to ORDER(4):NorthPitMine-LoadSite5, move distance is 20.58, speed: 25
2025-09-11 21:22:30,126 [INFO] Truck: Time:<190.80591351851365> Truck:[XHTruck26] Finish unloading at dumper NorthPitMine-DumpSite3-点位0, dumper tons is 2067.653208750441
2025-09-11 21:22:30,134 [DEBUG] Truck: Time:<190.80591351851365> Truck:[XHTruck26] Start moving to ORDER(4):NorthPitMine-LoadSite5, move distance is 5.62, speed: 25
2025-09-11 21:22:30,134 [INFO] Truck: Time:<182> Truck:[XHTruck26] breakdown for 11.781541397317303 minutes at 182
2025-09-11 21:22:30,135 [INFO] Truck: Time:<190.85492713900837> Truck:[XHTruck5] Arrived at NorthPitMine-LoadSite2 at 190.85492713900837
2025-09-11 21:22:30,135 [INFO] Truck: Time:<190.85492713900837> Truck:[XHTruck5] Start loading at shovel NorthPitMine-LoadSite2-Shovel-1, load time is 4.060039370078741
2025-09-11 21:22:30,136 [INFO] Truck: Time:<190.871687769973> Truck:[XHTruck11] Finish loading at shovel NorthPitMine-LoadSite4-Shovel-4
2025-09-11 21:22:30,139 [INFO] Road: [RoadEvent] Road from NorthPitMine-LoadSite4 to NorthPitMine-DumpSite5 is in repair，the repair will last for 52.52 mins, and will end at 243.39, vehicle on this road will have to suffer punish_distance.
2025-09-11 21:22:30,140 [DEBUG] Truck: Time:<190.871687769973> Truck:[XHTruck11] Start moving to ORDER(4): NorthPitMine-DumpSite5, move distance is 7.109729217910426, speed: 25
2025-09-11 21:22:30,140 [INFO] Truck: Time:<186> Truck:[XHTruck11] breakdown for 9.696673311358985 minutes at 186
2025-09-11 21:22:30,141 [INFO] Truck: Time:<191.6121647613115> Truck:[CLTruck10] Finish loading at shovel NorthPitMine-LoadSite4-Shovel-1
2025-09-11 21:22:30,146 [DEBUG] Truck: Time:<191.6121647613115> Truck:[CLTruck10] Start moving to ORDER(0): NorthPitMine-DumpSite1, move distance is 4.47676619792509, speed: 25
2025-09-11 21:22:30,146 [INFO] Truck: Time:<191.6121647613115> Truck:[CLTruck10] is facing 2.886613440628568 mins delay caused by 1 pre-existing jam events on Road from NorthPitMine-LoadSite4 to NorthPitMine-DumpSite1
2025-09-11 21:22:30,149 [INFO] Truck: Time:<192.00990392912414> Truck:[XHTruck18] Arrived at NorthPitMine-LoadSite3 at 192.00990392912414
2025-09-11 21:22:30,149 [INFO] Truck: Time:<192.0586766168891> Truck:[XHTruck12] Finish loading at shovel NorthPitMine-LoadSite3-Shovel-1
2025-09-11 21:22:30,153 [DEBUG] Truck: Time:<192.0586766168891> Truck:[XHTruck12] Start moving to ORDER(4): NorthPitMine-DumpSite5, move distance is 2.8371585369869323, speed: 25
2025-09-11 21:22:30,153 [INFO] Truck: Time:<191> Truck:[XHTruck12] breakdown for 10.091389030433271 minutes at 191
2025-09-11 21:22:30,153 [INFO] Truck: Time:<192.0586766168891> Truck:[XHTruck18] Start loading at shovel NorthPitMine-LoadSite3-Shovel-1, load time is 4.060039370078741
2025-09-11 21:22:30,153 [INFO] Truck: Time:<192.24804431506158> Truck:[CLTruck19] Finish loading at shovel NorthPitMine-LoadSite5-Shovel-1
2025-09-11 21:22:30,158 [DEBUG] Truck: Time:<192.24804431506158> Truck:[CLTruck19] Start moving to ORDER(0): NorthPitMine-DumpSite1, move distance is 5.15, speed: 25
2025-09-11 21:22:30,158 [DEBUG] Truck: Time:<192.9360914173967> Truck:[XHTruck4] Arrived at NorthPitMine-DumpSite1 at 192.9360914173967
2025-09-11 21:22:30,160 [DEBUG] Truck: Time:<193.21557659397564> Truck:[CLTruck14] Arrived at NorthPitMine-DumpSite3 at 193.21557659397564
2025-09-11 21:22:30,160 [INFO] Truck: Time:<193.85473740932878> Truck:[XHTruck19] Arrived at NorthPitMine-LoadSite4 at 193.85473740932878
2025-09-11 21:22:30,161 [INFO] Truck: Time:<193.85473740932878> Truck:[XHTruck19] Start loading at shovel NorthPitMine-LoadSite4-Shovel-1, load time is 4.060039370078741
2025-09-11 21:22:30,161 [INFO] Truck: Time:<193.9360914173967> Truck:[XHTruck4] Finish unloading at dumper NorthPitMine-DumpSite1-点位0, dumper tons is 1869.1273491898874
2025-09-11 21:22:30,166 [DEBUG] Truck: Time:<193.9360914173967> Truck:[XHTruck4] Start moving to ORDER(2):NorthPitMine-LoadSite3, move distance is 4.836718472226992, speed: 25
2025-09-11 21:22:30,170 [INFO] Truck: Time:<194.11776620555642> Truck:[CLTruck28] is facing 11.672843077870901 mins delay caused by 1 pre-existing jam events on Road from NorthPitMine-LoadSite5 to NorthPitMine-DumpSite1
2025-09-11 21:22:30,170 [INFO] Truck: Time:<194.21557659397564> Truck:[CLTruck14] Finish unloading at dumper NorthPitMine-DumpSite3-点位0, dumper tons is 2103.822176808063
2025-09-11 21:22:30,174 [INFO] Road: [RoadEvent] Road from NorthPitMine-DumpSite3 to NorthPitMine-LoadSite3 is in repair，the repair will last for 55.20 mins, and will end at 249.42, vehicle on this road will have to suffer punish_distance.
2025-09-11 21:22:30,175 [DEBUG] Truck: Time:<194.21557659397564> Truck:[CLTruck14] Start moving to ORDER(2):NorthPitMine-LoadSite3, move distance is 3.000289725727616, speed: 25
2025-09-11 21:22:30,175 [INFO] Truck: Time:<194.29873756532132> Truck:[XHTruck23] Arrived at NorthPitMine-LoadSite3 at 194.29873756532132
2025-09-11 21:22:30,175 [DEBUG] Truck: Time:<194.5027334936316> Truck:[CLTruck20] Arrived at NorthPitMine-DumpSite1 at 194.5027334936316
2025-09-11 21:22:30,175 [INFO] Truck: Time:<194.9149665090871> Truck:[XHTruck5] Finish loading at shovel NorthPitMine-LoadSite2-Shovel-1
2025-09-11 21:22:30,179 [DEBUG] Truck: Time:<194.9149665090871> Truck:[XHTruck5] Start moving to ORDER(4): NorthPitMine-DumpSite5, move distance is 3.18, speed: 25
2025-09-11 21:22:30,179 [INFO] Truck: Time:<191> Truck:[XHTruck5] breakdown for 11.679251299891584 minutes at 191
2025-09-11 21:22:30,182 [INFO] Truck: Time:<195.2728694322471> Shovel NorthPitMine-LoadSite5-Shovel-2 maintenance completed
2025-09-11 21:22:30,187 [DEBUG] Truck: Time:<195.2728694322471> Truck:[CLTruck17] Start moving to ORDER(2): NorthPitMine-DumpSite3, move distance is 7.343074973624706, speed: 25
2025-09-11 21:22:30,187 [INFO] Truck: Time:<180> Truck:[CLTruck17] breakdown for 6.973513575755466 minutes at 180
2025-09-11 21:22:30,188 [INFO] Truck: Time:<195.5027334936316> Truck:[CLTruck20] Finish unloading at dumper NorthPitMine-DumpSite1-点位0, dumper tons is 1907.5991620918405
2025-09-11 21:22:30,192 [DEBUG] Truck: Time:<195.5027334936316> Truck:[CLTruck20] Start moving to ORDER(1):NorthPitMine-LoadSite2, move distance is 7.7424915777032846, speed: 25
2025-09-11 21:22:30,192 [INFO] Truck: Time:<183> Truck:[CLTruck20] breakdown for 13.79680397967034 minutes at 183
2025-09-11 21:22:30,193 [INFO] Truck: Time:<195.63745551979957> Truck:[CLTruck23] Arrived at NorthPitMine-LoadSite4 at 195.63745551979957
2025-09-11 21:22:30,193 [INFO] Truck: Time:<195.63745551979957> Truck:[CLTruck23] Start loading at shovel NorthPitMine-LoadSite4-Shovel-4, load time is 15.555555555555555
2025-09-11 21:22:30,194 [INFO] Truck: Time:<195.8599562236458> Truck:[CLTruck2] Arrived at NorthPitMine-LoadSite3 at 195.8599562236458
2025-09-11 21:22:30,196 [INFO] Truck: Time:<196.11871598696786> Truck:[XHTruck18] Finish loading at shovel NorthPitMine-LoadSite3-Shovel-1
2025-09-11 21:22:30,200 [DEBUG] Truck: Time:<196.11871598696786> Truck:[XHTruck18] Start moving to ORDER(0): NorthPitMine-DumpSite1, move distance is 2.98, speed: 25
2025-09-11 21:22:30,200 [INFO] Truck: Time:<192> Truck:[XHTruck18] breakdown for 11.595012117963714 minutes at 192
2025-09-11 21:22:30,200 [INFO] Truck: Time:<196.11871598696786> Truck:[XHTruck23] Start loading at shovel NorthPitMine-LoadSite3-Shovel-1, load time is 4.060039370078741
2025-09-11 21:22:30,201 [INFO] Truck: Time:<196.35631748811016> Truck:[CLTruck4] Finish loading at shovel NorthPitMine-LoadSite3-Shovel-2
2025-09-11 21:22:30,205 [DEBUG] Truck: Time:<196.35631748811016> Truck:[CLTruck4] Start moving to ORDER(1): NorthPitMine-DumpSite2, move distance is 4.387098762701676, speed: 25
2025-09-11 21:22:30,205 [INFO] Truck: Time:<177> Truck:[CLTruck4] breakdown for 12.328726962897036 minutes at 177
2025-09-11 21:22:30,206 [INFO] Truck: Time:<196.35631748811016> Truck:[XHTruck32] Start loading at shovel NorthPitMine-LoadSite3-Shovel-2, load time is 24.444444444444443
2025-09-11 21:22:30,206 [INFO] Truck: Time:<196.49629312431503> Truck:[OfficalTruck4] Finish loading at shovel LoadSite1-Shovel-5
2025-09-11 21:22:30,209 [DEBUG] Truck: Time:<196.49629312431503> Truck:[OfficalTruck4] Start moving to ORDER(0): NorthPitMine-DumpSite1, move distance is 7.732425091910047, speed: 25
2025-09-11 21:22:30,209 [INFO] Truck: Time:<168> Truck:[OfficalTruck4] breakdown for 7.967699976118938 minutes at 168
2025-09-11 21:22:30,210 [INFO] Truck: Time:<196.9793131925137> Truck:[CLTruck13] Finish loading at shovel LoadSite1-Shovel-4
2025-09-11 21:22:30,213 [DEBUG] Truck: Time:<196.9793131925137> Truck:[CLTruck13] Start moving to ORDER(0): NorthPitMine-DumpSite1, move distance is 6.539207625846229, speed: 25
2025-09-11 21:22:30,213 [INFO] Truck: Time:<190> Truck:[CLTruck13] breakdown for 6.224777708275589 minutes at 190
2025-09-11 21:22:30,215 [DEBUG] Truck: Time:<197.0421225319349> Truck:[OfficalTruck5] Arrived at NorthPitMine-DumpSite3 at 197.0421225319349
2025-09-11 21:22:30,215 [INFO] Truck: Time:<197.5838781900835> Truck:[XHTruck27] Finish loading at shovel NorthPitMine-LoadSite4-Shovel-2
2025-09-11 21:22:30,220 [DEBUG] Truck: Time:<197.5838781900835> Truck:[XHTruck27] Start moving to ORDER(4): NorthPitMine-DumpSite5, move distance is 6.8405577714478, speed: 25
2025-09-11 21:22:30,220 [INFO] Truck: Time:<192> Truck:[XHTruck27] breakdown for 5.977303220296419 minutes at 192
2025-09-11 21:22:30,220 [INFO] Truck: Time:<197.91477677940753> Truck:[XHTruck19] Finish loading at shovel NorthPitMine-LoadSite4-Shovel-1
2025-09-11 21:22:30,227 [DEBUG] Truck: Time:<197.91477677940753> Truck:[XHTruck19] Start moving to ORDER(1): NorthPitMine-DumpSite2, move distance is 1.17, speed: 25
2025-09-11 21:22:30,228 [INFO] Truck: Time:<197.94323252555694> Truck:[XHTruck13] Arrived at LoadSite1 at 197.94323252555694
2025-09-11 21:22:30,228 [INFO] Truck: Time:<197.94323252555694> Truck:[XHTruck13] Start loading at shovel LoadSite1-Shovel-3, load time is 24.444444444444443
2025-09-11 21:22:30,229 [DEBUG] Truck: Time:<197.9550503584607> Truck:[XHTruck20] Arrived at NorthPitMine-DumpSite1 at 197.9550503584607
2025-09-11 21:22:30,232 [INFO] Truck: Time:<198.0421225319349> Truck:[OfficalTruck5] Finish unloading at dumper NorthPitMine-DumpSite3-点位0, dumper tons is 2186.645804285348
2025-09-11 21:22:30,236 [INFO] Road: [RoadEvent] Road from NorthPitMine-DumpSite3 to NorthPitMine-LoadSite5 is in repair，the repair will last for 50.14 mins, and will end at 248.18, vehicle on this road will have to suffer punish_distance.
2025-09-11 21:22:30,236 [DEBUG] Truck: Time:<198.0421225319349> Truck:[OfficalTruck5] Start moving to ORDER(4):NorthPitMine-LoadSite5, move distance is 7.598665911888131, speed: 25
2025-09-11 21:22:30,236 [INFO] Truck: Time:<183> Truck:[OfficalTruck5] breakdown for 11.904709003338448 minutes at 183
2025-09-11 21:22:30,237 [INFO] Truck: Time:<198.29522643520514> Truck:[CLTruck3] Finish loading at shovel NorthPitMine-LoadSite4-Shovel-3
2025-09-11 21:22:30,237 [INFO] Truck: Time:<198.29522643520514> Shovel NorthPitMine-LoadSite4-Shovel-3 under maintenance for 49.30 minutes
2025-09-11 21:22:30,237 [DEBUG] Truck: Time:<198.46293649475933> Truck:[XHTruck14] Arrived at NorthPitMine-DumpSite1 at 198.46293649475933
2025-09-11 21:22:30,237 [INFO] Truck: Time:<198.7025488670625> Truck:[CLTruck6] Finish loading at shovel NorthPitMine-LoadSite4-Shovel-5
2025-09-11 21:22:30,243 [DEBUG] Truck: Time:<198.7025488670625> Truck:[CLTruck6] Start moving to ORDER(3): NorthPitMine-DumpSite4, move distance is 2.6, speed: 25
2025-09-11 21:22:30,244 [INFO] Truck: Time:<190> Truck:[CLTruck6] breakdown for 6.915544703385147 minutes at 190
2025-09-11 21:22:30,244 [INFO] Truck: Time:<198.9550503584607> Truck:[XHTruck20] Finish unloading at dumper NorthPitMine-DumpSite1-点位0, dumper tons is 1963.555322824314
2025-09-11 21:22:30,249 [DEBUG] Truck: Time:<198.9550503584607> Truck:[XHTruck20] Start moving to ORDER(0):LoadSite1, move distance is 7.0137535896946535, speed: 25
2025-09-11 21:22:30,250 [INFO] Truck: Time:<194> Truck:[XHTruck20] breakdown for 11.783017179633177 minutes at 194
2025-09-11 21:22:30,253 [INFO] Truck: Time:<199.13651072681077> Truck:[XHTruck16] Arrived at LoadSite1 at 199.13651072681077
2025-09-11 21:22:30,253 [INFO] Truck: Time:<199.13651072681077> Truck:[XHTruck16] Start loading at shovel LoadSite1-Shovel-4, load time is 24.444444444444443
2025-09-11 21:22:30,253 [DEBUG] Truck: Time:<199.1367008074732> Truck:[CLTruck21] Arrived at NorthPitMine-DumpSite2 at 199.1367008074732
2025-09-11 21:22:30,254 [INFO] Truck: Time:<199.46293649475933> Truck:[XHTruck14] Finish unloading at dumper NorthPitMine-DumpSite1-点位1, dumper tons is 751.4883691904488
2025-09-11 21:22:30,257 [DEBUG] Truck: Time:<199.46293649475933> Truck:[XHTruck14] Start moving to ORDER(2):NorthPitMine-LoadSite3, move distance is 3.9335076652489875, speed: 25
2025-09-11 21:22:30,257 [INFO] Truck: Time:<187> Truck:[XHTruck14] breakdown for 5.827855742237057 minutes at 187
2025-09-11 21:22:30,260 [INFO] Truck: Time:<200.1367008074732> Truck:[CLTruck21] Finish unloading at dumper NorthPitMine-DumpSite2-点位0, dumper tons is 929.7607751581492
2025-09-11 21:22:30,264 [INFO] Road: [RoadEvent] Road from NorthPitMine-DumpSite2 to LoadSite1 is in repair，the repair will last for 51.38 mins, and will end at 251.52, vehicle on this road will have to suffer punish_distance.
2025-09-11 21:22:30,265 [DEBUG] Truck: Time:<200.1367008074732> Truck:[CLTruck21] Start moving to ORDER(0):LoadSite1, move distance is 46.84061164157139, speed: 25
2025-09-11 21:22:30,265 [INFO] Truck: Time:<200.1367008074732> Truck:[CLTruck21] is facing 0 mins delay caused by 2 pre-existing jam events on Road from NorthPitMine-DumpSite2 to LoadSite1
2025-09-11 21:22:30,265 [DEBUG] Truck: Time:<200.14473784029315> Truck:[OfficalTruck1] Arrived at NorthPitMine-DumpSite3 at 200.14473784029315
2025-09-11 21:22:30,265 [INFO] Truck: Time:<200.1787553570466> Truck:[XHTruck23] Finish loading at shovel NorthPitMine-LoadSite3-Shovel-1
2025-09-11 21:22:30,269 [DEBUG] Truck: Time:<200.1787553570466> Truck:[XHTruck23] Start moving to ORDER(0): NorthPitMine-DumpSite1, move distance is 2.98, speed: 25
2025-09-11 21:22:30,269 [INFO] Truck: Time:<200.1787553570466> Truck:[XHTruck23] is facing 0 mins delay caused by 1 pre-existing jam events on Road from NorthPitMine-LoadSite3 to NorthPitMine-DumpSite1
2025-09-11 21:22:30,269 [INFO] Truck: Time:<200.1787553570466> Truck:[CLTruck2] Start loading at shovel NorthPitMine-LoadSite3-Shovel-1, load time is 2.5836614173228347
2025-09-11 21:22:30,269 [DEBUG] Truck: Time:<200.41258088123334> Truck:[XHTruck9] Arrived at NorthPitMine-DumpSite1 at 200.41258088123334
2025-09-11 21:22:30,269 [DEBUG] Truck: Time:<200.72277677940752> Truck:[XHTruck19] Arrived at NorthPitMine-DumpSite2 at 200.72277677940752
2025-09-11 21:22:30,272 [INFO] Truck: Time:<200.743027300442> Truck:[XHTruck7] Arrived at NorthPitMine-LoadSite5 at 200.743027300442
2025-09-11 21:22:30,272 [INFO] Truck: Time:<200.743027300442> Truck:[XHTruck7] Start loading at shovel NorthPitMine-LoadSite5-Shovel-1, load time is 4.060039370078741
2025-09-11 21:22:30,275 [INFO] Truck: Time:<201.14473784029315> Truck:[OfficalTruck1] Finish unloading at dumper NorthPitMine-DumpSite3-点位0, dumper tons is 2264.069473081807
2025-09-11 21:22:30,279 [DEBUG] Truck: Time:<201.14473784029315> Truck:[OfficalTruck1] Start moving to ORDER(4):NorthPitMine-LoadSite5, move distance is 7.901178022233588, speed: 25
2025-09-11 21:22:30,279 [INFO] Truck: Time:<194> Truck:[OfficalTruck1] breakdown for 9.145530517154857 minutes at 194
2025-09-11 21:22:30,280 [INFO] Truck: Time:<201.41258088123334> Truck:[XHTruck9] Finish unloading at dumper NorthPitMine-DumpSite1-点位0, dumper tons is 2015.071012628387
2025-09-11 21:22:30,283 [DEBUG] Truck: Time:<201.41258088123334> Truck:[XHTruck9] Start moving to ORDER(4):NorthPitMine-LoadSite5, move distance is 28.5184625819781, speed: 25
2025-09-11 21:22:30,283 [INFO] Truck: Time:<187> Truck:[XHTruck9] breakdown for 11.45554290326281 minutes at 187
2025-09-11 21:22:30,283 [INFO] Truck: Time:<201.4162719357219> Truck:[CLTruck14] Arrived at NorthPitMine-LoadSite3 at 201.4162719357219
2025-09-11 21:22:30,283 [INFO] Truck: Time:<201.72277677940752> Truck:[XHTruck19] Finish unloading at dumper NorthPitMine-DumpSite2-点位0, dumper tons is 986.2663426807968
2025-09-11 21:22:30,285 [DEBUG] Truck: Time:<201.72277677940752> Truck:[XHTruck19] Start moving to ORDER(2):NorthPitMine-LoadSite3, move distance is 3.41, speed: 25
2025-09-11 21:22:30,290 [INFO] Truck: Time:<202.40227970568384> Truck:[XHTruck24] Arrived at NorthPitMine-LoadSite2 at 202.40227970568384
2025-09-11 21:22:30,290 [INFO] Truck: Time:<202.40227970568384> Truck:[XHTruck24] Start loading at shovel NorthPitMine-LoadSite2-Shovel-1, load time is 4.060039370078741
2025-09-11 21:22:30,291 [INFO] Truck: Time:<202.58709107859318> Truck:[OfficalTruck2] Finish loading at shovel LoadSite1-Shovel-2
2025-09-11 21:22:30,294 [DEBUG] Truck: Time:<202.58709107859318> Truck:[OfficalTruck2] Start moving to ORDER(0): NorthPitMine-DumpSite1, move distance is 7.46933352954066, speed: 25
2025-09-11 21:22:30,294 [INFO] Truck: Time:<184> Truck:[OfficalTruck2] breakdown for 6.185664043497723 minutes at 184
2025-09-11 21:22:30,295 [INFO] Truck: Time:<202.58709107859318> Truck:[XHTruck6] Start loading at shovel LoadSite1-Shovel-2, load time is 24.444444444444443
2025-09-11 21:22:30,295 [INFO] Truck: Time:<202.76241677436946> Truck:[CLTruck2] Finish loading at shovel NorthPitMine-LoadSite3-Shovel-1
2025-09-11 21:22:30,299 [DEBUG] Truck: Time:<202.76241677436946> Truck:[CLTruck2] Start moving to ORDER(0): NorthPitMine-DumpSite1, move distance is 2.98, speed: 25
2025-09-11 21:22:30,299 [INFO] Truck: Time:<200> Truck:[CLTruck2] breakdown for 13.445303214488227 minutes at 200
2025-09-11 21:22:30,299 [INFO] Truck: Time:<202.76241677436946> Truck:[CLTruck14] Start loading at shovel NorthPitMine-LoadSite3-Shovel-1, load time is 2.5836614173228347
2025-09-11 21:22:30,300 [INFO] Truck: Time:<202.9278859724579> Truck:[CLTruck7] Finish loading at shovel LoadSite1-Shovel-1
2025-09-11 21:22:30,303 [DEBUG] Truck: Time:<202.9278859724579> Truck:[CLTruck7] Start moving to ORDER(0): NorthPitMine-DumpSite1, move distance is 6.9841541993164675, speed: 25
2025-09-11 21:22:30,303 [INFO] Truck: Time:<181> Truck:[CLTruck7] breakdown for 11.021194979608653 minutes at 181
2025-09-11 21:22:30,303 [INFO] Truck: Time:<203.20409090078928> Truck:[CLTruck13] is facing 0 mins delay caused by 1 pre-existing jam events on Road from LoadSite1 to NorthPitMine-DumpSite1
2025-09-11 21:22:30,303 [INFO] Truck: Time:<203.3748300161473> Truck:[XHTruck17] Arrived at NorthPitMine-LoadSite2 at 203.3748300161473
2025-09-11 21:22:30,303 [INFO] Truck: Time:<203.3748300161473> Truck:[XHTruck17] Start loading at shovel NorthPitMine-LoadSite2-Shovel-3, load time is 24.444444444444443
2025-09-11 21:22:30,310 [DEBUG] Truck: Time:<204.06640472177972> Truck:[CLTruck12] Arrived at NorthPitMine-DumpSite3 at 204.06640472177972
2025-09-11 21:22:30,311 [INFO] Truck: Time:<204.35316588240175> Truck:[CLTruck5] Finish loading at shovel NorthPitMine-LoadSite3-Shovel-3
2025-09-11 21:22:30,314 [DEBUG] Truck: Time:<204.35316588240175> Truck:[CLTruck5] Start moving to ORDER(1): NorthPitMine-DumpSite2, move distance is 5.4435755263764545, speed: 25
2025-09-11 21:22:30,314 [INFO] Truck: Time:<190> Truck:[CLTruck5] breakdown for 9.548475033823927 minutes at 190
2025-09-11 21:22:30,315 [INFO] Truck: Time:<204.35316588240175> Truck:[OfficalTruck9] Start loading at shovel NorthPitMine-LoadSite3-Shovel-3, load time is 34.22222222222222
2025-09-11 21:22:30,315 [INFO] Truck: Time:<204.40453326589494> Truck:[XHTruck33] Finish loading at shovel NorthPitMine-LoadSite2-Shovel-2
2025-09-11 21:22:30,319 [INFO] Road: [RoadEvent] Road from NorthPitMine-LoadSite2 to NorthPitMine-DumpSite3 is in repair，the repair will last for 21.94 mins, and will end at 226.34, vehicle on this road will have to suffer punish_distance.
2025-09-11 21:22:30,319 [DEBUG] Truck: Time:<204.40453326589494> Truck:[XHTruck33] Start moving to ORDER(2): NorthPitMine-DumpSite3, move distance is 11.202240013545874, speed: 25
2025-09-11 21:22:30,319 [INFO] Truck: Time:<183> Truck:[XHTruck33] breakdown for 10.193204249613615 minutes at 183
2025-09-11 21:22:30,319 [INFO] Truck: Time:<204.46399310043398> Truck:[OfficalTruck4] is facing 0 mins delay caused by 2 pre-existing jam events on Road from LoadSite1 to NorthPitMine-DumpSite1
2025-09-11 21:22:30,320 [DEBUG] Truck: Time:<204.6080443150616> Truck:[CLTruck19] Arrived at NorthPitMine-DumpSite1 at 204.6080443150616
2025-09-11 21:22:30,320 [INFO] Truck: Time:<204.80306667052076> Truck:[XHTruck7] Finish loading at shovel NorthPitMine-LoadSite5-Shovel-1
2025-09-11 21:22:30,320 [INFO] Truck: Time:<204.80306667052076> Shovel NorthPitMine-LoadSite5-Shovel-1 under maintenance for 42.71 minutes
2025-09-11 21:22:30,323 [INFO] Truck: Time:<205.06640472177972> Truck:[CLTruck12] Finish unloading at dumper NorthPitMine-DumpSite3-点位0, dumper tons is 2299.0354321123546
2025-09-11 21:22:30,329 [DEBUG] Truck: Time:<205.06640472177972> Truck:[CLTruck12] Start moving to ORDER(0):LoadSite1, move distance is 17.780665955443382, speed: 25
2025-09-11 21:22:30,329 [INFO] Truck: Time:<198> Truck:[CLTruck12] breakdown for 6.053050953567704 minutes at 198
2025-09-11 21:22:30,330 [DEBUG] Truck: Time:<205.24301707696029> Truck:[CLTruck10] Arrived at NorthPitMine-DumpSite1 at 205.24301707696029
2025-09-11 21:22:30,330 [INFO] Truck: Time:<205.3460781916923> Truck:[CLTruck14] Finish loading at shovel NorthPitMine-LoadSite3-Shovel-1
2025-09-11 21:22:30,335 [DEBUG] Truck: Time:<205.3460781916923> Truck:[CLTruck14] Start moving to ORDER(1): NorthPitMine-DumpSite2, move distance is 4.6812816261584755, speed: 25
2025-09-11 21:22:30,335 [INFO] Truck: Time:<197> Truck:[CLTruck14] breakdown for 12.148294154207196 minutes at 197
2025-09-11 21:22:30,335 [INFO] Truck: Time:<205.44604063295185> Truck:[XHTruck29] Arrived at NorthPitMine-LoadSite5 at 205.44604063295185
2025-09-11 21:22:30,336 [INFO] Truck: Time:<205.44604063295185> Truck:[XHTruck29] Start loading at shovel NorthPitMine-LoadSite5-Shovel-2, load time is 4.060039370078741
2025-09-11 21:22:30,337 [INFO] Truck: Time:<205.52197316674005> Truck:[XHTruck8] Arrived at NorthPitMine-LoadSite4 at 205.52197316674005
2025-09-11 21:22:30,337 [INFO] Truck: Time:<205.52197316674005> Truck:[XHTruck8] Start loading at shovel NorthPitMine-LoadSite4-Shovel-1, load time is 4.060039370078741
2025-09-11 21:22:30,338 [INFO] Truck: Time:<205.5442157507415> Truck:[XHTruck4] Arrived at NorthPitMine-LoadSite3 at 205.5442157507415
2025-09-11 21:22:30,338 [INFO] Truck: Time:<205.5442157507415> Truck:[XHTruck4] Start loading at shovel NorthPitMine-LoadSite3-Shovel-1, load time is 4.060039370078741
2025-09-11 21:22:30,338 [INFO] Truck: Time:<205.6080443150616> Truck:[CLTruck19] Finish unloading at dumper NorthPitMine-DumpSite1-点位0, dumper tons is 2052.7779365641686
2025-09-11 21:22:30,342 [DEBUG] Truck: Time:<205.6080443150616> Truck:[CLTruck19] Start moving to ORDER(1):NorthPitMine-LoadSite2, move distance is 6.577634089887519, speed: 25
2025-09-11 21:22:30,342 [DEBUG] Truck: Time:<205.82073527125664> Truck:[CLTruck11] Arrived at NorthPitMine-DumpSite5 at 205.82073527125664
2025-09-11 21:22:30,345 [DEBUG] Truck: Time:<206.0693542920322> Truck:[XHTruck25] Arrived at NorthPitMine-DumpSite5 at 206.0693542920322
2025-09-11 21:22:30,345 [INFO] Truck: Time:<206.24301707696029> Truck:[CLTruck10] Finish unloading at dumper NorthPitMine-DumpSite1-点位1, dumper tons is 785.9300569407767
2025-09-11 21:22:30,349 [DEBUG] Truck: Time:<206.24301707696029> Truck:[CLTruck10] Start moving to ORDER(1):NorthPitMine-LoadSite2, move distance is 6.492231564639348, speed: 25
2025-09-11 21:22:30,349 [INFO] Truck: Time:<206.4623190757626> Truck:[XHTruck24] Finish loading at shovel NorthPitMine-LoadSite2-Shovel-1
2025-09-11 21:22:30,354 [DEBUG] Truck: Time:<206.4623190757626> Truck:[XHTruck24] Start moving to ORDER(2): NorthPitMine-DumpSite3, move distance is 9.377487776723955, speed: 25
2025-09-11 21:22:30,354 [INFO] Truck: Time:<204> Truck:[XHTruck24] breakdown for 16.40940209498732 minutes at 204
2025-09-11 21:22:30,355 [INFO] Truck: Time:<206.5115767587895> Truck:[CLTruck29] Arrived at NorthPitMine-LoadSite3 at 206.5115767587895
2025-09-11 21:22:30,355 [INFO] Truck: Time:<206.70717490270243> Truck:[XHTruck3] Arrived at LoadSite1 at 206.70717490270243
2025-09-11 21:22:30,356 [INFO] Truck: Time:<206.70717490270243> Truck:[XHTruck3] Start loading at shovel LoadSite1-Shovel-1, load time is 24.444444444444443
2025-09-11 21:22:30,356 [INFO] Truck: Time:<206.82073527125664> Truck:[CLTruck11] Finish unloading at dumper NorthPitMine-DumpSite5-点位0, dumper tons is 677.291195987123
2025-09-11 21:22:30,360 [DEBUG] Truck: Time:<206.82073527125664> Truck:[CLTruck11] Start moving to ORDER(3):NorthPitMine-LoadSite4, move distance is 5.34, speed: 25
2025-09-11 21:22:30,360 [INFO] Truck: Time:<202> Truck:[CLTruck11] breakdown for 10.48133586238916 minutes at 202
2025-09-11 21:22:30,362 [INFO] Truck: Time:<207.0693542920322> Truck:[XHTruck25] Finish unloading at dumper NorthPitMine-DumpSite5-点位1, dumper tons is 140.06186948248694
2025-09-11 21:22:30,366 [DEBUG] Truck: Time:<207.0693542920322> Truck:[XHTruck25] Start moving to ORDER(1):NorthPitMine-LoadSite2, move distance is 47.17109449292287, speed: 25
2025-09-11 21:22:30,366 [DEBUG] Truck: Time:<207.09138831938003> Truck:[CLTruck18] Arrived at NorthPitMine-DumpSite3 at 207.09138831938003
2025-09-11 21:22:30,366 [DEBUG] Truck: Time:<207.3307553570466> Truck:[XHTruck23] Arrived at NorthPitMine-DumpSite1 at 207.3307553570466
2025-09-11 21:22:30,369 [INFO] Truck: Time:<208.09138831938003> Truck:[CLTruck18] Finish unloading at dumper NorthPitMine-DumpSite3-点位0, dumper tons is 2335.301007911704
2025-09-11 21:22:30,375 [DEBUG] Truck: Time:<208.09138831938003> Truck:[CLTruck18] Start moving to ORDER(1):NorthPitMine-LoadSite2, move distance is 9.31090519407619, speed: 25
2025-09-11 21:22:30,375 [INFO] Truck: Time:<203> Truck:[CLTruck18] breakdown for 8.395224023702827 minutes at 203
2025-09-11 21:22:30,376 [INFO] Truck: Time:<208.3152899997704> Truck:[XHTruck15] Arrived at NorthPitMine-LoadSite2 at 208.3152899997704
2025-09-11 21:22:30,376 [INFO] Truck: Time:<208.3152899997704> Truck:[XHTruck15] Start loading at shovel NorthPitMine-LoadSite2-Shovel-1, load time is 4.060039370078741
2025-09-11 21:22:30,376 [INFO] Truck: Time:<208.3307553570466> Truck:[XHTruck23] Finish unloading at dumper NorthPitMine-DumpSite1-点位0, dumper tons is 2102.3428676546882
2025-09-11 21:22:30,380 [DEBUG] Truck: Time:<208.3307553570466> Truck:[XHTruck23] Start moving to ORDER(2):NorthPitMine-LoadSite3, move distance is 2.98, speed: 25
2025-09-11 21:22:30,380 [DEBUG] Truck: Time:<208.3873434881509> Truck:[CLTruck16] Arrived at NorthPitMine-DumpSite2 at 208.3873434881509
2025-09-11 21:22:30,380 [INFO] Truck: Time:<208.7727551220909> Truck:[OfficalTruck2] is facing 0 mins delay caused by 1 pre-existing jam events on Road from LoadSite1 to NorthPitMine-DumpSite1
2025-09-11 21:22:30,380 [DEBUG] Truck: Time:<208.95924613609102> Truck:[XHTruck12] Arrived at NorthPitMine-DumpSite5 at 208.95924613609102
2025-09-11 21:22:30,381 [INFO] Truck: Time:<208.9978547590207> Truck:[OfficalTruck8] Arrived at LoadSite1 at 208.9978547590207
2025-09-11 21:22:30,381 [INFO] Truck: Time:<208.9978547590207> Truck:[OfficalTruck8] Start loading at shovel LoadSite1-Shovel-5, load time is 34.22222222222222
2025-09-11 21:22:30,383 [INFO] Truck: Time:<209.29953747330194> Truck:[CLTruck20] is facing 3.1229046523874957 mins delay caused by 1 pre-existing jam events on Road from NorthPitMine-DumpSite1 to NorthPitMine-LoadSite2
2025-09-11 21:22:30,384 [INFO] Truck: Time:<209.3873434881509> Truck:[CLTruck16] Finish unloading at dumper NorthPitMine-DumpSite2-点位0, dumper tons is 1024.5659969640471
2025-09-11 21:22:30,387 [DEBUG] Truck: Time:<209.3873434881509> Truck:[CLTruck16] Start moving to ORDER(0):LoadSite1, move distance is 48.193550106630006, speed: 25
2025-09-11 21:22:30,388 [INFO] Truck: Time:<206> Truck:[CLTruck16] breakdown for 11.081937000085983 minutes at 206
2025-09-11 21:22:30,388 [INFO] Truck: Time:<209.5060800030306> Truck:[XHTruck29] Finish loading at shovel NorthPitMine-LoadSite5-Shovel-2
2025-09-11 21:22:30,392 [DEBUG] Truck: Time:<209.5060800030306> Truck:[XHTruck29] Start moving to ORDER(0): NorthPitMine-DumpSite1, move distance is 5.15, speed: 25
2025-09-11 21:22:30,392 [INFO] Truck: Time:<206> Truck:[XHTruck29] breakdown for 13.660561057215498 minutes at 206
2025-09-11 21:22:30,392 [INFO] Truck: Time:<209.5820125368188> Truck:[XHTruck8] Finish loading at shovel NorthPitMine-LoadSite4-Shovel-1
2025-09-11 21:22:30,395 [DEBUG] Truck: Time:<209.5820125368188> Truck:[XHTruck8] Start moving to ORDER(3): NorthPitMine-DumpSite4, move distance is 2.6, speed: 25
2025-09-11 21:22:30,396 [INFO] Truck: Time:<209.60425512082026> Truck:[XHTruck4] Finish loading at shovel NorthPitMine-LoadSite3-Shovel-1
2025-09-11 21:22:30,399 [DEBUG] Truck: Time:<209.60425512082026> Truck:[XHTruck4] Start moving to ORDER(2): NorthPitMine-DumpSite3, move distance is 2.49, speed: 25
2025-09-11 21:22:30,399 [INFO] Truck: Time:<203> Truck:[XHTruck4] breakdown for 8.709476537672815 minutes at 203
2025-09-11 21:22:30,399 [INFO] Truck: Time:<209.60425512082026> Truck:[CLTruck29] Start loading at shovel NorthPitMine-LoadSite3-Shovel-1, load time is 2.5836614173228347
2025-09-11 21:22:30,400 [DEBUG] Truck: Time:<209.79494591725395> Truck:[XHTruck1] Arrived at NorthPitMine-DumpSite1 at 209.79494591725395
2025-09-11 21:22:30,400 [INFO] Truck: Time:<209.90677677940752> Truck:[XHTruck19] Arrived at NorthPitMine-LoadSite3 at 209.90677677940752
2025-09-11 21:22:30,401 [INFO] Truck: Time:<209.95924613609102> Truck:[XHTruck12] Finish unloading at dumper NorthPitMine-DumpSite5-点位0, dumper tons is 734.2165670788357
2025-09-11 21:22:30,404 [INFO] Road: [RoadEvent] Road from NorthPitMine-DumpSite5 to NorthPitMine-LoadSite3 is in repair，the repair will last for 59.04 mins, and will end at 269.00, vehicle on this road will have to suffer punish_distance.
2025-09-11 21:22:30,405 [DEBUG] Truck: Time:<209.95924613609102> Truck:[XHTruck12] Start moving to ORDER(2):NorthPitMine-LoadSite3, move distance is 25.659217831040117, speed: 25
2025-09-11 21:22:30,407 [DEBUG] Truck: Time:<210.09417345969385> Truck:[CLTruck1] Arrived at NorthPitMine-DumpSite3 at 210.09417345969385
2025-09-11 21:22:30,408 [INFO] Truck: Time:<210.79494591725395> Truck:[XHTruck1] Finish unloading at dumper NorthPitMine-DumpSite1-点位0, dumper tons is 2160.4958020844865
2025-09-11 21:22:30,412 [DEBUG] Truck: Time:<210.79494591725395> Truck:[XHTruck1] Start moving to ORDER(4):NorthPitMine-LoadSite5, move distance is 19.6, speed: 25
2025-09-11 21:22:30,413 [INFO] Truck: Time:<197> Truck:[XHTruck1] breakdown for 8.989936450275586 minutes at 197
2025-09-11 21:22:30,416 [INFO] Truck: Time:<211.09417345969385> Truck:[CLTruck1] Finish unloading at dumper NorthPitMine-DumpSite3-点位0, dumper tons is 2372.9869948917203
2025-09-11 21:22:30,421 [DEBUG] Truck: Time:<211.09417345969385> Truck:[CLTruck1] Start moving to ORDER(1):NorthPitMine-LoadSite2, move distance is 10.335430068967112, speed: 25
2025-09-11 21:22:30,421 [INFO] Truck: Time:<207> Truck:[CLTruck1] breakdown for 2.9571186864022465 minutes at 207
2025-09-11 21:22:30,422 [INFO] Truck: Time:<211.19301107535512> Truck:[CLTruck23] Finish loading at shovel NorthPitMine-LoadSite4-Shovel-4
2025-09-11 21:22:30,426 [INFO] Road: [RoadEvent] Road from NorthPitMine-LoadSite4 to NorthPitMine-DumpSite3 is in repair，the repair will last for 36.78 mins, and will end at 247.97, vehicle on this road will have to suffer punish_distance.
2025-09-11 21:22:30,426 [DEBUG] Truck: Time:<211.19301107535512> Truck:[CLTruck23] Start moving to ORDER(2): NorthPitMine-DumpSite3, move distance is 4.551320118424045, speed: 25
2025-09-11 21:22:30,426 [INFO] Truck: Time:<205> Truck:[CLTruck23] breakdown for 10.642969513908621 minutes at 205
2025-09-11 21:22:30,426 [INFO] Truck: Time:<211.52854464380655> Truck:[OfficalTruck7] Arrived at NorthPitMine-LoadSite4 at 211.52854464380655
2025-09-11 21:22:30,429 [INFO] Truck: Time:<211.52854464380655> Truck:[OfficalTruck7] Start loading at shovel NorthPitMine-LoadSite4-Shovel-1, load time is 5.684055118110236
2025-09-11 21:22:30,429 [DEBUG] Truck: Time:<211.85809357044764> Truck:[CLTruck6] Arrived at NorthPitMine-DumpSite4 at 211.85809357044764
2025-09-11 21:22:30,431 [INFO] Truck: Time:<212.1879165381431> Truck:[CLTruck29] Finish loading at shovel NorthPitMine-LoadSite3-Shovel-1
2025-09-11 21:22:30,436 [DEBUG] Truck: Time:<212.1879165381431> Truck:[CLTruck29] Start moving to ORDER(2): NorthPitMine-DumpSite3, move distance is 2.49, speed: 25
2025-09-11 21:22:30,437 [INFO] Truck: Time:<209> Truck:[CLTruck29] breakdown for 6.56021907537772 minutes at 209
2025-09-11 21:22:30,437 [INFO] Truck: Time:<212.1879165381431> Truck:[XHTruck19] Start loading at shovel NorthPitMine-LoadSite3-Shovel-1, load time is 4.060039370078741
2025-09-11 21:22:30,437 [INFO] Truck: Time:<212.37532936984917> Truck:[XHTruck15] Finish loading at shovel NorthPitMine-LoadSite2-Shovel-1
2025-09-11 21:22:30,442 [DEBUG] Truck: Time:<212.37532936984917> Truck:[XHTruck15] Start moving to ORDER(0): NorthPitMine-DumpSite1, move distance is 5.32, speed: 25
2025-09-11 21:22:30,442 [INFO] Truck: Time:<200> Truck:[XHTruck15] breakdown for 11.602618012651089 minutes at 200
2025-09-11 21:22:30,442 [INFO] Truck: Time:<212.41489567714322> Truck:[CLTruck25] Arrived at NorthPitMine-LoadSite5 at 212.41489567714322
2025-09-11 21:22:30,442 [INFO] Truck: Time:<212.41489567714322> Truck:[CLTruck25] Start loading at shovel NorthPitMine-LoadSite5-Shovel-2, load time is 2.5836614173228347
2025-09-11 21:22:30,444 [INFO] Truck: Time:<212.85809357044764> Truck:[CLTruck6] Finish unloading at dumper NorthPitMine-DumpSite4-点位0, dumper tons is 668.7871323982773
2025-09-11 21:22:30,447 [INFO] Road: [RoadEvent] Road from NorthPitMine-DumpSite4 to NorthPitMine-LoadSite3 is in repair，the repair will last for 59.62 mins, and will end at 272.48, vehicle on this road will have to suffer punish_distance.
2025-09-11 21:22:30,448 [DEBUG] Truck: Time:<212.85809357044764> Truck:[CLTruck6] Start moving to ORDER(2):NorthPitMine-LoadSite3, move distance is 4.696741619432747, speed: 25
2025-09-11 21:22:30,448 [INFO] Truck: Time:<207> Truck:[CLTruck6] breakdown for 12.17007675257071 minutes at 207
2025-09-11 21:22:30,452 [INFO] Truck: Time:<213.8946657925914> Truck:[XHTruck21] Arrived at NorthPitMine-LoadSite2 at 213.8946657925914
2025-09-11 21:22:30,452 [INFO] Truck: Time:<213.8946657925914> Truck:[XHTruck21] Start loading at shovel NorthPitMine-LoadSite2-Shovel-1, load time is 4.060039370078741
2025-09-11 21:22:30,452 [INFO] Truck: Time:<213.94908095206654> Truck:[CLTruck7] is facing 0 mins delay caused by 2 pre-existing jam events on Road from LoadSite1 to NorthPitMine-DumpSite1
2025-09-11 21:22:30,456 [DEBUG] Truck: Time:<214.22621780897867> Truck:[XHTruck5] Arrived at NorthPitMine-DumpSite5 at 214.22621780897867
2025-09-11 21:22:30,456 [INFO] Truck: Time:<214.73121063359397> Truck:[XHTruck14] Arrived at NorthPitMine-LoadSite3 at 214.73121063359397
2025-09-11 21:22:30,456 [DEBUG] Truck: Time:<214.86572810493155> Truck:[XHTruck18] Arrived at NorthPitMine-DumpSite1 at 214.86572810493155
2025-09-11 21:22:30,456 [INFO] Truck: Time:<214.868465103462> Truck:[CLTruck27] Arrived at NorthPitMine-LoadSite4 at 214.868465103462
2025-09-11 21:22:30,457 [INFO] Truck: Time:<214.868465103462> Truck:[CLTruck27] Start loading at shovel NorthPitMine-LoadSite4-Shovel-2, load time is 15.555555555555555
2025-09-11 21:22:30,457 [INFO] Truck: Time:<214.99855709446607> Truck:[CLTruck25] Finish loading at shovel NorthPitMine-LoadSite5-Shovel-2
2025-09-11 21:22:30,463 [DEBUG] Truck: Time:<214.99855709446607> Truck:[CLTruck25] Start moving to ORDER(1): NorthPitMine-DumpSite2, move distance is 5.59, speed: 25
2025-09-11 21:22:30,463 [INFO] Truck: Time:<213> Truck:[CLTruck25] breakdown for 5.635152797034423 minutes at 213
2025-09-11 21:22:30,466 [INFO] Truck: Time:<215.22621780897867> Truck:[XHTruck5] Finish unloading at dumper NorthPitMine-DumpSite5-点位0, dumper tons is 793.894249006157
2025-09-11 21:22:30,470 [DEBUG] Truck: Time:<215.22621780897867> Truck:[XHTruck5] Start moving to ORDER(2):NorthPitMine-LoadSite3, move distance is 24.815048476956754, speed: 25
2025-09-11 21:22:30,470 [INFO] Truck: Time:<214> Truck:[XHTruck5] breakdown for 14.22744314713821 minutes at 214
2025-09-11 21:22:30,471 [INFO] Truck: Time:<215.48275535704659> Truck:[XHTruck23] Arrived at NorthPitMine-LoadSite3 at 215.48275535704659
2025-09-11 21:22:30,471 [DEBUG] Truck: Time:<215.82201253681882> Truck:[XHTruck8] Arrived at NorthPitMine-DumpSite4 at 215.82201253681882
2025-09-11 21:22:30,471 [INFO] Truck: Time:<215.86572810493155> Truck:[XHTruck18] Finish unloading at dumper NorthPitMine-DumpSite1-点位0, dumper tons is 2213.410612320468
2025-09-11 21:22:30,475 [DEBUG] Truck: Time:<215.86572810493155> Truck:[XHTruck18] Start moving to ORDER(0):LoadSite1, move distance is 6.894154338679518, speed: 25
2025-09-11 21:22:30,478 [INFO] Truck: Time:<216.07545491583096> Truck:[XHTruck26] Arrived at NorthPitMine-LoadSite5 at 216.07545491583096
2025-09-11 21:22:30,479 [INFO] Truck: Time:<216.07545491583096> Truck:[XHTruck26] Start loading at shovel NorthPitMine-LoadSite5-Shovel-2, load time is 4.060039370078741
2025-09-11 21:22:30,479 [INFO] Truck: Time:<216.24795590822185> Truck:[XHTruck19] Finish loading at shovel NorthPitMine-LoadSite3-Shovel-1
2025-09-11 21:22:30,484 [DEBUG] Truck: Time:<216.24795590822185> Truck:[XHTruck19] Start moving to ORDER(2): NorthPitMine-DumpSite3, move distance is 2.49, speed: 25
2025-09-11 21:22:30,484 [INFO] Truck: Time:<206> Truck:[XHTruck19] breakdown for 11.043302925708476 minutes at 206
2025-09-11 21:22:30,484 [INFO] Truck: Time:<216.24795590822185> Truck:[XHTruck14] Start loading at shovel NorthPitMine-LoadSite3-Shovel-1, load time is 4.060039370078741
2025-09-11 21:22:30,485 [DEBUG] Truck: Time:<216.3139542779809> Truck:[CLTruck8] Arrived at NorthPitMine-DumpSite1 at 216.3139542779809
2025-09-11 21:22:30,485 [INFO] Truck: Time:<216.36175682016486> Truck:[OfficalTruck6] Arrived at NorthPitMine-LoadSite2 at 216.36175682016486
2025-09-11 21:22:30,485 [INFO] Truck: Time:<216.36175682016486> Truck:[OfficalTruck6] Start loading at shovel NorthPitMine-LoadSite2-Shovel-2, load time is 34.22222222222222
2025-09-11 21:22:30,486 [INFO] Truck: Time:<216.82201253681882> Truck:[XHTruck8] Finish unloading at dumper NorthPitMine-DumpSite4-点位0, dumper tons is 721.9732377663005
2025-09-11 21:22:30,489 [DEBUG] Truck: Time:<216.82201253681882> Truck:[XHTruck8] Start moving to ORDER(0):LoadSite1, move distance is 4.75, speed: 25
2025-09-11 21:22:30,489 [INFO] Truck: Time:<211> Truck:[XHTruck8] breakdown for 10.077545243964373 minutes at 211
2025-09-11 21:22:30,494 [INFO] Truck: Time:<217.21259976191678> Truck:[OfficalTruck7] Finish loading at shovel NorthPitMine-LoadSite4-Shovel-1
2025-09-11 21:22:30,499 [DEBUG] Truck: Time:<217.21259976191678> Truck:[OfficalTruck7] Start moving to ORDER(2): NorthPitMine-DumpSite3, move distance is 5.403108510539553, speed: 25
2025-09-11 21:22:30,499 [INFO] Truck: Time:<217.3139542779809> Truck:[CLTruck8] Finish unloading at dumper NorthPitMine-DumpSite1-点位0, dumper tons is 2250.172955307227
2025-09-11 21:22:30,503 [DEBUG] Truck: Time:<217.3139542779809> Truck:[CLTruck8] Start moving to ORDER(2):NorthPitMine-LoadSite3, move distance is 2.98, speed: 25
2025-09-11 21:22:30,503 [INFO] Truck: Time:<216> Truck:[CLTruck8] breakdown for 11.125040703064975 minutes at 216
2025-09-11 21:22:30,504 [DEBUG] Truck: Time:<217.63171120431699> Truck:[XHTruck11] Arrived at NorthPitMine-DumpSite5 at 217.63171120431699
2025-09-11 21:22:30,504 [INFO] Truck: Time:<217.95470516267017> Truck:[XHTruck21] Finish loading at shovel NorthPitMine-LoadSite2-Shovel-1
2025-09-11 21:22:30,507 [DEBUG] Truck: Time:<217.95470516267017> Truck:[XHTruck21] Start moving to ORDER(2): NorthPitMine-DumpSite3, move distance is 11.44000141656441, speed: 25
2025-09-11 21:22:30,507 [INFO] Truck: Time:<195> Truck:[XHTruck21] breakdown for 9.091068893173833 minutes at 195
2025-09-11 21:22:30,510 [DEBUG] Truck: Time:<218.15060928342731> Truck:[CLTruck28] Arrived at NorthPitMine-DumpSite1 at 218.15060928342731
2025-09-11 21:22:30,511 [INFO] Truck: Time:<218.62031687807763> Truck:[CLTruck24] Arrived at NorthPitMine-LoadSite2 at 218.62031687807763
2025-09-11 21:22:30,511 [INFO] Truck: Time:<218.62031687807763> Truck:[CLTruck24] Start loading at shovel NorthPitMine-LoadSite2-Shovel-1, load time is 2.5836614173228347
2025-09-11 21:22:30,511 [INFO] Truck: Time:<218.63171120431699> Truck:[XHTruck11] Finish unloading at dumper NorthPitMine-DumpSite5-点位0, dumper tons is 852.2294183567702
2025-09-11 21:22:30,517 [DEBUG] Truck: Time:<218.63171120431699> Truck:[XHTruck11] Start moving to ORDER(2):NorthPitMine-LoadSite3, move distance is 25.122414851923892, speed: 25
2025-09-11 21:22:30,517 [INFO] Truck: Time:<212> Truck:[XHTruck11] breakdown for 15.395398980347466 minutes at 212
2025-09-11 21:22:30,518 [DEBUG] Truck: Time:<218.89818920282022> Truck:[CLTruck13] Arrived at NorthPitMine-DumpSite1 at 218.89818920282022
2025-09-11 21:22:30,519 [INFO] Truck: Time:<219.15060928342731> Truck:[CLTruck28] Finish unloading at dumper NorthPitMine-DumpSite1-点位0, dumper tons is 2286.539067896704
2025-09-11 21:22:30,523 [DEBUG] Truck: Time:<219.15060928342731> Truck:[CLTruck28] Start moving to ORDER(1):NorthPitMine-LoadSite2, move distance is 6.399936056909999, speed: 25
2025-09-11 21:22:30,523 [INFO] Truck: Time:<213> Truck:[CLTruck28] breakdown for 8.415386811851846 minutes at 213
2025-09-11 21:22:30,524 [DEBUG] Truck: Time:<219.21408148149123> Truck:[CLTruck4] Arrived at NorthPitMine-DumpSite2 at 219.21408148149123
2025-09-11 21:22:30,524 [DEBUG] Truck: Time:<219.86976294470185> Truck:[CLTruck17] Arrived at NorthPitMine-DumpSite3 at 219.86976294470185
2025-09-11 21:22:30,524 [INFO] Truck: Time:<219.89818920282022> Truck:[CLTruck13] Finish unloading at dumper NorthPitMine-DumpSite1-点位1, dumper tons is 820.7511865914697
2025-09-11 21:22:30,529 [DEBUG] Truck: Time:<219.89818920282022> Truck:[CLTruck13] Start moving to ORDER(4):NorthPitMine-LoadSite5, move distance is 19.6, speed: 25
2025-09-11 21:22:30,529 [DEBUG] Truck: Time:<219.97852006185465> Truck:[XHTruck27] Arrived at NorthPitMine-DumpSite5 at 219.97852006185465
2025-09-11 21:22:30,532 [INFO] Truck: Time:<220.13549428590972> Truck:[XHTruck26] Finish loading at shovel NorthPitMine-LoadSite5-Shovel-2
2025-09-11 21:22:30,536 [DEBUG] Truck: Time:<220.13549428590972> Truck:[XHTruck26] Start moving to ORDER(2): NorthPitMine-DumpSite3, move distance is 7.6434232833032265, speed: 25
2025-09-11 21:22:30,536 [INFO] Truck: Time:<215> Truck:[XHTruck26] breakdown for 13.320612174997825 minutes at 215
2025-09-11 21:22:30,538 [INFO] Truck: Time:<220.21408148149123> Truck:[CLTruck4] Finish unloading at dumper NorthPitMine-DumpSite2-点位0, dumper tons is 1060.4723103035537
2025-09-11 21:22:30,543 [DEBUG] Truck: Time:<220.21408148149123> Truck:[CLTruck4] Start moving to ORDER(4):NorthPitMine-LoadSite5, move distance is 5.59, speed: 25
2025-09-11 21:22:30,543 [INFO] Truck: Time:<215> Truck:[CLTruck4] breakdown for 4.429702745541107 minutes at 215
2025-09-11 21:22:30,544 [INFO] Truck: Time:<220.3079952783006> Truck:[XHTruck14] Finish loading at shovel NorthPitMine-LoadSite3-Shovel-1
2025-09-11 21:22:30,550 [DEBUG] Truck: Time:<220.3079952783006> Truck:[XHTruck14] Start moving to ORDER(2): NorthPitMine-DumpSite3, move distance is 2.49, speed: 25
2025-09-11 21:22:30,550 [INFO] Truck: Time:<214> Truck:[XHTruck14] breakdown for 7.839909828782542 minutes at 214
2025-09-11 21:22:30,551 [INFO] Truck: Time:<220.80076193255462> Truck:[XHTruck32] Finish loading at shovel NorthPitMine-LoadSite3-Shovel-2
2025-09-11 21:22:30,555 [DEBUG] Truck: Time:<220.80076193255462> Truck:[XHTruck32] Start moving to ORDER(1): NorthPitMine-DumpSite2, move distance is 4.542395385777297, speed: 25
2025-09-11 21:22:30,555 [INFO] Truck: Time:<215> Truck:[XHTruck32] breakdown for 12.090944719100548 minutes at 215
2025-09-11 21:22:30,555 [INFO] Truck: Time:<220.80076193255462> Truck:[XHTruck10] Start loading at shovel NorthPitMine-LoadSite3-Shovel-2, load time is 24.444444444444443
2025-09-11 21:22:30,555 [INFO] Truck: Time:<220.86976294470185> Truck:[CLTruck17] Finish unloading at dumper NorthPitMine-DumpSite3-点位0, dumper tons is 2405.011725761647
2025-09-11 21:22:30,560 [DEBUG] Truck: Time:<220.86976294470185> Truck:[CLTruck17] Start moving to ORDER(4):NorthPitMine-LoadSite5, move distance is 7.098345142606711, speed: 25
2025-09-11 21:22:30,560 [INFO] Truck: Time:<206> Truck:[CLTruck17] breakdown for 7.68663640937054 minutes at 206
2025-09-11 21:22:30,561 [INFO] Truck: Time:<220.97852006185465> Truck:[XHTruck27] Finish unloading at dumper NorthPitMine-DumpSite5-点位0, dumper tons is 909.0482026355685
2025-09-11 21:22:30,564 [DEBUG] Truck: Time:<220.97852006185465> Truck:[XHTruck27] Start moving to ORDER(1):NorthPitMine-LoadSite2, move distance is 47.77207377018507, speed: 25
2025-09-11 21:22:30,564 [INFO] Truck: Time:<217> Truck:[XHTruck27] breakdown for 9.540503573195021 minutes at 217
2025-09-11 21:22:30,569 [INFO] Truck: Time:<221.20397829540047> Truck:[CLTruck24] Finish loading at shovel NorthPitMine-LoadSite2-Shovel-1
2025-09-11 21:22:30,572 [DEBUG] Truck: Time:<221.20397829540047> Truck:[CLTruck24] Start moving to ORDER(2): NorthPitMine-DumpSite3, move distance is 10.020500023417778, speed: 25
2025-09-11 21:22:30,573 [INFO] Truck: Time:<218> Truck:[CLTruck24] breakdown for 6.4753509880016615 minutes at 218
2025-09-11 21:22:30,573 [INFO] Truck: Time:<221.39436613079164> Truck:[CLTruck19] Arrived at NorthPitMine-LoadSite2 at 221.39436613079164
2025-09-11 21:22:30,574 [INFO] Truck: Time:<221.39436613079164> Truck:[CLTruck19] Start loading at shovel NorthPitMine-LoadSite2-Shovel-1, load time is 2.5836614173228347
2025-09-11 21:22:30,574 [INFO] Truck: Time:<221.82437283209472> Truck:[CLTruck10] Arrived at NorthPitMine-LoadSite2 at 221.82437283209472
2025-09-11 21:22:30,574 [INFO] Truck: Time:<221.82437283209472> Truck:[CLTruck10] Start loading at shovel NorthPitMine-LoadSite2-Shovel-4, load time is 15.555555555555555
2025-09-11 21:22:30,578 [INFO] Truck: Time:<222.3876769700014> Truck:[XHTruck13] Finish loading at shovel LoadSite1-Shovel-3
2025-09-11 21:22:30,581 [INFO] Road: [RoadEvent] Road from LoadSite1 to NorthPitMine-DumpSite1 is in repair，the repair will last for 49.40 mins, and will end at 271.78, vehicle on this road will have to suffer punish_distance.
2025-09-11 21:22:30,581 [DEBUG] Truck: Time:<222.3876769700014> Truck:[XHTruck13] Start moving to ORDER(0): NorthPitMine-DumpSite1, move distance is 7.239683482102584, speed: 25
2025-09-11 21:22:30,581 [INFO] Truck: Time:<187> Truck:[XHTruck13] breakdown for 15.406449375415251 minutes at 187
2025-09-11 21:22:30,587 [DEBUG] Truck: Time:<223.0218133210181> Truck:[OfficalTruck4] Arrived at NorthPitMine-DumpSite1 at 223.0218133210181
2025-09-11 21:22:30,587 [DEBUG] Truck: Time:<223.35971998885768> Truck:[CLTruck2] Arrived at NorthPitMine-DumpSite1 at 223.35971998885768
2025-09-11 21:22:30,588 [INFO] Truck: Time:<223.5809551712552> Truck:[XHTruck16] Finish loading at shovel LoadSite1-Shovel-4
2025-09-11 21:22:30,591 [INFO] Road: [RoadEvent] Road from LoadSite1 to NorthPitMine-DumpSite5 is in repair，the repair will last for 35.08 mins, and will end at 258.66, vehicle on this road will have to suffer punish_distance.
2025-09-11 21:22:30,592 [DEBUG] Truck: Time:<223.5809551712552> Truck:[XHTruck16] Start moving to ORDER(4): NorthPitMine-DumpSite5, move distance is 4.893525233969165, speed: 25
2025-09-11 21:22:30,592 [INFO] Truck: Time:<207> Truck:[XHTruck16] breakdown for 5.1358942409746975 minutes at 207
2025-09-11 21:22:30,593 [INFO] Truck: Time:<223.97802754811448> Truck:[CLTruck19] Finish loading at shovel NorthPitMine-LoadSite2-Shovel-1
2025-09-11 21:22:30,596 [DEBUG] Truck: Time:<223.97802754811448> Truck:[CLTruck19] Start moving to ORDER(2): NorthPitMine-DumpSite3, move distance is 11.011057712696477, speed: 25
2025-09-11 21:22:30,596 [INFO] Truck: Time:<206> Truck:[CLTruck19] breakdown for 7.884597553964483 minutes at 206
2025-09-11 21:22:30,598 [INFO] Truck: Time:<224.0218133210181> Truck:[OfficalTruck4] Finish unloading at dumper NorthPitMine-DumpSite1-点位0, dumper tons is 2357.331659624013
2025-09-11 21:22:30,602 [INFO] Road: [RoadEvent] Road from NorthPitMine-DumpSite1 to NorthPitMine-LoadSite3 is in repair，the repair will last for 55.67 mins, and will end at 279.69, vehicle on this road will have to suffer punish_distance.
2025-09-11 21:22:30,602 [DEBUG] Truck: Time:<224.0218133210181> Truck:[OfficalTruck4] Start moving to ORDER(2):NorthPitMine-LoadSite3, move distance is 4.791874661276189, speed: 25
2025-09-11 21:22:30,602 [INFO] Truck: Time:<217> Truck:[OfficalTruck4] breakdown for 10.01538619551523 minutes at 217
2025-09-11 21:22:30,602 [INFO] Truck: Time:<224.22873213304496> Truck:[XHTruck30] Arrived at LoadSite1 at 224.22873213304496
2025-09-11 21:22:30,605 [INFO] Truck: Time:<224.22873213304496> Truck:[XHTruck30] Start loading at shovel LoadSite1-Shovel-3, load time is 24.444444444444443
2025-09-11 21:22:30,605 [DEBUG] Truck: Time:<224.28973165849308> Truck:[XHTruck4] Arrived at NorthPitMine-DumpSite3 at 224.28973165849308
2025-09-11 21:22:30,605 [INFO] Truck: Time:<224.35971998885768> Truck:[CLTruck2] Finish unloading at dumper NorthPitMine-DumpSite1-点位1, dumper tons is 853.3224536094983
2025-09-11 21:22:30,608 [DEBUG] Truck: Time:<224.35971998885768> Truck:[CLTruck2] Start moving to ORDER(2):NorthPitMine-LoadSite3, move distance is 4.0297654292841765, speed: 25
2025-09-11 21:22:30,609 [INFO] Truck: Time:<224.53879631365257> Truck:[XHTruck2] Arrived at NorthPitMine-LoadSite2 at 224.53879631365257
2025-09-11 21:22:30,609 [INFO] Truck: Time:<224.53879631365257> Truck:[XHTruck2] Start loading at shovel NorthPitMine-LoadSite2-Shovel-1, load time is 4.060039370078741
2025-09-11 21:22:30,610 [DEBUG] Truck: Time:<224.72413561352082> Truck:[CLTruck29] Arrived at NorthPitMine-DumpSite3 at 224.72413561352082
2025-09-11 21:22:30,612 [INFO] Truck: Time:<225.28973165849308> Truck:[XHTruck4] Finish unloading at dumper NorthPitMine-DumpSite3-点位0, dumper tons is 2456.64146994516
2025-09-11 21:22:30,616 [DEBUG] Truck: Time:<225.28973165849308> Truck:[XHTruck4] Start moving to ORDER(2):NorthPitMine-LoadSite3, move distance is 3.659087457964992, speed: 25
2025-09-11 21:22:30,616 [INFO] Truck: Time:<225.72413561352082> Truck:[CLTruck29] Finish unloading at dumper NorthPitMine-DumpSite3-点位1, dumper tons is 594.2469389534291
2025-09-11 21:22:30,620 [DEBUG] Truck: Time:<225.72413561352082> Truck:[CLTruck29] Start moving to ORDER(1):NorthPitMine-LoadSite2, move distance is 7.41, speed: 25
2025-09-11 21:22:30,620 [INFO] Truck: Time:<224> Truck:[CLTruck29] breakdown for 11.370797456364178 minutes at 224
2025-09-11 21:22:30,624 [DEBUG] Truck: Time:<226.6991555929885> Truck:[OfficalTruck2] Arrived at NorthPitMine-DumpSite1 at 226.6991555929885
2025-09-11 21:22:30,625 [DEBUG] Truck: Time:<226.96622217952918> Truck:[CLTruck5] Arrived at NorthPitMine-DumpSite2 at 226.96622217952918
2025-09-11 21:22:30,626 [INFO] Truck: Time:<227.03153552303763> Truck:[XHTruck6] Finish loading at shovel LoadSite1-Shovel-2
2025-09-11 21:22:30,631 [DEBUG] Truck: Time:<227.03153552303763> Truck:[XHTruck6] Start moving to ORDER(4): NorthPitMine-DumpSite5, move distance is 4.813568548197269, speed: 25
2025-09-11 21:22:30,631 [INFO] Truck: Time:<215> Truck:[XHTruck6] breakdown for 11.3008813142323 minutes at 215
2025-09-11 21:22:30,632 [INFO] Truck: Time:<227.045774055844> Truck:[XHTruck21] is facing 0 mins delay caused by 1 pre-existing jam events on Road from NorthPitMine-LoadSite2 to NorthPitMine-DumpSite3
2025-09-11 21:22:30,632 [INFO] Truck: Time:<227.29125883393033> Truck:[XHTruck19] is facing 0 mins delay caused by 1 pre-existing jam events on Road from NorthPitMine-LoadSite3 to NorthPitMine-DumpSite3
2025-09-11 21:22:30,633 [INFO] Truck: Time:<227.57107615336108> Truck:[XHTruck20] Arrived at LoadSite1 at 227.57107615336108
2025-09-11 21:22:30,633 [INFO] Truck: Time:<227.57107615336108> Truck:[XHTruck20] Start loading at shovel LoadSite1-Shovel-2, load time is 24.444444444444443
2025-09-11 21:22:30,634 [INFO] Truck: Time:<227.67932928340213> Truck:[CLTruck24] is facing 0 mins delay caused by 1 pre-existing jam events on Road from NorthPitMine-LoadSite2 to NorthPitMine-DumpSite3
2025-09-11 21:22:30,634 [INFO] Truck: Time:<227.6991555929885> Truck:[OfficalTruck2] Finish unloading at dumper NorthPitMine-DumpSite1-点位0, dumper tons is 2430.1805444484567
2025-09-11 21:22:30,635 [DEBUG] Truck: Time:<227.6991555929885> Truck:[OfficalTruck2] Start moving to ORDER(2):NorthPitMine-LoadSite3, move distance is 4.430248285339656, speed: 25
2025-09-11 21:22:30,635 [INFO] Truck: Time:<215> Truck:[OfficalTruck2] breakdown for 7.829692272087186 minutes at 215
2025-09-11 21:22:30,635 [INFO] Truck: Time:<227.81927446059177> Truck:[XHTruck17] Finish loading at shovel NorthPitMine-LoadSite2-Shovel-3
2025-09-11 21:22:30,641 [INFO] Road: [RoadEvent] Road from NorthPitMine-LoadSite2 to NorthPitMine-DumpSite5 is in repair，the repair will last for 47.13 mins, and will end at 274.95, vehicle on this road will have to suffer punish_distance.
2025-09-11 21:22:30,642 [DEBUG] Truck: Time:<227.81927446059177> Truck:[XHTruck17] Start moving to ORDER(4): NorthPitMine-DumpSite5, move distance is 4.3953480684391035, speed: 25
2025-09-11 21:22:30,642 [INFO] Truck: Time:<201> Truck:[XHTruck17] breakdown for 6.5738854377451945 minutes at 201
2025-09-11 21:22:30,642 [INFO] Truck: Time:<227.96622217952918> Truck:[CLTruck5] Finish unloading at dumper NorthPitMine-DumpSite2-点位0, dumper tons is 1095.1711900863047
2025-09-11 21:22:30,645 [INFO] Road: [RoadEvent] Road from NorthPitMine-DumpSite2 to NorthPitMine-LoadSite4 is in repair，the repair will last for 57.54 mins, and will end at 285.51, vehicle on this road will have to suffer punish_distance.
2025-09-11 21:22:30,646 [DEBUG] Truck: Time:<227.96622217952918> Truck:[CLTruck5] Start moving to ORDER(3):NorthPitMine-LoadSite4, move distance is 29.7387102404163, speed: 25
2025-09-11 21:22:30,646 [INFO] Truck: Time:<223> Truck:[CLTruck5] breakdown for 7.116804615537534 minutes at 223
2025-09-11 21:22:30,649 [INFO] Truck: Time:<228.14790510708315> Truck:[XHTruck14] is facing 0 mins delay caused by 1 pre-existing jam events on Road from NorthPitMine-LoadSite3 to NorthPitMine-DumpSite3
2025-09-11 21:22:30,650 [INFO] Truck: Time:<228.18362972380484> Truck:[OfficalTruck5] Arrived at NorthPitMine-LoadSite5 at 228.18362972380484
2025-09-11 21:22:30,650 [INFO] Truck: Time:<228.18362972380484> Truck:[OfficalTruck5] Start loading at shovel NorthPitMine-LoadSite5-Shovel-2, load time is 5.684055118110236
2025-09-11 21:22:30,650 [INFO] Truck: Time:<228.5563993540724> Truck:[CLTruck17] is facing 0 mins delay caused by 2 pre-existing jam events on Road from NorthPitMine-DumpSite3 to NorthPitMine-LoadSite5
2025-09-11 21:22:30,650 [INFO] Truck: Time:<228.5988356837313> Truck:[XHTruck2] Finish loading at shovel NorthPitMine-LoadSite2-Shovel-1
2025-09-11 21:22:30,655 [DEBUG] Truck: Time:<228.5988356837313> Truck:[XHTruck2] Start moving to ORDER(4): NorthPitMine-DumpSite5, move distance is 4.641141727403202, speed: 25
2025-09-11 21:22:30,656 [DEBUG] Truck: Time:<228.72944824867986> Truck:[CLTruck14] Arrived at NorthPitMine-DumpSite2 at 228.72944824867986
2025-09-11 21:22:30,659 [INFO] Truck: Time:<229.25309561080863> Truck:[OfficalTruck1] Arrived at NorthPitMine-LoadSite5 at 229.25309561080863
2025-09-11 21:22:30,660 [INFO] Truck: Time:<229.72944824867986> Truck:[CLTruck14] Finish unloading at dumper NorthPitMine-DumpSite2-点位0, dumper tons is 1127.2515547910566
2025-09-11 21:22:30,665 [DEBUG] Truck: Time:<229.72944824867986> Truck:[CLTruck14] Start moving to ORDER(3):NorthPitMine-LoadSite4, move distance is 30.465703850697796, speed: 25
2025-09-11 21:22:30,665 [INFO] Truck: Time:<224> Truck:[CLTruck14] breakdown for 8.56305543008294 minutes at 224
2025-09-11 21:22:30,669 [INFO] Truck: Time:<230.1180711336458> Truck:[CLTruck11] Arrived at NorthPitMine-LoadSite4 at 230.1180711336458
2025-09-11 21:22:30,670 [INFO] Truck: Time:<230.1180711336458> Truck:[CLTruck11] Start loading at shovel NorthPitMine-LoadSite4-Shovel-1, load time is 2.5836614173228347
2025-09-11 21:22:30,670 [DEBUG] Truck: Time:<230.1800601872117> Truck:[OfficalTruck7] Arrived at NorthPitMine-DumpSite3 at 230.1800601872117
2025-09-11 21:22:30,671 [INFO] Truck: Time:<230.42402065901754> Truck:[CLTruck27] Finish loading at shovel NorthPitMine-LoadSite4-Shovel-2
2025-09-11 21:22:30,675 [DEBUG] Truck: Time:<230.42402065901754> Truck:[CLTruck27] Start moving to ORDER(2): NorthPitMine-DumpSite3, move distance is 5.744634750380359, speed: 25
2025-09-11 21:22:30,675 [INFO] Truck: Time:<223> Truck:[CLTruck27] breakdown for 7.046822664269076 minutes at 223
2025-09-11 21:22:30,675 [DEBUG] Truck: Time:<230.71105103042606> Truck:[CLTruck7] Arrived at NorthPitMine-DumpSite1 at 230.71105103042606
2025-09-11 21:22:30,679 [INFO] Truck: Time:<231.00442191217732> Truck:[CLTruck20] Arrived at NorthPitMine-LoadSite2 at 231.00442191217732
2025-09-11 21:22:30,679 [INFO] Truck: Time:<231.00442191217732> Truck:[CLTruck20] Start loading at shovel NorthPitMine-LoadSite2-Shovel-1, load time is 2.5836614173228347
2025-09-11 21:22:30,680 [INFO] Truck: Time:<231.1516193471469> Truck:[XHTruck3] Finish loading at shovel LoadSite1-Shovel-1
2025-09-11 21:22:30,687 [INFO] Road: [RoadEvent] Road from LoadSite1 to NorthPitMine-DumpSite4 is in repair，the repair will last for 46.78 mins, and will end at 277.93, vehicle on this road will have to suffer punish_distance.
2025-09-11 21:22:30,688 [DEBUG] Truck: Time:<231.1516193471469> Truck:[XHTruck3] Start moving to ORDER(3): NorthPitMine-DumpSite4, move distance is 7.140408098293337, speed: 25
2025-09-11 21:22:30,688 [INFO] Truck: Time:<217> Truck:[XHTruck3] breakdown for 12.753476062617384 minutes at 217
2025-09-11 21:22:30,688 [INFO] Truck: Time:<231.1800601872117> Truck:[OfficalTruck7] Finish unloading at dumper NorthPitMine-DumpSite3-点位0, dumper tons is 2534.733319552958
2025-09-11 21:22:30,695 [DEBUG] Truck: Time:<231.1800601872117> Truck:[OfficalTruck7] Start moving to ORDER(1):NorthPitMine-LoadSite2, move distance is 7.41, speed: 25
2025-09-11 21:22:30,695 [INFO] Truck: Time:<222> Truck:[OfficalTruck7] breakdown for 10.310555532603217 minutes at 222
2025-09-11 21:22:30,696 [INFO] Truck: Time:<231.71105103042606> Truck:[CLTruck7] Finish unloading at dumper NorthPitMine-DumpSite1-点位0, dumper tons is 2467.2314211913304
2025-09-11 21:22:30,700 [INFO] Road: [RoadEvent] Road from NorthPitMine-DumpSite1 to NorthPitMine-LoadSite4 is in repair，the repair will last for 41.14 mins, and will end at 272.85, vehicle on this road will have to suffer punish_distance.
2025-09-11 21:22:30,702 [DEBUG] Truck: Time:<231.71105103042606> Truck:[CLTruck7] Start moving to ORDER(3):NorthPitMine-LoadSite4, move distance is 4.0644129443989785, speed: 25
2025-09-11 21:22:30,702 [INFO] Truck: Time:<229> Truck:[CLTruck7] breakdown for 15.403079714388454 minutes at 229
2025-09-11 21:22:30,703 [INFO] Truck: Time:<231.86262510207897> Truck:[CLTruck19] is facing 0 mins delay caused by 2 pre-existing jam events on Road from NorthPitMine-LoadSite2 to NorthPitMine-DumpSite3
2025-09-11 21:22:30,707 [INFO] Truck: Time:<232.41169851776237> Truck:[XHTruck18] Arrived at LoadSite1 at 232.41169851776237
2025-09-11 21:22:30,707 [INFO] Truck: Time:<232.41169851776237> Truck:[XHTruck18] Start loading at shovel LoadSite1-Shovel-1, load time is 24.444444444444443
2025-09-11 21:22:30,708 [INFO] Truck: Time:<232.70173255096864> Truck:[CLTruck11] Finish loading at shovel NorthPitMine-LoadSite4-Shovel-1
2025-09-11 21:22:30,714 [DEBUG] Truck: Time:<232.70173255096864> Truck:[CLTruck11] Start moving to ORDER(2): NorthPitMine-DumpSite3, move distance is 5.7009825457458785, speed: 25
2025-09-11 21:22:30,715 [INFO] Truck: Time:<232.70173255096864> Truck:[CLTruck11] is facing 6.406334749442839 mins delay caused by 1 pre-existing jam events on Road from NorthPitMine-LoadSite4 to NorthPitMine-DumpSite3
2025-09-11 21:22:30,715 [DEBUG] Truck: Time:<232.75914887348142> Truck:[CLTruck23] Arrived at NorthPitMine-DumpSite3 at 232.75914887348142
2025-09-11 21:22:30,715 [INFO] Truck: Time:<232.89170665165517> Truck:[XHTruck32] is facing 0 mins delay caused by 1 pre-existing jam events on Road from NorthPitMine-LoadSite3 to NorthPitMine-DumpSite2
2025-09-11 21:22:30,719 [DEBUG] Truck: Time:<233.26725883393033> Truck:[XHTruck19] Arrived at NorthPitMine-DumpSite3 at 233.26725883393033
2025-09-11 21:22:30,719 [INFO] Truck: Time:<233.58808332950017> Truck:[CLTruck20] Finish loading at shovel NorthPitMine-LoadSite2-Shovel-1
2025-09-11 21:22:30,724 [DEBUG] Truck: Time:<233.58808332950017> Truck:[CLTruck20] Start moving to ORDER(0): NorthPitMine-DumpSite1, move distance is 5.32, speed: 25
2025-09-11 21:22:30,725 [INFO] Truck: Time:<221> Truck:[CLTruck20] breakdown for 7.081946885466405 minutes at 221
2025-09-11 21:22:30,725 [INFO] Truck: Time:<233.75914887348142> Truck:[CLTruck23] Finish unloading at dumper NorthPitMine-DumpSite3-点位0, dumper tons is 2566.829017123844
2025-09-11 21:22:30,729 [DEBUG] Truck: Time:<233.75914887348142> Truck:[CLTruck23] Start moving to ORDER(0):LoadSite1, move distance is 12.74, speed: 25
2025-09-11 21:22:30,729 [INFO] Truck: Time:<230> Truck:[CLTruck23] breakdown for 4.529563568547427 minutes at 230
2025-09-11 21:22:30,729 [INFO] Truck: Time:<233.86768484191506> Truck:[OfficalTruck5] Finish loading at shovel NorthPitMine-LoadSite5-Shovel-2
2025-09-11 21:22:30,735 [DEBUG] Truck: Time:<233.86768484191506> Truck:[OfficalTruck5] Start moving to ORDER(2): NorthPitMine-DumpSite3, move distance is 5.62, speed: 25
2025-09-11 21:22:30,735 [INFO] Truck: Time:<226> Truck:[OfficalTruck5] breakdown for 9.539877384083319 minutes at 226
2025-09-11 21:22:30,739 [INFO] Truck: Time:<234.02711018466445> Truck:[XHTruck11] is facing 0 mins delay caused by 3 pre-existing jam events on Road from NorthPitMine-DumpSite5 to NorthPitMine-LoadSite3
2025-09-11 21:22:30,740 [INFO] Truck: Time:<234.0311570191397> Truck:[CLTruck2] Arrived at NorthPitMine-LoadSite3 at 234.0311570191397
2025-09-11 21:22:30,740 [INFO] Truck: Time:<234.0311570191397> Truck:[CLTruck2] Start loading at shovel NorthPitMine-LoadSite3-Shovel-1, load time is 2.5836614173228347
2025-09-11 21:22:30,740 [INFO] Truck: Time:<234.03719951653332> Truck:[OfficalTruck4] is facing 11.100670233505168 mins delay caused by 4 pre-existing jam events on Road from NorthPitMine-DumpSite1 to NorthPitMine-LoadSite3
2025-09-11 21:22:30,741 [DEBUG] Truck: Time:<234.0497098915005> Truck:[CLTruck25] Arrived at NorthPitMine-DumpSite2 at 234.0497098915005
2025-09-11 21:22:30,741 [INFO] Truck: Time:<234.07154155760907> Truck:[XHTruck4] Arrived at NorthPitMine-LoadSite3 at 234.07154155760907
2025-09-11 21:22:30,741 [DEBUG] Truck: Time:<234.12390510708315> Truck:[XHTruck14] Arrived at NorthPitMine-DumpSite3 at 234.12390510708315
2025-09-11 21:22:30,741 [INFO] Truck: Time:<234.26725883393033> Truck:[XHTruck19] Finish unloading at dumper NorthPitMine-DumpSite3-点位1, dumper tons is 652.4536242460891
2025-09-11 21:22:30,744 [DEBUG] Truck: Time:<234.26725883393033> Truck:[XHTruck19] Start moving to ORDER(1):NorthPitMine-LoadSite2, move distance is 7.41, speed: 25
2025-09-11 21:22:30,744 [INFO] Truck: Time:<234.26725883393033> Truck:[XHTruck19] is facing 0 mins delay caused by 4 pre-existing jam events on Road from NorthPitMine-DumpSite3 to NorthPitMine-LoadSite2
2025-09-11 21:22:30,745 [INFO] Truck: Time:<234.85749852080158> Truck:[CLTruck15] Arrived at NorthPitMine-LoadSite4 at 234.85749852080158
2025-09-11 21:22:30,745 [INFO] Truck: Time:<234.85749852080158> Truck:[CLTruck15] Start loading at shovel NorthPitMine-LoadSite4-Shovel-1, load time is 2.5836614173228347
2025-09-11 21:22:30,748 [INFO] Truck: Time:<235.0497098915005> Truck:[CLTruck25] Finish unloading at dumper NorthPitMine-DumpSite2-点位0, dumper tons is 1164.5940886198023
2025-09-11 21:22:30,751 [DEBUG] Truck: Time:<235.0497098915005> Truck:[CLTruck25] Start moving to ORDER(4):NorthPitMine-LoadSite5, move distance is 5.59, speed: 25
2025-09-11 21:22:30,751 [INFO] Truck: Time:<235.12390510708315> Truck:[XHTruck14] Finish unloading at dumper NorthPitMine-DumpSite3-点位0, dumper tons is 2618.520927454861
2025-09-11 21:22:30,758 [DEBUG] Truck: Time:<235.12390510708315> Truck:[XHTruck14] Start moving to ORDER(4):NorthPitMine-LoadSite5, move distance is 8.240200144929922, speed: 25
2025-09-11 21:22:30,758 [INFO] Truck: Time:<231> Truck:[XHTruck14] breakdown for 8.344526597349766 minutes at 231
2025-09-11 21:22:30,759 [DEBUG] Truck: Time:<235.5266410602461> Truck:[XHTruck29] Arrived at NorthPitMine-DumpSite1 at 235.5266410602461
2025-09-11 21:22:30,759 [INFO] Truck: Time:<235.52884786507568> Truck:[OfficalTruck2] is facing 8.049555596117624 mins delay caused by 4 pre-existing jam events on Road from NorthPitMine-DumpSite1 to NorthPitMine-LoadSite3
2025-09-11 21:22:30,760 [INFO] Truck: Time:<235.59099498104587> Truck:[CLTruck8] Arrived at NorthPitMine-LoadSite3 at 235.59099498104587
2025-09-11 21:22:30,763 [INFO] Truck: Time:<236.30035020965693> Truck:[CLTruck6] Arrived at NorthPitMine-LoadSite3 at 236.30035020965693
2025-09-11 21:22:30,763 [INFO] Truck: Time:<236.52449873378205> Truck:[XHTruck28] Arrived at LoadSite1 at 236.52449873378205
2025-09-11 21:22:30,765 [INFO] Truck: Time:<236.52449873378205> Truck:[XHTruck28] Start loading at shovel LoadSite1-Shovel-4, load time is 24.444444444444443
2025-09-11 21:22:30,765 [INFO] Truck: Time:<236.5266410602461> Truck:[XHTruck29] Finish unloading at dumper NorthPitMine-DumpSite1-点位0, dumper tons is 2526.781776925215
2025-09-11 21:22:30,770 [DEBUG] Truck: Time:<236.5266410602461> Truck:[XHTruck29] Start moving to ORDER(1):NorthPitMine-LoadSite2, move distance is 7.806332808192934, speed: 25
2025-09-11 21:22:30,770 [INFO] Truck: Time:<227> Truck:[XHTruck29] breakdown for 5.3531150118745074 minutes at 227
2025-09-11 21:22:30,770 [INFO] Truck: Time:<236.61481843646254> Truck:[CLTruck2] Finish loading at shovel NorthPitMine-LoadSite3-Shovel-1
2025-09-11 21:22:30,776 [INFO] Road: [RoadEvent] Road from NorthPitMine-LoadSite3 to NorthPitMine-DumpSite4 is in repair，the repair will last for 50.43 mins, and will end at 287.04, vehicle on this road will have to suffer punish_distance.
2025-09-11 21:22:30,777 [DEBUG] Truck: Time:<236.61481843646254> Truck:[CLTruck2] Start moving to ORDER(3): NorthPitMine-DumpSite4, move distance is 5.327505566422923, speed: 25
2025-09-11 21:22:30,777 [INFO] Truck: Time:<225> Truck:[CLTruck2] breakdown for 10.3605162186958 minutes at 225
2025-09-11 21:22:30,777 [INFO] Truck: Time:<236.61481843646254> Truck:[XHTruck4] Start loading at shovel NorthPitMine-LoadSite3-Shovel-1, load time is 4.060039370078741
2025-09-11 21:22:30,778 [DEBUG] Truck: Time:<236.74594738250025> Truck:[XHTruck15] Arrived at NorthPitMine-DumpSite1 at 236.74594738250025
2025-09-11 21:22:30,780 [INFO] Truck: Time:<237.094933069885> Truck:[CLTruck29] is facing 0 mins delay caused by 3 pre-existing jam events on Road from NorthPitMine-DumpSite3 to NorthPitMine-LoadSite2
2025-09-11 21:22:30,780 [INFO] Truck: Time:<237.37992838765027> Truck:[CLTruck10] Finish loading at shovel NorthPitMine-LoadSite2-Shovel-4
2025-09-11 21:22:30,786 [DEBUG] Truck: Time:<237.37992838765027> Truck:[CLTruck10] Start moving to ORDER(2): NorthPitMine-DumpSite3, move distance is 7.41, speed: 25
2025-09-11 21:22:30,786 [INFO] Truck: Time:<218> Truck:[CLTruck10] breakdown for 7.6242714808824035 minutes at 218
2025-09-11 21:22:30,787 [INFO] Truck: Time:<237.44115993812443> Truck:[CLTruck15] Finish loading at shovel NorthPitMine-LoadSite4-Shovel-1
2025-09-11 21:22:30,791 [INFO] Road: [RoadEvent] Road from NorthPitMine-LoadSite4 to NorthPitMine-DumpSite4 is in repair，the repair will last for 52.10 mins, and will end at 289.55, vehicle on this road will have to suffer punish_distance.
2025-09-11 21:22:30,792 [DEBUG] Truck: Time:<237.44115993812443> Truck:[CLTruck15] Start moving to ORDER(3): NorthPitMine-DumpSite4, move distance is 3.649459807769243, speed: 25
2025-09-11 21:22:30,792 [INFO] Truck: Time:<219> Truck:[CLTruck15] breakdown for 11.593376323863431 minutes at 219
2025-09-11 21:22:30,793 [INFO] Truck: Time:<237.47084332328663> Truck:[CLTruck27] is facing 1.5913957166437278 mins delay caused by 1 pre-existing jam events on Road from NorthPitMine-LoadSite4 to NorthPitMine-DumpSite3
2025-09-11 21:22:30,793 [INFO] Truck: Time:<237.66811970966106> Truck:[XHTruck31] Arrived at LoadSite1 at 237.66811970966106
2025-09-11 21:22:30,794 [INFO] Truck: Time:<237.74594738250025> Truck:[XHTruck15] Finish unloading at dumper NorthPitMine-DumpSite1-点位0, dumper tons is 2584.2009813978602
2025-09-11 21:22:30,797 [DEBUG] Truck: Time:<237.74594738250025> Truck:[XHTruck15] Start moving to ORDER(2):NorthPitMine-LoadSite3, move distance is 4.329640696918944, speed: 25
2025-09-11 21:22:30,798 [INFO] Truck: Time:<236> Truck:[XHTruck15] breakdown for 7.449769460574609 minutes at 236
2025-09-11 21:22:30,801 [INFO] Truck: Time:<238.05978422703234> Truck:[CLTruck4] Arrived at NorthPitMine-LoadSite5 at 238.05978422703234
2025-09-11 21:22:30,802 [INFO] Truck: Time:<238.05978422703234> Truck:[CLTruck4] Start loading at shovel NorthPitMine-LoadSite5-Shovel-2, load time is 2.5836614173228347
2025-09-11 21:22:30,802 [INFO] Truck: Time:<238.2995577807832> Truck:[XHTruck8] Arrived at LoadSite1 at 238.2995577807832
2025-09-11 21:22:30,802 [INFO] Truck: Time:<238.57538810462398> Truck:[OfficalTruck9] Finish loading at shovel NorthPitMine-LoadSite3-Shovel-3
2025-09-11 21:22:30,808 [DEBUG] Truck: Time:<238.57538810462398> Truck:[OfficalTruck9] Start moving to ORDER(2): NorthPitMine-DumpSite3, move distance is 2.49, speed: 25
2025-09-11 21:22:30,808 [INFO] Truck: Time:<230> Truck:[OfficalTruck9] breakdown for 12.213373387624529 minutes at 230
2025-09-11 21:22:30,808 [INFO] Truck: Time:<238.57538810462398> Truck:[XHTruck23] Start loading at shovel NorthPitMine-LoadSite3-Shovel-3, load time is 24.444444444444443
2025-09-11 21:22:30,809 [INFO] Truck: Time:<238.8327848088657> Truck:[CLTruck18] Arrived at NorthPitMine-LoadSite2 at 238.8327848088657
2025-09-11 21:22:30,809 [INFO] Truck: Time:<238.8327848088657> Truck:[CLTruck18] Start loading at shovel NorthPitMine-LoadSite2-Shovel-1, load time is 2.5836614173228347
2025-09-11 21:22:30,809 [INFO] Truck: Time:<238.8563243116172> Truck:[CLTruck1] Arrived at NorthPitMine-LoadSite2 at 238.8563243116172
2025-09-11 21:22:30,810 [INFO] Truck: Time:<238.8563243116172> Truck:[CLTruck1] Start loading at shovel NorthPitMine-LoadSite2-Shovel-3, load time is 15.555555555555555
2025-09-11 21:22:30,814 [INFO] Truck: Time:<239.25742955226107> Truck:[CLTruck22] Arrived at NorthPitMine-LoadSite5 at 239.25742955226107
2025-09-11 21:22:30,814 [DEBUG] Truck: Time:<239.73757582949898> Truck:[XHTruck2] Arrived at NorthPitMine-DumpSite5 at 239.73757582949898
2025-09-11 21:22:30,815 [INFO] NorthPitMine: simulation finished with dispatcher PPODispatcher
