2025-09-11 20:19:15,965 [INFO] NorthPitMine: simulation started with dispatcher ShortestTripDispatcher
2025-09-11 20:19:15,965 [INFO] Truck: Time:<0> Truck:[OfficalTruck1] Activated at 0, Target load site is ORDER(4):NorthPitMine-LoadSite5, move distance is 2.1
2025-09-11 20:19:15,965 [INFO] Truck: Time:<0> Truck:[OfficalTruck2] Activated at 0, Target load site is ORDER(4):NorthPitMine-LoadSite5, move distance is 2.1
2025-09-11 20:19:15,969 [INFO] Truck: Time:<0> Truck:[OfficalTruck3] Activated at 0, Target load site is ORDER(4):NorthPitMine-LoadSite5, move distance is 2.1
2025-09-11 20:19:15,969 [INFO] Truck: Time:<0> Truck:[OfficalTruck4] Activated at 0, Target load site is ORDER(4):NorthPitMine-LoadSite5, move distance is 2.1
2025-09-11 20:19:15,970 [INFO] Truck: Time:<0> Truck:[OfficalTruck5] Activated at 0, Target load site is ORDER(4):NorthPitMine-LoadSite5, move distance is 2.1
2025-09-11 20:19:15,971 [INFO] Truck: Time:<0> Truck:[OfficalTruck6] Activated at 0, Target load site is ORDER(4):NorthPitMine-LoadSite5, move distance is 2.1
2025-09-11 20:19:15,971 [INFO] Truck: Time:<0> Truck:[OfficalTruck7] Activated at 0, Target load site is ORDER(2):NorthPitMine-LoadSite3, move distance is 3.14
2025-09-11 20:19:15,972 [INFO] Truck: Time:<0> Truck:[OfficalTruck8] Activated at 0, Target load site is ORDER(2):NorthPitMine-LoadSite3, move distance is 3.14
2025-09-11 20:19:15,972 [INFO] Truck: Time:<0> Truck:[OfficalTruck9] Activated at 0, Target load site is ORDER(2):NorthPitMine-LoadSite3, move distance is 3.14
2025-09-11 20:19:15,973 [INFO] Truck: Time:<0> Truck:[CLTruck1] Activated at 0, Target load site is ORDER(3):NorthPitMine-LoadSite4, move distance is 2.26
2025-09-11 20:19:15,973 [INFO] Truck: Time:<0> Truck:[CLTruck2] Activated at 0, Target load site is ORDER(3):NorthPitMine-LoadSite4, move distance is 2.26
2025-09-11 20:19:15,973 [INFO] Truck: Time:<0> Truck:[CLTruck3] Activated at 0, Target load site is ORDER(3):NorthPitMine-LoadSite4, move distance is 2.26
2025-09-11 20:19:15,974 [INFO] Truck: Time:<0> Truck:[CLTruck4] Activated at 0, Target load site is ORDER(3):NorthPitMine-LoadSite4, move distance is 2.26
2025-09-11 20:19:15,974 [INFO] Truck: Time:<0> Truck:[CLTruck5] Activated at 0, Target load site is ORDER(3):NorthPitMine-LoadSite4, move distance is 2.26
2025-09-11 20:19:15,974 [INFO] Truck: Time:<0> Truck:[CLTruck6] Activated at 0, Target load site is ORDER(3):NorthPitMine-LoadSite4, move distance is 2.26
2025-09-11 20:19:15,975 [INFO] Truck: Time:<0> Truck:[CLTruck7] Activated at 0, Target load site is ORDER(3):NorthPitMine-LoadSite4, move distance is 2.26
2025-09-11 20:19:15,975 [INFO] Truck: Time:<0> Truck:[CLTruck8] Activated at 0, Target load site is ORDER(1):NorthPitMine-LoadSite2, move distance is 4.3
2025-09-11 20:19:15,976 [INFO] Truck: Time:<0> Truck:[CLTruck9] Activated at 0, Target load site is ORDER(1):NorthPitMine-LoadSite2, move distance is 4.3
2025-09-11 20:19:15,976 [INFO] Truck: Time:<0> Truck:[CLTruck10] Activated at 0, Target load site is ORDER(1):NorthPitMine-LoadSite2, move distance is 4.3
2025-09-11 20:19:15,976 [INFO] Truck: Time:<0> Truck:[CLTruck11] Activated at 0, Target load site is ORDER(1):NorthPitMine-LoadSite2, move distance is 4.3
2025-09-11 20:19:15,976 [INFO] Truck: Time:<0> Truck:[CLTruck12] Activated at 0, Target load site is ORDER(1):NorthPitMine-LoadSite2, move distance is 4.3
2025-09-11 20:19:15,976 [INFO] Truck: Time:<0> Truck:[CLTruck13] Activated at 0, Target load site is ORDER(1):NorthPitMine-LoadSite2, move distance is 4.3
2025-09-11 20:19:15,976 [INFO] Truck: Time:<0> Truck:[CLTruck14] Activated at 0, Target load site is ORDER(1):NorthPitMine-LoadSite2, move distance is 4.3
2025-09-11 20:19:15,976 [INFO] Truck: Time:<0> Truck:[CLTruck15] Activated at 0, Target load site is ORDER(2):NorthPitMine-LoadSite3, move distance is 3.14
2025-09-11 20:19:15,976 [INFO] Truck: Time:<0> Truck:[CLTruck16] Activated at 0, Target load site is ORDER(1):NorthPitMine-LoadSite2, move distance is 4.3
2025-09-11 20:19:15,976 [INFO] Truck: Time:<0> Truck:[CLTruck17] Activated at 0, Target load site is ORDER(3):NorthPitMine-LoadSite4, move distance is 2.26
2025-09-11 20:19:15,976 [INFO] Truck: Time:<0> Truck:[CLTruck18] Activated at 0, Target load site is ORDER(4):NorthPitMine-LoadSite5, move distance is 2.1
2025-09-11 20:19:15,976 [INFO] Truck: Time:<0> Truck:[CLTruck19] Activated at 0, Target load site is ORDER(1):NorthPitMine-LoadSite2, move distance is 4.3
2025-09-11 20:19:15,981 [INFO] Truck: Time:<0> Truck:[CLTruck20] Activated at 0, Target load site is ORDER(3):NorthPitMine-LoadSite4, move distance is 2.26
2025-09-11 20:19:15,981 [INFO] Truck: Time:<0> Truck:[CLTruck21] Activated at 0, Target load site is ORDER(2):NorthPitMine-LoadSite3, move distance is 3.14
2025-09-11 20:19:15,982 [INFO] Truck: Time:<0> Truck:[CLTruck22] Activated at 0, Target load site is ORDER(4):NorthPitMine-LoadSite5, move distance is 2.1
2025-09-11 20:19:15,982 [INFO] Truck: Time:<0> Truck:[CLTruck23] Activated at 0, Target load site is ORDER(1):NorthPitMine-LoadSite2, move distance is 4.3
2025-09-11 20:19:15,983 [INFO] Truck: Time:<0> Truck:[CLTruck24] Activated at 0, Target load site is ORDER(3):NorthPitMine-LoadSite4, move distance is 2.26
2025-09-11 20:19:15,984 [INFO] Truck: Time:<0> Truck:[CLTruck25] Activated at 0, Target load site is ORDER(4):NorthPitMine-LoadSite5, move distance is 2.1
2025-09-11 20:19:15,984 [INFO] Truck: Time:<0> Truck:[CLTruck26] Activated at 0, Target load site is ORDER(2):NorthPitMine-LoadSite3, move distance is 3.14
2025-09-11 20:19:15,984 [INFO] Truck: Time:<0> Truck:[CLTruck27] Activated at 0, Target load site is ORDER(0):LoadSite1, move distance is 3.0
2025-09-11 20:19:15,984 [INFO] Truck: Time:<0> Truck:[CLTruck28] Activated at 0, Target load site is ORDER(0):LoadSite1, move distance is 3.0
2025-09-11 20:19:15,984 [INFO] Truck: Time:<0> Truck:[CLTruck29] Activated at 0, Target load site is ORDER(0):LoadSite1, move distance is 3.0
2025-09-11 20:19:15,984 [INFO] Truck: Time:<0> Truck:[XHTruck1] Activated at 0, Target load site is ORDER(4):NorthPitMine-LoadSite5, move distance is 2.1
2025-09-11 20:19:15,987 [INFO] Truck: Time:<0> Truck:[XHTruck2] Activated at 0, Target load site is ORDER(4):NorthPitMine-LoadSite5, move distance is 2.1
2025-09-11 20:19:15,987 [INFO] Truck: Time:<0> Truck:[XHTruck3] Activated at 0, Target load site is ORDER(1):NorthPitMine-LoadSite2, move distance is 4.3
2025-09-11 20:19:15,988 [INFO] Truck: Time:<0> Truck:[XHTruck4] Activated at 0, Target load site is ORDER(3):NorthPitMine-LoadSite4, move distance is 2.26
2025-09-11 20:19:15,988 [INFO] Truck: Time:<0> Truck:[XHTruck5] Activated at 0, Target load site is ORDER(2):NorthPitMine-LoadSite3, move distance is 3.14
2025-09-11 20:19:15,988 [INFO] Truck: Time:<0> Truck:[XHTruck6] Activated at 0, Target load site is ORDER(4):NorthPitMine-LoadSite5, move distance is 2.1
2025-09-11 20:19:15,988 [INFO] Truck: Time:<0> Truck:[XHTruck7] Activated at 0, Target load site is ORDER(1):NorthPitMine-LoadSite2, move distance is 4.3
2025-09-11 20:19:15,990 [INFO] Truck: Time:<0> Truck:[XHTruck8] Activated at 0, Target load site is ORDER(3):NorthPitMine-LoadSite4, move distance is 2.26
2025-09-11 20:19:15,990 [INFO] Truck: Time:<0> Truck:[XHTruck9] Activated at 0, Target load site is ORDER(2):NorthPitMine-LoadSite3, move distance is 3.14
2025-09-11 20:19:15,991 [INFO] Truck: Time:<0> Truck:[XHTruck10] Activated at 0, Target load site is ORDER(4):NorthPitMine-LoadSite5, move distance is 2.1
2025-09-11 20:19:15,991 [INFO] Truck: Time:<0> Truck:[XHTruck11] Activated at 0, Target load site is ORDER(1):NorthPitMine-LoadSite2, move distance is 4.3
2025-09-11 20:19:15,991 [INFO] Truck: Time:<0> Truck:[XHTruck12] Activated at 0, Target load site is ORDER(3):NorthPitMine-LoadSite4, move distance is 2.26
2025-09-11 20:19:15,992 [INFO] Truck: Time:<0> Truck:[XHTruck13] Activated at 0, Target load site is ORDER(4):NorthPitMine-LoadSite5, move distance is 2.1
2025-09-11 20:19:15,992 [INFO] Truck: Time:<0> Truck:[XHTruck14] Activated at 0, Target load site is ORDER(0):LoadSite1, move distance is 3.0
2025-09-11 20:19:15,992 [INFO] Truck: Time:<0> Truck:[XHTruck15] Activated at 0, Target load site is ORDER(2):NorthPitMine-LoadSite3, move distance is 3.14
2025-09-11 20:19:15,994 [INFO] Truck: Time:<0> Truck:[XHTruck16] Activated at 0, Target load site is ORDER(1):NorthPitMine-LoadSite2, move distance is 4.3
2025-09-11 20:19:15,994 [INFO] Truck: Time:<0> Truck:[XHTruck17] Activated at 0, Target load site is ORDER(3):NorthPitMine-LoadSite4, move distance is 2.26
2025-09-11 20:19:15,994 [INFO] Truck: Time:<0> Truck:[XHTruck18] Activated at 0, Target load site is ORDER(4):NorthPitMine-LoadSite5, move distance is 2.1
2025-09-11 20:19:15,995 [INFO] Truck: Time:<0> Truck:[XHTruck19] Activated at 0, Target load site is ORDER(2):NorthPitMine-LoadSite3, move distance is 3.14
2025-09-11 20:19:15,995 [INFO] Truck: Time:<0> Truck:[XHTruck20] Activated at 0, Target load site is ORDER(4):NorthPitMine-LoadSite5, move distance is 2.1
2025-09-11 20:19:15,996 [INFO] Truck: Time:<0> Truck:[XHTruck21] Activated at 0, Target load site is ORDER(1):NorthPitMine-LoadSite2, move distance is 4.3
2025-09-11 20:19:15,997 [INFO] Truck: Time:<0> Truck:[XHTruck22] Activated at 0, Target load site is ORDER(3):NorthPitMine-LoadSite4, move distance is 2.26
2025-09-11 20:19:15,997 [INFO] Truck: Time:<0> Truck:[XHTruck23] Activated at 0, Target load site is ORDER(0):LoadSite1, move distance is 3.0
2025-09-11 20:19:15,997 [INFO] Truck: Time:<0> Truck:[XHTruck24] Activated at 0, Target load site is ORDER(4):NorthPitMine-LoadSite5, move distance is 2.1
2025-09-11 20:19:15,998 [INFO] Truck: Time:<0> Truck:[XHTruck25] Activated at 0, Target load site is ORDER(1):NorthPitMine-LoadSite2, move distance is 4.3
2025-09-11 20:19:15,998 [INFO] Truck: Time:<0> Truck:[XHTruck26] Activated at 0, Target load site is ORDER(3):NorthPitMine-LoadSite4, move distance is 2.26
2025-09-11 20:19:15,999 [INFO] Truck: Time:<0> Truck:[XHTruck27] Activated at 0, Target load site is ORDER(2):NorthPitMine-LoadSite3, move distance is 3.14
2025-09-11 20:19:16,000 [INFO] Truck: Time:<0> Truck:[XHTruck28] Activated at 0, Target load site is ORDER(4):NorthPitMine-LoadSite5, move distance is 2.1
2025-09-11 20:19:16,000 [INFO] Truck: Time:<0> Truck:[XHTruck29] Activated at 0, Target load site is ORDER(1):NorthPitMine-LoadSite2, move distance is 4.3
2025-09-11 20:19:16,001 [INFO] Truck: Time:<0> Truck:[XHTruck30] Activated at 0, Target load site is ORDER(3):NorthPitMine-LoadSite4, move distance is 2.26
2025-09-11 20:19:16,001 [INFO] Truck: Time:<0> Truck:[XHTruck31] Activated at 0, Target load site is ORDER(2):NorthPitMine-LoadSite3, move distance is 3.14
2025-09-11 20:19:16,002 [INFO] Truck: Time:<0> Truck:[XHTruck32] Activated at 0, Target load site is ORDER(4):NorthPitMine-LoadSite5, move distance is 2.1
2025-09-11 20:19:16,002 [INFO] Truck: Time:<0> Truck:[XHTruck33] Activated at 0, Target load site is ORDER(0):LoadSite1, move distance is 3.0
2025-09-11 20:19:16,017 [INFO] Truck: Time:<5.04> Truck:[OfficalTruck1] Arrived at NorthPitMine-LoadSite5 at 5.04
2025-09-11 20:19:16,017 [INFO] Truck: Time:<5.04> Truck:[OfficalTruck2] Arrived at NorthPitMine-LoadSite5 at 5.04
2025-09-11 20:19:16,017 [INFO] Truck: Time:<5.04> Truck:[OfficalTruck3] Arrived at NorthPitMine-LoadSite5 at 5.04
2025-09-11 20:19:16,018 [INFO] Truck: Time:<5.04> Truck:[OfficalTruck4] Arrived at NorthPitMine-LoadSite5 at 5.04
2025-09-11 20:19:16,018 [INFO] Truck: Time:<5.04> Truck:[OfficalTruck5] Arrived at NorthPitMine-LoadSite5 at 5.04
2025-09-11 20:19:16,018 [INFO] Truck: Time:<5.04> Truck:[OfficalTruck6] Arrived at NorthPitMine-LoadSite5 at 5.04
2025-09-11 20:19:16,018 [INFO] Truck: Time:<5.04> Truck:[CLTruck18] Arrived at NorthPitMine-LoadSite5 at 5.04
2025-09-11 20:19:16,019 [INFO] Truck: Time:<5.04> Truck:[CLTruck22] Arrived at NorthPitMine-LoadSite5 at 5.04
2025-09-11 20:19:16,019 [INFO] Truck: Time:<5.04> Truck:[CLTruck25] Arrived at NorthPitMine-LoadSite5 at 5.04
2025-09-11 20:19:16,019 [INFO] Truck: Time:<5.04> Truck:[XHTruck1] Arrived at NorthPitMine-LoadSite5 at 5.04
2025-09-11 20:19:16,019 [INFO] Truck: Time:<5.04> Truck:[XHTruck2] Arrived at NorthPitMine-LoadSite5 at 5.04
2025-09-11 20:19:16,020 [INFO] Truck: Time:<5.04> Truck:[XHTruck6] Arrived at NorthPitMine-LoadSite5 at 5.04
2025-09-11 20:19:16,020 [INFO] Truck: Time:<5.04> Truck:[XHTruck10] Arrived at NorthPitMine-LoadSite5 at 5.04
2025-09-11 20:19:16,020 [INFO] Truck: Time:<5.04> Truck:[XHTruck13] Arrived at NorthPitMine-LoadSite5 at 5.04
2025-09-11 20:19:16,020 [INFO] Truck: Time:<5.04> Truck:[XHTruck18] Arrived at NorthPitMine-LoadSite5 at 5.04
2025-09-11 20:19:16,020 [INFO] Truck: Time:<5.04> Truck:[XHTruck20] Arrived at NorthPitMine-LoadSite5 at 5.04
2025-09-11 20:19:16,021 [INFO] Truck: Time:<5.04> Truck:[XHTruck24] Arrived at NorthPitMine-LoadSite5 at 5.04
2025-09-11 20:19:16,021 [INFO] Truck: Time:<5.04> Truck:[XHTruck28] Arrived at NorthPitMine-LoadSite5 at 5.04
2025-09-11 20:19:16,021 [INFO] Truck: Time:<5.04> Truck:[XHTruck32] Arrived at NorthPitMine-LoadSite5 at 5.04
2025-09-11 20:19:16,021 [INFO] Truck: Time:<5.04> Truck:[OfficalTruck1] Start loading at shovel NorthPitMine-LoadSite5-Shovel-1, load time is 5.684055118110236
2025-09-11 20:19:16,022 [INFO] Truck: Time:<5.04> Truck:[OfficalTruck2] Start loading at shovel NorthPitMine-LoadSite5-Shovel-2, load time is 5.684055118110236
2025-09-11 20:19:16,022 [INFO] Truck: Time:<5.4239999999999995> Truck:[CLTruck1] Arrived at NorthPitMine-LoadSite4 at 5.4239999999999995
2025-09-11 20:19:16,022 [INFO] Truck: Time:<5.4239999999999995> Truck:[CLTruck2] Arrived at NorthPitMine-LoadSite4 at 5.4239999999999995
2025-09-11 20:19:16,022 [INFO] Truck: Time:<5.4239999999999995> Truck:[CLTruck3] Arrived at NorthPitMine-LoadSite4 at 5.4239999999999995
2025-09-11 20:19:16,022 [INFO] Truck: Time:<5.4239999999999995> Truck:[CLTruck4] Arrived at NorthPitMine-LoadSite4 at 5.4239999999999995
2025-09-11 20:19:16,022 [INFO] Truck: Time:<5.4239999999999995> Truck:[CLTruck5] Arrived at NorthPitMine-LoadSite4 at 5.4239999999999995
2025-09-11 20:19:16,023 [INFO] Truck: Time:<5.4239999999999995> Truck:[CLTruck6] Arrived at NorthPitMine-LoadSite4 at 5.4239999999999995
2025-09-11 20:19:16,023 [INFO] Truck: Time:<5.4239999999999995> Truck:[CLTruck7] Arrived at NorthPitMine-LoadSite4 at 5.4239999999999995
2025-09-11 20:19:16,023 [INFO] Truck: Time:<5.4239999999999995> Truck:[CLTruck17] Arrived at NorthPitMine-LoadSite4 at 5.4239999999999995
2025-09-11 20:19:16,023 [INFO] Truck: Time:<5.4239999999999995> Truck:[CLTruck20] Arrived at NorthPitMine-LoadSite4 at 5.4239999999999995
2025-09-11 20:19:16,023 [INFO] Truck: Time:<5.4239999999999995> Truck:[CLTruck24] Arrived at NorthPitMine-LoadSite4 at 5.4239999999999995
2025-09-11 20:19:16,023 [INFO] Truck: Time:<5.4239999999999995> Truck:[XHTruck4] Arrived at NorthPitMine-LoadSite4 at 5.4239999999999995
2025-09-11 20:19:16,023 [INFO] Truck: Time:<5.4239999999999995> Truck:[XHTruck8] Arrived at NorthPitMine-LoadSite4 at 5.4239999999999995
2025-09-11 20:19:16,024 [INFO] Truck: Time:<5.4239999999999995> Truck:[XHTruck12] Arrived at NorthPitMine-LoadSite4 at 5.4239999999999995
2025-09-11 20:19:16,024 [INFO] Truck: Time:<5.4239999999999995> Truck:[XHTruck17] Arrived at NorthPitMine-LoadSite4 at 5.4239999999999995
2025-09-11 20:19:16,024 [INFO] Truck: Time:<5.4239999999999995> Truck:[XHTruck22] Arrived at NorthPitMine-LoadSite4 at 5.4239999999999995
2025-09-11 20:19:16,025 [INFO] Truck: Time:<5.4239999999999995> Truck:[XHTruck26] Arrived at NorthPitMine-LoadSite4 at 5.4239999999999995
2025-09-11 20:19:16,025 [INFO] Truck: Time:<5.4239999999999995> Truck:[XHTruck30] Arrived at NorthPitMine-LoadSite4 at 5.4239999999999995
2025-09-11 20:19:16,025 [INFO] Truck: Time:<5.4239999999999995> Truck:[CLTruck1] Start loading at shovel NorthPitMine-LoadSite4-Shovel-1, load time is 2.5836614173228347
2025-09-11 20:19:16,025 [INFO] Truck: Time:<5.4239999999999995> Truck:[CLTruck2] Start loading at shovel NorthPitMine-LoadSite4-Shovel-2, load time is 15.555555555555555
2025-09-11 20:19:16,026 [INFO] Truck: Time:<5.4239999999999995> Truck:[CLTruck3] Start loading at shovel NorthPitMine-LoadSite4-Shovel-3, load time is 15.555555555555555
2025-09-11 20:19:16,026 [INFO] Truck: Time:<5.4239999999999995> Truck:[CLTruck4] Start loading at shovel NorthPitMine-LoadSite4-Shovel-4, load time is 15.555555555555555
2025-09-11 20:19:16,026 [INFO] Truck: Time:<5.4239999999999995> Truck:[CLTruck5] Start loading at shovel NorthPitMine-LoadSite4-Shovel-5, load time is 15.555555555555555
2025-09-11 20:19:16,031 [INFO] Truck: Time:<7.199999999999999> Truck:[CLTruck27] Arrived at LoadSite1 at 7.199999999999999
2025-09-11 20:19:16,031 [INFO] Truck: Time:<7.199999999999999> Truck:[CLTruck28] Arrived at LoadSite1 at 7.199999999999999
2025-09-11 20:19:16,031 [INFO] Truck: Time:<7.199999999999999> Truck:[CLTruck29] Arrived at LoadSite1 at 7.199999999999999
2025-09-11 20:19:16,031 [INFO] Truck: Time:<7.199999999999999> Truck:[XHTruck14] Arrived at LoadSite1 at 7.199999999999999
2025-09-11 20:19:16,031 [INFO] Truck: Time:<7.199999999999999> Truck:[XHTruck23] Arrived at LoadSite1 at 7.199999999999999
2025-09-11 20:19:16,031 [INFO] Truck: Time:<7.199999999999999> Truck:[XHTruck33] Arrived at LoadSite1 at 7.199999999999999
2025-09-11 20:19:16,031 [INFO] Truck: Time:<7.199999999999999> Truck:[CLTruck27] Start loading at shovel LoadSite1-Shovel-1, load time is 15.555555555555555
2025-09-11 20:19:16,035 [INFO] Truck: Time:<7.199999999999999> Truck:[CLTruck28] Start loading at shovel LoadSite1-Shovel-2, load time is 15.555555555555555
2025-09-11 20:19:16,035 [INFO] Truck: Time:<7.199999999999999> Truck:[CLTruck29] Start loading at shovel LoadSite1-Shovel-3, load time is 15.555555555555555
2025-09-11 20:19:16,035 [INFO] Truck: Time:<7.199999999999999> Truck:[XHTruck14] Start loading at shovel LoadSite1-Shovel-4, load time is 24.444444444444443
2025-09-11 20:19:16,035 [INFO] Truck: Time:<7.199999999999999> Truck:[XHTruck23] Start loading at shovel LoadSite1-Shovel-5, load time is 24.444444444444443
2025-09-11 20:19:16,035 [INFO] Truck: Time:<7.536000000000001> Truck:[OfficalTruck7] Arrived at NorthPitMine-LoadSite3 at 7.536000000000001
2025-09-11 20:19:16,037 [INFO] Truck: Time:<7.536000000000001> Truck:[OfficalTruck8] Arrived at NorthPitMine-LoadSite3 at 7.536000000000001
2025-09-11 20:19:16,037 [INFO] Truck: Time:<7.536000000000001> Truck:[OfficalTruck9] Arrived at NorthPitMine-LoadSite3 at 7.536000000000001
2025-09-11 20:19:16,037 [INFO] Truck: Time:<7.536000000000001> Truck:[CLTruck15] Arrived at NorthPitMine-LoadSite3 at 7.536000000000001
2025-09-11 20:19:16,037 [INFO] Truck: Time:<7.536000000000001> Truck:[CLTruck21] Arrived at NorthPitMine-LoadSite3 at 7.536000000000001
2025-09-11 20:19:16,037 [INFO] Truck: Time:<7.536000000000001> Truck:[CLTruck26] Arrived at NorthPitMine-LoadSite3 at 7.536000000000001
2025-09-11 20:19:16,038 [INFO] Truck: Time:<7.536000000000001> Truck:[XHTruck5] Arrived at NorthPitMine-LoadSite3 at 7.536000000000001
2025-09-11 20:19:16,038 [INFO] Truck: Time:<7.536000000000001> Truck:[XHTruck9] Arrived at NorthPitMine-LoadSite3 at 7.536000000000001
2025-09-11 20:19:16,038 [INFO] Truck: Time:<7.536000000000001> Truck:[XHTruck15] Arrived at NorthPitMine-LoadSite3 at 7.536000000000001
2025-09-11 20:19:16,039 [INFO] Truck: Time:<7.536000000000001> Truck:[XHTruck19] Arrived at NorthPitMine-LoadSite3 at 7.536000000000001
2025-09-11 20:19:16,039 [INFO] Truck: Time:<7.536000000000001> Truck:[XHTruck27] Arrived at NorthPitMine-LoadSite3 at 7.536000000000001
2025-09-11 20:19:16,039 [INFO] Truck: Time:<7.536000000000001> Truck:[XHTruck31] Arrived at NorthPitMine-LoadSite3 at 7.536000000000001
2025-09-11 20:19:16,040 [INFO] Truck: Time:<7.536000000000001> Truck:[OfficalTruck7] Start loading at shovel NorthPitMine-LoadSite3-Shovel-1, load time is 5.684055118110236
2025-09-11 20:19:16,040 [INFO] Truck: Time:<7.536000000000001> Truck:[OfficalTruck8] Start loading at shovel NorthPitMine-LoadSite3-Shovel-2, load time is 34.22222222222222
2025-09-11 20:19:16,040 [INFO] Truck: Time:<7.536000000000001> Truck:[OfficalTruck9] Start loading at shovel NorthPitMine-LoadSite3-Shovel-3, load time is 34.22222222222222
2025-09-11 20:19:16,044 [INFO] Truck: Time:<8.007661417322835> Truck:[CLTruck1] Finish loading at shovel NorthPitMine-LoadSite4-Shovel-1
2025-09-11 20:19:16,045 [DEBUG] Truck: Time:<8.007661417322835> Truck:[CLTruck1] Start moving to ORDER(1): NorthPitMine-DumpSite2, move distance is 1.17, speed: 25
2025-09-11 20:19:16,045 [INFO] Truck: Time:<8.007661417322835> Truck:[CLTruck6] Start loading at shovel NorthPitMine-LoadSite4-Shovel-1, load time is 2.5836614173228347
2025-09-11 20:19:16,048 [INFO] Truck: Time:<10.319999999999999> Truck:[CLTruck8] Arrived at NorthPitMine-LoadSite2 at 10.319999999999999
2025-09-11 20:19:16,048 [INFO] Truck: Time:<10.319999999999999> Truck:[CLTruck9] Arrived at NorthPitMine-LoadSite2 at 10.319999999999999
2025-09-11 20:19:16,048 [INFO] Truck: Time:<10.319999999999999> Truck:[CLTruck10] Arrived at NorthPitMine-LoadSite2 at 10.319999999999999
2025-09-11 20:19:16,048 [INFO] Truck: Time:<10.319999999999999> Truck:[CLTruck11] Arrived at NorthPitMine-LoadSite2 at 10.319999999999999
2025-09-11 20:19:16,049 [INFO] Truck: Time:<10.319999999999999> Truck:[CLTruck12] Arrived at NorthPitMine-LoadSite2 at 10.319999999999999
2025-09-11 20:19:16,049 [INFO] Truck: Time:<10.319999999999999> Truck:[CLTruck13] Arrived at NorthPitMine-LoadSite2 at 10.319999999999999
2025-09-11 20:19:16,049 [INFO] Truck: Time:<10.319999999999999> Truck:[CLTruck14] Arrived at NorthPitMine-LoadSite2 at 10.319999999999999
2025-09-11 20:19:16,049 [INFO] Truck: Time:<10.319999999999999> Truck:[CLTruck16] Arrived at NorthPitMine-LoadSite2 at 10.319999999999999
2025-09-11 20:19:16,049 [INFO] Truck: Time:<10.319999999999999> Truck:[CLTruck19] Arrived at NorthPitMine-LoadSite2 at 10.319999999999999
2025-09-11 20:19:16,049 [INFO] Truck: Time:<10.319999999999999> Truck:[CLTruck23] Arrived at NorthPitMine-LoadSite2 at 10.319999999999999
2025-09-11 20:19:16,050 [INFO] Truck: Time:<10.319999999999999> Truck:[XHTruck3] Arrived at NorthPitMine-LoadSite2 at 10.319999999999999
2025-09-11 20:19:16,050 [INFO] Truck: Time:<10.319999999999999> Truck:[XHTruck7] Arrived at NorthPitMine-LoadSite2 at 10.319999999999999
2025-09-11 20:19:16,050 [INFO] Truck: Time:<10.319999999999999> Truck:[XHTruck11] Arrived at NorthPitMine-LoadSite2 at 10.319999999999999
2025-09-11 20:19:16,050 [INFO] Truck: Time:<10.319999999999999> Truck:[XHTruck16] Arrived at NorthPitMine-LoadSite2 at 10.319999999999999
2025-09-11 20:19:16,050 [INFO] Truck: Time:<10.319999999999999> Truck:[XHTruck21] Arrived at NorthPitMine-LoadSite2 at 10.319999999999999
2025-09-11 20:19:16,050 [INFO] Truck: Time:<10.319999999999999> Truck:[XHTruck25] Arrived at NorthPitMine-LoadSite2 at 10.319999999999999
2025-09-11 20:19:16,050 [INFO] Truck: Time:<10.319999999999999> Truck:[XHTruck29] Arrived at NorthPitMine-LoadSite2 at 10.319999999999999
2025-09-11 20:19:16,050 [INFO] Truck: Time:<10.319999999999999> Truck:[CLTruck8] Start loading at shovel NorthPitMine-LoadSite2-Shovel-1, load time is 2.5836614173228347
2025-09-11 20:19:16,050 [INFO] Truck: Time:<10.319999999999999> Truck:[CLTruck9] Start loading at shovel NorthPitMine-LoadSite2-Shovel-2, load time is 15.555555555555555
2025-09-11 20:19:16,050 [INFO] Truck: Time:<10.319999999999999> Truck:[CLTruck10] Start loading at shovel NorthPitMine-LoadSite2-Shovel-3, load time is 15.555555555555555
2025-09-11 20:19:16,050 [INFO] Truck: Time:<10.319999999999999> Truck:[CLTruck11] Start loading at shovel NorthPitMine-LoadSite2-Shovel-4, load time is 15.555555555555555
2025-09-11 20:19:16,050 [INFO] Truck: Time:<10.319999999999999> Truck:[CLTruck12] Start loading at shovel NorthPitMine-LoadSite2-Shovel-5, load time is 15.555555555555555
2025-09-11 20:19:16,050 [INFO] Truck: Time:<10.59132283464567> Truck:[CLTruck6] Finish loading at shovel NorthPitMine-LoadSite4-Shovel-1
2025-09-11 20:19:16,050 [DEBUG] Truck: Time:<10.59132283464567> Truck:[CLTruck6] Start moving to ORDER(1): NorthPitMine-DumpSite2, move distance is 1.17, speed: 25
2025-09-11 20:19:16,050 [INFO] Truck: Time:<10.59132283464567> Truck:[XHTruck4] Start loading at shovel NorthPitMine-LoadSite4-Shovel-1, load time is 4.060039370078741
2025-09-11 20:19:16,050 [INFO] Truck: Time:<10.724055118110236> Truck:[OfficalTruck1] Finish loading at shovel NorthPitMine-LoadSite5-Shovel-1
2025-09-11 20:19:16,050 [INFO] Truck: Time:<10.724055118110236> Truck:[OfficalTruck2] Finish loading at shovel NorthPitMine-LoadSite5-Shovel-2
2025-09-11 20:19:16,050 [DEBUG] Truck: Time:<10.724055118110236> Truck:[OfficalTruck1] Start moving to ORDER(0): NorthPitMine-DumpSite1, move distance is 5.15, speed: 25
2025-09-11 20:19:16,050 [INFO] Truck: Time:<8> Truck:[OfficalTruck1] breakdown for 16.34178628827005 minutes at 8
2025-09-11 20:19:16,050 [DEBUG] Truck: Time:<10.724055118110236> Truck:[OfficalTruck2] Start moving to ORDER(0): NorthPitMine-DumpSite1, move distance is 5.15, speed: 25
2025-09-11 20:19:16,050 [INFO] Truck: Time:<10.724055118110236> Truck:[OfficalTruck3] Start loading at shovel NorthPitMine-LoadSite5-Shovel-1, load time is 5.684055118110236
2025-09-11 20:19:16,055 [INFO] Truck: Time:<10.724055118110236> Truck:[OfficalTruck4] Start loading at shovel NorthPitMine-LoadSite5-Shovel-2, load time is 5.684055118110236
2025-09-11 20:19:16,055 [DEBUG] Truck: Time:<10.815661417322834> Truck:[CLTruck1] Arrived at NorthPitMine-DumpSite2 at 10.815661417322834
2025-09-11 20:19:16,056 [INFO] Truck: Time:<11.815661417322834> Truck:[CLTruck1] Finish unloading at dumper NorthPitMine-DumpSite2-点位0, dumper tons is 37.83757757709585
2025-09-11 20:19:16,057 [DEBUG] Truck: Time:<11.815661417322834> Truck:[CLTruck1] Start moving to ORDER(2):NorthPitMine-LoadSite3, move distance is 3.41, speed: 25
2025-09-11 20:19:16,057 [INFO] Truck: Time:<10> Truck:[CLTruck1] breakdown for 9.632932149504098 minutes at 10
2025-09-11 20:19:16,059 [INFO] Truck: Time:<12.903661417322834> Truck:[CLTruck8] Finish loading at shovel NorthPitMine-LoadSite2-Shovel-1
2025-09-11 20:19:16,060 [INFO] Road: [RoadEvent] Road from NorthPitMine-LoadSite2 to NorthPitMine-DumpSite5 is in repair，the repair will last for 40.24 mins, and will end at 53.14, vehicle on this road will have to suffer punish_distance.
2025-09-11 20:19:16,060 [DEBUG] Truck: Time:<12.903661417322834> Truck:[CLTruck8] Start moving to ORDER(4): NorthPitMine-DumpSite5, move distance is 4.497448935093647, speed: 25
2025-09-11 20:19:16,061 [INFO] Truck: Time:<12.903661417322834> Truck:[CLTruck13] Start loading at shovel NorthPitMine-LoadSite2-Shovel-1, load time is 2.5836614173228347
2025-09-11 20:19:16,061 [INFO] Truck: Time:<13.220055118110238> Truck:[OfficalTruck7] Finish loading at shovel NorthPitMine-LoadSite3-Shovel-1
2025-09-11 20:19:16,061 [DEBUG] Truck: Time:<13.220055118110238> Truck:[OfficalTruck7] Start moving to ORDER(4): NorthPitMine-DumpSite5, move distance is 1.86, speed: 25
2025-09-11 20:19:16,061 [INFO] Truck: Time:<13.220055118110238> Truck:[CLTruck15] Start loading at shovel NorthPitMine-LoadSite3-Shovel-1, load time is 2.5836614173228347
2025-09-11 20:19:16,061 [DEBUG] Truck: Time:<13.39932283464567> Truck:[CLTruck6] Arrived at NorthPitMine-DumpSite2 at 13.39932283464567
2025-09-11 20:19:16,061 [INFO] Truck: Time:<14.39932283464567> Truck:[CLTruck6] Finish unloading at dumper NorthPitMine-DumpSite2-点位0, dumper tons is 73.40999117183881
2025-09-11 20:19:16,061 [DEBUG] Truck: Time:<14.39932283464567> Truck:[CLTruck6] Start moving to ORDER(2):NorthPitMine-LoadSite3, move distance is 3.41, speed: 25
2025-09-11 20:19:16,061 [INFO] Truck: Time:<14.65136220472441> Truck:[XHTruck4] Finish loading at shovel NorthPitMine-LoadSite4-Shovel-1
2025-09-11 20:19:16,061 [DEBUG] Truck: Time:<14.65136220472441> Truck:[XHTruck4] Start moving to ORDER(1): NorthPitMine-DumpSite2, move distance is 1.17, speed: 25
2025-09-11 20:19:16,061 [INFO] Truck: Time:<13> Truck:[XHTruck4] breakdown for 4.826661698541592 minutes at 13
2025-09-11 20:19:16,061 [INFO] Truck: Time:<14.65136220472441> Truck:[XHTruck26] Start loading at shovel NorthPitMine-LoadSite4-Shovel-1, load time is 4.060039370078741
2025-09-11 20:19:16,067 [INFO] Truck: Time:<15.487322834645669> Truck:[CLTruck13] Finish loading at shovel NorthPitMine-LoadSite2-Shovel-1
2025-09-11 20:19:16,067 [DEBUG] Truck: Time:<15.487322834645669> Truck:[CLTruck13] Start moving to ORDER(4): NorthPitMine-DumpSite5, move distance is 3.9458105710442815, speed: 25
2025-09-11 20:19:16,067 [INFO] Truck: Time:<15.487322834645669> Truck:[XHTruck3] Start loading at shovel NorthPitMine-LoadSite2-Shovel-1, load time is 4.060039370078741
2025-09-11 20:19:16,068 [INFO] Truck: Time:<15.803716535433074> Truck:[CLTruck15] Finish loading at shovel NorthPitMine-LoadSite3-Shovel-1
2025-09-11 20:19:16,068 [DEBUG] Truck: Time:<15.803716535433074> Truck:[CLTruck15] Start moving to ORDER(4): NorthPitMine-DumpSite5, move distance is 1.86, speed: 25
2025-09-11 20:19:16,068 [INFO] Truck: Time:<15.803716535433074> Truck:[XHTruck5] Start loading at shovel NorthPitMine-LoadSite3-Shovel-1, load time is 4.060039370078741
2025-09-11 20:19:16,070 [INFO] Truck: Time:<16.408110236220473> Truck:[OfficalTruck3] Finish loading at shovel NorthPitMine-LoadSite5-Shovel-1
2025-09-11 20:19:16,070 [INFO] Truck: Time:<16.408110236220473> Truck:[OfficalTruck4] Finish loading at shovel NorthPitMine-LoadSite5-Shovel-2
2025-09-11 20:19:16,070 [DEBUG] Truck: Time:<16.408110236220473> Truck:[OfficalTruck3] Start moving to ORDER(0): NorthPitMine-DumpSite1, move distance is 5.15, speed: 25
2025-09-11 20:19:16,071 [DEBUG] Truck: Time:<16.408110236220473> Truck:[OfficalTruck4] Start moving to ORDER(0): NorthPitMine-DumpSite1, move distance is 5.15, speed: 25
2025-09-11 20:19:16,071 [INFO] Truck: Time:<16.408110236220473> Truck:[OfficalTruck5] Start loading at shovel NorthPitMine-LoadSite5-Shovel-1, load time is 5.684055118110236
2025-09-11 20:19:16,071 [INFO] Truck: Time:<16.408110236220473> Truck:[OfficalTruck6] Start loading at shovel NorthPitMine-LoadSite5-Shovel-2, load time is 5.684055118110236
2025-09-11 20:19:16,073 [DEBUG] Truck: Time:<17.684055118110237> Truck:[OfficalTruck7] Arrived at NorthPitMine-DumpSite5 at 17.684055118110237
2025-09-11 20:19:16,073 [INFO] Truck: Time:<18.684055118110237> Truck:[OfficalTruck7] Finish unloading at dumper NorthPitMine-DumpSite5-点位0, dumper tons is 82.35078050218554
2025-09-11 20:19:16,073 [DEBUG] Truck: Time:<18.684055118110237> Truck:[OfficalTruck7] Start moving to ORDER(3):NorthPitMine-LoadSite4, move distance is 5.34, speed: 25
2025-09-11 20:19:16,073 [INFO] Truck: Time:<18.71140157480315> Truck:[XHTruck26] Finish loading at shovel NorthPitMine-LoadSite4-Shovel-1
2025-09-11 20:19:16,073 [DEBUG] Truck: Time:<18.71140157480315> Truck:[XHTruck26] Start moving to ORDER(1): NorthPitMine-DumpSite2, move distance is 1.17, speed: 25
2025-09-11 20:19:16,073 [INFO] Truck: Time:<8> Truck:[XHTruck26] breakdown for 9.864749346698414 minutes at 8
2025-09-11 20:19:16,073 [INFO] Truck: Time:<19.547362204724408> Truck:[XHTruck3] Finish loading at shovel NorthPitMine-LoadSite2-Shovel-1
2025-09-11 20:19:16,073 [DEBUG] Truck: Time:<19.547362204724408> Truck:[XHTruck3] Start moving to ORDER(4): NorthPitMine-DumpSite5, move distance is 4.122353068700561, speed: 25
2025-09-11 20:19:16,073 [INFO] Truck: Time:<9> Truck:[XHTruck3] breakdown for 9.88673589724839 minutes at 9
2025-09-11 20:19:16,078 [INFO] Truck: Time:<19.547362204724408> Truck:[XHTruck25] Start loading at shovel NorthPitMine-LoadSite2-Shovel-1, load time is 4.060039370078741
2025-09-11 20:19:16,078 [INFO] Truck: Time:<19.863755905511816> Truck:[XHTruck5] Finish loading at shovel NorthPitMine-LoadSite3-Shovel-1
2025-09-11 20:19:16,079 [DEBUG] Truck: Time:<19.863755905511816> Truck:[XHTruck5] Start moving to ORDER(4): NorthPitMine-DumpSite5, move distance is 1.86, speed: 25
2025-09-11 20:19:16,079 [INFO] Truck: Time:<16> Truck:[XHTruck5] breakdown for 6.611667164926584 minutes at 16
2025-09-11 20:19:16,079 [INFO] Truck: Time:<19.863755905511816> Truck:[XHTruck19] Start loading at shovel NorthPitMine-LoadSite3-Shovel-1, load time is 4.060039370078741
2025-09-11 20:19:16,081 [DEBUG] Truck: Time:<20.267716535433074> Truck:[CLTruck15] Arrived at NorthPitMine-DumpSite5 at 20.267716535433074
2025-09-11 20:19:16,081 [INFO] Truck: Time:<20.979555555555557> Truck:[CLTruck2] Finish loading at shovel NorthPitMine-LoadSite4-Shovel-2
2025-09-11 20:19:16,081 [INFO] Truck: Time:<20.979555555555557> Truck:[CLTruck3] Finish loading at shovel NorthPitMine-LoadSite4-Shovel-3
2025-09-11 20:19:16,081 [INFO] Truck: Time:<20.979555555555557> Truck:[CLTruck4] Finish loading at shovel NorthPitMine-LoadSite4-Shovel-4
2025-09-11 20:19:16,082 [INFO] Truck: Time:<20.979555555555557> Truck:[CLTruck5] Finish loading at shovel NorthPitMine-LoadSite4-Shovel-5
2025-09-11 20:19:16,082 [DEBUG] Truck: Time:<20.979555555555557> Truck:[CLTruck2] Start moving to ORDER(1): NorthPitMine-DumpSite2, move distance is 1.17, speed: 25
2025-09-11 20:19:16,082 [DEBUG] Truck: Time:<20.979555555555557> Truck:[CLTruck3] Start moving to ORDER(1): NorthPitMine-DumpSite2, move distance is 1.17, speed: 25
2025-09-11 20:19:16,083 [DEBUG] Truck: Time:<20.979555555555557> Truck:[CLTruck4] Start moving to ORDER(1): NorthPitMine-DumpSite2, move distance is 1.17, speed: 25
2025-09-11 20:19:16,083 [INFO] Road: [RoadEvent] Road from NorthPitMine-LoadSite4 to NorthPitMine-DumpSite2 is in repair，the repair will last for 46.29 mins, and will end at 67.27, vehicle on this road will have to suffer punish_distance.
2025-09-11 20:19:16,083 [DEBUG] Truck: Time:<20.979555555555557> Truck:[CLTruck5] Start moving to ORDER(1): NorthPitMine-DumpSite2, move distance is 1.7099237898997355, speed: 25
2025-09-11 20:19:16,083 [INFO] Truck: Time:<20.979555555555557> Truck:[CLTruck7] Start loading at shovel NorthPitMine-LoadSite4-Shovel-2, load time is 15.555555555555555
2025-09-11 20:19:16,083 [INFO] Truck: Time:<20.979555555555557> Truck:[CLTruck17] Start loading at shovel NorthPitMine-LoadSite4-Shovel-3, load time is 15.555555555555555
2025-09-11 20:19:16,084 [INFO] Truck: Time:<20.979555555555557> Truck:[CLTruck20] Start loading at shovel NorthPitMine-LoadSite4-Shovel-4, load time is 15.555555555555555
2025-09-11 20:19:16,084 [INFO] Truck: Time:<20.979555555555557> Truck:[CLTruck24] Start loading at shovel NorthPitMine-LoadSite4-Shovel-5, load time is 15.555555555555555
2025-09-11 20:19:16,085 [INFO] Truck: Time:<21.267716535433074> Truck:[CLTruck15] Finish unloading at dumper NorthPitMine-DumpSite5-点位0, dumper tons is 115.60031673412232
2025-09-11 20:19:16,086 [DEBUG] Truck: Time:<21.267716535433074> Truck:[CLTruck15] Start moving to ORDER(3):NorthPitMine-LoadSite4, move distance is 5.34, speed: 25
2025-09-11 20:19:16,088 [INFO] Truck: Time:<22.09216535433071> Truck:[OfficalTruck5] Finish loading at shovel NorthPitMine-LoadSite5-Shovel-1
2025-09-11 20:19:16,088 [INFO] Truck: Time:<22.09216535433071> Truck:[OfficalTruck6] Finish loading at shovel NorthPitMine-LoadSite5-Shovel-2
2025-09-11 20:19:16,089 [INFO] Road: [RoadEvent] Road from NorthPitMine-LoadSite5 to NorthPitMine-DumpSite1 is in repair，the repair will last for 75.85 mins, and will end at 97.94, vehicle on this road will have to suffer punish_distance.
2025-09-11 20:19:16,089 [DEBUG] Truck: Time:<22.09216535433071> Truck:[OfficalTruck5] Start moving to ORDER(0): NorthPitMine-DumpSite1, move distance is 6.828714794829561, speed: 25
2025-09-11 20:19:16,090 [DEBUG] Truck: Time:<22.09216535433071> Truck:[OfficalTruck6] Start moving to ORDER(0): NorthPitMine-DumpSite1, move distance is 7.058344404860613, speed: 25
2025-09-11 20:19:16,090 [INFO] Truck: Time:<22.09216535433071> Truck:[CLTruck18] Start loading at shovel NorthPitMine-LoadSite5-Shovel-1, load time is 2.5836614173228347
2025-09-11 20:19:16,090 [INFO] Truck: Time:<22.09216535433071> Truck:[CLTruck22] Start loading at shovel NorthPitMine-LoadSite5-Shovel-2, load time is 2.5836614173228347
2025-09-11 20:19:16,090 [DEBUG] Truck: Time:<22.286023903266003> Truck:[XHTruck4] Arrived at NorthPitMine-DumpSite2 at 22.286023903266003
2025-09-11 20:19:16,090 [INFO] Truck: Time:<22.58332283464567> Truck:[CLTruck6] Arrived at NorthPitMine-LoadSite3 at 22.58332283464567
2025-09-11 20:19:16,090 [INFO] Truck: Time:<22.755555555555553> Truck:[CLTruck27] Finish loading at shovel LoadSite1-Shovel-1
2025-09-11 20:19:16,090 [INFO] Truck: Time:<22.755555555555553> Truck:[CLTruck28] Finish loading at shovel LoadSite1-Shovel-2
2025-09-11 20:19:16,090 [INFO] Truck: Time:<22.755555555555553> Truck:[CLTruck29] Finish loading at shovel LoadSite1-Shovel-3
2025-09-11 20:19:16,090 [DEBUG] Truck: Time:<22.755555555555553> Truck:[CLTruck27] Start moving to ORDER(4): NorthPitMine-DumpSite5, move distance is 3.26, speed: 25
2025-09-11 20:19:16,090 [DEBUG] Truck: Time:<22.755555555555553> Truck:[CLTruck28] Start moving to ORDER(4): NorthPitMine-DumpSite5, move distance is 3.26, speed: 25
2025-09-11 20:19:16,090 [INFO] Truck: Time:<19> Truck:[CLTruck28] breakdown for 5.506465229688604 minutes at 19
2025-09-11 20:19:16,090 [INFO] Road: [RoadEvent] Road from LoadSite1 to NorthPitMine-DumpSite5 is in repair，the repair will last for 47.67 mins, and will end at 70.42, vehicle on this road will have to suffer punish_distance.
2025-09-11 20:19:16,090 [DEBUG] Truck: Time:<22.755555555555553> Truck:[CLTruck29] Start moving to ORDER(4): NorthPitMine-DumpSite5, move distance is 4.930639659832304, speed: 25
2025-09-11 20:19:16,090 [INFO] Truck: Time:<22> Truck:[CLTruck29] breakdown for 9.367965295666295 minutes at 22
2025-09-11 20:19:16,090 [INFO] Truck: Time:<22.755555555555553> Truck:[XHTruck33] Start loading at shovel LoadSite1-Shovel-1, load time is 24.444444444444443
2025-09-11 20:19:16,090 [DEBUG] Truck: Time:<23.084055118110236> Truck:[OfficalTruck2] Arrived at NorthPitMine-DumpSite1 at 23.084055118110236
2025-09-11 20:19:16,090 [INFO] Truck: Time:<23.286023903266003> Truck:[XHTruck4] Finish unloading at dumper NorthPitMine-DumpSite2-点位0, dumper tons is 131.19960424384465
2025-09-11 20:19:16,096 [DEBUG] Truck: Time:<23.286023903266003> Truck:[XHTruck4] Start moving to ORDER(2):NorthPitMine-LoadSite3, move distance is 3.41, speed: 25
2025-09-11 20:19:16,096 [INFO] Truck: Time:<23.60740157480315> Truck:[XHTruck25] Finish loading at shovel NorthPitMine-LoadSite2-Shovel-1
2025-09-11 20:19:16,097 [DEBUG] Truck: Time:<23.60740157480315> Truck:[XHTruck25] Start moving to ORDER(4): NorthPitMine-DumpSite5, move distance is 4.290755999620667, speed: 25
2025-09-11 20:19:16,097 [INFO] Truck: Time:<23.60740157480315> Truck:[XHTruck25] is facing 0 mins delay caused by 1 pre-existing jam events on Road from NorthPitMine-LoadSite2 to NorthPitMine-DumpSite5
2025-09-11 20:19:16,097 [DEBUG] Truck: Time:<23.697538861547585> Truck:[CLTruck8] Arrived at NorthPitMine-DumpSite5 at 23.697538861547585
2025-09-11 20:19:16,097 [DEBUG] Truck: Time:<23.787555555555556> Truck:[CLTruck2] Arrived at NorthPitMine-DumpSite2 at 23.787555555555556
2025-09-11 20:19:16,097 [DEBUG] Truck: Time:<23.787555555555556> Truck:[CLTruck3] Arrived at NorthPitMine-DumpSite2 at 23.787555555555556
2025-09-11 20:19:16,097 [DEBUG] Truck: Time:<23.787555555555556> Truck:[CLTruck4] Arrived at NorthPitMine-DumpSite2 at 23.787555555555556
2025-09-11 20:19:16,097 [INFO] Truck: Time:<23.923795275590557> Truck:[XHTruck19] Finish loading at shovel NorthPitMine-LoadSite3-Shovel-1
2025-09-11 20:19:16,099 [INFO] Road: [RoadEvent] Road from NorthPitMine-LoadSite3 to NorthPitMine-DumpSite5 is in repair，the repair will last for 46.83 mins, and will end at 70.75, vehicle on this road will have to suffer punish_distance.
2025-09-11 20:19:16,099 [DEBUG] Truck: Time:<23.923795275590557> Truck:[XHTruck19] Start moving to ORDER(4): NorthPitMine-DumpSite5, move distance is 2.207454678514182, speed: 25
2025-09-11 20:19:16,099 [INFO] Truck: Time:<3> Truck:[XHTruck19] breakdown for 8.251041952395138 minutes at 3
2025-09-11 20:19:16,100 [INFO] Truck: Time:<23.923795275590557> Truck:[CLTruck6] Start loading at shovel NorthPitMine-LoadSite3-Shovel-1, load time is 2.5836614173228347
2025-09-11 20:19:16,101 [INFO] Truck: Time:<24.084055118110236> Truck:[OfficalTruck2] Finish unloading at dumper NorthPitMine-DumpSite1-点位0, dumper tons is 80.26766580060051
2025-09-11 20:19:16,102 [INFO] Road: [RoadEvent] Road from NorthPitMine-DumpSite1 to NorthPitMine-LoadSite3 is in repair，the repair will last for 48.78 mins, and will end at 72.86, vehicle on this road will have to suffer punish_distance.
2025-09-11 20:19:16,102 [DEBUG] Truck: Time:<24.084055118110236> Truck:[OfficalTruck2] Start moving to ORDER(2):NorthPitMine-LoadSite3, move distance is 4.471774339763388, speed: 25
2025-09-11 20:19:16,102 [INFO] Truck: Time:<24.675826771653544> Truck:[CLTruck18] Finish loading at shovel NorthPitMine-LoadSite5-Shovel-1
2025-09-11 20:19:16,102 [INFO] Truck: Time:<24.675826771653544> Truck:[CLTruck22] Finish loading at shovel NorthPitMine-LoadSite5-Shovel-2
2025-09-11 20:19:16,102 [DEBUG] Truck: Time:<24.675826771653544> Truck:[CLTruck18] Start moving to ORDER(0): NorthPitMine-DumpSite1, move distance is 7.104382283172942, speed: 25
2025-09-11 20:19:16,102 [INFO] Truck: Time:<12> Truck:[CLTruck18] breakdown for 8.71215426520984 minutes at 12
2025-09-11 20:19:16,104 [DEBUG] Truck: Time:<24.675826771653544> Truck:[CLTruck22] Start moving to ORDER(0): NorthPitMine-DumpSite1, move distance is 7.5656476565586015, speed: 25
2025-09-11 20:19:16,104 [INFO] Truck: Time:<21> Truck:[CLTruck22] breakdown for 9.853139768068637 minutes at 21
2025-09-11 20:19:16,104 [INFO] Truck: Time:<24.675826771653544> Truck:[CLTruck25] Start loading at shovel NorthPitMine-LoadSite5-Shovel-1, load time is 2.5836614173228347
2025-09-11 20:19:16,104 [INFO] Truck: Time:<24.675826771653544> Truck:[XHTruck1] Start loading at shovel NorthPitMine-LoadSite5-Shovel-2, load time is 4.060039370078741
2025-09-11 20:19:16,104 [INFO] Truck: Time:<24.697538861547585> Truck:[CLTruck8] Finish unloading at dumper NorthPitMine-DumpSite5-点位0, dumper tons is 153.25334341231792
2025-09-11 20:19:16,105 [INFO] Road: [RoadEvent] Road from NorthPitMine-DumpSite5 to NorthPitMine-LoadSite4 is in repair，the repair will last for 44.42 mins, and will end at 69.12, vehicle on this road will have to suffer punish_distance.
2025-09-11 20:19:16,105 [DEBUG] Truck: Time:<24.697538861547585> Truck:[CLTruck8] Start moving to ORDER(3):NorthPitMine-LoadSite4, move distance is 7.049299009541165, speed: 25
2025-09-11 20:19:16,105 [INFO] Truck: Time:<24> Truck:[CLTruck8] breakdown for 7.954591640098843 minutes at 24
2025-09-11 20:19:16,105 [INFO] Truck: Time:<24.787555555555556> Truck:[CLTruck2] Finish unloading at dumper NorthPitMine-DumpSite2-点位0, dumper tons is 163.58321040370816
2025-09-11 20:19:16,105 [INFO] Truck: Time:<24.787555555555556> Truck:[CLTruck3] Finish unloading at dumper NorthPitMine-DumpSite2-点位1, dumper tons is 34.52862586067222
2025-09-11 20:19:16,106 [INFO] Truck: Time:<24.787555555555556> Truck:[CLTruck4] Finish unloading at dumper NorthPitMine-DumpSite2-点位2, dumper tons is 37.78533388481951
2025-09-11 20:19:16,106 [DEBUG] Truck: Time:<24.787555555555556> Truck:[CLTruck2] Start moving to ORDER(2):NorthPitMine-LoadSite3, move distance is 3.41, speed: 25
2025-09-11 20:19:16,106 [DEBUG] Truck: Time:<24.787555555555556> Truck:[CLTruck3] Start moving to ORDER(2):NorthPitMine-LoadSite3, move distance is 3.41, speed: 25
2025-09-11 20:19:16,107 [DEBUG] Truck: Time:<24.787555555555556> Truck:[CLTruck4] Start moving to ORDER(2):NorthPitMine-LoadSite3, move distance is 3.41, speed: 25
2025-09-11 20:19:16,107 [DEBUG] Truck: Time:<24.957268205151944> Truck:[CLTruck13] Arrived at NorthPitMine-DumpSite5 at 24.957268205151944
2025-09-11 20:19:16,109 [DEBUG] Truck: Time:<25.08337265131492> Truck:[CLTruck5] Arrived at NorthPitMine-DumpSite2 at 25.08337265131492
2025-09-11 20:19:16,109 [INFO] Truck: Time:<25.875555555555554> Truck:[CLTruck9] Finish loading at shovel NorthPitMine-LoadSite2-Shovel-2
2025-09-11 20:19:16,110 [INFO] Truck: Time:<25.875555555555554> Truck:[CLTruck10] Finish loading at shovel NorthPitMine-LoadSite2-Shovel-3
2025-09-11 20:19:16,110 [INFO] Truck: Time:<25.875555555555554> Truck:[CLTruck11] Finish loading at shovel NorthPitMine-LoadSite2-Shovel-4
2025-09-11 20:19:16,110 [INFO] Truck: Time:<25.875555555555554> Truck:[CLTruck12] Finish loading at shovel NorthPitMine-LoadSite2-Shovel-5
2025-09-11 20:19:16,110 [DEBUG] Truck: Time:<25.875555555555554> Truck:[CLTruck9] Start moving to ORDER(4): NorthPitMine-DumpSite5, move distance is 4.661394166220454, speed: 25
2025-09-11 20:19:16,110 [INFO] Truck: Time:<24> Truck:[CLTruck9] breakdown for 3.7554346168101427 minutes at 24
2025-09-11 20:19:16,110 [DEBUG] Truck: Time:<25.875555555555554> Truck:[CLTruck10] Start moving to ORDER(4): NorthPitMine-DumpSite5, move distance is 4.583385677108872, speed: 25
2025-09-11 20:19:16,110 [INFO] Truck: Time:<25.875555555555554> Truck:[CLTruck10] is facing 0 mins delay caused by 1 pre-existing jam events on Road from NorthPitMine-LoadSite2 to NorthPitMine-DumpSite5
2025-09-11 20:19:16,110 [DEBUG] Truck: Time:<25.875555555555554> Truck:[CLTruck11] Start moving to ORDER(4): NorthPitMine-DumpSite5, move distance is 4.340433734901831, speed: 25
2025-09-11 20:19:16,110 [INFO] Truck: Time:<22> Truck:[CLTruck11] breakdown for 17.188474196123543 minutes at 22
2025-09-11 20:19:16,110 [DEBUG] Truck: Time:<25.875555555555554> Truck:[CLTruck12] Start moving to ORDER(4): NorthPitMine-DumpSite5, move distance is 4.418085170063171, speed: 25
2025-09-11 20:19:16,110 [INFO] Truck: Time:<24> Truck:[CLTruck12] breakdown for 10.983476342091027 minutes at 24
2025-09-11 20:19:16,110 [INFO] Truck: Time:<25.875555555555554> Truck:[CLTruck14] Start loading at shovel NorthPitMine-LoadSite2-Shovel-2, load time is 15.555555555555555
2025-09-11 20:19:16,110 [INFO] Truck: Time:<25.875555555555554> Truck:[CLTruck16] Start loading at shovel NorthPitMine-LoadSite2-Shovel-3, load time is 15.555555555555555
2025-09-11 20:19:16,110 [INFO] Truck: Time:<25.875555555555554> Truck:[CLTruck19] Start loading at shovel NorthPitMine-LoadSite2-Shovel-4, load time is 15.555555555555555
2025-09-11 20:19:16,110 [INFO] Truck: Time:<25.875555555555554> Truck:[CLTruck23] Start loading at shovel NorthPitMine-LoadSite2-Shovel-5, load time is 15.555555555555555
2025-09-11 20:19:16,110 [INFO] Truck: Time:<25.957268205151944> Truck:[CLTruck13] Finish unloading at dumper NorthPitMine-DumpSite5-点位0, dumper tons is 187.10552041082258
2025-09-11 20:19:16,110 [DEBUG] Truck: Time:<25.957268205151944> Truck:[CLTruck13] Start moving to ORDER(3):NorthPitMine-LoadSite4, move distance is 7.136659738995763, speed: 25
2025-09-11 20:19:16,110 [INFO] Truck: Time:<25.957268205151944> Truck:[CLTruck13] is facing 0.6674434961783233 mins delay caused by 1 pre-existing jam events on Road from NorthPitMine-DumpSite5 to NorthPitMine-LoadSite4
2025-09-11 20:19:16,115 [INFO] Truck: Time:<26.08337265131492> Truck:[CLTruck5] Finish unloading at dumper NorthPitMine-DumpSite2-点位0, dumper tons is 197.94148119249826
2025-09-11 20:19:16,116 [DEBUG] Truck: Time:<26.08337265131492> Truck:[CLTruck5] Start moving to ORDER(2):NorthPitMine-LoadSite3, move distance is 3.41, speed: 25
2025-09-11 20:19:16,116 [INFO] Truck: Time:<26.08337265131492> Truck:[CLTruck5] is facing 3.498137136404167 mins delay caused by 1 pre-existing jam events on Road from NorthPitMine-DumpSite2 to NorthPitMine-LoadSite3
2025-09-11 20:19:16,116 [INFO] Truck: Time:<26.4754230704384> Truck:[XHTruck5] is facing 1.8751342228185042 mins delay caused by 1 pre-existing jam events on Road from NorthPitMine-LoadSite3 to NorthPitMine-DumpSite5
2025-09-11 20:19:16,116 [INFO] Truck: Time:<26.50745669291339> Truck:[CLTruck6] Finish loading at shovel NorthPitMine-LoadSite3-Shovel-1
2025-09-11 20:19:16,116 [DEBUG] Truck: Time:<26.50745669291339> Truck:[CLTruck6] Start moving to ORDER(4): NorthPitMine-DumpSite5, move distance is 2.6455490127961223, speed: 25
2025-09-11 20:19:16,117 [INFO] Truck: Time:<26.50745669291339> Truck:[CLTruck6] is facing 0.5447036734877004 mins delay caused by 1 pre-existing jam events on Road from NorthPitMine-LoadSite3 to NorthPitMine-DumpSite5
2025-09-11 20:19:16,118 [INFO] Truck: Time:<27.065841406380287> Truck:[OfficalTruck1] is facing 4.819854326587691 mins delay caused by 1 pre-existing jam events on Road from NorthPitMine-LoadSite5 to NorthPitMine-DumpSite1
2025-09-11 20:19:16,118 [INFO] Truck: Time:<27.259488188976377> Truck:[CLTruck25] Finish loading at shovel NorthPitMine-LoadSite5-Shovel-1
2025-09-11 20:19:16,119 [DEBUG] Truck: Time:<27.259488188976377> Truck:[CLTruck25] Start moving to ORDER(0): NorthPitMine-DumpSite1, move distance is 7.433649012762668, speed: 25
2025-09-11 20:19:16,119 [INFO] Truck: Time:<27.259488188976377> Truck:[CLTruck25] is facing 4.13244559528616 mins delay caused by 1 pre-existing jam events on Road from NorthPitMine-LoadSite5 to NorthPitMine-DumpSite1
2025-09-11 20:19:16,119 [INFO] Truck: Time:<27.259488188976377> Truck:[XHTruck2] Start loading at shovel NorthPitMine-LoadSite5-Shovel-1, load time is 4.060039370078741
2025-09-11 20:19:16,120 [INFO] Truck: Time:<28.576150921501565> Truck:[XHTruck26] is facing 2.996911659443845 mins delay caused by 1 pre-existing jam events on Road from NorthPitMine-LoadSite4 to NorthPitMine-DumpSite2
2025-09-11 20:19:16,120 [INFO] Truck: Time:<28.735866141732284> Truck:[XHTruck1] Finish loading at shovel NorthPitMine-LoadSite5-Shovel-2
2025-09-11 20:19:16,121 [DEBUG] Truck: Time:<28.735866141732284> Truck:[XHTruck1] Start moving to ORDER(0): NorthPitMine-DumpSite1, move distance is 7.1989667059136435, speed: 25
2025-09-11 20:19:16,121 [INFO] Truck: Time:<25> Truck:[XHTruck1] breakdown for 14.030167384177734 minutes at 25
2025-09-11 20:19:16,121 [INFO] Truck: Time:<28.735866141732284> Truck:[XHTruck6] Start loading at shovel NorthPitMine-LoadSite5-Shovel-2, load time is 4.060039370078741
2025-09-11 20:19:16,121 [DEBUG] Truck: Time:<28.768110236220473> Truck:[OfficalTruck3] Arrived at NorthPitMine-DumpSite1 at 28.768110236220473
2025-09-11 20:19:16,121 [DEBUG] Truck: Time:<28.768110236220473> Truck:[OfficalTruck4] Arrived at NorthPitMine-DumpSite1 at 28.768110236220473
2025-09-11 20:19:16,124 [INFO] Truck: Time:<29.434098101972797> Truck:[XHTruck3] is facing 0.5374715489400703 mins delay caused by 2 pre-existing jam events on Road from NorthPitMine-LoadSite2 to NorthPitMine-DumpSite5
2025-09-11 20:19:16,124 [INFO] Truck: Time:<29.630990172365696> Truck:[CLTruck9] is facing 0.018126065255992696 mins delay caused by 2 pre-existing jam events on Road from NorthPitMine-LoadSite2 to NorthPitMine-DumpSite5
2025-09-11 20:19:16,124 [INFO] Truck: Time:<29.632593566826934> Truck:[CLTruck1] Arrived at NorthPitMine-LoadSite3 at 29.632593566826934
2025-09-11 20:19:16,124 [INFO] Truck: Time:<29.632593566826934> Truck:[CLTruck1] Start loading at shovel NorthPitMine-LoadSite3-Shovel-1, load time is 2.5836614173228347
2025-09-11 20:19:16,125 [INFO] Truck: Time:<29.768110236220473> Truck:[OfficalTruck3] Finish unloading at dumper NorthPitMine-DumpSite1-点位0, dumper tons is 159.0766483930722
2025-09-11 20:19:16,125 [INFO] Truck: Time:<29.768110236220473> Truck:[OfficalTruck4] Finish unloading at dumper NorthPitMine-DumpSite1-点位1, dumper tons is 83.15581644670173
2025-09-11 20:19:16,125 [DEBUG] Truck: Time:<29.768110236220473> Truck:[OfficalTruck3] Start moving to ORDER(2):NorthPitMine-LoadSite3, move distance is 3.849313575255067, speed: 25
2025-09-11 20:19:16,126 [DEBUG] Truck: Time:<29.768110236220473> Truck:[OfficalTruck4] Start moving to ORDER(2):NorthPitMine-LoadSite3, move distance is 4.513487442729458, speed: 25
2025-09-11 20:19:16,127 [DEBUG] Truck: Time:<30.57955555555555> Truck:[CLTruck27] Arrived at NorthPitMine-DumpSite5 at 30.57955555555555
2025-09-11 20:19:16,128 [INFO] Truck: Time:<31.319527559055118> Truck:[XHTruck2] Finish loading at shovel NorthPitMine-LoadSite5-Shovel-1
2025-09-11 20:19:16,129 [DEBUG] Truck: Time:<31.319527559055118> Truck:[XHTruck2] Start moving to ORDER(0): NorthPitMine-DumpSite1, move distance is 7.06407283236016, speed: 25
2025-09-11 20:19:16,129 [INFO] Truck: Time:<31.319527559055118> Truck:[XHTruck2] is facing 0.15231458853769086 mins delay caused by 1 pre-existing jam events on Road from NorthPitMine-LoadSite5 to NorthPitMine-DumpSite1
2025-09-11 20:19:16,129 [INFO] Truck: Time:<31.319527559055118> Truck:[XHTruck10] Start loading at shovel NorthPitMine-LoadSite5-Shovel-1, load time is 4.060039370078741
2025-09-11 20:19:16,129 [INFO] Truck: Time:<31.470023903266004> Truck:[XHTruck4] Arrived at NorthPitMine-LoadSite3 at 31.470023903266004
2025-09-11 20:19:16,129 [INFO] Truck: Time:<31.500055118110236> Truck:[OfficalTruck7] Arrived at NorthPitMine-LoadSite4 at 31.500055118110236
2025-09-11 20:19:16,129 [INFO] Truck: Time:<31.500055118110236> Truck:[OfficalTruck7] Start loading at shovel NorthPitMine-LoadSite4-Shovel-1, load time is 5.684055118110236
2025-09-11 20:19:16,129 [INFO] Truck: Time:<31.57955555555555> Truck:[CLTruck27] Finish unloading at dumper NorthPitMine-DumpSite5-点位0, dumper tons is 220.13902374716224
2025-09-11 20:19:16,129 [DEBUG] Truck: Time:<31.57955555555555> Truck:[CLTruck27] Start moving to ORDER(3):NorthPitMine-LoadSite4, move distance is 7.329836524272095, speed: 25
2025-09-11 20:19:16,129 [INFO] Truck: Time:<25> Truck:[CLTruck27] breakdown for 11.253885344102864 minutes at 25
2025-09-11 20:19:16,129 [INFO] Truck: Time:<31.644444444444442> Truck:[XHTruck14] Finish loading at shovel LoadSite1-Shovel-4
2025-09-11 20:19:16,133 [INFO] Truck: Time:<31.644444444444442> Truck:[XHTruck23] Finish loading at shovel LoadSite1-Shovel-5
2025-09-11 20:19:16,133 [DEBUG] Truck: Time:<31.644444444444442> Truck:[XHTruck14] Start moving to ORDER(4): NorthPitMine-DumpSite5, move distance is 4.797844376272821, speed: 25
2025-09-11 20:19:16,133 [INFO] Truck: Time:<12> Truck:[XHTruck14] breakdown for 11.666328117814238 minutes at 12
2025-09-11 20:19:16,134 [DEBUG] Truck: Time:<31.644444444444442> Truck:[XHTruck23] Start moving to ORDER(4): NorthPitMine-DumpSite5, move distance is 4.708484615275633, speed: 25
2025-09-11 20:19:16,134 [INFO] Truck: Time:<18> Truck:[XHTruck23] breakdown for 12.869320066345644 minutes at 18
2025-09-11 20:19:16,135 [INFO] Truck: Time:<32.21625498414977> Truck:[CLTruck1] Finish loading at shovel NorthPitMine-LoadSite3-Shovel-1
2025-09-11 20:19:16,136 [DEBUG] Truck: Time:<32.21625498414977> Truck:[CLTruck1] Start moving to ORDER(4): NorthPitMine-DumpSite5, move distance is 2.554389998722428, speed: 25
2025-09-11 20:19:16,136 [INFO] Truck: Time:<32.21625498414977> Truck:[XHTruck4] Start loading at shovel NorthPitMine-LoadSite3-Shovel-1, load time is 4.060039370078741
2025-09-11 20:19:16,137 [INFO] Truck: Time:<32.79590551181103> Truck:[XHTruck6] Finish loading at shovel NorthPitMine-LoadSite5-Shovel-2
2025-09-11 20:19:16,137 [DEBUG] Truck: Time:<32.79590551181103> Truck:[XHTruck6] Start moving to ORDER(0): NorthPitMine-DumpSite1, move distance is 7.336192632410474, speed: 25
2025-09-11 20:19:16,137 [INFO] Truck: Time:<24> Truck:[XHTruck6] breakdown for 11.721744553719775 minutes at 24
2025-09-11 20:19:16,137 [INFO] Truck: Time:<32.79590551181103> Truck:[XHTruck13] Start loading at shovel NorthPitMine-LoadSite5-Shovel-2, load time is 4.060039370078741
2025-09-11 20:19:16,138 [DEBUG] Truck: Time:<32.814557293256904> Truck:[XHTruck5] Arrived at NorthPitMine-DumpSite5 at 32.814557293256904
2025-09-11 20:19:16,138 [INFO] Truck: Time:<32.971555555555554> Truck:[CLTruck2] Arrived at NorthPitMine-LoadSite3 at 32.971555555555554
2025-09-11 20:19:16,138 [INFO] Truck: Time:<32.971555555555554> Truck:[CLTruck3] Arrived at NorthPitMine-LoadSite3 at 32.971555555555554
2025-09-11 20:19:16,138 [INFO] Truck: Time:<32.971555555555554> Truck:[CLTruck4] Arrived at NorthPitMine-LoadSite3 at 32.971555555555554
2025-09-11 20:19:16,139 [DEBUG] Truck: Time:<33.40147799711178> Truck:[CLTruck6] Arrived at NorthPitMine-DumpSite5 at 33.40147799711178
2025-09-11 20:19:16,139 [INFO] Truck: Time:<33.814557293256904> Truck:[XHTruck5] Finish unloading at dumper NorthPitMine-DumpSite5-点位0, dumper tons is 272.3684442284653
2025-09-11 20:19:16,139 [DEBUG] Truck: Time:<33.814557293256904> Truck:[XHTruck5] Start moving to ORDER(3):NorthPitMine-LoadSite4, move distance is 7.714533520582718, speed: 25
2025-09-11 20:19:16,139 [DEBUG] Truck: Time:<33.90521597389275> Truck:[XHTruck25] Arrived at NorthPitMine-DumpSite5 at 33.90521597389275
2025-09-11 20:19:16,144 [INFO] Truck: Time:<34.08371653543307> Truck:[CLTruck15] Arrived at NorthPitMine-LoadSite4 at 34.08371653543307
2025-09-11 20:19:16,144 [DEBUG] Truck: Time:<34.38106258094541> Truck:[XHTruck26] Arrived at NorthPitMine-DumpSite2 at 34.38106258094541
2025-09-11 20:19:16,144 [INFO] Truck: Time:<34.40147799711178> Truck:[CLTruck6] Finish unloading at dumper NorthPitMine-DumpSite5-点位1, dumper tons is 36.211026475748874
2025-09-11 20:19:16,145 [DEBUG] Truck: Time:<34.40147799711178> Truck:[CLTruck6] Start moving to ORDER(3):NorthPitMine-LoadSite4, move distance is 7.290049578249657, speed: 25
2025-09-11 20:19:16,145 [INFO] Truck: Time:<34.40147799711178> Truck:[CLTruck6] is facing 0 mins delay caused by 1 pre-existing jam events on Road from NorthPitMine-DumpSite5 to NorthPitMine-LoadSite4
2025-09-11 20:19:16,145 [INFO] Truck: Time:<34.52896653972218> Truck:[CLTruck22] is facing 5.357186809936786 mins delay caused by 1 pre-existing jam events on Road from NorthPitMine-LoadSite5 to NorthPitMine-DumpSite1
2025-09-11 20:19:16,145 [INFO] Truck: Time:<34.81631353354237> Truck:[OfficalTruck2] Arrived at NorthPitMine-LoadSite3 at 34.81631353354237
2025-09-11 20:19:16,145 [INFO] Truck: Time:<34.90521597389275> Truck:[XHTruck25] Finish unloading at dumper NorthPitMine-DumpSite5-点位0, dumper tons is 326.86025065770286
2025-09-11 20:19:16,146 [DEBUG] Truck: Time:<34.90521597389275> Truck:[XHTruck25] Start moving to ORDER(3):NorthPitMine-LoadSite4, move distance is 8.125144441506148, speed: 25
2025-09-11 20:19:16,146 [INFO] Truck: Time:<27> Truck:[XHTruck25] breakdown for 11.44281083372831 minutes at 27
2025-09-11 20:19:16,148 [INFO] Truck: Time:<35.37956692913386> Truck:[XHTruck10] Finish loading at shovel NorthPitMine-LoadSite5-Shovel-1
2025-09-11 20:19:16,148 [DEBUG] Truck: Time:<35.37956692913386> Truck:[XHTruck10] Start moving to ORDER(0): NorthPitMine-DumpSite1, move distance is 7.784135813879407, speed: 25
2025-09-11 20:19:16,148 [INFO] Truck: Time:<15> Truck:[XHTruck10] breakdown for 8.48514817266275 minutes at 15
2025-09-11 20:19:16,149 [INFO] Truck: Time:<35.37956692913386> Truck:[XHTruck18] Start loading at shovel NorthPitMine-LoadSite5-Shovel-1, load time is 4.060039370078741
2025-09-11 20:19:16,149 [INFO] Truck: Time:<35.38106258094541> Truck:[XHTruck26] Finish unloading at dumper NorthPitMine-DumpSite2-点位0, dumper tons is 249.12768403731857
2025-09-11 20:19:16,149 [DEBUG] Truck: Time:<35.38106258094541> Truck:[XHTruck26] Start moving to ORDER(4):NorthPitMine-LoadSite5, move distance is 5.59, speed: 25
2025-09-11 20:19:16,151 [DEBUG] Truck: Time:<36.08602078524416> Truck:[CLTruck28] Arrived at NorthPitMine-DumpSite5 at 36.08602078524416
2025-09-11 20:19:16,151 [INFO] Truck: Time:<36.27629435422851> Truck:[XHTruck4] Finish loading at shovel NorthPitMine-LoadSite3-Shovel-1
2025-09-11 20:19:16,151 [DEBUG] Truck: Time:<36.27629435422851> Truck:[XHTruck4] Start moving to ORDER(4): NorthPitMine-DumpSite5, move distance is 2.5845237616085375, speed: 25
2025-09-11 20:19:16,151 [INFO] Truck: Time:<36.27629435422851> Truck:[XHTruck4] is facing 13.22046136755581 mins delay caused by 3 pre-existing jam events on Road from NorthPitMine-LoadSite3 to NorthPitMine-DumpSite5
2025-09-11 20:19:16,151 [INFO] Truck: Time:<36.27629435422851> Truck:[CLTruck2] Start loading at shovel NorthPitMine-LoadSite3-Shovel-1, load time is 2.5836614173228347
2025-09-11 20:19:16,151 [INFO] Truck: Time:<36.535111111111114> Truck:[CLTruck7] Finish loading at shovel NorthPitMine-LoadSite4-Shovel-2
2025-09-11 20:19:16,151 [INFO] Truck: Time:<36.535111111111114> Truck:[CLTruck17] Finish loading at shovel NorthPitMine-LoadSite4-Shovel-3
2025-09-11 20:19:16,151 [INFO] Truck: Time:<36.535111111111114> Truck:[CLTruck20] Finish loading at shovel NorthPitMine-LoadSite4-Shovel-4
2025-09-11 20:19:16,151 [INFO] Truck: Time:<36.535111111111114> Truck:[CLTruck24] Finish loading at shovel NorthPitMine-LoadSite4-Shovel-5
2025-09-11 20:19:16,153 [DEBUG] Truck: Time:<36.535111111111114> Truck:[CLTruck7] Start moving to ORDER(1): NorthPitMine-DumpSite2, move distance is 1.5167796337988817, speed: 25
2025-09-11 20:19:16,153 [INFO] Truck: Time:<25> Truck:[CLTruck7] breakdown for 9.845997634610908 minutes at 25
2025-09-11 20:19:16,154 [DEBUG] Truck: Time:<36.535111111111114> Truck:[CLTruck17] Start moving to ORDER(1): NorthPitMine-DumpSite2, move distance is 1.8542076117292234, speed: 25
2025-09-11 20:19:16,154 [INFO] Truck: Time:<29> Truck:[CLTruck17] breakdown for 11.672186019112111 minutes at 29
2025-09-11 20:19:16,154 [DEBUG] Truck: Time:<36.535111111111114> Truck:[CLTruck20] Start moving to ORDER(1): NorthPitMine-DumpSite2, move distance is 1.6603243411874173, speed: 25
2025-09-11 20:19:16,154 [INFO] Truck: Time:<36> Truck:[CLTruck20] breakdown for 10.339410582582452 minutes at 36
2025-09-11 20:19:16,154 [DEBUG] Truck: Time:<36.535111111111114> Truck:[CLTruck24] Start moving to ORDER(1): NorthPitMine-DumpSite2, move distance is 1.768150284512721, speed: 25
2025-09-11 20:19:16,154 [INFO] Truck: Time:<27> Truck:[CLTruck24] breakdown for 14.000096297729664 minutes at 27
2025-09-11 20:19:16,154 [INFO] Truck: Time:<36.535111111111114> Truck:[XHTruck8] Start loading at shovel NorthPitMine-LoadSite4-Shovel-2, load time is 24.444444444444443
2025-09-11 20:19:16,154 [INFO] Truck: Time:<36.535111111111114> Truck:[XHTruck12] Start loading at shovel NorthPitMine-LoadSite4-Shovel-3, load time is 24.444444444444443
2025-09-11 20:19:16,154 [INFO] Truck: Time:<36.535111111111114> Truck:[XHTruck17] Start loading at shovel NorthPitMine-LoadSite4-Shovel-4, load time is 24.444444444444443
2025-09-11 20:19:16,154 [INFO] Truck: Time:<36.535111111111114> Truck:[XHTruck22] Start loading at shovel NorthPitMine-LoadSite4-Shovel-5, load time is 24.444444444444443
2025-09-11 20:19:16,154 [INFO] Truck: Time:<36.85594488188977> Truck:[XHTruck13] Finish loading at shovel NorthPitMine-LoadSite5-Shovel-2
2025-09-11 20:19:16,157 [DEBUG] Truck: Time:<36.85594488188977> Truck:[XHTruck13] Start moving to ORDER(0): NorthPitMine-DumpSite1, move distance is 7.1568795929743985, speed: 25
2025-09-11 20:19:16,157 [INFO] Truck: Time:<3> Truck:[XHTruck13] breakdown for 10.895477609797306 minutes at 3
2025-09-11 20:19:16,157 [INFO] Truck: Time:<36.85594488188977> Truck:[XHTruck20] Start loading at shovel NorthPitMine-LoadSite5-Shovel-2, load time is 4.060039370078741
2025-09-11 20:19:16,157 [DEBUG] Truck: Time:<36.875681180616844> Truck:[CLTruck10] Arrived at NorthPitMine-DumpSite5 at 36.875681180616844
2025-09-11 20:19:16,159 [INFO] Truck: Time:<37.08602078524416> Truck:[CLTruck28] Finish unloading at dumper NorthPitMine-DumpSite5-点位0, dumper tons is 360.8676404890749
2025-09-11 20:19:16,160 [DEBUG] Truck: Time:<37.08602078524416> Truck:[CLTruck28] Start moving to ORDER(3):NorthPitMine-LoadSite4, move distance is 7.684748395527704, speed: 25
2025-09-11 20:19:16,160 [INFO] Truck: Time:<37.08602078524416> Truck:[CLTruck28] is facing 0 mins delay caused by 1 pre-existing jam events on Road from NorthPitMine-DumpSite5 to NorthPitMine-LoadSite4
2025-09-11 20:19:16,160 [INFO] Truck: Time:<37.18411023622047> Truck:[OfficalTruck7] Finish loading at shovel NorthPitMine-LoadSite4-Shovel-1
2025-09-11 20:19:16,161 [DEBUG] Truck: Time:<37.18411023622047> Truck:[OfficalTruck7] Start moving to ORDER(1): NorthPitMine-DumpSite2, move distance is 1.616529289332108, speed: 25
2025-09-11 20:19:16,161 [INFO] Truck: Time:<31> Truck:[OfficalTruck7] breakdown for 12.053319858524162 minutes at 31
2025-09-11 20:19:16,161 [INFO] Truck: Time:<37.18411023622047> Truck:[CLTruck15] Start loading at shovel NorthPitMine-LoadSite4-Shovel-1, load time is 2.5836614173228347
2025-09-11 20:19:16,161 [DEBUG] Truck: Time:<37.47272845641973> Truck:[XHTruck19] Arrived at NorthPitMine-DumpSite5 at 37.47272845641973
2025-09-11 20:19:16,161 [INFO] Truck: Time:<37.76550978771908> Truck:[CLTruck5] Arrived at NorthPitMine-LoadSite3 at 37.76550978771908
2025-09-11 20:19:16,162 [INFO] Truck: Time:<37.875681180616844> Truck:[CLTruck10] Finish unloading at dumper NorthPitMine-DumpSite5-点位1, dumper tons is 72.31477303752385
2025-09-11 20:19:16,162 [DEBUG] Truck: Time:<37.875681180616844> Truck:[CLTruck10] Start moving to ORDER(3):NorthPitMine-LoadSite4, move distance is 7.267998718081, speed: 25
2025-09-11 20:19:16,163 [INFO] Truck: Time:<35> Truck:[CLTruck10] breakdown for 9.623017706857327 minutes at 35
2025-09-11 20:19:16,165 [DEBUG] Truck: Time:<38.3467909810836> Truck:[CLTruck1] Arrived at NorthPitMine-DumpSite5 at 38.3467909810836
2025-09-11 20:19:16,165 [INFO] Truck: Time:<38.47272845641973> Truck:[XHTruck19] Finish unloading at dumper NorthPitMine-DumpSite5-点位0, dumper tons is 418.5595612711153
2025-09-11 20:19:16,166 [DEBUG] Truck: Time:<38.47272845641973> Truck:[XHTruck19] Start moving to ORDER(3):NorthPitMine-LoadSite4, move distance is 7.379285476467427, speed: 25
2025-09-11 20:19:16,166 [INFO] Truck: Time:<38.47272845641973> Truck:[XHTruck19] is facing 0 mins delay caused by 1 pre-existing jam events on Road from NorthPitMine-DumpSite5 to NorthPitMine-LoadSite4
2025-09-11 20:19:16,166 [DEBUG] Truck: Time:<38.481080861921654> Truck:[OfficalTruck5] Arrived at NorthPitMine-DumpSite1 at 38.481080861921654
2025-09-11 20:19:16,166 [INFO] Truck: Time:<38.85995577155135> Truck:[CLTruck2] Finish loading at shovel NorthPitMine-LoadSite3-Shovel-1
2025-09-11 20:19:16,167 [DEBUG] Truck: Time:<38.85995577155135> Truck:[CLTruck2] Start moving to ORDER(4): NorthPitMine-DumpSite5, move distance is 2.7110576787573364, speed: 25
2025-09-11 20:19:16,167 [INFO] Truck: Time:<31> Truck:[CLTruck2] breakdown for 5.952661127259952 minutes at 31
2025-09-11 20:19:16,167 [INFO] Truck: Time:<38.85995577155135> Truck:[CLTruck3] Start loading at shovel NorthPitMine-LoadSite3-Shovel-1, load time is 2.5836614173228347
2025-09-11 20:19:16,169 [INFO] Truck: Time:<39.00646281683264> Truck:[OfficalTruck3] Arrived at NorthPitMine-LoadSite3 at 39.00646281683264
2025-09-11 20:19:16,170 [DEBUG] Truck: Time:<39.03219192599618> Truck:[OfficalTruck6] Arrived at NorthPitMine-DumpSite1 at 39.03219192599618
2025-09-11 20:19:16,170 [INFO] Truck: Time:<39.3467909810836> Truck:[CLTruck1] Finish unloading at dumper NorthPitMine-DumpSite5-点位1, dumper tons is 107.55544937653787
2025-09-11 20:19:16,170 [DEBUG] Truck: Time:<39.3467909810836> Truck:[CLTruck1] Start moving to ORDER(3):NorthPitMine-LoadSite4, move distance is 8.306722212123965, speed: 25
2025-09-11 20:19:16,171 [INFO] Truck: Time:<39.3467909810836> Truck:[CLTruck1] is facing 5.489447210197003 mins delay caused by 2 pre-existing jam events on Road from NorthPitMine-DumpSite5 to NorthPitMine-LoadSite4
2025-09-11 20:19:16,171 [INFO] Truck: Time:<39.4396062992126> Truck:[XHTruck18] Finish loading at shovel NorthPitMine-LoadSite5-Shovel-1
2025-09-11 20:19:16,171 [DEBUG] Truck: Time:<39.4396062992126> Truck:[XHTruck18] Start moving to ORDER(0): NorthPitMine-DumpSite1, move distance is 7.079719355141284, speed: 25
2025-09-11 20:19:16,171 [INFO] Truck: Time:<24> Truck:[XHTruck18] breakdown for 12.583431109102783 minutes at 24
2025-09-11 20:19:16,171 [INFO] Truck: Time:<39.4396062992126> Truck:[XHTruck24] Start loading at shovel NorthPitMine-LoadSite5-Shovel-1, load time is 4.060039370078741
2025-09-11 20:19:16,171 [INFO] Truck: Time:<39.481080861921654> Truck:[OfficalTruck5] Finish unloading at dumper NorthPitMine-DumpSite1-点位0, dumper tons is 238.58443609019665
2025-09-11 20:19:16,173 [INFO] Road: [RoadEvent] Road from NorthPitMine-DumpSite1 to NorthPitMine-LoadSite4 is in repair，the repair will last for 39.68 mins, and will end at 79.16, vehicle on this road will have to suffer punish_distance.
2025-09-11 20:19:16,173 [DEBUG] Truck: Time:<39.481080861921654> Truck:[OfficalTruck5] Start moving to ORDER(3):NorthPitMine-LoadSite4, move distance is 4.720080356599748, speed: 25
2025-09-11 20:19:16,173 [INFO] Truck: Time:<24> Truck:[OfficalTruck5] breakdown for 7.137105150583853 minutes at 24
2025-09-11 20:19:16,173 [INFO] Truck: Time:<39.767771653543306> Truck:[CLTruck15] Finish loading at shovel NorthPitMine-LoadSite4-Shovel-1
2025-09-11 20:19:16,173 [DEBUG] Truck: Time:<39.767771653543306> Truck:[CLTruck15] Start moving to ORDER(1): NorthPitMine-DumpSite2, move distance is 1.6876954547279197, speed: 25
2025-09-11 20:19:16,173 [INFO] Truck: Time:<27> Truck:[CLTruck15] breakdown for 18.3113716325115 minutes at 27
2025-09-11 20:19:16,173 [DEBUG] Truck: Time:<39.865217015794215> Truck:[XHTruck3] Arrived at NorthPitMine-DumpSite5 at 39.865217015794215
2025-09-11 20:19:16,175 [INFO] Truck: Time:<40.03219192599618> Truck:[OfficalTruck6] Finish unloading at dumper NorthPitMine-DumpSite1-点位1, dumper tons is 167.4898892070667
2025-09-11 20:19:16,176 [DEBUG] Truck: Time:<40.03219192599618> Truck:[OfficalTruck6] Start moving to ORDER(3):NorthPitMine-LoadSite4, move distance is 4.224752243011953, speed: 25
2025-09-11 20:19:16,176 [INFO] Truck: Time:<37> Truck:[OfficalTruck6] breakdown for 15.24475034487888 minutes at 37
2025-09-11 20:19:16,176 [INFO] Truck: Time:<40.60048009877117> Truck:[OfficalTruck4] Arrived at NorthPitMine-LoadSite3 at 40.60048009877117
2025-09-11 20:19:16,176 [DEBUG] Truck: Time:<40.83646223655078> Truck:[CLTruck9] Arrived at NorthPitMine-DumpSite5 at 40.83646223655078
2025-09-11 20:19:16,176 [INFO] Truck: Time:<40.865217015794215> Truck:[XHTruck3] Finish unloading at dumper NorthPitMine-DumpSite5-点位0, dumper tons is 472.669621291433
2025-09-11 20:19:16,177 [DEBUG] Truck: Time:<40.865217015794215> Truck:[XHTruck3] Start moving to ORDER(3):NorthPitMine-LoadSite4, move distance is 7.732421669375186, speed: 25
2025-09-11 20:19:16,177 [INFO] Truck: Time:<40.865217015794215> Truck:[XHTruck3] is facing 3.9930963915439994 mins delay caused by 2 pre-existing jam events on Road from NorthPitMine-DumpSite5 to NorthPitMine-LoadSite4
2025-09-11 20:19:16,177 [INFO] Truck: Time:<40.91598425196851> Truck:[XHTruck20] Finish loading at shovel NorthPitMine-LoadSite5-Shovel-2
2025-09-11 20:19:16,178 [DEBUG] Truck: Time:<40.91598425196851> Truck:[XHTruck20] Start moving to ORDER(0): NorthPitMine-DumpSite1, move distance is 7.317245298855686, speed: 25
2025-09-11 20:19:16,178 [INFO] Truck: Time:<36> Truck:[XHTruck20] breakdown for 6.328148285076576 minutes at 36
2025-09-11 20:19:16,178 [INFO] Truck: Time:<40.91598425196851> Truck:[XHTruck28] Start loading at shovel NorthPitMine-LoadSite5-Shovel-2, load time is 4.060039370078741
2025-09-11 20:19:16,180 [INFO] Truck: Time:<41.43111111111111> Truck:[CLTruck14] Finish loading at shovel NorthPitMine-LoadSite2-Shovel-2
2025-09-11 20:19:16,180 [INFO] Truck: Time:<41.43111111111111> Truck:[CLTruck16] Finish loading at shovel NorthPitMine-LoadSite2-Shovel-3
2025-09-11 20:19:16,180 [INFO] Truck: Time:<41.43111111111111> Truck:[CLTruck19] Finish loading at shovel NorthPitMine-LoadSite2-Shovel-4
2025-09-11 20:19:16,180 [INFO] Truck: Time:<41.43111111111111> Truck:[CLTruck23] Finish loading at shovel NorthPitMine-LoadSite2-Shovel-5
2025-09-11 20:19:16,180 [DEBUG] Truck: Time:<41.43111111111111> Truck:[CLTruck14] Start moving to ORDER(4): NorthPitMine-DumpSite5, move distance is 4.772143712189488, speed: 25
2025-09-11 20:19:16,180 [INFO] Truck: Time:<32> Truck:[CLTruck14] breakdown for 17.90635729396621 minutes at 32
2025-09-11 20:19:16,181 [DEBUG] Truck: Time:<41.43111111111111> Truck:[CLTruck16] Start moving to ORDER(4): NorthPitMine-DumpSite5, move distance is 3.9433729978560934, speed: 25
2025-09-11 20:19:16,181 [INFO] Truck: Time:<38> Truck:[CLTruck16] breakdown for 6.95493086278992 minutes at 38
2025-09-11 20:19:16,181 [DEBUG] Truck: Time:<41.43111111111111> Truck:[CLTruck19] Start moving to ORDER(4): NorthPitMine-DumpSite5, move distance is 4.7236825175978625, speed: 25
2025-09-11 20:19:16,181 [INFO] Truck: Time:<41> Truck:[CLTruck19] breakdown for 11.823921936653532 minutes at 41
2025-09-11 20:19:16,181 [DEBUG] Truck: Time:<41.43111111111111> Truck:[CLTruck23] Start moving to ORDER(4): NorthPitMine-DumpSite5, move distance is 4.441358858867616, speed: 25
2025-09-11 20:19:16,181 [INFO] Truck: Time:<40> Truck:[CLTruck23] breakdown for 13.941838463186633 minutes at 40
2025-09-11 20:19:16,181 [INFO] Truck: Time:<41.43111111111111> Truck:[XHTruck7] Start loading at shovel NorthPitMine-LoadSite2-Shovel-2, load time is 24.444444444444443
2025-09-11 20:19:16,181 [INFO] Truck: Time:<41.43111111111111> Truck:[XHTruck11] Start loading at shovel NorthPitMine-LoadSite2-Shovel-3, load time is 24.444444444444443
2025-09-11 20:19:16,181 [INFO] Truck: Time:<41.43111111111111> Truck:[XHTruck16] Start loading at shovel NorthPitMine-LoadSite2-Shovel-4, load time is 24.444444444444443
2025-09-11 20:19:16,181 [INFO] Truck: Time:<41.43111111111111> Truck:[XHTruck21] Start loading at shovel NorthPitMine-LoadSite2-Shovel-5, load time is 24.444444444444443
2025-09-11 20:19:16,181 [INFO] Truck: Time:<41.443617188874185> Truck:[CLTruck3] Finish loading at shovel NorthPitMine-LoadSite3-Shovel-1
2025-09-11 20:19:16,181 [DEBUG] Truck: Time:<41.443617188874185> Truck:[CLTruck3] Start moving to ORDER(4): NorthPitMine-DumpSite5, move distance is 3.0356311088440733, speed: 25
2025-09-11 20:19:16,181 [INFO] Truck: Time:<32> Truck:[CLTruck3] breakdown for 6.714875721583889 minutes at 32
2025-09-11 20:19:16,181 [INFO] Truck: Time:<41.443617188874185> Truck:[CLTruck4] Start loading at shovel NorthPitMine-LoadSite3-Shovel-1, load time is 2.5836614173228347
2025-09-11 20:19:16,181 [INFO] Truck: Time:<41.75822222222222> Truck:[OfficalTruck8] Finish loading at shovel NorthPitMine-LoadSite3-Shovel-2
2025-09-11 20:19:16,181 [INFO] Truck: Time:<41.75822222222222> Truck:[OfficalTruck9] Finish loading at shovel NorthPitMine-LoadSite3-Shovel-3
2025-09-11 20:19:16,181 [DEBUG] Truck: Time:<41.75822222222222> Truck:[OfficalTruck8] Start moving to ORDER(4): NorthPitMine-DumpSite5, move distance is 2.6229358163987038, speed: 25
2025-09-11 20:19:16,181 [INFO] Truck: Time:<41.75822222222222> Truck:[OfficalTruck8] is facing 5.6614140074691 mins delay caused by 3 pre-existing jam events on Road from NorthPitMine-LoadSite3 to NorthPitMine-DumpSite5
2025-09-11 20:19:16,186 [DEBUG] Truck: Time:<41.75822222222222> Truck:[OfficalTruck9] Start moving to ORDER(4): NorthPitMine-DumpSite5, move distance is 2.640956449089708, speed: 25
2025-09-11 20:19:16,186 [INFO] Truck: Time:<40> Truck:[OfficalTruck9] breakdown for 15.76920274223555 minutes at 40
2025-09-11 20:19:16,186 [INFO] Truck: Time:<41.75822222222222> Truck:[CLTruck21] Start loading at shovel NorthPitMine-LoadSite3-Shovel-2, load time is 15.555555555555555
2025-09-11 20:19:16,186 [INFO] Truck: Time:<41.75822222222222> Truck:[CLTruck26] Start loading at shovel NorthPitMine-LoadSite3-Shovel-3, load time is 15.555555555555555
2025-09-11 20:19:16,186 [INFO] Truck: Time:<41.83646223655078> Truck:[CLTruck9] Finish unloading at dumper NorthPitMine-DumpSite5-点位1, dumper tons is 140.93021777953157
2025-09-11 20:19:16,187 [DEBUG] Truck: Time:<41.83646223655078> Truck:[CLTruck9] Start moving to ORDER(3):NorthPitMine-LoadSite4, move distance is 7.490287852287182, speed: 25
2025-09-11 20:19:16,187 [INFO] Truck: Time:<41.83646223655078> Truck:[CLTruck9] is facing 3.031158416609436 mins delay caused by 3 pre-existing jam events on Road from NorthPitMine-DumpSite5 to NorthPitMine-LoadSite4
2025-09-11 20:19:16,189 [INFO] Truck: Time:<42.76603352591002> Truck:[XHTruck1] is facing 0 mins delay caused by 2 pre-existing jam events on Road from NorthPitMine-LoadSite5 to NorthPitMine-DumpSite1
2025-09-11 20:19:16,190 [INFO] Truck: Time:<42.83344089965841> Truck:[CLTruck27] is facing 2.0403472519960766 mins delay caused by 2 pre-existing jam events on Road from NorthPitMine-DumpSite5 to NorthPitMine-LoadSite4
2025-09-11 20:19:16,192 [INFO] Truck: Time:<43.31077256225868> Truck:[XHTruck14] is facing 0 mins delay caused by 1 pre-existing jam events on Road from LoadSite1 to NorthPitMine-DumpSite5
2025-09-11 20:19:16,192 [INFO] Truck: Time:<43.49964566929134> Truck:[XHTruck24] Finish loading at shovel NorthPitMine-LoadSite5-Shovel-1
2025-09-11 20:19:16,192 [DEBUG] Truck: Time:<43.49964566929134> Truck:[XHTruck24] Start moving to ORDER(0): NorthPitMine-DumpSite1, move distance is 6.660446330372286, speed: 25
2025-09-11 20:19:16,192 [INFO] Truck: Time:<24> Truck:[XHTruck24] breakdown for 4.546025183730272 minutes at 24
2025-09-11 20:19:16,193 [INFO] Truck: Time:<43.49964566929134> Truck:[XHTruck32] Start loading at shovel NorthPitMine-LoadSite5-Shovel-1, load time is 4.060039370078741
2025-09-11 20:19:16,193 [INFO] Truck: Time:<43.7526950749201> Truck:[CLTruck13] Arrived at NorthPitMine-LoadSite4 at 43.7526950749201
2025-09-11 20:19:16,193 [INFO] Truck: Time:<43.7526950749201> Truck:[CLTruck13] Start loading at shovel NorthPitMine-LoadSite4-Shovel-1, load time is 2.5836614173228347
2025-09-11 20:19:16,193 [INFO] Truck: Time:<43.864715101796605> Truck:[XHTruck10] is facing 0 mins delay caused by 2 pre-existing jam events on Road from NorthPitMine-LoadSite5 to NorthPitMine-DumpSite1
2025-09-11 20:19:16,193 [DEBUG] Truck: Time:<43.957056034819374> Truck:[CLTruck29] Arrived at NorthPitMine-DumpSite5 at 43.957056034819374
2025-09-11 20:19:16,194 [INFO] Truck: Time:<44.02727860619702> Truck:[CLTruck4] Finish loading at shovel NorthPitMine-LoadSite3-Shovel-1
2025-09-11 20:19:16,194 [DEBUG] Truck: Time:<44.02727860619702> Truck:[CLTruck4] Start moving to ORDER(4): NorthPitMine-DumpSite5, move distance is 2.615980309079848, speed: 25
2025-09-11 20:19:16,196 [INFO] Truck: Time:<38> Truck:[CLTruck4] breakdown for 4.867378549830757 minutes at 38
2025-09-11 20:19:16,196 [INFO] Truck: Time:<44.02727860619702> Truck:[OfficalTruck2] Start loading at shovel NorthPitMine-LoadSite3-Shovel-1, load time is 5.684055118110236
2025-09-11 20:19:16,196 [DEBUG] Truck: Time:<44.24569573296798> Truck:[OfficalTruck1] Arrived at NorthPitMine-DumpSite1 at 44.24569573296798
2025-09-11 20:19:16,196 [INFO] Truck: Time:<44.51376451079008> Truck:[XHTruck23] is facing 0 mins delay caused by 1 pre-existing jam events on Road from LoadSite1 to NorthPitMine-DumpSite5
2025-09-11 20:19:16,196 [INFO] Truck: Time:<44.5176500655308> Truck:[XHTruck6] is facing 0 mins delay caused by 2 pre-existing jam events on Road from NorthPitMine-LoadSite5 to NorthPitMine-DumpSite1
2025-09-11 20:19:16,196 [INFO] Truck: Time:<44.8126168988113> Truck:[CLTruck2] is facing 2.423471812165465 mins delay caused by 1 pre-existing jam events on Road from NorthPitMine-LoadSite3 to NorthPitMine-DumpSite5
2025-09-11 20:19:16,196 [INFO] Truck: Time:<44.957056034819374> Truck:[CLTruck29] Finish unloading at dumper NorthPitMine-DumpSite5-点位0, dumper tons is 511.00414710221014
2025-09-11 20:19:16,197 [DEBUG] Truck: Time:<44.957056034819374> Truck:[CLTruck29] Start moving to ORDER(3):NorthPitMine-LoadSite4, move distance is 7.406972667709216, speed: 25
2025-09-11 20:19:16,197 [INFO] Truck: Time:<44.957056034819374> Truck:[CLTruck29] is facing 0 mins delay caused by 3 pre-existing jam events on Road from NorthPitMine-DumpSite5 to NorthPitMine-LoadSite4
2025-09-11 20:19:16,198 [INFO] Truck: Time:<44.97602362204725> Truck:[XHTruck28] Finish loading at shovel NorthPitMine-LoadSite5-Shovel-2
2025-09-11 20:19:16,198 [DEBUG] Truck: Time:<44.97602362204725> Truck:[XHTruck28] Start moving to ORDER(0): NorthPitMine-DumpSite1, move distance is 7.966491669954112, speed: 25
2025-09-11 20:19:16,198 [INFO] Truck: Time:<10> Truck:[XHTruck28] breakdown for 5.674542627459223 minutes at 10
2025-09-11 20:19:16,200 [INFO] Truck: Time:<45.24569573296798> Truck:[OfficalTruck1] Finish unloading at dumper NorthPitMine-DumpSite1-点位0, dumper tons is 313.5430401778833
2025-09-11 20:19:16,201 [DEBUG] Truck: Time:<45.24569573296798> Truck:[OfficalTruck1] Start moving to ORDER(3):NorthPitMine-LoadSite4, move distance is 4.8955943353823175, speed: 25
2025-09-11 20:19:16,201 [INFO] Truck: Time:<44> Truck:[OfficalTruck1] breakdown for 2.635410725551652 minutes at 44
2025-09-11 20:19:16,203 [INFO] Truck: Time:<46.336356492242935> Truck:[CLTruck13] Finish loading at shovel NorthPitMine-LoadSite4-Shovel-1
2025-09-11 20:19:16,203 [DEBUG] Truck: Time:<46.336356492242935> Truck:[CLTruck13] Start moving to ORDER(1): NorthPitMine-DumpSite2, move distance is 1.5711390187031309, speed: 25
2025-09-11 20:19:16,204 [INFO] Truck: Time:<40> Truck:[CLTruck13] breakdown for 8.055284696083454 minutes at 40
2025-09-11 20:19:16,204 [INFO] Truck: Time:<46.34802680762106> Truck:[XHTruck25] is facing 0 mins delay caused by 2 pre-existing jam events on Road from NorthPitMine-DumpSite5 to NorthPitMine-LoadSite4
2025-09-11 20:19:16,207 [INFO] Truck: Time:<47.199999999999996> Truck:[XHTruck33] Finish loading at shovel LoadSite1-Shovel-1
2025-09-11 20:19:16,208 [DEBUG] Truck: Time:<47.199999999999996> Truck:[XHTruck33] Start moving to ORDER(4): NorthPitMine-DumpSite5, move distance is 4.867209534540466, speed: 25
2025-09-11 20:19:16,208 [INFO] Truck: Time:<44> Truck:[XHTruck33] breakdown for 2.318095541487402 minutes at 44
2025-09-11 20:19:16,209 [INFO] Truck: Time:<47.24413253704509> Truck:[XHTruck20] is facing 0 mins delay caused by 2 pre-existing jam events on Road from NorthPitMine-LoadSite5 to NorthPitMine-DumpSite1
2025-09-11 20:19:16,209 [DEBUG] Truck: Time:<47.46243630579819> Truck:[CLTruck12] Arrived at NorthPitMine-DumpSite5 at 47.46243630579819
2025-09-11 20:19:16,209 [INFO] Truck: Time:<47.49869888747417> Truck:[CLTruck10] is facing 1.9108136038733434 mins delay caused by 2 pre-existing jam events on Road from NorthPitMine-DumpSite5 to NorthPitMine-LoadSite4
2025-09-11 20:19:16,209 [INFO] Truck: Time:<47.55968503937008> Truck:[XHTruck32] Finish loading at shovel NorthPitMine-LoadSite5-Shovel-1
2025-09-11 20:19:16,209 [DEBUG] Truck: Time:<47.55968503937008> Truck:[XHTruck32] Start moving to ORDER(0): NorthPitMine-DumpSite1, move distance is 7.635575693719791, speed: 25
2025-09-11 20:19:16,209 [INFO] Truck: Time:<28> Truck:[XHTruck32] breakdown for 11.120830449048366 minutes at 28
2025-09-11 20:19:16,210 [INFO] Truck: Time:<47.75142249168707> Truck:[XHTruck13] is facing 0 mins delay caused by 2 pre-existing jam events on Road from NorthPitMine-LoadSite5 to NorthPitMine-DumpSite1
2025-09-11 20:19:16,214 [INFO] Truck: Time:<48.04567085302161> Truck:[XHTruck24] is facing 4.031054886131894 mins delay caused by 3 pre-existing jam events on Road from NorthPitMine-LoadSite5 to NorthPitMine-DumpSite1
2025-09-11 20:19:16,214 [INFO] Truck: Time:<48.15849291045807> Truck:[CLTruck3] is facing 0 mins delay caused by 1 pre-existing jam events on Road from NorthPitMine-LoadSite3 to NorthPitMine-DumpSite5
2025-09-11 20:19:16,214 [INFO] Truck: Time:<48.38604197390103> Truck:[CLTruck16] is facing 2.1527509258445985 mins delay caused by 1 pre-existing jam events on Road from NorthPitMine-LoadSite2 to NorthPitMine-DumpSite5
2025-09-11 20:19:16,214 [DEBUG] Truck: Time:<48.42561694525719> Truck:[XHTruck2] Arrived at NorthPitMine-DumpSite1 at 48.42561694525719
2025-09-11 20:19:16,214 [INFO] Truck: Time:<48.46243630579819> Truck:[CLTruck12] Finish unloading at dumper NorthPitMine-DumpSite5-点位0, dumper tons is 544.011984661643
2025-09-11 20:19:16,215 [DEBUG] Truck: Time:<48.46243630579819> Truck:[CLTruck12] Start moving to ORDER(3):NorthPitMine-LoadSite4, move distance is 7.2903206123620565, speed: 25
2025-09-11 20:19:16,215 [INFO] Truck: Time:<48.46243630579819> Truck:[CLTruck12] is facing 0.9327043713335295 mins delay caused by 3 pre-existing jam events on Road from NorthPitMine-DumpSite5 to NorthPitMine-LoadSite4
2025-09-11 20:19:16,216 [INFO] Truck: Time:<48.79706258094541> Truck:[XHTruck26] Arrived at NorthPitMine-LoadSite5 at 48.79706258094541
2025-09-11 20:19:16,216 [INFO] Truck: Time:<48.79706258094541> Truck:[XHTruck26] Start loading at shovel NorthPitMine-LoadSite5-Shovel-1, load time is 4.060039370078741
2025-09-11 20:19:16,216 [INFO] Truck: Time:<48.894657156027776> Truck:[CLTruck4] is facing 0 mins delay caused by 1 pre-existing jam events on Road from NorthPitMine-LoadSite3 to NorthPitMine-DumpSite5
2025-09-11 20:19:16,218 [DEBUG] Truck: Time:<49.23269141489294> Truck:[CLTruck25] Arrived at NorthPitMine-DumpSite1 at 49.23269141489294
2025-09-11 20:19:16,218 [INFO] Truck: Time:<49.42561694525719> Truck:[XHTruck2] Finish unloading at dumper NorthPitMine-DumpSite1-点位0, dumper tons is 371.4961001107258
2025-09-11 20:19:16,219 [DEBUG] Truck: Time:<49.42561694525719> Truck:[XHTruck2] Start moving to ORDER(2):NorthPitMine-LoadSite3, move distance is 3.887574096109975, speed: 25
2025-09-11 20:19:16,219 [INFO] Truck: Time:<44> Truck:[XHTruck2] breakdown for 8.496905304082116 minutes at 44
2025-09-11 20:19:16,219 [INFO] Truck: Time:<49.5180955414874> Truck:[XHTruck33] is facing 0 mins delay caused by 1 pre-existing jam events on Road from LoadSite1 to NorthPitMine-DumpSite5
2025-09-11 20:19:16,219 [INFO] Truck: Time:<49.57044812454522> Truck:[CLTruck8] Arrived at NorthPitMine-LoadSite4 at 49.57044812454522
2025-09-11 20:19:16,220 [INFO] Truck: Time:<49.57044812454522> Truck:[CLTruck8] Start loading at shovel NorthPitMine-LoadSite4-Shovel-1, load time is 2.5836614173228347
2025-09-11 20:19:16,220 [INFO] Truck: Time:<49.71133372430726> Truck:[OfficalTruck2] Finish loading at shovel NorthPitMine-LoadSite3-Shovel-1
2025-09-11 20:19:16,220 [DEBUG] Truck: Time:<49.71133372430726> Truck:[OfficalTruck2] Start moving to ORDER(4): NorthPitMine-DumpSite5, move distance is 2.441268323680142, speed: 25
2025-09-11 20:19:16,221 [INFO] Truck: Time:<25> Truck:[OfficalTruck2] breakdown for 12.629321573575623 minutes at 25
2025-09-11 20:19:16,221 [INFO] Truck: Time:<49.71133372430726> Truck:[CLTruck5] Start loading at shovel NorthPitMine-LoadSite3-Shovel-1, load time is 2.5836614173228347
2025-09-11 20:19:16,222 [DEBUG] Truck: Time:<50.02137986683934> Truck:[CLTruck7] Arrived at NorthPitMine-DumpSite2 at 50.02137986683934
2025-09-11 20:19:16,222 [INFO] Truck: Time:<50.23269141489294> Truck:[CLTruck25] Finish unloading at dumper NorthPitMine-DumpSite1-点位1, dumper tons is 199.96074857018408
2025-09-11 20:19:16,223 [DEBUG] Truck: Time:<50.23269141489294> Truck:[CLTruck25] Start moving to ORDER(2):NorthPitMine-LoadSite3, move distance is 4.26607955650885, speed: 25
2025-09-11 20:19:16,223 [INFO] Truck: Time:<36> Truck:[CLTruck25] breakdown for 13.050419205595627 minutes at 36
2025-09-11 20:19:16,223 [DEBUG] Truck: Time:<50.43849851647845> Truck:[CLTruck18] Arrived at NorthPitMine-DumpSite1 at 50.43849851647845
2025-09-11 20:19:16,223 [INFO] Truck: Time:<50.650566249506475> Truck:[XHTruck28] is facing 0 mins delay caused by 2 pre-existing jam events on Road from NorthPitMine-LoadSite5 to NorthPitMine-DumpSite1
2025-09-11 20:19:16,223 [DEBUG] Truck: Time:<50.859300112543366> Truck:[CLTruck20] Arrived at NorthPitMine-DumpSite2 at 50.859300112543366
2025-09-11 20:19:16,224 [INFO] Truck: Time:<51.02137986683934> Truck:[CLTruck7] Finish unloading at dumper NorthPitMine-DumpSite2-点位0, dumper tons is 286.92272367033246
2025-09-11 20:19:16,224 [DEBUG] Truck: Time:<51.02137986683934> Truck:[CLTruck7] Start moving to ORDER(2):NorthPitMine-LoadSite3, move distance is 3.41, speed: 25
2025-09-11 20:19:16,224 [INFO] Truck: Time:<51.43849851647845> Truck:[CLTruck18] Finish unloading at dumper NorthPitMine-DumpSite1-点位0, dumper tons is 409.20661399752436
2025-09-11 20:19:16,224 [DEBUG] Truck: Time:<51.43849851647845> Truck:[CLTruck18] Start moving to ORDER(2):NorthPitMine-LoadSite3, move distance is 4.413762696212343, speed: 25
2025-09-11 20:19:16,224 [INFO] Truck: Time:<50> Truck:[CLTruck18] breakdown for 9.399081476104257 minutes at 50
2025-09-11 20:19:16,224 [INFO] Truck: Time:<51.859300112543366> Truck:[CLTruck20] Finish unloading at dumper NorthPitMine-DumpSite2-点位1, dumper tons is 70.42887140590742
2025-09-11 20:19:16,224 [DEBUG] Truck: Time:<51.859300112543366> Truck:[CLTruck20] Start moving to ORDER(2):NorthPitMine-LoadSite3, move distance is 3.41, speed: 25
2025-09-11 20:19:16,224 [INFO] Truck: Time:<51.89759698491096> Truck:[CLTruck6] Arrived at NorthPitMine-LoadSite4 at 51.89759698491096
2025-09-11 20:19:16,231 [INFO] Truck: Time:<52.02303740831538> Truck:[XHTruck18] is facing 0 mins delay caused by 2 pre-existing jam events on Road from NorthPitMine-LoadSite5 to NorthPitMine-DumpSite1
2025-09-11 20:19:16,232 [INFO] Truck: Time:<52.15410954186806> Truck:[CLTruck8] Finish loading at shovel NorthPitMine-LoadSite4-Shovel-1
2025-09-11 20:19:16,232 [DEBUG] Truck: Time:<52.15410954186806> Truck:[CLTruck8] Start moving to ORDER(1): NorthPitMine-DumpSite2, move distance is 1.6211217850982476, speed: 25
2025-09-11 20:19:16,232 [INFO] Truck: Time:<52.15410954186806> Truck:[CLTruck6] Start loading at shovel NorthPitMine-LoadSite4-Shovel-1, load time is 2.5836614173228347
2025-09-11 20:19:16,233 [INFO] Truck: Time:<52.294995141630096> Truck:[CLTruck5] Finish loading at shovel NorthPitMine-LoadSite3-Shovel-1
2025-09-11 20:19:16,233 [DEBUG] Truck: Time:<52.294995141630096> Truck:[CLTruck5] Start moving to ORDER(4): NorthPitMine-DumpSite5, move distance is 2.5839436198249786, speed: 25
2025-09-11 20:19:16,233 [INFO] Truck: Time:<35> Truck:[CLTruck5] breakdown for 12.793012128988172 minutes at 35
2025-09-11 20:19:16,234 [INFO] Truck: Time:<52.294995141630096> Truck:[OfficalTruck3] Start loading at shovel NorthPitMine-LoadSite3-Shovel-1, load time is 5.684055118110236
2025-09-11 20:19:16,234 [INFO] Truck: Time:<52.32943774265543> Truck:[XHTruck5] Arrived at NorthPitMine-LoadSite4 at 52.32943774265543
2025-09-11 20:19:16,234 [DEBUG] Truck: Time:<52.65739539837336> Truck:[CLTruck17] Arrived at NorthPitMine-DumpSite2 at 52.65739539837336
2025-09-11 20:19:16,234 [INFO] Truck: Time:<52.85710195102415> Truck:[XHTruck26] Finish loading at shovel NorthPitMine-LoadSite5-Shovel-1
2025-09-11 20:19:16,234 [DEBUG] Truck: Time:<52.85710195102415> Truck:[XHTruck26] Start moving to ORDER(0): NorthPitMine-DumpSite1, move distance is 6.893138901507627, speed: 25
2025-09-11 20:19:16,234 [INFO] Truck: Time:<51> Truck:[XHTruck26] breakdown for 10.696052913559285 minutes at 51
2025-09-11 20:19:16,236 [DEBUG] Truck: Time:<53.11710038914169> Truck:[OfficalTruck7] Arrived at NorthPitMine-DumpSite2 at 53.11710038914169
2025-09-11 20:19:16,236 [INFO] Truck: Time:<53.25503304776464> Truck:[CLTruck19] is facing 0 mins delay caused by 1 pre-existing jam events on Road from NorthPitMine-LoadSite2 to NorthPitMine-DumpSite5
2025-09-11 20:19:16,236 [DEBUG] Truck: Time:<53.481070715443494> Truck:[CLTruck11] Arrived at NorthPitMine-DumpSite5 at 53.481070715443494
2025-09-11 20:19:16,236 [INFO] Truck: Time:<53.65739539837336> Truck:[CLTruck17] Finish unloading at dumper NorthPitMine-DumpSite2-点位0, dumper tons is 323.22059911651786
2025-09-11 20:19:16,236 [DEBUG] Truck: Time:<53.65739539837336> Truck:[CLTruck17] Start moving to ORDER(2):NorthPitMine-LoadSite3, move distance is 3.41, speed: 25
2025-09-11 20:19:16,236 [DEBUG] Truck: Time:<53.71468218904821> Truck:[OfficalTruck8] Arrived at NorthPitMine-DumpSite5 at 53.71468218904821
2025-09-11 20:19:16,236 [DEBUG] Truck: Time:<53.74262713999437> Truck:[CLTruck2] Arrived at NorthPitMine-DumpSite5 at 53.74262713999437
2025-09-11 20:19:16,236 [INFO] Truck: Time:<54.11710038914169> Truck:[OfficalTruck7] Finish unloading at dumper NorthPitMine-DumpSite2-点位1, dumper tons is 140.55473498092624
2025-09-11 20:19:16,241 [DEBUG] Truck: Time:<54.11710038914169> Truck:[OfficalTruck7] Start moving to ORDER(4):NorthPitMine-LoadSite5, move distance is 5.59, speed: 25
2025-09-11 20:19:16,241 [INFO] Truck: Time:<54.481070715443494> Truck:[CLTruck11] Finish unloading at dumper NorthPitMine-DumpSite5-点位0, dumper tons is 581.1557614411461
2025-09-11 20:19:16,241 [DEBUG] Truck: Time:<54.481070715443494> Truck:[CLTruck11] Start moving to ORDER(3):NorthPitMine-LoadSite4, move distance is 6.505887300432773, speed: 25
2025-09-11 20:19:16,241 [INFO] Truck: Time:<54.481070715443494> Truck:[CLTruck11] is facing 0 mins delay caused by 2 pre-existing jam events on Road from NorthPitMine-DumpSite5 to NorthPitMine-LoadSite4
2025-09-11 20:19:16,241 [INFO] Truck: Time:<54.71468218904821> Truck:[OfficalTruck8] Finish unloading at dumper NorthPitMine-DumpSite5-点位1, dumper tons is 219.33138509871964
2025-09-11 20:19:16,242 [DEBUG] Truck: Time:<54.71468218904821> Truck:[OfficalTruck8] Start moving to ORDER(3):NorthPitMine-LoadSite4, move distance is 7.264940022614696, speed: 25
2025-09-11 20:19:16,242 [INFO] Truck: Time:<54.71468218904821> Truck:[OfficalTruck8] is facing 0 mins delay caused by 2 pre-existing jam events on Road from NorthPitMine-DumpSite5 to NorthPitMine-LoadSite4
2025-09-11 20:19:16,242 [INFO] Truck: Time:<54.7377709591909> Truck:[CLTruck6] Finish loading at shovel NorthPitMine-LoadSite4-Shovel-1
2025-09-11 20:19:16,243 [DEBUG] Truck: Time:<54.7377709591909> Truck:[CLTruck6] Start moving to ORDER(1): NorthPitMine-DumpSite2, move distance is 1.7430047806684352, speed: 25
2025-09-11 20:19:16,243 [INFO] Truck: Time:<50> Truck:[CLTruck6] breakdown for 10.581360977072103 minutes at 50
2025-09-11 20:19:16,243 [INFO] Truck: Time:<54.7377709591909> Truck:[XHTruck5] Start loading at shovel NorthPitMine-LoadSite4-Shovel-1, load time is 4.060039370078741
2025-09-11 20:19:16,244 [INFO] Truck: Time:<54.74262713999437> Truck:[CLTruck2] Finish unloading at dumper NorthPitMine-DumpSite5-点位2, dumper tons is 36.27469178193319
2025-09-11 20:19:16,244 [DEBUG] Truck: Time:<54.74262713999437> Truck:[CLTruck2] Start moving to ORDER(3):NorthPitMine-LoadSite4, move distance is 7.469507998712167, speed: 25
2025-09-11 20:19:16,244 [INFO] Truck: Time:<45> Truck:[CLTruck2] breakdown for 10.630665763636223 minutes at 45
2025-09-11 20:19:16,245 [DEBUG] Truck: Time:<54.77876809167131> Truck:[CLTruck24] Arrived at NorthPitMine-DumpSite2 at 54.77876809167131
2025-09-11 20:19:16,245 [DEBUG] Truck: Time:<54.82559906531345> Truck:[XHTruck14] Arrived at NorthPitMine-DumpSite5 at 54.82559906531345
2025-09-11 20:19:16,245 [DEBUG] Truck: Time:<55.17300989781941> Truck:[CLTruck4] Arrived at NorthPitMine-DumpSite5 at 55.17300989781941
2025-09-11 20:19:16,245 [INFO] Truck: Time:<55.27694227087506> Truck:[OfficalTruck6] is facing 0 mins delay caused by 1 pre-existing jam events on Road from NorthPitMine-DumpSite1 to NorthPitMine-LoadSite4
2025-09-11 20:19:16,245 [INFO] Truck: Time:<55.37294957429774> Truck:[CLTruck23] is facing 0 mins delay caused by 1 pre-existing jam events on Road from NorthPitMine-LoadSite2 to NorthPitMine-DumpSite5
2025-09-11 20:19:16,247 [DEBUG] Truck: Time:<55.44400757168385> Truck:[CLTruck3] Arrived at NorthPitMine-DumpSite5 at 55.44400757168385
2025-09-11 20:19:16,247 [INFO] Truck: Time:<55.52941693451065> Truck:[CLTruck28] Arrived at NorthPitMine-LoadSite4 at 55.52941693451065
2025-09-11 20:19:16,247 [DEBUG] Truck: Time:<55.699612749644814> Truck:[XHTruck4] Arrived at NorthPitMine-DumpSite5 at 55.699612749644814
2025-09-11 20:19:16,247 [INFO] Truck: Time:<55.77876809167131> Truck:[CLTruck24] Finish unloading at dumper NorthPitMine-DumpSite2-点位0, dumper tons is 361.3499467838285
2025-09-11 20:19:16,247 [INFO] Road: [RoadEvent] Road from NorthPitMine-DumpSite2 to NorthPitMine-LoadSite3 is in repair，the repair will last for 38.15 mins, and will end at 93.93, vehicle on this road will have to suffer punish_distance.
2025-09-11 20:19:16,247 [DEBUG] Truck: Time:<55.77876809167131> Truck:[CLTruck24] Start moving to ORDER(2):NorthPitMine-LoadSite3, move distance is 4.757237741535365, speed: 25
2025-09-11 20:19:16,249 [DEBUG] Truck: Time:<55.8141275874516> Truck:[XHTruck23] Arrived at NorthPitMine-DumpSite5 at 55.8141275874516
2025-09-11 20:19:16,249 [INFO] Truck: Time:<55.82559906531345> Truck:[XHTruck14] Finish unloading at dumper NorthPitMine-DumpSite5-点位0, dumper tons is 640.4828701584846
2025-09-11 20:19:16,249 [DEBUG] Truck: Time:<55.82559906531345> Truck:[XHTruck14] Start moving to ORDER(3):NorthPitMine-LoadSite4, move distance is 6.841115569676931, speed: 25
2025-09-11 20:19:16,249 [INFO] Truck: Time:<49> Truck:[XHTruck14] breakdown for 8.31772647500785 minutes at 49
2025-09-11 20:19:16,252 [DEBUG] Truck: Time:<56.04480182610386> Truck:[CLTruck8] Arrived at NorthPitMine-DumpSite2 at 56.04480182610386
2025-09-11 20:19:16,252 [INFO] Truck: Time:<56.17300989781941> Truck:[CLTruck4] Finish unloading at dumper NorthPitMine-DumpSite5-点位1, dumper tons is 251.9885964912921
2025-09-11 20:19:16,252 [DEBUG] Truck: Time:<56.17300989781941> Truck:[CLTruck4] Start moving to ORDER(3):NorthPitMine-LoadSite4, move distance is 6.997202295621093, speed: 25
2025-09-11 20:19:16,253 [INFO] Truck: Time:<56.17300989781941> Truck:[CLTruck4] is facing 0 mins delay caused by 2 pre-existing jam events on Road from NorthPitMine-DumpSite5 to NorthPitMine-LoadSite4
2025-09-11 20:19:16,253 [INFO] Truck: Time:<56.18301359994156> Truck:[XHTruck19] Arrived at NorthPitMine-LoadSite4 at 56.18301359994156
2025-09-11 20:19:16,253 [INFO] Truck: Time:<56.44400757168385> Truck:[CLTruck3] Finish unloading at dumper NorthPitMine-DumpSite5-点位2, dumper tons is 67.84170917848336
2025-09-11 20:19:16,254 [DEBUG] Truck: Time:<56.44400757168385> Truck:[CLTruck3] Start moving to ORDER(3):NorthPitMine-LoadSite4, move distance is 7.693546778876158, speed: 25
2025-09-11 20:19:16,254 [INFO] Truck: Time:<56.44400757168385> Truck:[CLTruck3] is facing 0 mins delay caused by 2 pre-existing jam events on Road from NorthPitMine-DumpSite5 to NorthPitMine-LoadSite4
2025-09-11 20:19:16,254 [INFO] Truck: Time:<56.699612749644814> Truck:[XHTruck4] Finish unloading at dumper NorthPitMine-DumpSite5-点位3, dumper tons is 52.83430458328453
2025-09-11 20:19:16,254 [DEBUG] Truck: Time:<56.699612749644814> Truck:[XHTruck4] Start moving to ORDER(3):NorthPitMine-LoadSite4, move distance is 7.765369524022671, speed: 25
2025-09-11 20:19:16,254 [INFO] Truck: Time:<45> Truck:[XHTruck4] breakdown for 10.79170525797854 minutes at 45
2025-09-11 20:19:16,254 [INFO] Truck: Time:<56.8141275874516> Truck:[XHTruck23] Finish unloading at dumper NorthPitMine-DumpSite5-点位4, dumper tons is 53.61462380070623
2025-09-11 20:19:16,255 [DEBUG] Truck: Time:<56.8141275874516> Truck:[XHTruck23] Start moving to ORDER(3):NorthPitMine-LoadSite4, move distance is 6.439270234332471, speed: 25
2025-09-11 20:19:16,255 [INFO] Truck: Time:<51> Truck:[XHTruck23] breakdown for 11.24958190288721 minutes at 51
2025-09-11 20:19:16,258 [INFO] Truck: Time:<57.04480182610386> Truck:[CLTruck8] Finish unloading at dumper NorthPitMine-DumpSite2-点位0, dumper tons is 393.20972494635157
2025-09-11 20:19:16,260 [DEBUG] Truck: Time:<57.04480182610386> Truck:[CLTruck8] Start moving to ORDER(2):NorthPitMine-LoadSite3, move distance is 4.447616382166215, speed: 25
2025-09-11 20:19:16,260 [INFO] Truck: Time:<54> Truck:[CLTruck8] breakdown for 12.47981064441139 minutes at 54
2025-09-11 20:19:16,260 [INFO] Truck: Time:<57.31377777777778> Truck:[CLTruck21] Finish loading at shovel NorthPitMine-LoadSite3-Shovel-2
2025-09-11 20:19:16,261 [INFO] Truck: Time:<57.31377777777778> Truck:[CLTruck26] Finish loading at shovel NorthPitMine-LoadSite3-Shovel-3
2025-09-11 20:19:16,261 [DEBUG] Truck: Time:<57.31377777777778> Truck:[CLTruck21] Start moving to ORDER(4): NorthPitMine-DumpSite5, move distance is 2.470405145826203, speed: 25
2025-09-11 20:19:16,262 [INFO] Truck: Time:<46> Truck:[CLTruck21] breakdown for 6.331177828202991 minutes at 46
2025-09-11 20:19:16,262 [DEBUG] Truck: Time:<57.31377777777778> Truck:[CLTruck26] Start moving to ORDER(4): NorthPitMine-DumpSite5, move distance is 2.694976302724543, speed: 25
2025-09-11 20:19:16,262 [INFO] Truck: Time:<53> Truck:[CLTruck26] breakdown for 3.4453895639043974 minutes at 53
2025-09-11 20:19:16,263 [INFO] Truck: Time:<57.31377777777778> Truck:[XHTruck9] Start loading at shovel NorthPitMine-LoadSite3-Shovel-2, load time is 24.444444444444443
2025-09-11 20:19:16,263 [INFO] Truck: Time:<57.31377777777778> Truck:[XHTruck15] Start loading at shovel NorthPitMine-LoadSite3-Shovel-3, load time is 24.444444444444443
2025-09-11 20:19:16,263 [INFO] Truck: Time:<57.9463788683449> Truck:[OfficalTruck5] Arrived at NorthPitMine-LoadSite4 at 57.9463788683449
2025-09-11 20:19:16,263 [INFO] Truck: Time:<57.97905025974033> Truck:[OfficalTruck3] Finish loading at shovel NorthPitMine-LoadSite3-Shovel-1
2025-09-11 20:19:16,263 [DEBUG] Truck: Time:<57.97905025974033> Truck:[OfficalTruck3] Start moving to ORDER(4): NorthPitMine-DumpSite5, move distance is 2.7298814984708035, speed: 25
2025-09-11 20:19:16,263 [INFO] Truck: Time:<50> Truck:[OfficalTruck3] breakdown for 10.720942802497222 minutes at 50
2025-09-11 20:19:16,266 [DEBUG] Truck: Time:<58.0437077253996> Truck:[CLTruck22] Arrived at NorthPitMine-DumpSite1 at 58.0437077253996
2025-09-11 20:19:16,266 [DEBUG] Truck: Time:<58.1623748332139> Truck:[CLTruck13] Arrived at NorthPitMine-DumpSite2 at 58.1623748332139
2025-09-11 20:19:16,266 [INFO] Truck: Time:<58.68051548841845> Truck:[XHTruck32] is facing 3.5771574424293533 mins delay caused by 4 pre-existing jam events on Road from NorthPitMine-LoadSite5 to NorthPitMine-DumpSite1
2025-09-11 20:19:16,266 [INFO] Truck: Time:<58.79781032926964> Truck:[XHTruck5] Finish loading at shovel NorthPitMine-LoadSite4-Shovel-1
2025-09-11 20:19:16,266 [DEBUG] Truck: Time:<58.79781032926964> Truck:[XHTruck5] Start moving to ORDER(1): NorthPitMine-DumpSite2, move distance is 1.5381533569079262, speed: 25
2025-09-11 20:19:16,266 [INFO] Truck: Time:<39> Truck:[XHTruck5] breakdown for 2.105783165752401 minutes at 39
2025-09-11 20:19:16,266 [INFO] Truck: Time:<58.79781032926964> Truck:[CLTruck28] Start loading at shovel NorthPitMine-LoadSite4-Shovel-1, load time is 2.5836614173228347
2025-09-11 20:19:16,266 [INFO] Truck: Time:<59.0437077253996> Truck:[CLTruck22] Finish unloading at dumper NorthPitMine-DumpSite1-点位0, dumper tons is 442.31309454596266
2025-09-11 20:19:16,271 [DEBUG] Truck: Time:<59.0437077253996> Truck:[CLTruck22] Start moving to ORDER(2):NorthPitMine-LoadSite3, move distance is 4.3075934796869575, speed: 25
2025-09-11 20:19:16,271 [INFO] Truck: Time:<54> Truck:[CLTruck22] breakdown for 10.495555259912308 minutes at 54
2025-09-11 20:19:16,271 [INFO] Truck: Time:<59.1623748332139> Truck:[CLTruck13] Finish unloading at dumper NorthPitMine-DumpSite2-点位0, dumper tons is 427.15384884428533
2025-09-11 20:19:16,272 [DEBUG] Truck: Time:<59.1623748332139> Truck:[CLTruck13] Start moving to ORDER(2):NorthPitMine-LoadSite3, move distance is 4.853753530841152, speed: 25
2025-09-11 20:19:16,272 [INFO] Truck: Time:<59.1623748332139> Truck:[CLTruck13] is facing 7.883886266719929 mins delay caused by 1 pre-existing jam events on Road from NorthPitMine-DumpSite2 to NorthPitMine-LoadSite3
2025-09-11 20:19:16,273 [INFO] Truck: Time:<59.20537986683934> Truck:[CLTruck7] Arrived at NorthPitMine-LoadSite3 at 59.20537986683934
2025-09-11 20:19:16,273 [INFO] Truck: Time:<59.20537986683934> Truck:[CLTruck7] Start loading at shovel NorthPitMine-LoadSite3-Shovel-1, load time is 2.5836614173228347
2025-09-11 20:19:16,273 [INFO] Truck: Time:<59.630532863437196> Truck:[OfficalTruck1] Arrived at NorthPitMine-LoadSite4 at 59.630532863437196
2025-09-11 20:19:16,276 [DEBUG] Truck: Time:<60.00288809460025> Truck:[CLTruck16] Arrived at NorthPitMine-DumpSite5 at 60.00288809460025
2025-09-11 20:19:16,276 [INFO] Truck: Time:<60.04330011254336> Truck:[CLTruck20] Arrived at NorthPitMine-LoadSite3 at 60.04330011254336
2025-09-11 20:19:16,278 [DEBUG] Truck: Time:<60.04355362010276> Truck:[XHTruck1] Arrived at NorthPitMine-DumpSite1 at 60.04355362010276
2025-09-11 20:19:16,278 [INFO] Truck: Time:<60.97955555555556> Truck:[XHTruck8] Finish loading at shovel NorthPitMine-LoadSite4-Shovel-2
2025-09-11 20:19:16,278 [INFO] Truck: Time:<60.97955555555556> Truck:[XHTruck12] Finish loading at shovel NorthPitMine-LoadSite4-Shovel-3
2025-09-11 20:19:16,278 [INFO] Truck: Time:<60.97955555555556> Truck:[XHTruck17] Finish loading at shovel NorthPitMine-LoadSite4-Shovel-4
2025-09-11 20:19:16,278 [INFO] Truck: Time:<60.97955555555556> Truck:[XHTruck22] Finish loading at shovel NorthPitMine-LoadSite4-Shovel-5
2025-09-11 20:19:16,279 [DEBUG] Truck: Time:<60.97955555555556> Truck:[XHTruck8] Start moving to ORDER(1): NorthPitMine-DumpSite2, move distance is 1.6516730031345939, speed: 25
2025-09-11 20:19:16,279 [INFO] Truck: Time:<55> Truck:[XHTruck8] breakdown for 7.306756867021448 minutes at 55
2025-09-11 20:19:16,280 [DEBUG] Truck: Time:<60.97955555555556> Truck:[XHTruck12] Start moving to ORDER(1): NorthPitMine-DumpSite2, move distance is 1.8096647280993123, speed: 25
2025-09-11 20:19:16,280 [INFO] Truck: Time:<60> Truck:[XHTruck12] breakdown for 12.912865635213528 minutes at 60
2025-09-11 20:19:16,280 [DEBUG] Truck: Time:<60.97955555555556> Truck:[XHTruck17] Start moving to ORDER(1): NorthPitMine-DumpSite2, move distance is 1.7963644035523245, speed: 25
2025-09-11 20:19:16,281 [INFO] Truck: Time:<40> Truck:[XHTruck17] breakdown for 15.48637035996235 minutes at 40
2025-09-11 20:19:16,281 [DEBUG] Truck: Time:<60.97955555555556> Truck:[XHTruck22] Start moving to ORDER(1): NorthPitMine-DumpSite2, move distance is 1.6609291362502248, speed: 25
2025-09-11 20:19:16,281 [INFO] Truck: Time:<26> Truck:[XHTruck22] breakdown for 15.547076427978254 minutes at 26
2025-09-11 20:19:16,282 [INFO] Truck: Time:<60.97955555555556> Truck:[XHTruck30] Start loading at shovel NorthPitMine-LoadSite4-Shovel-2, load time is 24.444444444444443
2025-09-11 20:19:16,282 [INFO] Truck: Time:<60.97955555555556> Truck:[XHTruck19] Start loading at shovel NorthPitMine-LoadSite4-Shovel-3, load time is 24.444444444444443
2025-09-11 20:19:16,282 [INFO] Truck: Time:<60.97955555555556> Truck:[OfficalTruck5] Start loading at shovel NorthPitMine-LoadSite4-Shovel-4, load time is 34.22222222222222
2025-09-11 20:19:16,285 [INFO] Truck: Time:<61.00288809460025> Truck:[CLTruck16] Finish unloading at dumper NorthPitMine-DumpSite5-点位0, dumper tons is 675.5270520459061
2025-09-11 20:19:16,285 [DEBUG] Truck: Time:<61.00288809460025> Truck:[CLTruck16] Start moving to ORDER(3):NorthPitMine-LoadSite4, move distance is 7.85214969857023, speed: 25
2025-09-11 20:19:16,285 [INFO] Truck: Time:<61.00288809460025> Truck:[CLTruck16] is facing 3.9412196579546386 mins delay caused by 6 pre-existing jam events on Road from NorthPitMine-DumpSite5 to NorthPitMine-LoadSite4
2025-09-11 20:19:16,285 [INFO] Truck: Time:<61.04355362010276> Truck:[XHTruck1] Finish unloading at dumper NorthPitMine-DumpSite1-点位0, dumper tons is 500.397082081903
2025-09-11 20:19:16,285 [DEBUG] Truck: Time:<61.04355362010276> Truck:[XHTruck1] Start moving to ORDER(2):NorthPitMine-LoadSite3, move distance is 4.173405310916198, speed: 25
2025-09-11 20:19:16,285 [INFO] Truck: Time:<45> Truck:[XHTruck1] breakdown for 9.490906156578582 minutes at 45
2025-09-11 20:19:16,285 [DEBUG] Truck: Time:<61.19939842438452> Truck:[XHTruck33] Arrived at NorthPitMine-DumpSite5 at 61.19939842438452
2025-09-11 20:19:16,285 [INFO] Truck: Time:<61.381471746592474> Truck:[CLTruck28] Finish loading at shovel NorthPitMine-LoadSite4-Shovel-1
2025-09-11 20:19:16,285 [DEBUG] Truck: Time:<61.381471746592474> Truck:[CLTruck28] Start moving to ORDER(1): NorthPitMine-DumpSite2, move distance is 1.706529717682221, speed: 25
2025-09-11 20:19:16,289 [INFO] Truck: Time:<59> Truck:[CLTruck28] breakdown for 11.46227222306189 minutes at 59
2025-09-11 20:19:16,289 [INFO] Truck: Time:<61.381471746592474> Truck:[OfficalTruck1] Start loading at shovel NorthPitMine-LoadSite4-Shovel-1, load time is 5.684055118110236
2025-09-11 20:19:16,289 [INFO] Truck: Time:<61.789041284162174> Truck:[CLTruck7] Finish loading at shovel NorthPitMine-LoadSite3-Shovel-1
2025-09-11 20:19:16,289 [DEBUG] Truck: Time:<61.789041284162174> Truck:[CLTruck7] Start moving to ORDER(4): NorthPitMine-DumpSite5, move distance is 2.634938225303872, speed: 25
2025-09-11 20:19:16,289 [INFO] Truck: Time:<61.789041284162174> Truck:[CLTruck20] Start loading at shovel NorthPitMine-LoadSite3-Shovel-1, load time is 2.5836614173228347
2025-09-11 20:19:16,289 [INFO] Truck: Time:<61.84139539837336> Truck:[CLTruck17] Arrived at NorthPitMine-LoadSite3 at 61.84139539837336
2025-09-11 20:19:16,290 [DEBUG] Truck: Time:<62.12451238331594> Truck:[XHTruck6] Arrived at NorthPitMine-DumpSite1 at 62.12451238331594
2025-09-11 20:19:16,290 [DEBUG] Truck: Time:<62.129612377401806> Truck:[CLTruck15] Arrived at NorthPitMine-DumpSite2 at 62.129612377401806
2025-09-11 20:19:16,291 [INFO] Truck: Time:<62.19939842438452> Truck:[XHTruck33] Finish unloading at dumper NorthPitMine-DumpSite5-点位0, dumper tons is 728.0698565984146
2025-09-11 20:19:16,291 [DEBUG] Truck: Time:<62.19939842438452> Truck:[XHTruck33] Start moving to ORDER(3):NorthPitMine-LoadSite4, move distance is 7.98148470524066, speed: 25
2025-09-11 20:19:16,291 [INFO] Truck: Time:<54> Truck:[XHTruck33] breakdown for 8.248365742709355 minutes at 54
2025-09-11 20:19:16,292 [INFO] Truck: Time:<62.46539580990752> Truck:[CLTruck27] Arrived at NorthPitMine-LoadSite4 at 62.46539580990752
2025-09-11 20:19:16,292 [INFO] Truck: Time:<62.46539580990752> Truck:[CLTruck27] Start loading at shovel NorthPitMine-LoadSite4-Shovel-5, load time is 15.555555555555555
2025-09-11 20:19:16,292 [DEBUG] Truck: Time:<62.54664105510718> Truck:[XHTruck10] Arrived at NorthPitMine-DumpSite1 at 62.54664105510718
2025-09-11 20:19:16,292 [INFO] Truck: Time:<62.73379043732149> Truck:[CLTruck29] Arrived at NorthPitMine-LoadSite4 at 62.73379043732149
2025-09-11 20:19:16,292 [INFO] Truck: Time:<62.84431149864945> Truck:[CLTruck9] Arrived at NorthPitMine-LoadSite4 at 62.84431149864945
2025-09-11 20:19:16,294 [INFO] Truck: Time:<63.12451238331594> Truck:[XHTruck6] Finish unloading at dumper NorthPitMine-DumpSite1-点位0, dumper tons is 559.8155432971066
2025-09-11 20:19:16,294 [DEBUG] Truck: Time:<63.12451238331594> Truck:[XHTruck6] Start moving to ORDER(2):NorthPitMine-LoadSite3, move distance is 3.9438587434933887, speed: 25
2025-09-11 20:19:16,294 [INFO] Truck: Time:<52> Truck:[XHTruck6] breakdown for 7.9823738591539435 minutes at 52
2025-09-11 20:19:16,294 [INFO] Truck: Time:<63.129612377401806> Truck:[CLTruck15] Finish unloading at dumper NorthPitMine-DumpSite2-点位0, dumper tons is 459.0240298795146
2025-09-11 20:19:16,295 [DEBUG] Truck: Time:<63.129612377401806> Truck:[CLTruck15] Start moving to ORDER(2):NorthPitMine-LoadSite3, move distance is 4.84426909187234, speed: 25
2025-09-11 20:19:16,295 [INFO] Truck: Time:<63.129612377401806> Truck:[CLTruck15] is facing 3.9290440013285037 mins delay caused by 1 pre-existing jam events on Road from NorthPitMine-DumpSite2 to NorthPitMine-LoadSite3
2025-09-11 20:19:16,295 [INFO] Truck: Time:<63.28311062048857> Truck:[CLTruck25] is facing 0 mins delay caused by 1 pre-existing jam events on Road from NorthPitMine-DumpSite1 to NorthPitMine-LoadSite3
2025-09-11 20:19:16,295 [INFO] Truck: Time:<63.416125413838664> Truck:[XHTruck3] Arrived at NorthPitMine-LoadSite4 at 63.416125413838664
2025-09-11 20:19:16,295 [INFO] Truck: Time:<63.54664105510718> Truck:[XHTruck10] Finish unloading at dumper NorthPitMine-DumpSite1-点位1, dumper tons is 256.85460148705505
2025-09-11 20:19:16,296 [DEBUG] Truck: Time:<63.54664105510718> Truck:[XHTruck10] Start moving to ORDER(2):NorthPitMine-LoadSite3, move distance is 3.77029291737193, speed: 25
2025-09-11 20:19:16,296 [INFO] Truck: Time:<54> Truck:[XHTruck10] breakdown for 8.231217516245795 minutes at 54
2025-09-11 20:19:16,297 [INFO] Truck: Time:<63.55315486458343> Truck:[XHTruck26] is facing 0 mins delay caused by 3 pre-existing jam events on Road from NorthPitMine-LoadSite5 to NorthPitMine-DumpSite1
2025-09-11 20:19:16,297 [DEBUG] Truck: Time:<63.86572044227307> Truck:[OfficalTruck9] Arrived at NorthPitMine-DumpSite5 at 63.86572044227307
2025-09-11 20:19:16,299 [INFO] Truck: Time:<64.1433255403213> Truck:[XHTruck14] is facing 0.8878228191421691 mins delay caused by 5 pre-existing jam events on Road from NorthPitMine-DumpSite5 to NorthPitMine-LoadSite4
2025-09-11 20:19:16,299 [INFO] Truck: Time:<64.37270270148501> Truck:[CLTruck20] Finish loading at shovel NorthPitMine-LoadSite3-Shovel-1
2025-09-11 20:19:16,300 [DEBUG] Truck: Time:<64.37270270148501> Truck:[CLTruck20] Start moving to ORDER(4): NorthPitMine-DumpSite5, move distance is 2.230677427368116, speed: 25
2025-09-11 20:19:16,300 [INFO] Truck: Time:<54> Truck:[CLTruck20] breakdown for 7.674861274326345 minutes at 54
2025-09-11 20:19:16,300 [INFO] Truck: Time:<64.37270270148501> Truck:[CLTruck17] Start loading at shovel NorthPitMine-LoadSite3-Shovel-1, load time is 2.5836614173228347
2025-09-11 20:19:16,300 [DEBUG] Truck: Time:<64.59187108999951> Truck:[CLTruck19] Arrived at NorthPitMine-DumpSite5 at 64.59187108999951
2025-09-11 20:19:16,300 [DEBUG] Truck: Time:<64.59516155160107> Truck:[XHTruck5] Arrived at NorthPitMine-DumpSite2 at 64.59516155160107
2025-09-11 20:19:16,300 [INFO] Truck: Time:<64.77237150037811> Truck:[CLTruck1] Arrived at NorthPitMine-LoadSite4 at 64.77237150037811
2025-09-11 20:19:16,300 [DEBUG] Truck: Time:<64.80552125429874> Truck:[XHTruck20] Arrived at NorthPitMine-DumpSite1 at 64.80552125429874
2025-09-11 20:19:16,300 [INFO] Truck: Time:<64.86572044227307> Truck:[OfficalTruck9] Finish unloading at dumper NorthPitMine-DumpSite5-点位0, dumper tons is 812.44101891857
2025-09-11 20:19:16,302 [DEBUG] Truck: Time:<64.86572044227307> Truck:[OfficalTruck9] Start moving to ORDER(3):NorthPitMine-LoadSite4, move distance is 7.950278018887822, speed: 25
2025-09-11 20:19:16,302 [INFO] Truck: Time:<64.86572044227307> Truck:[OfficalTruck9] is facing 0 mins delay caused by 5 pre-existing jam events on Road from NorthPitMine-DumpSite5 to NorthPitMine-LoadSite4
2025-09-11 20:19:16,303 [DEBUG] Truck: Time:<64.92793351482563> Truck:[XHTruck13] Arrived at NorthPitMine-DumpSite1 at 64.92793351482563
2025-09-11 20:19:16,306 [INFO] Truck: Time:<65.08800727061826> Truck:[CLTruck5] is facing 7.132175929477791 mins delay caused by 2 pre-existing jam events on Road from NorthPitMine-LoadSite3 to NorthPitMine-DumpSite5
2025-09-11 20:19:16,306 [INFO] Truck: Time:<65.37329290363058> Truck:[CLTruck2] is facing 0 mins delay caused by 4 pre-existing jam events on Road from NorthPitMine-DumpSite5 to NorthPitMine-LoadSite4
2025-09-11 20:19:16,307 [INFO] Truck: Time:<65.41634765410375> Truck:[OfficalTruck6] Arrived at NorthPitMine-LoadSite4 at 65.41634765410375
2025-09-11 20:19:16,307 [INFO] Truck: Time:<65.59187108999951> Truck:[CLTruck19] Finish unloading at dumper NorthPitMine-DumpSite5-点位1, dumper tons is 285.77753445155554
2025-09-11 20:19:16,307 [DEBUG] Truck: Time:<65.59187108999951> Truck:[CLTruck19] Start moving to ORDER(3):NorthPitMine-LoadSite4, move distance is 7.295676060617073, speed: 25
2025-09-11 20:19:16,307 [INFO] Truck: Time:<61> Truck:[CLTruck19] breakdown for 14.971500861908844 minutes at 61
2025-09-11 20:19:16,308 [INFO] Truck: Time:<65.59516155160107> Truck:[XHTruck5] Finish unloading at dumper NorthPitMine-DumpSite2-点位0, dumper tons is 517.5904030023381
2025-09-11 20:19:16,309 [DEBUG] Truck: Time:<65.59516155160107> Truck:[XHTruck5] Start moving to ORDER(2):NorthPitMine-LoadSite3, move distance is 4.885726251404968, speed: 25
2025-09-11 20:19:16,309 [INFO] Truck: Time:<65.59516155160107> Truck:[XHTruck5] is facing 7.140972010487183 mins delay caused by 2 pre-existing jam events on Road from NorthPitMine-DumpSite2 to NorthPitMine-LoadSite3
2025-09-11 20:19:16,309 [INFO] Truck: Time:<65.80552125429874> Truck:[XHTruck20] Finish unloading at dumper NorthPitMine-DumpSite1-点位0, dumper tons is 615.8233713890469
2025-09-11 20:19:16,310 [DEBUG] Truck: Time:<65.80552125429874> Truck:[XHTruck20] Start moving to ORDER(2):NorthPitMine-LoadSite3, move distance is 3.887083618976498, speed: 25
2025-09-11 20:19:16,310 [INFO] Truck: Time:<61> Truck:[XHTruck20] breakdown for 14.104457895335742 minutes at 61
2025-09-11 20:19:16,311 [INFO] Truck: Time:<65.84837346723582> Truck:[XHTruck25] Arrived at NorthPitMine-LoadSite4 at 65.84837346723582
2025-09-11 20:19:16,311 [INFO] Truck: Time:<65.87555555555555> Truck:[XHTruck7] Finish loading at shovel NorthPitMine-LoadSite2-Shovel-2
2025-09-11 20:19:16,311 [INFO] Truck: Time:<65.87555555555555> Truck:[XHTruck11] Finish loading at shovel NorthPitMine-LoadSite2-Shovel-3
2025-09-11 20:19:16,311 [INFO] Truck: Time:<65.87555555555555> Truck:[XHTruck16] Finish loading at shovel NorthPitMine-LoadSite2-Shovel-4
2025-09-11 20:19:16,311 [INFO] Truck: Time:<65.87555555555555> Truck:[XHTruck21] Finish loading at shovel NorthPitMine-LoadSite2-Shovel-5
2025-09-11 20:19:16,312 [DEBUG] Truck: Time:<65.87555555555555> Truck:[XHTruck7] Start moving to ORDER(4): NorthPitMine-DumpSite5, move distance is 3.18, speed: 25
2025-09-11 20:19:16,312 [INFO] Truck: Time:<49> Truck:[XHTruck7] breakdown for 7.464838709484856 minutes at 49
2025-09-11 20:19:16,313 [DEBUG] Truck: Time:<65.87555555555555> Truck:[XHTruck11] Start moving to ORDER(4): NorthPitMine-DumpSite5, move distance is 3.18, speed: 25
2025-09-11 20:19:16,313 [INFO] Truck: Time:<56> Truck:[XHTruck11] breakdown for 11.239951966281955 minutes at 56
2025-09-11 20:19:16,313 [DEBUG] Truck: Time:<65.87555555555555> Truck:[XHTruck16] Start moving to ORDER(4): NorthPitMine-DumpSite5, move distance is 3.18, speed: 25
2025-09-11 20:19:16,313 [INFO] Truck: Time:<63> Truck:[XHTruck16] breakdown for 13.4962294959547 minutes at 63
2025-09-11 20:19:16,314 [DEBUG] Truck: Time:<65.87555555555555> Truck:[XHTruck21] Start moving to ORDER(4): NorthPitMine-DumpSite5, move distance is 3.18, speed: 25
2025-09-11 20:19:16,314 [INFO] Truck: Time:<43> Truck:[XHTruck21] breakdown for 5.588372167768394 minutes at 43
2025-09-11 20:19:16,314 [INFO] Truck: Time:<65.87555555555555> Truck:[XHTruck29] Start loading at shovel NorthPitMine-LoadSite2-Shovel-2, load time is 24.444444444444443
2025-09-11 20:19:16,314 [INFO] Truck: Time:<65.92793351482563> Truck:[XHTruck13] Finish unloading at dumper NorthPitMine-DumpSite1-点位1, dumper tons is 312.70358300802275
2025-09-11 20:19:16,315 [DEBUG] Truck: Time:<65.92793351482563> Truck:[XHTruck13] Start moving to ORDER(2):NorthPitMine-LoadSite3, move distance is 4.0459170214187825, speed: 25
2025-09-11 20:19:16,315 [INFO] Truck: Time:<55> Truck:[XHTruck13] breakdown for 12.932047983264914 minutes at 55
2025-09-11 20:19:16,317 [DEBUG] Truck: Time:<66.03221083558002> Truck:[CLTruck23] Arrived at NorthPitMine-DumpSite5 at 66.03221083558002
2025-09-11 20:19:16,317 [INFO] Truck: Time:<66.85270941474192> Truck:[CLTruck10] Arrived at NorthPitMine-LoadSite4 at 66.85270941474192
2025-09-11 20:19:16,317 [INFO] Truck: Time:<66.89191014680065> Truck:[CLTruck12] Arrived at NorthPitMine-LoadSite4 at 66.89191014680065
2025-09-11 20:19:16,317 [INFO] Truck: Time:<66.95636411880784> Truck:[CLTruck17] Finish loading at shovel NorthPitMine-LoadSite3-Shovel-1
2025-09-11 20:19:16,317 [DEBUG] Truck: Time:<66.95636411880784> Truck:[CLTruck17] Start moving to ORDER(4): NorthPitMine-DumpSite5, move distance is 2.105066459474634, speed: 25
2025-09-11 20:19:16,317 [INFO] Truck: Time:<66.95636411880784> Truck:[CLTruck17] is facing 4.7777781635272625 mins delay caused by 2 pre-existing jam events on Road from NorthPitMine-LoadSite3 to NorthPitMine-DumpSite5
2025-09-11 20:19:16,322 [INFO] Truck: Time:<67.03221083558002> Truck:[CLTruck23] Finish unloading at dumper NorthPitMine-DumpSite5-点位0, dumper tons is 844.1841743781378
2025-09-11 20:19:16,323 [DEBUG] Truck: Time:<67.03221083558002> Truck:[CLTruck23] Start moving to ORDER(3):NorthPitMine-LoadSite4, move distance is 8.05925579308975, speed: 25
2025-09-11 20:19:16,323 [INFO] Truck: Time:<67> Truck:[CLTruck23] breakdown for 11.14293996081306 minutes at 67
2025-09-11 20:19:16,323 [INFO] Truck: Time:<67.0655268647027> Truck:[OfficalTruck1] Finish loading at shovel NorthPitMine-LoadSite4-Shovel-1
2025-09-11 20:19:16,324 [DEBUG] Truck: Time:<67.0655268647027> Truck:[OfficalTruck1] Start moving to ORDER(1): NorthPitMine-DumpSite2, move distance is 1.5128955695830875, speed: 25
2025-09-11 20:19:16,324 [INFO] Truck: Time:<67> Truck:[OfficalTruck1] breakdown for 14.791099682072097 minutes at 67
2025-09-11 20:19:16,324 [INFO] Truck: Time:<67.0655268647027> Truck:[CLTruck29] Start loading at shovel NorthPitMine-LoadSite4-Shovel-1, load time is 2.5836614173228347
2025-09-11 20:19:16,324 [INFO] Truck: Time:<67.19613867135618> Truck:[CLTruck24] Arrived at NorthPitMine-LoadSite3 at 67.19613867135618
2025-09-11 20:19:16,324 [INFO] Truck: Time:<67.19613867135618> Truck:[CLTruck24] Start loading at shovel NorthPitMine-LoadSite3-Shovel-1, load time is 2.5836614173228347
2025-09-11 20:19:16,324 [DEBUG] Truck: Time:<67.22711046822108> Truck:[CLTruck26] Arrived at NorthPitMine-DumpSite5 at 67.22711046822108
2025-09-11 20:19:16,324 [INFO] Truck: Time:<67.25270008000325> Truck:[XHTruck2] Arrived at NorthPitMine-LoadSite3 at 67.25270008000325
2025-09-11 20:19:16,326 [INFO] Truck: Time:<67.49131800762335> Truck:[XHTruck4] is facing 0 mins delay caused by 4 pre-existing jam events on Road from NorthPitMine-DumpSite5 to NorthPitMine-LoadSite4
2025-09-11 20:19:16,326 [INFO] Truck: Time:<67.5331003891417> Truck:[OfficalTruck7] Arrived at NorthPitMine-LoadSite5 at 67.5331003891417
2025-09-11 20:19:16,326 [INFO] Truck: Time:<67.5331003891417> Truck:[OfficalTruck7] Start loading at shovel NorthPitMine-LoadSite5-Shovel-1, load time is 5.684055118110236
2025-09-11 20:19:16,330 [DEBUG] Truck: Time:<68.061796932047> Truck:[XHTruck24] Arrived at NorthPitMine-DumpSite1 at 68.061796932047
2025-09-11 20:19:16,330 [INFO] Truck: Time:<68.06370949033881> Truck:[XHTruck23] is facing 0 mins delay caused by 5 pre-existing jam events on Road from NorthPitMine-DumpSite5 to NorthPitMine-LoadSite4
2025-09-11 20:19:16,330 [DEBUG] Truck: Time:<68.11289302489146> Truck:[CLTruck7] Arrived at NorthPitMine-DumpSite5 at 68.11289302489146
2025-09-11 20:19:16,330 [DEBUG] Truck: Time:<68.19969927471523> Truck:[OfficalTruck2] Arrived at NorthPitMine-DumpSite5 at 68.19969927471523
2025-09-11 20:19:16,330 [INFO] Truck: Time:<68.22711046822108> Truck:[CLTruck26] Finish unloading at dumper NorthPitMine-DumpSite5-点位0, dumper tons is 878.2462819616635
2025-09-11 20:19:16,331 [DEBUG] Truck: Time:<68.22711046822108> Truck:[CLTruck26] Start moving to ORDER(3):NorthPitMine-LoadSite4, move distance is 7.028633266084528, speed: 25
2025-09-11 20:19:16,331 [INFO] Truck: Time:<68.22711046822108> Truck:[CLTruck26] is facing 0 mins delay caused by 5 pre-existing jam events on Road from NorthPitMine-DumpSite5 to NorthPitMine-LoadSite4
2025-09-11 20:19:16,332 [INFO] Truck: Time:<68.69999306223755> Truck:[OfficalTruck3] is facing 2.4892654743783686 mins delay caused by 2 pre-existing jam events on Road from NorthPitMine-LoadSite3 to NorthPitMine-DumpSite5
2025-09-11 20:19:16,336 [DEBUG] Truck: Time:<69.01436386065447> Truck:[XHTruck18] Arrived at NorthPitMine-DumpSite1 at 69.01436386065447
2025-09-11 20:19:16,336 [INFO] Truck: Time:<69.061796932047> Truck:[XHTruck24] Finish unloading at dumper NorthPitMine-DumpSite1-点位0, dumper tons is 673.6024902807487
2025-09-11 20:19:16,336 [DEBUG] Truck: Time:<69.061796932047> Truck:[XHTruck24] Start moving to ORDER(2):NorthPitMine-LoadSite3, move distance is 4.4896410914486, speed: 25
2025-09-11 20:19:16,336 [INFO] Truck: Time:<69.061796932047> Truck:[XHTruck24] is facing 0 mins delay caused by 1 pre-existing jam events on Road from NorthPitMine-DumpSite1 to NorthPitMine-LoadSite3
2025-09-11 20:19:16,337 [INFO] Truck: Time:<69.11289302489146> Truck:[CLTruck7] Finish unloading at dumper NorthPitMine-DumpSite5-点位1, dumper tons is 320.47691949926656
2025-09-11 20:19:16,337 [DEBUG] Truck: Time:<69.11289302489146> Truck:[CLTruck7] Start moving to ORDER(3):NorthPitMine-LoadSite4, move distance is 7.744936731466684, speed: 25
2025-09-11 20:19:16,337 [INFO] Truck: Time:<69.11289302489146> Truck:[CLTruck7] is facing 0 mins delay caused by 4 pre-existing jam events on Road from NorthPitMine-DumpSite5 to NorthPitMine-LoadSite4
2025-09-11 20:19:16,338 [INFO] Truck: Time:<69.19969927471523> Truck:[OfficalTruck2] Finish unloading at dumper NorthPitMine-DumpSite5-点位2, dumper tons is 150.46852202556224
2025-09-11 20:19:16,338 [DEBUG] Truck: Time:<69.19969927471523> Truck:[OfficalTruck2] Start moving to ORDER(3):NorthPitMine-LoadSite4, move distance is 5.34, speed: 25
2025-09-11 20:19:16,338 [INFO] Truck: Time:<69.19969927471523> Truck:[OfficalTruck2] is facing 0 mins delay caused by 4 pre-existing jam events on Road from NorthPitMine-DumpSite5 to NorthPitMine-LoadSite4
2025-09-11 20:19:16,339 [DEBUG] Truck: Time:<69.50234340986725> Truck:[CLTruck6] Arrived at NorthPitMine-DumpSite2 at 69.50234340986725
2025-09-11 20:19:16,339 [INFO] Truck: Time:<69.52461247051525> Truck:[CLTruck8] is facing 2.1516422917663145 mins delay caused by 2 pre-existing jam events on Road from NorthPitMine-DumpSite2 to NorthPitMine-LoadSite3
2025-09-11 20:19:16,339 [INFO] Truck: Time:<69.53926298531191> Truck:[CLTruck22] is facing 0 mins delay caused by 1 pre-existing jam events on Road from NorthPitMine-DumpSite1 to NorthPitMine-LoadSite3
2025-09-11 20:19:16,339 [DEBUG] Truck: Time:<69.57392795596365> Truck:[CLTruck21] Arrived at NorthPitMine-DumpSite5 at 69.57392795596365
2025-09-11 20:19:16,339 [INFO] Truck: Time:<69.64918828202553> Truck:[CLTruck29] Finish loading at shovel NorthPitMine-LoadSite4-Shovel-1
2025-09-11 20:19:16,340 [DEBUG] Truck: Time:<69.64918828202553> Truck:[CLTruck29] Start moving to ORDER(1): NorthPitMine-DumpSite2, move distance is 1.17, speed: 25
2025-09-11 20:19:16,340 [INFO] Truck: Time:<51> Truck:[CLTruck29] breakdown for 13.72416025048479 minutes at 51
2025-09-11 20:19:16,340 [INFO] Truck: Time:<69.64918828202553> Truck:[XHTruck25] Start loading at shovel NorthPitMine-LoadSite4-Shovel-1, load time is 4.060039370078741
2025-09-11 20:19:16,340 [DEBUG] Truck: Time:<69.77014625739635> Truck:[XHTruck28] Arrived at NorthPitMine-DumpSite1 at 69.77014625739635
2025-09-11 20:19:16,340 [INFO] Truck: Time:<69.77980008867901> Truck:[CLTruck24] Finish loading at shovel NorthPitMine-LoadSite3-Shovel-1
2025-09-11 20:19:16,341 [DEBUG] Truck: Time:<69.77980008867901> Truck:[CLTruck24] Start moving to ORDER(4): NorthPitMine-DumpSite5, move distance is 2.9972099612917535, speed: 25
2025-09-11 20:19:16,341 [INFO] Truck: Time:<69.77980008867901> Truck:[CLTruck24] is facing 1.1763287614408036 mins delay caused by 3 pre-existing jam events on Road from NorthPitMine-LoadSite3 to NorthPitMine-DumpSite5
2025-09-11 20:19:16,341 [INFO] Truck: Time:<69.77980008867901> Truck:[XHTruck2] Start loading at shovel NorthPitMine-LoadSite3-Shovel-1, load time is 4.060039370078741
2025-09-11 20:19:16,343 [INFO] Truck: Time:<70.01436386065447> Truck:[XHTruck18] Finish unloading at dumper NorthPitMine-DumpSite1-点位1, dumper tons is 371.08567480277907
2025-09-11 20:19:16,343 [DEBUG] Truck: Time:<70.01436386065447> Truck:[XHTruck18] Start moving to ORDER(2):NorthPitMine-LoadSite3, move distance is 3.8483857733404037, speed: 25
2025-09-11 20:19:16,343 [INFO] Truck: Time:<61> Truck:[XHTruck18] breakdown for 9.442095135024697 minutes at 61
2025-09-11 20:19:16,343 [INFO] Truck: Time:<70.09520023648216> Truck:[CLTruck11] Arrived at NorthPitMine-LoadSite4 at 70.09520023648216
2025-09-11 20:19:16,344 [INFO] Truck: Time:<70.44776416709388> Truck:[XHTruck33] is facing 0 mins delay caused by 2 pre-existing jam events on Road from NorthPitMine-DumpSite5 to NorthPitMine-LoadSite4
2025-09-11 20:19:16,344 [INFO] Truck: Time:<70.50234340986725> Truck:[CLTruck6] Finish unloading at dumper NorthPitMine-DumpSite2-点位0, dumper tons is 554.6268523259439
2025-09-11 20:19:16,345 [DEBUG] Truck: Time:<70.50234340986725> Truck:[CLTruck6] Start moving to ORDER(2):NorthPitMine-LoadSite3, move distance is 4.745132373661709, speed: 25
2025-09-11 20:19:16,345 [INFO] Truck: Time:<70.50234340986725> Truck:[CLTruck6] is facing 0.9366133123506417 mins delay caused by 2 pre-existing jam events on Road from NorthPitMine-DumpSite2 to NorthPitMine-LoadSite3
2025-09-11 20:19:16,345 [INFO] Truck: Time:<70.53445977668135> Truck:[XHTruck1] is facing 0 mins delay caused by 1 pre-existing jam events on Road from NorthPitMine-DumpSite1 to NorthPitMine-LoadSite3
2025-09-11 20:19:16,345 [INFO] Truck: Time:<70.57392795596365> Truck:[CLTruck21] Finish unloading at dumper NorthPitMine-DumpSite5-点位0, dumper tons is 911.6217811573732
2025-09-11 20:19:16,345 [DEBUG] Truck: Time:<70.57392795596365> Truck:[CLTruck21] Start moving to ORDER(3):NorthPitMine-LoadSite4, move distance is 5.34, speed: 25
2025-09-11 20:19:16,345 [INFO] Truck: Time:<64> Truck:[CLTruck21] breakdown for 12.24535024445926 minutes at 64
2025-09-11 20:19:16,345 [INFO] Truck: Time:<70.77014625739635> Truck:[XHTruck28] Finish unloading at dumper NorthPitMine-DumpSite1-点位0, dumper tons is 729.1199004606472
2025-09-11 20:19:16,345 [DEBUG] Truck: Time:<70.77014625739635> Truck:[XHTruck28] Start moving to ORDER(2):NorthPitMine-LoadSite3, move distance is 3.98959731774378, speed: 25
2025-09-11 20:19:16,345 [INFO] Truck: Time:<69> Truck:[XHTruck28] breakdown for 13.048369315191138 minutes at 69
2025-09-11 20:19:16,345 [DEBUG] Truck: Time:<70.79061331433209> Truck:[CLTruck14] Arrived at NorthPitMine-DumpSite5 at 70.79061331433209
2025-09-11 20:19:16,349 [INFO] Truck: Time:<71.10688624246988> Truck:[XHTruck6] is facing 0 mins delay caused by 1 pre-existing jam events on Road from NorthPitMine-DumpSite1 to NorthPitMine-LoadSite3
2025-09-11 20:19:16,351 [INFO] Truck: Time:<71.43061046349233> Truck:[CLTruck18] Arrived at NorthPitMine-LoadSite3 at 71.43061046349233
2025-09-11 20:19:16,351 [INFO] Truck: Time:<71.77785857135298> Truck:[XHTruck10] is facing 0 mins delay caused by 1 pre-existing jam events on Road from NorthPitMine-DumpSite1 to NorthPitMine-LoadSite3
2025-09-11 20:19:16,351 [INFO] Truck: Time:<71.79061331433209> Truck:[CLTruck14] Finish unloading at dumper NorthPitMine-DumpSite5-点位0, dumper tons is 943.4145886286342
2025-09-11 20:19:16,351 [DEBUG] Truck: Time:<71.79061331433209> Truck:[CLTruck14] Start moving to ORDER(3):NorthPitMine-LoadSite4, move distance is 5.34, speed: 25
2025-09-11 20:19:16,351 [INFO] Truck: Time:<71.79061331433209> Truck:[CLTruck14] is facing 7.254263073001371 mins delay caused by 3 pre-existing jam events on Road from NorthPitMine-DumpSite5 to NorthPitMine-LoadSite4
2025-09-11 20:19:16,355 [INFO] Truck: Time:<72.04756397581136> Truck:[CLTruck20] is facing 0 mins delay caused by 3 pre-existing jam events on Road from NorthPitMine-LoadSite3 to NorthPitMine-DumpSite5
2025-09-11 20:19:16,355 [INFO] Truck: Time:<72.15053824332348> Truck:[OfficalTruck8] Arrived at NorthPitMine-LoadSite4 at 72.15053824332348
2025-09-11 20:19:16,355 [DEBUG] Truck: Time:<72.25032763010002> Truck:[XHTruck8] Arrived at NorthPitMine-DumpSite2 at 72.25032763010002
2025-09-11 20:19:16,355 [INFO] Truck: Time:<72.96629540731004> Truck:[CLTruck4] Arrived at NorthPitMine-LoadSite4 at 72.96629540731004
2025-09-11 20:19:16,357 [INFO] Truck: Time:<73.21715550725193> Truck:[OfficalTruck7] Finish loading at shovel NorthPitMine-LoadSite5-Shovel-1
2025-09-11 20:19:16,358 [DEBUG] Truck: Time:<73.21715550725193> Truck:[OfficalTruck7] Start moving to ORDER(0): NorthPitMine-DumpSite1, move distance is 7.261141522605325, speed: 25
2025-09-11 20:19:16,358 [INFO] Truck: Time:<60> Truck:[OfficalTruck7] breakdown for 10.584142421805634 minutes at 60
2025-09-11 20:19:16,358 [INFO] Truck: Time:<73.25032763010002> Truck:[XHTruck8] Finish unloading at dumper NorthPitMine-DumpSite2-点位0, dumper tons is 612.65460145486
2025-09-11 20:19:16,359 [DEBUG] Truck: Time:<73.25032763010002> Truck:[XHTruck8] Start moving to ORDER(2):NorthPitMine-LoadSite3, move distance is 4.4817659465784185, speed: 25
2025-09-11 20:19:16,359 [INFO] Truck: Time:<73.25032763010002> Truck:[XHTruck8] is facing 0 mins delay caused by 2 pre-existing jam events on Road from NorthPitMine-DumpSite2 to NorthPitMine-LoadSite3
2025-09-11 20:19:16,359 [INFO] Truck: Time:<73.5217015561098> Truck:[CLTruck25] Arrived at NorthPitMine-LoadSite3 at 73.5217015561098
2025-09-11 20:19:16,359 [INFO] Truck: Time:<73.70922765210427> Truck:[XHTruck25] Finish loading at shovel NorthPitMine-LoadSite4-Shovel-1
2025-09-11 20:19:16,360 [DEBUG] Truck: Time:<73.70922765210427> Truck:[XHTruck25] Start moving to ORDER(1): NorthPitMine-DumpSite2, move distance is 1.17, speed: 25
2025-09-11 20:19:16,360 [INFO] Truck: Time:<65> Truck:[XHTruck25] breakdown for 9.865229941284964 minutes at 65
2025-09-11 20:19:16,360 [INFO] Truck: Time:<73.70922765210427> Truck:[CLTruck11] Start loading at shovel NorthPitMine-LoadSite4-Shovel-1, load time is 2.5836614173228347
2025-09-11 20:19:16,360 [INFO] Truck: Time:<73.83983945875775> Truck:[XHTruck2] Finish loading at shovel NorthPitMine-LoadSite3-Shovel-1
2025-09-11 20:19:16,361 [DEBUG] Truck: Time:<73.83983945875775> Truck:[XHTruck2] Start moving to ORDER(4): NorthPitMine-DumpSite5, move distance is 1.86, speed: 25
2025-09-11 20:19:16,361 [INFO] Truck: Time:<70> Truck:[XHTruck2] breakdown for 8.0809537521889 minutes at 70
2025-09-11 20:19:16,361 [INFO] Truck: Time:<73.83983945875775> Truck:[CLTruck18] Start loading at shovel NorthPitMine-LoadSite3-Shovel-1, load time is 2.5836614173228347
2025-09-11 20:19:16,364 [INFO] Truck: Time:<74.90851984098663> Truck:[CLTruck3] Arrived at NorthPitMine-LoadSite4 at 74.90851984098663
2025-09-11 20:19:16,364 [INFO] Truck: Time:<76.2928890694271> Truck:[CLTruck11] Finish loading at shovel NorthPitMine-LoadSite4-Shovel-1
2025-09-11 20:19:16,369 [DEBUG] Truck: Time:<76.2928890694271> Truck:[CLTruck11] Start moving to ORDER(1): NorthPitMine-DumpSite2, move distance is 1.17, speed: 25
2025-09-11 20:19:16,369 [INFO] Truck: Time:<60> Truck:[CLTruck11] breakdown for 18.038516769448247 minutes at 60
2025-09-11 20:19:16,369 [INFO] Truck: Time:<76.2928890694271> Truck:[OfficalTruck8] Start loading at shovel NorthPitMine-LoadSite4-Shovel-1, load time is 5.684055118110236
2025-09-11 20:19:16,370 [INFO] Truck: Time:<76.42350087608058> Truck:[CLTruck18] Finish loading at shovel NorthPitMine-LoadSite3-Shovel-1
2025-09-11 20:19:16,370 [DEBUG] Truck: Time:<76.42350087608058> Truck:[CLTruck18] Start moving to ORDER(4): NorthPitMine-DumpSite5, move distance is 1.86, speed: 25
2025-09-11 20:19:16,370 [INFO] Truck: Time:<76.42350087608058> Truck:[CLTruck18] is facing 5.082606467879581 mins delay caused by 1 pre-existing jam events on Road from NorthPitMine-LoadSite3 to NorthPitMine-DumpSite5
2025-09-11 20:19:16,370 [INFO] Truck: Time:<76.42350087608058> Truck:[CLTruck25] Start loading at shovel NorthPitMine-LoadSite3-Shovel-1, load time is 2.5836614173228347
2025-09-11 20:19:16,372 [DEBUG] Truck: Time:<76.78630178507423> Truck:[CLTruck17] Arrived at NorthPitMine-DumpSite5 at 76.78630178507423
2025-09-11 20:19:16,372 [DEBUG] Truck: Time:<76.9394152920917> Truck:[CLTruck28] Arrived at NorthPitMine-DumpSite2 at 76.9394152920917
2025-09-11 20:19:16,373 [INFO] Truck: Time:<77.1155075218375> Truck:[XHTruck11] is facing 0 mins delay caused by 1 pre-existing jam events on Road from NorthPitMine-LoadSite2 to NorthPitMine-DumpSite5
2025-09-11 20:19:16,375 [DEBUG] Truck: Time:<77.40118980149484> Truck:[CLTruck20] Arrived at NorthPitMine-DumpSite5 at 77.40118980149484
2025-09-11 20:19:16,375 [DEBUG] Truck: Time:<77.74097413294585> Truck:[OfficalTruck3] Arrived at NorthPitMine-DumpSite5 at 77.74097413294585
2025-09-11 20:19:16,375 [INFO] Truck: Time:<77.78630178507423> Truck:[CLTruck17] Finish unloading at dumper NorthPitMine-DumpSite5-点位0, dumper tons is 978.2523761933728
2025-09-11 20:19:16,375 [DEBUG] Truck: Time:<77.78630178507423> Truck:[CLTruck17] Start moving to ORDER(3):NorthPitMine-LoadSite4, move distance is 5.34, speed: 25
2025-09-11 20:19:16,375 [INFO] Truck: Time:<73> Truck:[CLTruck17] breakdown for 7.638924838830217 minutes at 73
2025-09-11 20:19:16,376 [INFO] Truck: Time:<77.9394152920917> Truck:[CLTruck28] Finish unloading at dumper NorthPitMine-DumpSite2-点位0, dumper tons is 645.5191572584766
2025-09-11 20:19:16,376 [DEBUG] Truck: Time:<77.9394152920917> Truck:[CLTruck28] Start moving to ORDER(2):NorthPitMine-LoadSite3, move distance is 4.713232157718332, speed: 25
2025-09-11 20:19:16,379 [INFO] Truck: Time:<78.02095136546308> Truck:[CLTruck27] Finish loading at shovel NorthPitMine-LoadSite4-Shovel-5
2025-09-11 20:19:16,379 [DEBUG] Truck: Time:<78.02095136546308> Truck:[CLTruck27] Start moving to ORDER(1): NorthPitMine-DumpSite2, move distance is 1.17, speed: 25
2025-09-11 20:19:16,379 [INFO] Truck: Time:<57> Truck:[CLTruck27] breakdown for 7.066884353646678 minutes at 57
2025-09-11 20:19:16,380 [INFO] Truck: Time:<78.02095136546308> Truck:[OfficalTruck6] Start loading at shovel NorthPitMine-LoadSite4-Shovel-5, load time is 34.22222222222222
2025-09-11 20:19:16,380 [DEBUG] Truck: Time:<78.14943275722003> Truck:[CLTruck24] Arrived at NorthPitMine-DumpSite5 at 78.14943275722003
2025-09-11 20:19:16,380 [INFO] Truck: Time:<78.17515079639307> Truck:[CLTruck23] is facing 8.9716338736833 mins delay caused by 4 pre-existing jam events on Road from NorthPitMine-DumpSite5 to NorthPitMine-LoadSite4
2025-09-11 20:19:16,380 [DEBUG] Truck: Time:<78.23561653820744> Truck:[XHTruck12] Arrived at NorthPitMine-DumpSite2 at 78.23561653820744
2025-09-11 20:19:16,380 [INFO] Truck: Time:<78.40118980149484> Truck:[CLTruck20] Finish unloading at dumper NorthPitMine-DumpSite5-点位1, dumper tons is 354.13176244855316
2025-09-11 20:19:16,381 [DEBUG] Truck: Time:<78.40118980149484> Truck:[CLTruck20] Start moving to ORDER(3):NorthPitMine-LoadSite4, move distance is 5.34, speed: 25
2025-09-11 20:19:16,381 [INFO] Truck: Time:<77> Truck:[CLTruck20] breakdown for 6.281620641028823 minutes at 77
2025-09-11 20:19:16,381 [DEBUG] Truck: Time:<78.421647887676> Truck:[CLTruck5] Arrived at NorthPitMine-DumpSite5 at 78.421647887676
2025-09-11 20:19:16,381 [INFO] Truck: Time:<78.68490219922393> Truck:[CLTruck15] Arrived at NorthPitMine-LoadSite3 at 78.68490219922393
2025-09-11 20:19:16,381 [INFO] Truck: Time:<78.6952695739526> Truck:[CLTruck13] Arrived at NorthPitMine-LoadSite3 at 78.6952695739526
2025-09-11 20:19:16,381 [INFO] Truck: Time:<78.74097413294585> Truck:[OfficalTruck3] Finish unloading at dumper NorthPitMine-DumpSite5-点位2, dumper tons is 225.28919683358984
2025-09-11 20:19:16,381 [DEBUG] Truck: Time:<78.74097413294585> Truck:[OfficalTruck3] Start moving to ORDER(3):NorthPitMine-LoadSite4, move distance is 5.34, speed: 25
2025-09-11 20:19:16,381 [INFO] Truck: Time:<71> Truck:[OfficalTruck3] breakdown for 3.0419707389132187 minutes at 71
2025-09-11 20:19:16,381 [INFO] Truck: Time:<78.85998149809053> Truck:[XHTruck13] is facing 4.558847278439261 mins delay caused by 3 pre-existing jam events on Road from NorthPitMine-DumpSite1 to NorthPitMine-LoadSite3
2025-09-11 20:19:16,385 [INFO] Truck: Time:<79.00716229340341> Truck:[CLTruck25] Finish loading at shovel NorthPitMine-LoadSite3-Shovel-1
2025-09-11 20:19:16,385 [DEBUG] Truck: Time:<79.00716229340341> Truck:[CLTruck25] Start moving to ORDER(4): NorthPitMine-DumpSite5, move distance is 1.86, speed: 25
2025-09-11 20:19:16,385 [INFO] Truck: Time:<66> Truck:[CLTruck25] breakdown for 6.797097842171297 minutes at 66
2025-09-11 20:19:16,385 [INFO] Truck: Time:<79.00716229340341> Truck:[CLTruck15] Start loading at shovel NorthPitMine-LoadSite3-Shovel-1, load time is 2.5836614173228347
2025-09-11 20:19:16,385 [DEBUG] Truck: Time:<79.09592772332395> Truck:[XHTruck21] Arrived at NorthPitMine-DumpSite5 at 79.09592772332395
2025-09-11 20:19:16,385 [INFO] Truck: Time:<79.14943275722003> Truck:[CLTruck24] Finish unloading at dumper NorthPitMine-DumpSite5-点位0, dumper tons is 1010.6837692545955
2025-09-11 20:19:16,386 [DEBUG] Truck: Time:<79.14943275722003> Truck:[CLTruck24] Start moving to ORDER(3):NorthPitMine-LoadSite4, move distance is 5.34, speed: 25
2025-09-11 20:19:16,386 [INFO] Truck: Time:<76> Truck:[CLTruck24] breakdown for 14.615007083880535 minutes at 76
2025-09-11 20:19:16,386 [INFO] Truck: Time:<79.23561653820744> Truck:[XHTruck12] Finish unloading at dumper NorthPitMine-DumpSite2-点位0, dumper tons is 699.835649499149
2025-09-11 20:19:16,387 [DEBUG] Truck: Time:<79.23561653820744> Truck:[XHTruck12] Start moving to ORDER(2):NorthPitMine-LoadSite3, move distance is 4.609584730649164, speed: 25
2025-09-11 20:19:16,387 [INFO] Truck: Time:<79.37178505151024> Truck:[XHTruck16] is facing 0 mins delay caused by 1 pre-existing jam events on Road from NorthPitMine-LoadSite2 to NorthPitMine-DumpSite5
2025-09-11 20:19:16,387 [INFO] Truck: Time:<79.421647887676> Truck:[CLTruck5] Finish unloading at dumper NorthPitMine-DumpSite5-点位1, dumper tons is 387.68993162259346
2025-09-11 20:19:16,388 [DEBUG] Truck: Time:<79.421647887676> Truck:[CLTruck5] Start moving to ORDER(3):NorthPitMine-LoadSite4, move distance is 5.34, speed: 25
2025-09-11 20:19:16,388 [INFO] Truck: Time:<79.421647887676> Truck:[CLTruck5] is facing 10.292506215876097 mins delay caused by 4 pre-existing jam events on Road from NorthPitMine-DumpSite5 to NorthPitMine-LoadSite4
2025-09-11 20:19:16,388 [INFO] Truck: Time:<79.45645899567917> Truck:[XHTruck18] is facing 4.22242293147393 mins delay caused by 3 pre-existing jam events on Road from NorthPitMine-DumpSite1 to NorthPitMine-LoadSite3
2025-09-11 20:19:16,388 [INFO] Truck: Time:<79.83693555152364> Truck:[XHTruck24] Arrived at NorthPitMine-LoadSite3 at 79.83693555152364
2025-09-11 20:19:16,389 [INFO] Truck: Time:<79.8774873365606> Truck:[CLTruck22] Arrived at NorthPitMine-LoadSite3 at 79.8774873365606
2025-09-11 20:19:16,389 [INFO] Truck: Time:<79.90997914963448> Truck:[XHTruck20] is facing 3.717956424585095 mins delay caused by 3 pre-existing jam events on Road from NorthPitMine-DumpSite1 to NorthPitMine-LoadSite3
2025-09-11 20:19:16,390 [INFO] Truck: Time:<80.09592772332395> Truck:[XHTruck21] Finish unloading at dumper NorthPitMine-DumpSite5-点位2, dumper tons is 280.86680238886834
2025-09-11 20:19:16,390 [DEBUG] Truck: Time:<80.09592772332395> Truck:[XHTruck21] Start moving to ORDER(3):NorthPitMine-LoadSite4, move distance is 5.34, speed: 25
2025-09-11 20:19:16,390 [INFO] Truck: Time:<80.09592772332395> Truck:[XHTruck21] is facing 9.618226380228146 mins delay caused by 3 pre-existing jam events on Road from NorthPitMine-DumpSite5 to NorthPitMine-LoadSite4
2025-09-11 20:19:16,390 [DEBUG] Truck: Time:<80.09668822820174> Truck:[XHTruck26] Arrived at NorthPitMine-DumpSite1 at 80.09668822820174
2025-09-11 20:19:16,390 [DEBUG] Truck: Time:<80.51286191053434> Truck:[XHTruck22] Arrived at NorthPitMine-DumpSite2 at 80.51286191053434
2025-09-11 20:19:16,390 [INFO] Truck: Time:<80.55063252288022> Truck:[XHTruck1] Arrived at NorthPitMine-LoadSite3 at 80.55063252288022
2025-09-11 20:19:16,390 [INFO] Truck: Time:<80.56337195190835> Truck:[CLTruck19] is facing 7.3043420511692485 mins delay caused by 3 pre-existing jam events on Road from NorthPitMine-DumpSite5 to NorthPitMine-LoadSite4
2025-09-11 20:19:16,393 [INFO] Truck: Time:<80.57214722685401> Truck:[XHTruck6] Arrived at NorthPitMine-LoadSite3 at 80.57214722685401
2025-09-11 20:19:16,393 [DEBUG] Truck: Time:<80.58305459577531> Truck:[XHTruck32] Arrived at NorthPitMine-DumpSite1 at 80.58305459577531
2025-09-11 20:19:16,393 [DEBUG] Truck: Time:<80.77720048404349> Truck:[XHTruck17] Arrived at NorthPitMine-DumpSite2 at 80.77720048404349
2025-09-11 20:19:16,393 [INFO] Truck: Time:<80.82656157304561> Truck:[XHTruck10] Arrived at NorthPitMine-LoadSite3 at 80.82656157304561
2025-09-11 20:19:16,393 [DEBUG] Truck: Time:<80.9723942650404> Truck:[XHTruck7] Arrived at NorthPitMine-DumpSite5 at 80.9723942650404
2025-09-11 20:19:16,396 [INFO] Truck: Time:<81.09668822820174> Truck:[XHTruck26] Finish unloading at dumper NorthPitMine-DumpSite1-点位0, dumper tons is 783.2289036793891
2025-09-11 20:19:16,397 [DEBUG] Truck: Time:<81.09668822820174> Truck:[XHTruck26] Start moving to ORDER(2):NorthPitMine-LoadSite3, move distance is 2.98, speed: 25
2025-09-11 20:19:16,397 [INFO] Truck: Time:<76> Truck:[XHTruck26] breakdown for 8.740720397375796 minutes at 76
2025-09-11 20:19:16,397 [INFO] Truck: Time:<81.4498257266881> Truck:[XHTruck14] Arrived at NorthPitMine-LoadSite4 at 81.4498257266881
2025-09-11 20:19:16,397 [INFO] Truck: Time:<81.51286191053434> Truck:[XHTruck22] Finish unloading at dumper NorthPitMine-DumpSite2-点位0, dumper tons is 758.1808313362549
2025-09-11 20:19:16,398 [DEBUG] Truck: Time:<81.51286191053434> Truck:[XHTruck22] Start moving to ORDER(4):NorthPitMine-LoadSite5, move distance is 5.59, speed: 25
2025-09-11 20:19:16,398 [INFO] Truck: Time:<80> Truck:[XHTruck22] breakdown for 7.353889009714506 minutes at 80
2025-09-11 20:19:16,398 [INFO] Truck: Time:<81.58305459577531> Truck:[XHTruck32] Finish unloading at dumper NorthPitMine-DumpSite1-点位1, dumper tons is 426.12554664998436
2025-09-11 20:19:16,398 [DEBUG] Truck: Time:<81.58305459577531> Truck:[XHTruck32] Start moving to ORDER(2):NorthPitMine-LoadSite3, move distance is 2.98, speed: 25
2025-09-11 20:19:16,398 [INFO] Truck: Time:<81.58305459577531> Truck:[XHTruck32] is facing 3.2390715446884015 mins delay caused by 3 pre-existing jam events on Road from NorthPitMine-DumpSite1 to NorthPitMine-LoadSite3
2025-09-11 20:19:16,399 [INFO] Truck: Time:<81.59082371072624> Truck:[CLTruck15] Finish loading at shovel NorthPitMine-LoadSite3-Shovel-1
2025-09-11 20:19:16,400 [DEBUG] Truck: Time:<81.59082371072624> Truck:[CLTruck15] Start moving to ORDER(4): NorthPitMine-DumpSite5, move distance is 1.86, speed: 25
2025-09-11 20:19:16,400 [INFO] Truck: Time:<64> Truck:[CLTruck15] breakdown for 11.746103869589122 minutes at 64
2025-09-11 20:19:16,400 [INFO] Truck: Time:<81.59082371072624> Truck:[CLTruck13] Start loading at shovel NorthPitMine-LoadSite3-Shovel-1, load time is 2.5836614173228347
2025-09-11 20:19:16,400 [INFO] Truck: Time:<81.75822222222223> Truck:[XHTruck9] Finish loading at shovel NorthPitMine-LoadSite3-Shovel-2
2025-09-11 20:19:16,400 [INFO] Truck: Time:<81.75822222222223> Truck:[XHTruck15] Finish loading at shovel NorthPitMine-LoadSite3-Shovel-3
2025-09-11 20:19:16,400 [DEBUG] Truck: Time:<81.75822222222223> Truck:[XHTruck9] Start moving to ORDER(4): NorthPitMine-DumpSite5, move distance is 1.86, speed: 25
2025-09-11 20:19:16,400 [INFO] Truck: Time:<70> Truck:[XHTruck9] breakdown for 10.936792152527469 minutes at 70
2025-09-11 20:19:16,400 [DEBUG] Truck: Time:<81.75822222222223> Truck:[XHTruck15] Start moving to ORDER(4): NorthPitMine-DumpSite5, move distance is 1.86, speed: 25
2025-09-11 20:19:16,400 [INFO] Truck: Time:<60> Truck:[XHTruck15] breakdown for 9.89342672386615 minutes at 60
2025-09-11 20:19:16,400 [INFO] Truck: Time:<81.75822222222223> Truck:[XHTruck27] Start loading at shovel NorthPitMine-LoadSite3-Shovel-2, load time is 24.444444444444443
2025-09-11 20:19:16,400 [INFO] Truck: Time:<81.75822222222223> Truck:[XHTruck31] Start loading at shovel NorthPitMine-LoadSite3-Shovel-3, load time is 24.444444444444443
2025-09-11 20:19:16,400 [INFO] Truck: Time:<81.77720048404349> Truck:[XHTruck17] Finish unloading at dumper NorthPitMine-DumpSite2-点位1, dumper tons is 192.19055836877658
2025-09-11 20:19:16,403 [INFO] Road: [RoadEvent] Road from NorthPitMine-DumpSite2 to NorthPitMine-LoadSite5 is in repair，the repair will last for 43.94 mins, and will end at 125.72, vehicle on this road will have to suffer punish_distance.
2025-09-11 20:19:16,403 [DEBUG] Truck: Time:<81.77720048404349> Truck:[XHTruck17] Start moving to ORDER(4):NorthPitMine-LoadSite5, move distance is 6.915889452784458, speed: 25
2025-09-11 20:19:16,403 [INFO] Truck: Time:<80> Truck:[XHTruck17] breakdown for 9.163711474366137 minutes at 80
2025-09-11 20:19:16,403 [INFO] Truck: Time:<81.78294487185907> Truck:[OfficalTruck3] is facing 9.409006595839518 mins delay caused by 4 pre-existing jam events on Road from NorthPitMine-DumpSite5 to NorthPitMine-LoadSite4
2025-09-11 20:19:16,404 [INFO] Truck: Time:<81.8566265467748> Truck:[OfficalTruck1] is facing 6.858669041214391 mins delay caused by 1 pre-existing jam events on Road from NorthPitMine-LoadSite4 to NorthPitMine-DumpSite2
2025-09-11 20:19:16,404 [INFO] Truck: Time:<81.92079321094666> Truck:[XHTruck2] is facing 0 mins delay caused by 1 pre-existing jam events on Road from NorthPitMine-LoadSite3 to NorthPitMine-DumpSite5
2025-09-11 20:19:16,404 [INFO] Truck: Time:<81.9723942650404> Truck:[XHTruck7] Finish unloading at dumper NorthPitMine-DumpSite5-点位0, dumper tons is 1065.6001048975772
2025-09-11 20:19:16,405 [DEBUG] Truck: Time:<81.9723942650404> Truck:[XHTruck7] Start moving to ORDER(3):NorthPitMine-LoadSite4, move distance is 5.34, speed: 25
2025-09-11 20:19:16,405 [INFO] Truck: Time:<81.9723942650404> Truck:[XHTruck7] is facing 9.03010780947685 mins delay caused by 4 pre-existing jam events on Road from NorthPitMine-DumpSite5 to NorthPitMine-LoadSite4
2025-09-11 20:19:16,405 [INFO] Truck: Time:<81.97694418753734> Truck:[OfficalTruck8] Finish loading at shovel NorthPitMine-LoadSite4-Shovel-1
2025-09-11 20:19:16,406 [DEBUG] Truck: Time:<81.97694418753734> Truck:[OfficalTruck8] Start moving to ORDER(1): NorthPitMine-DumpSite2, move distance is 1.17, speed: 25
2025-09-11 20:19:16,406 [INFO] Truck: Time:<69> Truck:[OfficalTruck8] breakdown for 12.283620818481232 minutes at 69
2025-09-11 20:19:16,406 [INFO] Truck: Time:<81.97694418753734> Truck:[CLTruck3] Start loading at shovel NorthPitMine-LoadSite4-Shovel-1, load time is 2.5836614173228347
2025-09-11 20:19:16,410 [INFO] Truck: Time:<82.01569927471523> Truck:[OfficalTruck2] Arrived at NorthPitMine-LoadSite4 at 82.01569927471523
2025-09-11 20:19:16,410 [INFO] Truck: Time:<82.35053407948048> Truck:[CLTruck8] Arrived at NorthPitMine-LoadSite3 at 82.35053407948048
2025-09-11 20:19:16,411 [INFO] Truck: Time:<82.81927820042291> Truck:[CLTruck21] is facing 10.537796470950267 mins delay caused by 5 pre-existing jam events on Road from NorthPitMine-DumpSite5 to NorthPitMine-LoadSite4
2025-09-11 20:19:16,411 [INFO] Truck: Time:<82.82727441900599> Truck:[CLTruck6] Arrived at NorthPitMine-LoadSite3 at 82.82727441900599
2025-09-11 20:19:16,413 [INFO] Truck: Time:<83.30011210053979> Truck:[CLTruck2] Arrived at NorthPitMine-LoadSite4 at 83.30011210053979
2025-09-11 20:19:16,414 [INFO] Truck: Time:<83.37334853251032> Truck:[CLTruck29] is facing 6.162425103057867 mins delay caused by 1 pre-existing jam events on Road from NorthPitMine-LoadSite4 to NorthPitMine-DumpSite2
2025-09-11 20:19:16,414 [INFO] Truck: Time:<83.51795805273674> Truck:[XHTruck23] Arrived at NorthPitMine-LoadSite4 at 83.51795805273674
2025-09-11 20:19:16,414 [INFO] Truck: Time:<83.57445759338924> Truck:[XHTruck25] is facing 5.961316042178947 mins delay caused by 1 pre-existing jam events on Road from NorthPitMine-LoadSite4 to NorthPitMine-DumpSite2
2025-09-11 20:19:16,414 [INFO] Truck: Time:<83.78926702912344> Truck:[CLTruck16] Arrived at NorthPitMine-LoadSite4 at 83.78926702912344
2025-09-11 20:19:16,414 [INFO] Truck: Time:<83.80129792905757> Truck:[OfficalTruck7] is facing 0 mins delay caused by 2 pre-existing jam events on Road from NorthPitMine-LoadSite5 to NorthPitMine-DumpSite1
2025-09-11 20:19:16,414 [INFO] Truck: Time:<83.81851557258749> Truck:[XHTruck28] is facing 0 mins delay caused by 1 pre-existing jam events on Road from NorthPitMine-DumpSite1 to NorthPitMine-LoadSite3
2025-09-11 20:19:16,414 [INFO] Truck: Time:<83.94638768760385> Truck:[OfficalTruck9] Arrived at NorthPitMine-LoadSite4 at 83.94638768760385
2025-09-11 20:19:16,418 [INFO] Truck: Time:<84.00656590188822> Truck:[XHTruck8] Arrived at NorthPitMine-LoadSite3 at 84.00656590188822
2025-09-11 20:19:16,418 [INFO] Truck: Time:<84.17448512804907> Truck:[CLTruck13] Finish loading at shovel NorthPitMine-LoadSite3-Shovel-1
2025-09-11 20:19:16,419 [DEBUG] Truck: Time:<84.17448512804907> Truck:[CLTruck13] Start moving to ORDER(4): NorthPitMine-DumpSite5, move distance is 1.86, speed: 25
2025-09-11 20:19:16,419 [INFO] Truck: Time:<61> Truck:[CLTruck13] breakdown for 6.656350009515806 minutes at 61
2025-09-11 20:19:16,420 [INFO] Truck: Time:<84.17448512804907> Truck:[XHTruck24] Start loading at shovel NorthPitMine-LoadSite3-Shovel-1, load time is 4.060039370078741
2025-09-11 20:19:16,420 [INFO] Truck: Time:<84.46187656546017> Truck:[XHTruck5] Arrived at NorthPitMine-LoadSite3 at 84.46187656546017
2025-09-11 20:19:16,420 [INFO] Truck: Time:<84.56060560486017> Truck:[CLTruck3] Finish loading at shovel NorthPitMine-LoadSite4-Shovel-1
2025-09-11 20:19:16,421 [DEBUG] Truck: Time:<84.56060560486017> Truck:[CLTruck3] Start moving to ORDER(1): NorthPitMine-DumpSite2, move distance is 1.17, speed: 25
2025-09-11 20:19:16,421 [INFO] Truck: Time:<84.56060560486017> Truck:[CLTruck3] is facing 11.609615843482647 mins delay caused by 2 pre-existing jam events on Road from NorthPitMine-LoadSite4 to NorthPitMine-DumpSite2
2025-09-11 20:19:16,421 [INFO] Truck: Time:<84.56060560486017> Truck:[OfficalTruck2] Start loading at shovel NorthPitMine-LoadSite4-Shovel-1, load time is 5.684055118110236
2025-09-11 20:19:16,421 [INFO] Truck: Time:<84.68281044252366> Truck:[CLTruck20] is facing 6.369267951166126 mins delay caused by 6 pre-existing jam events on Road from NorthPitMine-DumpSite5 to NorthPitMine-LoadSite4
2025-09-11 20:19:16,421 [DEBUG] Truck: Time:<84.7475075218375> Truck:[XHTruck11] Arrived at NorthPitMine-DumpSite5 at 84.7475075218375
2025-09-11 20:19:16,424 [INFO] Truck: Time:<85.08783571910976> Truck:[CLTruck27] is facing 10.555155614983466 mins delay caused by 2 pre-existing jam events on Road from NorthPitMine-LoadSite4 to NorthPitMine-DumpSite2
2025-09-11 20:19:16,425 [INFO] Truck: Time:<85.09583030682396> Truck:[CLTruck26] Arrived at NorthPitMine-LoadSite4 at 85.09583030682396
2025-09-11 20:19:16,425 [INFO] Truck: Time:<85.424> Truck:[XHTruck30] Finish loading at shovel NorthPitMine-LoadSite4-Shovel-2
2025-09-11 20:19:16,425 [INFO] Truck: Time:<85.424> Truck:[XHTruck19] Finish loading at shovel NorthPitMine-LoadSite4-Shovel-3
2025-09-11 20:19:16,426 [DEBUG] Truck: Time:<85.424> Truck:[XHTruck30] Start moving to ORDER(1): NorthPitMine-DumpSite2, move distance is 1.17, speed: 25
2025-09-11 20:19:16,426 [INFO] Truck: Time:<69> Truck:[XHTruck30] breakdown for 9.349062325181603 minutes at 69
2025-09-11 20:19:16,427 [DEBUG] Truck: Time:<85.424> Truck:[XHTruck19] Start moving to ORDER(1): NorthPitMine-DumpSite2, move distance is 1.17, speed: 25
2025-09-11 20:19:16,427 [INFO] Truck: Time:<67> Truck:[XHTruck19] breakdown for 5.424746692740231 minutes at 67
2025-09-11 20:19:16,427 [INFO] Truck: Time:<85.424> Truck:[CLTruck9] Start loading at shovel NorthPitMine-LoadSite4-Shovel-2, load time is 15.555555555555555
2025-09-11 20:19:16,428 [INFO] Truck: Time:<85.424> Truck:[XHTruck3] Start loading at shovel NorthPitMine-LoadSite4-Shovel-3, load time is 24.444444444444443
2025-09-11 20:19:16,428 [INFO] Truck: Time:<85.42522662390445> Truck:[CLTruck17] is facing 17.3731172925807 mins delay caused by 7 pre-existing jam events on Road from NorthPitMine-DumpSite5 to NorthPitMine-LoadSite4
2025-09-11 20:19:16,429 [INFO] Truck: Time:<85.7475075218375> Truck:[XHTruck11] Finish unloading at dumper NorthPitMine-DumpSite5-点位0, dumper tons is 1117.4105084695452
2025-09-11 20:19:16,429 [DEBUG] Truck: Time:<85.7475075218375> Truck:[XHTruck11] Start moving to ORDER(3):NorthPitMine-LoadSite4, move distance is 5.34, speed: 25
2025-09-11 20:19:16,429 [INFO] Truck: Time:<80> Truck:[XHTruck11] breakdown for 10.167389580295128 minutes at 80
2025-09-11 20:19:16,430 [DEBUG] Truck: Time:<85.97010734396017> Truck:[CLTruck18] Arrived at NorthPitMine-DumpSite5 at 85.97010734396017
2025-09-11 20:19:16,434 [INFO] Truck: Time:<86.12820486527775> Truck:[XHTruck4] Arrived at NorthPitMine-LoadSite4 at 86.12820486527775
2025-09-11 20:19:16,434 [DEBUG] Truck: Time:<86.38479321094665> Truck:[XHTruck2] Arrived at NorthPitMine-DumpSite5 at 86.38479321094665
2025-09-11 20:19:16,434 [INFO] Truck: Time:<86.97010734396017> Truck:[CLTruck18] Finish unloading at dumper NorthPitMine-DumpSite5-点位0, dumper tons is 1149.301227421912
2025-09-11 20:19:16,435 [DEBUG] Truck: Time:<86.97010734396017> Truck:[CLTruck18] Start moving to ORDER(3):NorthPitMine-LoadSite4, move distance is 5.34, speed: 25
2025-09-11 20:19:16,435 [INFO] Truck: Time:<86.97010734396017> Truck:[CLTruck18] is facing 24.327727985986044 mins delay caused by 7 pre-existing jam events on Road from NorthPitMine-DumpSite5 to NorthPitMine-LoadSite4
2025-09-11 20:19:16,437 [DEBUG] Truck: Time:<87.00378505151025> Truck:[XHTruck16] Arrived at NorthPitMine-DumpSite5 at 87.00378505151025
2025-09-11 20:19:16,437 [INFO] Truck: Time:<87.38479321094665> Truck:[XHTruck2] Finish unloading at dumper NorthPitMine-DumpSite5-点位1, dumper tons is 439.37521901590515
2025-09-11 20:19:16,438 [DEBUG] Truck: Time:<87.38479321094665> Truck:[XHTruck2] Start moving to ORDER(3):NorthPitMine-LoadSite4, move distance is 5.34, speed: 25
2025-09-11 20:19:16,439 [INFO] Truck: Time:<87.38479321094665> Truck:[XHTruck2] is facing 23.08367038502658 mins delay caused by 7 pre-existing jam events on Road from NorthPitMine-DumpSite5 to NorthPitMine-LoadSite4
2025-09-11 20:19:16,439 [INFO] Truck: Time:<87.70074118041151> Truck:[CLTruck7] Arrived at NorthPitMine-LoadSite4 at 87.70074118041151
2025-09-11 20:19:16,439 [INFO] Truck: Time:<88.00378505151025> Truck:[XHTruck16] Finish unloading at dumper NorthPitMine-DumpSite5-点位0, dumper tons is 1198.8979504627814
2025-09-11 20:19:16,439 [DEBUG] Truck: Time:<88.00378505151025> Truck:[XHTruck16] Start moving to ORDER(3):NorthPitMine-LoadSite4, move distance is 5.34, speed: 25
2025-09-11 20:19:16,442 [INFO] Truck: Time:<88.00378505151025> Truck:[XHTruck16] is facing 21.226694863335794 mins delay caused by 6 pre-existing jam events on Road from NorthPitMine-DumpSite5 to NorthPitMine-LoadSite4
2025-09-11 20:19:16,442 [INFO] Truck: Time:<88.23452449812781> Truck:[XHTruck24] Finish loading at shovel NorthPitMine-LoadSite3-Shovel-1
2025-09-11 20:19:16,442 [INFO] Road: [RoadEvent] Road from NorthPitMine-LoadSite3 to NorthPitMine-DumpSite5 is in repair，the repair will last for 57.90 mins, and will end at 146.13, vehicle on this road will have to suffer punish_distance.
2025-09-11 20:19:16,443 [DEBUG] Truck: Time:<88.23452449812781> Truck:[XHTruck24] Start moving to ORDER(4): NorthPitMine-DumpSite5, move distance is 2.181242710834816, speed: 25
2025-09-11 20:19:16,443 [INFO] Truck: Time:<70> Truck:[XHTruck24] breakdown for 9.936796400776922 minutes at 70
2025-09-11 20:19:16,443 [INFO] Truck: Time:<88.23452449812781> Truck:[XHTruck1] Start loading at shovel NorthPitMine-LoadSite3-Shovel-1, load time is 4.060039370078741
2025-09-11 20:19:16,445 [INFO] Truck: Time:<89.2511724706157> Truck:[CLTruck28] Arrived at NorthPitMine-LoadSite3 at 89.2511724706157
2025-09-11 20:19:16,446 [INFO] Truck: Time:<89.60332745967146> Truck:[XHTruck33] Arrived at NorthPitMine-LoadSite4 at 89.60332745967146
2025-09-11 20:19:16,448 [INFO] Truck: Time:<90.24466072297041> Truck:[OfficalTruck2] Finish loading at shovel NorthPitMine-LoadSite4-Shovel-1
2025-09-11 20:19:16,448 [DEBUG] Truck: Time:<90.24466072297041> Truck:[OfficalTruck2] Start moving to ORDER(1): NorthPitMine-DumpSite2, move distance is 1.17, speed: 25
2025-09-11 20:19:16,448 [INFO] Truck: Time:<70> Truck:[OfficalTruck2] breakdown for 10.544483328198107 minutes at 70
2025-09-11 20:19:16,448 [INFO] Truck: Time:<90.24466072297041> Truck:[CLTruck2] Start loading at shovel NorthPitMine-LoadSite4-Shovel-1, load time is 2.5836614173228347
2025-09-11 20:19:16,448 [DEBUG] Truck: Time:<90.2682601355747> Truck:[CLTruck25] Arrived at NorthPitMine-DumpSite5 at 90.2682601355747
2025-09-11 20:19:16,448 [INFO] Truck: Time:<90.29861989176543> Truck:[XHTruck12] Arrived at NorthPitMine-LoadSite3 at 90.29861989176543
2025-09-11 20:19:16,451 [INFO] Truck: Time:<90.32> Truck:[XHTruck29] Finish loading at shovel NorthPitMine-LoadSite2-Shovel-2
2025-09-11 20:19:16,451 [DEBUG] Truck: Time:<90.32> Truck:[XHTruck29] Start moving to ORDER(4): NorthPitMine-DumpSite5, move distance is 3.18, speed: 25
2025-09-11 20:19:16,451 [INFO] Truck: Time:<89> Truck:[XHTruck29] breakdown for 11.147110993866072 minutes at 89
2025-09-11 20:19:16,451 [INFO] Truck: Time:<90.84874669274024> Truck:[XHTruck19] is facing 5.855367073244846 mins delay caused by 3 pre-existing jam events on Road from NorthPitMine-LoadSite4 to NorthPitMine-DumpSite2
2025-09-11 20:19:16,455 [INFO] Truck: Time:<91.2682601355747> Truck:[CLTruck25] Finish unloading at dumper NorthPitMine-DumpSite5-点位0, dumper tons is 1231.821784826425
2025-09-11 20:19:16,456 [DEBUG] Truck: Time:<91.2682601355747> Truck:[CLTruck25] Start moving to ORDER(3):NorthPitMine-LoadSite4, move distance is 5.34, speed: 25
2025-09-11 20:19:16,456 [INFO] Truck: Time:<91.2682601355747> Truck:[CLTruck25] is facing 24.57188284652034 mins delay caused by 6 pre-existing jam events on Road from NorthPitMine-DumpSite5 to NorthPitMine-LoadSite4
2025-09-11 20:19:16,457 [INFO] Truck: Time:<91.86087638733346> Truck:[CLTruck14] Arrived at NorthPitMine-LoadSite4 at 91.86087638733346
2025-09-11 20:19:16,457 [INFO] Truck: Time:<91.97412614046371> Truck:[XHTruck32] Arrived at NorthPitMine-LoadSite3 at 91.97412614046371
2025-09-11 20:19:16,459 [INFO] Truck: Time:<92.29456386820655> Truck:[XHTruck1] Finish loading at shovel NorthPitMine-LoadSite3-Shovel-1
2025-09-11 20:19:16,460 [DEBUG] Truck: Time:<92.29456386820655> Truck:[XHTruck1] Start moving to ORDER(4): NorthPitMine-DumpSite5, move distance is 2.4183561261512825, speed: 25
2025-09-11 20:19:16,460 [INFO] Truck: Time:<92> Truck:[XHTruck1] breakdown for 4.07026333330987 minutes at 92
2025-09-11 20:19:16,460 [INFO] Truck: Time:<92.29456386820655> Truck:[CLTruck8] Start loading at shovel NorthPitMine-LoadSite3-Shovel-1, load time is 2.5836614173228347
2025-09-11 20:19:16,460 [DEBUG] Truck: Time:<92.34377363556818> Truck:[CLTruck29] Arrived at NorthPitMine-DumpSite2 at 92.34377363556818
2025-09-11 20:19:16,460 [DEBUG] Truck: Time:<92.34377363556818> Truck:[XHTruck25] Arrived at NorthPitMine-DumpSite2 at 92.34377363556818
2025-09-11 20:19:16,460 [DEBUG] Truck: Time:<92.3462449549886> Truck:[OfficalTruck1] Arrived at NorthPitMine-DumpSite2 at 92.3462449549886
2025-09-11 20:19:16,460 [INFO] Truck: Time:<92.82832214029324> Truck:[CLTruck2] Finish loading at shovel NorthPitMine-LoadSite4-Shovel-1
2025-09-11 20:19:16,460 [DEBUG] Truck: Time:<92.82832214029324> Truck:[CLTruck2] Start moving to ORDER(1): NorthPitMine-DumpSite2, move distance is 1.17, speed: 25
2025-09-11 20:19:16,460 [INFO] Truck: Time:<82> Truck:[CLTruck2] breakdown for 7.723872285158067 minutes at 82
2025-09-11 20:19:16,460 [INFO] Truck: Time:<92.82832214029324> Truck:[CLTruck16] Start loading at shovel NorthPitMine-LoadSite4-Shovel-1, load time is 2.5836614173228347
2025-09-11 20:19:16,460 [INFO] Truck: Time:<92.91500778317007> Truck:[XHTruck18] Arrived at NorthPitMine-LoadSite3 at 92.91500778317007
2025-09-11 20:19:16,460 [INFO] Truck: Time:<92.95693625976317> Truck:[XHTruck20] Arrived at NorthPitMine-LoadSite3 at 92.95693625976317
2025-09-11 20:19:16,464 [INFO] Truck: Time:<93.12902962793487> Truck:[XHTruck13] Arrived at NorthPitMine-LoadSite3 at 93.12902962793487
2025-09-11 20:19:16,464 [INFO] Truck: Time:<93.34377363556818> Truck:[CLTruck29] Finish unloading at dumper NorthPitMine-DumpSite2-点位0, dumper tons is 794.640702232246
2025-09-11 20:19:16,464 [INFO] Truck: Time:<93.34377363556818> Truck:[XHTruck25] Finish unloading at dumper NorthPitMine-DumpSite2-点位1, dumper tons is 248.15012038327177
2025-09-11 20:19:16,464 [DEBUG] Truck: Time:<93.34377363556818> Truck:[CLTruck29] Start moving to ORDER(4):NorthPitMine-LoadSite5, move distance is 8.60746457267532, speed: 25
2025-09-11 20:19:16,465 [DEBUG] Truck: Time:<93.34377363556818> Truck:[XHTruck25] Start moving to ORDER(4):NorthPitMine-LoadSite5, move distance is 8.787302627925992, speed: 25
2025-09-11 20:19:16,465 [INFO] Truck: Time:<93.3462449549886> Truck:[OfficalTruck1] Finish unloading at dumper NorthPitMine-DumpSite2-点位2, dumper tons is 115.54156448792575
2025-09-11 20:19:16,466 [DEBUG] Truck: Time:<93.3462449549886> Truck:[OfficalTruck1] Start moving to ORDER(4):NorthPitMine-LoadSite5, move distance is 7.6776527711131415, speed: 25
2025-09-11 20:19:16,466 [INFO] Truck: Time:<93.39354913517256> Truck:[XHTruck28] Arrived at NorthPitMine-LoadSite3 at 93.39354913517256
2025-09-11 20:19:16,467 [INFO] Truck: Time:<93.76443984110057> Truck:[CLTruck24] is facing 22.0041104220347 mins delay caused by 6 pre-existing jam events on Road from NorthPitMine-DumpSite5 to NorthPitMine-LoadSite4
2025-09-11 20:19:16,469 [INFO] Truck: Time:<94.26056500601857> Truck:[OfficalTruck8] is facing 2.0972420350719467 mins delay caused by 1 pre-existing jam events on Road from NorthPitMine-LoadSite4 to NorthPitMine-DumpSite2
2025-09-11 20:19:16,469 [INFO] Truck: Time:<94.33140583887536> Truck:[CLTruck11] is facing 2.0264012022151583 mins delay caused by 1 pre-existing jam events on Road from NorthPitMine-LoadSite4 to NorthPitMine-DumpSite2
2025-09-11 20:19:16,469 [INFO] Truck: Time:<94.77306232518161> Truck:[XHTruck30] is facing 1.5847447159089008 mins delay caused by 1 pre-existing jam events on Road from NorthPitMine-LoadSite4 to NorthPitMine-DumpSite2
2025-09-11 20:19:16,469 [INFO] Truck: Time:<94.87822528552938> Truck:[CLTruck8] Finish loading at shovel NorthPitMine-LoadSite3-Shovel-1
2025-09-11 20:19:16,469 [DEBUG] Truck: Time:<94.87822528552938> Truck:[CLTruck8] Start moving to ORDER(4): NorthPitMine-DumpSite5, move distance is 2.894798364519271, speed: 25
2025-09-11 20:19:16,469 [INFO] Truck: Time:<92> Truck:[CLTruck8] breakdown for 7.139196186211884 minutes at 92
2025-09-11 20:19:16,469 [INFO] Truck: Time:<94.87822528552938> Truck:[XHTruck5] Start loading at shovel NorthPitMine-LoadSite3-Shovel-1, load time is 4.060039370078741
2025-09-11 20:19:16,473 [INFO] Truck: Time:<95.20177777777778> Truck:[OfficalTruck5] Finish loading at shovel NorthPitMine-LoadSite4-Shovel-4
2025-09-11 20:19:16,473 [DEBUG] Truck: Time:<95.20177777777778> Truck:[OfficalTruck5] Start moving to ORDER(1): NorthPitMine-DumpSite2, move distance is 1.17, speed: 25
2025-09-11 20:19:16,474 [INFO] Truck: Time:<94> Truck:[OfficalTruck5] breakdown for 11.013241716631317 minutes at 94
2025-09-11 20:19:16,474 [INFO] Truck: Time:<95.20177777777778> Truck:[CLTruck1] Start loading at shovel NorthPitMine-LoadSite4-Shovel-4, load time is 15.555555555555555
2025-09-11 20:19:16,474 [DEBUG] Truck: Time:<95.29483513756487> Truck:[CLTruck13] Arrived at NorthPitMine-DumpSite5 at 95.29483513756487
2025-09-11 20:19:16,474 [INFO] Truck: Time:<95.41198355761607> Truck:[CLTruck16] Finish loading at shovel NorthPitMine-LoadSite4-Shovel-1
2025-09-11 20:19:16,475 [INFO] Truck: Time:<95.41198355761607> Shovel NorthPitMine-LoadSite4-Shovel-1 under maintenance for 47.29 minutes
2025-09-11 20:19:16,475 [INFO] Truck: Time:<95.91489710213263> Truck:[XHTruck11] is facing 13.402281377906462 mins delay caused by 5 pre-existing jam events on Road from NorthPitMine-DumpSite5 to NorthPitMine-LoadSite4
2025-09-11 20:19:16,477 [DEBUG] Truck: Time:<96.11564894608838> Truck:[XHTruck15] Arrived at NorthPitMine-DumpSite5 at 96.11564894608838
2025-09-11 20:19:16,477 [INFO] Truck: Time:<96.29483513756487> Truck:[CLTruck13] Finish unloading at dumper NorthPitMine-DumpSite5-点位0, dumper tons is 1264.737287633159
2025-09-11 20:19:16,478 [DEBUG] Truck: Time:<96.29483513756487> Truck:[CLTruck13] Start moving to ORDER(3):NorthPitMine-LoadSite4, move distance is 5.34, speed: 25
2025-09-11 20:19:16,478 [INFO] Truck: Time:<96.29483513756487> Truck:[CLTruck13] is facing 11.882529236177476 mins delay caused by 5 pre-existing jam events on Road from NorthPitMine-DumpSite5 to NorthPitMine-LoadSite4
2025-09-11 20:19:16,478 [INFO] Truck: Time:<96.98940862557754> Truck:[XHTruck26] Arrived at NorthPitMine-LoadSite3 at 96.98940862557754
2025-09-11 20:19:16,481 [INFO] Truck: Time:<97.11564894608838> Truck:[XHTruck15] Finish unloading at dumper NorthPitMine-DumpSite5-点位1, dumper tons is 495.63583006785
2025-09-11 20:19:16,481 [DEBUG] Truck: Time:<97.11564894608838> Truck:[XHTruck15] Start moving to ORDER(3):NorthPitMine-LoadSite4, move distance is 5.34, speed: 25
2025-09-11 20:19:16,481 [INFO] Truck: Time:<97.11564894608838> Truck:[XHTruck15] is facing 8.599274002083433 mins delay caused by 5 pre-existing jam events on Road from NorthPitMine-DumpSite5 to NorthPitMine-LoadSite4
2025-09-11 20:19:16,481 [DEBUG] Truck: Time:<97.1590143747497> Truck:[XHTruck9] Arrived at NorthPitMine-DumpSite5 at 97.1590143747497
2025-09-11 20:19:16,481 [DEBUG] Truck: Time:<97.80092758031536> Truck:[CLTruck15] Arrived at NorthPitMine-DumpSite5 at 97.80092758031536
2025-09-11 20:19:16,487 [INFO] Truck: Time:<98.1590143747497> Truck:[XHTruck9] Finish unloading at dumper NorthPitMine-DumpSite5-点位0, dumper tons is 1319.8322829512147
2025-09-11 20:19:16,487 [DEBUG] Truck: Time:<98.1590143747497> Truck:[XHTruck9] Start moving to ORDER(3):NorthPitMine-LoadSite4, move distance is 5.34, speed: 25
2025-09-11 20:19:16,487 [INFO] Truck: Time:<94> Truck:[XHTruck9] breakdown for 9.052943710455887 minutes at 94
2025-09-11 20:19:16,490 [DEBUG] Truck: Time:<98.45099133409323> Truck:[CLTruck27] Arrived at NorthPitMine-DumpSite2 at 98.45099133409323
2025-09-11 20:19:16,490 [INFO] Truck: Time:<98.80092758031536> Truck:[CLTruck15] Finish unloading at dumper NorthPitMine-DumpSite5-点位1, dumper tons is 529.7621562072685
2025-09-11 20:19:16,490 [DEBUG] Truck: Time:<98.80092758031536> Truck:[CLTruck15] Start moving to ORDER(3):NorthPitMine-LoadSite4, move distance is 5.34, speed: 25
2025-09-11 20:19:16,490 [INFO] Truck: Time:<98.80092758031536> Truck:[CLTruck15] is facing 5.813132231207551 mins delay caused by 5 pre-existing jam events on Road from NorthPitMine-DumpSite5 to NorthPitMine-LoadSite4
2025-09-11 20:19:16,491 [INFO] Truck: Time:<98.93826465560812> Truck:[XHTruck5] Finish loading at shovel NorthPitMine-LoadSite3-Shovel-1
2025-09-11 20:19:16,491 [DEBUG] Truck: Time:<98.93826465560812> Truck:[XHTruck5] Start moving to ORDER(4): NorthPitMine-DumpSite5, move distance is 2.5728840061408236, speed: 25
2025-09-11 20:19:16,492 [INFO] Truck: Time:<74> Truck:[XHTruck5] breakdown for 8.250359101829561 minutes at 74
2025-09-11 20:19:16,492 [INFO] Truck: Time:<98.93826465560812> Truck:[CLTruck28] Start loading at shovel NorthPitMine-LoadSite3-Shovel-1, load time is 2.5836614173228347
2025-09-11 20:19:16,492 [DEBUG] Truck: Time:<98.97822144834282> Truck:[CLTruck3] Arrived at NorthPitMine-DumpSite2 at 98.97822144834282
2025-09-11 20:19:16,496 [DEBUG] Truck: Time:<99.16580704109052> Truck:[OfficalTruck8] Arrived at NorthPitMine-DumpSite2 at 99.16580704109052
2025-09-11 20:19:16,497 [DEBUG] Truck: Time:<99.16580704109052> Truck:[CLTruck11] Arrived at NorthPitMine-DumpSite2 at 99.16580704109052
2025-09-11 20:19:16,497 [DEBUG] Truck: Time:<99.16580704109052> Truck:[XHTruck30] Arrived at NorthPitMine-DumpSite2 at 99.16580704109052
2025-09-11 20:19:16,497 [INFO] Truck: Time:<99.45099133409323> Truck:[CLTruck27] Finish unloading at dumper NorthPitMine-DumpSite2-点位0, dumper tons is 829.5713037268785
2025-09-11 20:19:16,497 [DEBUG] Truck: Time:<99.45099133409323> Truck:[CLTruck27] Start moving to ORDER(4):NorthPitMine-LoadSite5, move distance is 7.420935529014516, speed: 25
2025-09-11 20:19:16,497 [INFO] Truck: Time:<88> Truck:[CLTruck27] breakdown for 7.543979949122606 minutes at 88
2025-09-11 20:19:16,497 [DEBUG] Truck: Time:<99.51211376598508> Truck:[XHTruck19] Arrived at NorthPitMine-DumpSite2 at 99.51211376598508
2025-09-11 20:19:16,499 [INFO] Truck: Time:<99.97822144834282> Truck:[CLTruck3] Finish unloading at dumper NorthPitMine-DumpSite2-点位1, dumper tons is 280.21788955240265
2025-09-11 20:19:16,499 [DEBUG] Truck: Time:<99.97822144834282> Truck:[CLTruck3] Start moving to ORDER(4):NorthPitMine-LoadSite5, move distance is 8.000436349719097, speed: 25
2025-09-11 20:19:16,499 [INFO] Truck: Time:<94> Truck:[CLTruck3] breakdown for 5.278093676363715 minutes at 94
2025-09-11 20:19:16,499 [INFO] Truck: Time:<100.16580704109052> Truck:[OfficalTruck8] Finish unloading at dumper NorthPitMine-DumpSite2-点位2, dumper tons is 190.84697224867705
2025-09-11 20:19:16,499 [INFO] Truck: Time:<100.16580704109052> Truck:[CLTruck11] Finish unloading at dumper NorthPitMine-DumpSite2-点位3, dumper tons is 37.972447855594766
2025-09-11 20:19:16,499 [INFO] Truck: Time:<100.16580704109052> Truck:[XHTruck30] Finish unloading at dumper NorthPitMine-DumpSite2-点位4, dumper tons is 57.832859683126294
2025-09-11 20:19:16,502 [DEBUG] Truck: Time:<100.16580704109052> Truck:[OfficalTruck8] Start moving to ORDER(4):NorthPitMine-LoadSite5, move distance is 8.018115787982895, speed: 25
2025-09-11 20:19:16,502 [INFO] Truck: Time:<100.16580704109052> Truck:[OfficalTruck8] is facing 0 mins delay caused by 2 pre-existing jam events on Road from NorthPitMine-DumpSite2 to NorthPitMine-LoadSite5
2025-09-11 20:19:16,503 [DEBUG] Truck: Time:<100.16580704109052> Truck:[CLTruck11] Start moving to ORDER(4):NorthPitMine-LoadSite5, move distance is 8.318699465722098, speed: 25
2025-09-11 20:19:16,503 [INFO] Truck: Time:<100.16580704109052> Truck:[CLTruck11] is facing 0 mins delay caused by 2 pre-existing jam events on Road from NorthPitMine-DumpSite2 to NorthPitMine-LoadSite5
2025-09-11 20:19:16,504 [DEBUG] Truck: Time:<100.16580704109052> Truck:[XHTruck30] Start moving to ORDER(4):NorthPitMine-LoadSite5, move distance is 7.846310040261311, speed: 25
2025-09-11 20:19:16,504 [INFO] Truck: Time:<96> Truck:[XHTruck30] breakdown for 11.155237054821558 minutes at 96
2025-09-11 20:19:16,504 [INFO] Truck: Time:<100.51211376598508> Truck:[XHTruck19] Finish unloading at dumper NorthPitMine-DumpSite2-点位0, dumper tons is 882.9899182637695
2025-09-11 20:19:16,505 [DEBUG] Truck: Time:<100.51211376598508> Truck:[XHTruck19] Start moving to ORDER(4):NorthPitMine-LoadSite5, move distance is 6.567862945353249, speed: 25
2025-09-11 20:19:16,505 [INFO] Truck: Time:<92> Truck:[XHTruck19] breakdown for 14.811450617369854 minutes at 92
2025-09-11 20:19:16,505 [INFO] Truck: Time:<100.5521944254513> Truck:[CLTruck2] is facing 19.721897667662404 mins delay caused by 3 pre-existing jam events on Road from NorthPitMine-LoadSite4 to NorthPitMine-DumpSite2
2025-09-11 20:19:16,505 [INFO] Truck: Time:<100.78914405116852> Truck:[OfficalTruck2] is facing 19.011048790510756 mins delay caused by 3 pre-existing jam events on Road from NorthPitMine-LoadSite4 to NorthPitMine-DumpSite2
2025-09-11 20:19:16,505 [INFO] Truck: Time:<100.97955555555556> Truck:[CLTruck9] Finish loading at shovel NorthPitMine-LoadSite4-Shovel-2
2025-09-11 20:19:16,506 [DEBUG] Truck: Time:<100.97955555555556> Truck:[CLTruck9] Start moving to ORDER(1): NorthPitMine-DumpSite2, move distance is 1.17, speed: 25
2025-09-11 20:19:16,506 [INFO] Truck: Time:<82> Truck:[CLTruck9] breakdown for 5.94673184520664 minutes at 82
2025-09-11 20:19:16,506 [INFO] Truck: Time:<100.97955555555556> Truck:[CLTruck10] Start loading at shovel NorthPitMine-LoadSite4-Shovel-2, load time is 15.555555555555555
2025-09-11 20:19:16,509 [DEBUG] Truck: Time:<101.22803758331034> Truck:[OfficalTruck7] Arrived at NorthPitMine-DumpSite1 at 101.22803758331034
2025-09-11 20:19:16,509 [INFO] Truck: Time:<101.52192607293095> Truck:[CLTruck28] Finish loading at shovel NorthPitMine-LoadSite3-Shovel-1
2025-09-11 20:19:16,511 [DEBUG] Truck: Time:<101.52192607293095> Truck:[CLTruck28] Start moving to ORDER(4): NorthPitMine-DumpSite5, move distance is 3.182057133162444, speed: 25
2025-09-11 20:19:16,511 [INFO] Truck: Time:<101.52192607293095> Truck:[CLTruck28] is facing 2.1777489968136994 mins delay caused by 1 pre-existing jam events on Road from NorthPitMine-LoadSite3 to NorthPitMine-DumpSite5
2025-09-11 20:19:16,511 [INFO] Truck: Time:<101.52192607293095> Truck:[XHTruck12] Start loading at shovel NorthPitMine-LoadSite3-Shovel-1, load time is 4.060039370078741
2025-09-11 20:19:16,515 [INFO] Truck: Time:<102.01742147174127> Truck:[CLTruck8] is facing 2.3495910857582114 mins delay caused by 1 pre-existing jam events on Road from NorthPitMine-LoadSite3 to NorthPitMine-DumpSite5
2025-09-11 20:19:16,515 [DEBUG] Truck: Time:<102.1688819042795> Truck:[XHTruck1] Arrived at NorthPitMine-DumpSite5 at 102.1688819042795
2025-09-11 20:19:16,516 [INFO] Truck: Time:<102.22803758331034> Truck:[OfficalTruck7] Finish unloading at dumper NorthPitMine-DumpSite1-点位0, dumper tons is 860.9299661607631
2025-09-11 20:19:16,516 [DEBUG] Truck: Time:<102.22803758331034> Truck:[OfficalTruck7] Start moving to ORDER(3):NorthPitMine-LoadSite4, move distance is 3.41, speed: 25
2025-09-11 20:19:16,517 [INFO] Truck: Time:<90> Truck:[OfficalTruck7] breakdown for 10.924203226770732 minutes at 90
2025-09-11 20:19:16,517 [INFO] Truck: Time:<102.28275092024884> Truck:[XHTruck22] Arrived at NorthPitMine-LoadSite5 at 102.28275092024884
2025-09-11 20:19:16,517 [INFO] Truck: Time:<102.28275092024884> Truck:[XHTruck22] Start loading at shovel NorthPitMine-LoadSite5-Shovel-1, load time is 4.060039370078741
2025-09-11 20:19:16,518 [INFO] Truck: Time:<102.53015410355209> Truck:[CLTruck5] Arrived at NorthPitMine-LoadSite4 at 102.53015410355209
2025-09-11 20:19:16,518 [INFO] Truck: Time:<102.53015410355209> Truck:[XHTruck21] Arrived at NorthPitMine-LoadSite4 at 102.53015410355209
2025-09-11 20:19:16,521 [INFO] Truck: Time:<103.1688819042795> Truck:[XHTruck1] Finish unloading at dumper NorthPitMine-DumpSite5-点位0, dumper tons is 1377.0098474247973
2025-09-11 20:19:16,522 [DEBUG] Truck: Time:<103.1688819042795> Truck:[XHTruck1] Start moving to ORDER(3):NorthPitMine-LoadSite4, move distance is 5.34, speed: 25
2025-09-11 20:19:16,522 [INFO] Truck: Time:<103.1688819042795> Truck:[XHTruck1] is facing 10.895617796512985 mins delay caused by 7 pre-existing jam events on Road from NorthPitMine-DumpSite5 to NorthPitMine-LoadSite4
2025-09-11 20:19:16,523 [DEBUG] Truck: Time:<103.4063034049083> Truck:[XHTruck24] Arrived at NorthPitMine-DumpSite5 at 103.4063034049083
2025-09-11 20:19:16,523 [INFO] Truck: Time:<103.81850207451726> Truck:[XHTruck7] Arrived at NorthPitMine-LoadSite4 at 103.81850207451726
2025-09-11 20:19:16,523 [INFO] Truck: Time:<103.86807839368979> Truck:[CLTruck20] Arrived at NorthPitMine-LoadSite4 at 103.86807839368979
2025-09-11 20:19:16,527 [INFO] Truck: Time:<104.00795146769859> Truck:[OfficalTruck3] Arrived at NorthPitMine-LoadSite4 at 104.00795146769859
2025-09-11 20:19:16,527 [INFO] Truck: Time:<104.4063034049083> Truck:[XHTruck24] Finish unloading at dumper NorthPitMine-DumpSite5-点位0, dumper tons is 1431.358407418239
2025-09-11 20:19:16,527 [DEBUG] Truck: Time:<104.4063034049083> Truck:[XHTruck24] Start moving to ORDER(3):NorthPitMine-LoadSite4, move distance is 5.34, speed: 25
2025-09-11 20:19:16,527 [INFO] Truck: Time:<99> Truck:[XHTruck24] breakdown for 10.117836576653337 minutes at 99
2025-09-11 20:19:16,532 [INFO] Truck: Time:<105.25631512470653> Truck:[CLTruck3] is facing 0 mins delay caused by 2 pre-existing jam events on Road from NorthPitMine-DumpSite2 to NorthPitMine-LoadSite5
2025-09-11 20:19:16,533 [INFO] Truck: Time:<105.37733654855857> Truck:[CLTruck19] Arrived at NorthPitMine-LoadSite4 at 105.37733654855857
2025-09-11 20:19:16,533 [INFO] Truck: Time:<105.5819654430097> Truck:[XHTruck12] Finish loading at shovel NorthPitMine-LoadSite3-Shovel-1
2025-09-11 20:19:16,534 [DEBUG] Truck: Time:<105.5819654430097> Truck:[XHTruck12] Start moving to ORDER(4): NorthPitMine-DumpSite5, move distance is 2.7276299135173416, speed: 25
2025-09-11 20:19:16,534 [INFO] Truck: Time:<105.5819654430097> Truck:[XHTruck12] is facing 0 mins delay caused by 1 pre-existing jam events on Road from NorthPitMine-LoadSite3 to NorthPitMine-DumpSite5
2025-09-11 20:19:16,534 [INFO] Truck: Time:<105.5819654430097> Truck:[XHTruck18] Start loading at shovel NorthPitMine-LoadSite3-Shovel-1, load time is 4.060039370078741
2025-09-11 20:19:16,537 [INFO] Truck: Time:<106.17307467137317> Truck:[CLTruck21] Arrived at NorthPitMine-LoadSite4 at 106.17307467137317
2025-09-11 20:19:16,537 [INFO] Truck: Time:<106.20266666666667> Truck:[XHTruck27] Finish loading at shovel NorthPitMine-LoadSite3-Shovel-2
2025-09-11 20:19:16,537 [INFO] Truck: Time:<106.20266666666667> Truck:[XHTruck31] Finish loading at shovel NorthPitMine-LoadSite3-Shovel-3
2025-09-11 20:19:16,538 [DEBUG] Truck: Time:<106.20266666666667> Truck:[XHTruck27] Start moving to ORDER(4): NorthPitMine-DumpSite5, move distance is 2.7503693530559308, speed: 25
2025-09-11 20:19:16,538 [INFO] Truck: Time:<94> Truck:[XHTruck27] breakdown for 8.088209398609285 minutes at 94
2025-09-11 20:19:16,539 [DEBUG] Truck: Time:<106.20266666666667> Truck:[XHTruck31] Start moving to ORDER(4): NorthPitMine-DumpSite5, move distance is 2.692304147311417, speed: 25
2025-09-11 20:19:16,539 [INFO] Truck: Time:<85> Truck:[XHTruck31] breakdown for 6.974715186536448 minutes at 85
2025-09-11 20:19:16,539 [INFO] Truck: Time:<106.20266666666667> Truck:[OfficalTruck4] Start loading at shovel NorthPitMine-LoadSite3-Shovel-2, load time is 34.22222222222222
2025-09-11 20:19:16,539 [INFO] Truck: Time:<106.20266666666667> Truck:[CLTruck22] Start loading at shovel NorthPitMine-LoadSite3-Shovel-3, load time is 15.555555555555555
2025-09-11 20:19:16,539 [INFO] Truck: Time:<106.21501949440909> Truck:[OfficalTruck5] is facing 5.0916000787165885 mins delay caused by 2 pre-existing jam events on Road from NorthPitMine-LoadSite4 to NorthPitMine-DumpSite2
2025-09-11 20:19:16,540 [INFO] Truck: Time:<106.34279029032759> Truck:[XHTruck22] Finish loading at shovel NorthPitMine-LoadSite5-Shovel-1
2025-09-11 20:19:16,541 [DEBUG] Truck: Time:<106.34279029032759> Truck:[XHTruck22] Start moving to ORDER(0): NorthPitMine-DumpSite1, move distance is 5.15, speed: 25
2025-09-11 20:19:16,541 [INFO] Truck: Time:<106> Truck:[XHTruck22] breakdown for 11.078781627402876 minutes at 106
2025-09-11 20:19:16,541 [INFO] Truck: Time:<106.48899857349177> Truck:[CLTruck23] Arrived at NorthPitMine-LoadSite4 at 106.48899857349177
2025-09-11 20:19:16,541 [INFO] Truck: Time:<106.9262874007622> Truck:[CLTruck9] is facing 4.380332172363474 mins delay caused by 2 pre-existing jam events on Road from NorthPitMine-LoadSite4 to NorthPitMine-DumpSite2
2025-09-11 20:19:16,541 [INFO] Truck: Time:<106.99497128321583> Truck:[CLTruck27] is facing 0 mins delay caused by 2 pre-existing jam events on Road from NorthPitMine-DumpSite2 to NorthPitMine-LoadSite5
2025-09-11 20:19:16,544 [INFO] Truck: Time:<107.18862375743768> Truck:[XHTruck5] is facing 0 mins delay caused by 1 pre-existing jam events on Road from NorthPitMine-LoadSite3 to NorthPitMine-DumpSite5
2025-09-11 20:19:16,545 [INFO] Truck: Time:<107.2119580852056> Truck:[XHTruck9] is facing 10.855494275487295 mins delay caused by 9 pre-existing jam events on Road from NorthPitMine-DumpSite5 to NorthPitMine-LoadSite4
2025-09-11 20:19:16,545 [INFO] Truck: Time:<107.53904664509233> Truck:[XHTruck17] Arrived at NorthPitMine-LoadSite5 at 107.53904664509233
2025-09-11 20:19:16,545 [INFO] Truck: Time:<107.53904664509233> Truck:[XHTruck17] Start loading at shovel NorthPitMine-LoadSite5-Shovel-1, load time is 4.060039370078741
2025-09-11 20:19:16,550 [DEBUG] Truck: Time:<109.09911099386608> Truck:[XHTruck29] Arrived at NorthPitMine-DumpSite5 at 109.09911099386608
2025-09-11 20:19:16,551 [INFO] Truck: Time:<109.64200481308843> Truck:[XHTruck18] Finish loading at shovel NorthPitMine-LoadSite3-Shovel-1
2025-09-11 20:19:16,552 [DEBUG] Truck: Time:<109.64200481308843> Truck:[XHTruck18] Start moving to ORDER(4): NorthPitMine-DumpSite5, move distance is 2.531074333672626, speed: 25
2025-09-11 20:19:16,552 [INFO] Truck: Time:<100> Truck:[XHTruck18] breakdown for 14.870423261529991 minutes at 100
2025-09-11 20:19:16,552 [INFO] Truck: Time:<109.64200481308843> Truck:[XHTruck13] Start loading at shovel NorthPitMine-LoadSite3-Shovel-1, load time is 4.060039370078741
2025-09-11 20:19:16,552 [INFO] Truck: Time:<109.86844444444445> Truck:[XHTruck3] Finish loading at shovel NorthPitMine-LoadSite4-Shovel-3
2025-09-11 20:19:16,553 [INFO] Road: [RoadEvent] Road from NorthPitMine-LoadSite4 to NorthPitMine-DumpSite2 is in repair，the repair will last for 53.73 mins, and will end at 163.60, vehicle on this road will have to suffer punish_distance.
2025-09-11 20:19:16,553 [DEBUG] Truck: Time:<109.86844444444445> Truck:[XHTruck3] Start moving to ORDER(1): NorthPitMine-DumpSite2, move distance is 1.8834640663272584, speed: 25
2025-09-11 20:19:16,553 [INFO] Truck: Time:<98> Truck:[XHTruck3] breakdown for 10.47936553567405 minutes at 98
2025-09-11 20:19:16,553 [INFO] Truck: Time:<109.86844444444445> Truck:[CLTruck12] Start loading at shovel NorthPitMine-LoadSite4-Shovel-3, load time is 15.555555555555555
2025-09-11 20:19:16,555 [INFO] Truck: Time:<110.09911099386608> Truck:[XHTruck29] Finish unloading at dumper NorthPitMine-DumpSite5-点位0, dumper tons is 1486.9826526577494
2025-09-11 20:19:16,556 [DEBUG] Truck: Time:<110.09911099386608> Truck:[XHTruck29] Start moving to ORDER(3):NorthPitMine-LoadSite4, move distance is 5.34, speed: 25
2025-09-11 20:19:16,556 [INFO] Truck: Time:<110.09911099386608> Truck:[XHTruck29] is facing 1.9375266191412273 mins delay caused by 8 pre-existing jam events on Road from NorthPitMine-DumpSite5 to NorthPitMine-LoadSite4
2025-09-11 20:19:16,556 [INFO] Truck: Time:<110.75733333333334> Truck:[CLTruck1] Finish loading at shovel NorthPitMine-LoadSite4-Shovel-4
2025-09-11 20:19:16,556 [DEBUG] Truck: Time:<110.75733333333334> Truck:[CLTruck1] Start moving to ORDER(1): NorthPitMine-DumpSite2, move distance is 1.7342575261935853, speed: 25
2025-09-11 20:19:16,557 [INFO] Truck: Time:<89> Truck:[CLTruck1] breakdown for 12.408766975668826 minutes at 89
2025-09-11 20:19:16,557 [INFO] Truck: Time:<110.75733333333334> Truck:[CLTruck4] Start loading at shovel NorthPitMine-LoadSite4-Shovel-4, load time is 15.555555555555555
2025-09-11 20:19:16,559 [DEBUG] Truck: Time:<111.31452863234574> Truck:[CLTruck8] Arrived at NorthPitMine-DumpSite5 at 111.31452863234574
2025-09-11 20:19:16,559 [INFO] Truck: Time:<111.32104409591207> Truck:[XHTruck30] is facing 0 mins delay caused by 3 pre-existing jam events on Road from NorthPitMine-DumpSite2 to NorthPitMine-LoadSite5
2025-09-11 20:19:16,559 [DEBUG] Truck: Time:<111.33661218933452> Truck:[CLTruck28] Arrived at NorthPitMine-DumpSite5 at 111.33661218933452
2025-09-11 20:19:16,559 [INFO] Truck: Time:<111.59908601517107> Truck:[XHTruck17] Finish loading at shovel NorthPitMine-LoadSite5-Shovel-1
2025-09-11 20:19:16,560 [INFO] Road: [RoadEvent] Road from NorthPitMine-LoadSite5 to NorthPitMine-DumpSite1 is in repair，the repair will last for 59.47 mins, and will end at 171.07, vehicle on this road will have to suffer punish_distance.
2025-09-11 20:19:16,561 [DEBUG] Truck: Time:<111.59908601517107> Truck:[XHTruck17] Start moving to ORDER(0): NorthPitMine-DumpSite1, move distance is 7.7414951375983545, speed: 25
2025-09-11 20:19:16,561 [INFO] Truck: Time:<111.77261160566015> Truck:[OfficalTruck1] Arrived at NorthPitMine-LoadSite5 at 111.77261160566015
2025-09-11 20:19:16,561 [INFO] Truck: Time:<111.77261160566015> Truck:[OfficalTruck1] Start loading at shovel NorthPitMine-LoadSite5-Shovel-1, load time is 5.684055118110236
2025-09-11 20:19:16,564 [DEBUG] Truck: Time:<112.1282772354513> Truck:[XHTruck12] Arrived at NorthPitMine-DumpSite5 at 112.1282772354513
2025-09-11 20:19:16,564 [INFO] Truck: Time:<112.2431735876853> Truck:[OfficalTruck6] Finish loading at shovel NorthPitMine-LoadSite4-Shovel-5
2025-09-11 20:19:16,565 [DEBUG] Truck: Time:<112.2431735876853> Truck:[OfficalTruck6] Start moving to ORDER(1): NorthPitMine-DumpSite2, move distance is 1.5854899330700978, speed: 25
2025-09-11 20:19:16,566 [INFO] Truck: Time:<93> Truck:[OfficalTruck6] breakdown for 9.069019379214549 minutes at 93
2025-09-11 20:19:16,566 [INFO] Truck: Time:<112.2431735876853> Truck:[XHTruck14] Start loading at shovel NorthPitMine-LoadSite4-Shovel-5, load time is 24.444444444444443
2025-09-11 20:19:16,566 [INFO] Truck: Time:<112.31452863234574> Truck:[CLTruck8] Finish unloading at dumper NorthPitMine-DumpSite5-点位0, dumper tons is 1519.1792876364427
2025-09-11 20:19:16,567 [DEBUG] Truck: Time:<112.31452863234574> Truck:[CLTruck8] Start moving to ORDER(3):NorthPitMine-LoadSite4, move distance is 5.34, speed: 25
2025-09-11 20:19:16,567 [INFO] Truck: Time:<112.31452863234574> Truck:[CLTruck8] is facing 9.484729763325994 mins delay caused by 7 pre-existing jam events on Road from NorthPitMine-DumpSite5 to NorthPitMine-LoadSite4
2025-09-11 20:19:16,567 [INFO] Truck: Time:<112.33661218933452> Truck:[CLTruck28] Finish unloading at dumper NorthPitMine-DumpSite5-点位1, dumper tons is 563.7099329490604
2025-09-11 20:19:16,567 [INFO] Road: [RoadEvent] Road from NorthPitMine-DumpSite5 to NorthPitMine-LoadSite4 is in repair，the repair will last for 46.27 mins, and will end at 158.61, vehicle on this road will have to suffer punish_distance.
2025-09-11 20:19:16,569 [DEBUG] Truck: Time:<112.33661218933452> Truck:[CLTruck28] Start moving to ORDER(3):NorthPitMine-LoadSite4, move distance is 6.3682842458627595, speed: 25
2025-09-11 20:19:16,569 [INFO] Truck: Time:<104> Truck:[CLTruck28] breakdown for 9.62497869953523 minutes at 104
2025-09-11 20:19:16,572 [INFO] Truck: Time:<113.1282772354513> Truck:[XHTruck12] Finish unloading at dumper NorthPitMine-DumpSite5-点位2, dumper tons is 336.31500176053225
2025-09-11 20:19:16,573 [DEBUG] Truck: Time:<113.1282772354513> Truck:[XHTruck12] Start moving to ORDER(3):NorthPitMine-LoadSite4, move distance is 6.831264326113694, speed: 25
2025-09-11 20:19:16,573 [INFO] Truck: Time:<112> Truck:[XHTruck12] breakdown for 3.973401599379624 minutes at 112
2025-09-11 20:19:16,573 [DEBUG] Truck: Time:<113.36354537217566> Truck:[XHTruck5] Arrived at NorthPitMine-DumpSite5 at 113.36354537217566
2025-09-11 20:19:16,573 [INFO] Truck: Time:<113.70204418316717> Truck:[XHTruck13] Finish loading at shovel NorthPitMine-LoadSite3-Shovel-1
2025-09-11 20:19:16,573 [DEBUG] Truck: Time:<113.70204418316717> Truck:[XHTruck13] Start moving to ORDER(4): NorthPitMine-DumpSite5, move distance is 2.6523868130303367, speed: 25
2025-09-11 20:19:16,574 [INFO] Truck: Time:<91> Truck:[XHTruck13] breakdown for 8.69558717023791 minutes at 91
2025-09-11 20:19:16,574 [INFO] Truck: Time:<113.70204418316717> Truck:[XHTruck26] Start loading at shovel NorthPitMine-LoadSite3-Shovel-1, load time is 4.060039370078741
2025-09-11 20:19:16,577 [INFO] Truck: Time:<114.00168860998895> Truck:[CLTruck29] Arrived at NorthPitMine-LoadSite5 at 114.00168860998895
2025-09-11 20:19:16,577 [INFO] Truck: Time:<114.00168860998895> Truck:[CLTruck29] Start loading at shovel NorthPitMine-LoadSite5-Shovel-2, load time is 2.5836614173228347
2025-09-11 20:19:16,577 [DEBUG] Truck: Time:<114.11461957312568> Truck:[OfficalTruck5] Arrived at NorthPitMine-DumpSite2 at 114.11461957312568
2025-09-11 20:19:16,578 [DEBUG] Truck: Time:<114.11461957312568> Truck:[CLTruck9] Arrived at NorthPitMine-DumpSite2 at 114.11461957312568
2025-09-11 20:19:16,578 [INFO] Truck: Time:<114.36354537217566> Truck:[XHTruck5] Finish unloading at dumper NorthPitMine-DumpSite5-点位0, dumper tons is 1569.9137064510771
2025-09-11 20:19:16,578 [DEBUG] Truck: Time:<114.36354537217566> Truck:[XHTruck5] Start moving to ORDER(3):NorthPitMine-LoadSite4, move distance is 6.99071679477135, speed: 25
2025-09-11 20:19:16,578 [INFO] Truck: Time:<114.36354537217566> Truck:[XHTruck5] is facing 13.264723828752379 mins delay caused by 8 pre-existing jam events on Road from NorthPitMine-DumpSite5 to NorthPitMine-LoadSite4
2025-09-11 20:19:16,578 [INFO] Truck: Time:<114.43329994259057> Truck:[XHTruck25] Arrived at NorthPitMine-LoadSite5 at 114.43329994259057
2025-09-11 20:19:16,579 [INFO] Truck: Time:<114.52413998156163> Truck:[XHTruck24] is facing 18.614465580606346 mins delay caused by 5 pre-existing jam events on Road from NorthPitMine-DumpSite5 to NorthPitMine-LoadSite4
2025-09-11 20:19:16,580 [INFO] Truck: Time:<115.11461957312568> Truck:[OfficalTruck5] Finish unloading at dumper NorthPitMine-DumpSite2-点位0, dumper tons is 965.5027893238918
2025-09-11 20:19:16,580 [INFO] Truck: Time:<115.11461957312568> Truck:[CLTruck9] Finish unloading at dumper NorthPitMine-DumpSite2-点位1, dumper tons is 316.51277885015355
2025-09-11 20:19:16,581 [DEBUG] Truck: Time:<115.11461957312568> Truck:[OfficalTruck5] Start moving to ORDER(4):NorthPitMine-LoadSite5, move distance is 8.101983023164944, speed: 25
2025-09-11 20:19:16,581 [INFO] Truck: Time:<115.11461957312568> Truck:[OfficalTruck5] is facing 0 mins delay caused by 1 pre-existing jam events on Road from NorthPitMine-DumpSite2 to NorthPitMine-LoadSite5
2025-09-11 20:19:16,581 [DEBUG] Truck: Time:<115.11461957312568> Truck:[CLTruck9] Start moving to ORDER(2):NorthPitMine-LoadSite3, move distance is 3.41, speed: 25
2025-09-11 20:19:16,581 [INFO] Truck: Time:<109> Truck:[CLTruck9] breakdown for 8.018490417625383 minutes at 109
2025-09-11 20:19:16,581 [INFO] Truck: Time:<115.32356438335493> Truck:[XHTruck19] is facing 0 mins delay caused by 1 pre-existing jam events on Road from NorthPitMine-DumpSite2 to NorthPitMine-LoadSite5
2025-09-11 20:19:16,581 [INFO] Truck: Time:<115.61434391648515> Truck:[CLTruck17] Arrived at NorthPitMine-LoadSite4 at 115.61434391648515
2025-09-11 20:19:16,583 [INFO] Truck: Time:<116.53511111111112> Truck:[CLTruck10] Finish loading at shovel NorthPitMine-LoadSite4-Shovel-2
2025-09-11 20:19:16,583 [DEBUG] Truck: Time:<116.53511111111112> Truck:[CLTruck10] Start moving to ORDER(1): NorthPitMine-DumpSite2, move distance is 1.41039144739336, speed: 25
2025-09-11 20:19:16,583 [INFO] Truck: Time:<94> Truck:[CLTruck10] breakdown for 6.612607712508519 minutes at 94
2025-09-11 20:19:16,583 [INFO] Truck: Time:<116.53511111111112> Truck:[OfficalTruck9] Start loading at shovel NorthPitMine-LoadSite4-Shovel-2, load time is 34.22222222222222
2025-09-11 20:19:16,583 [INFO] Truck: Time:<116.58535002731178> Truck:[CLTruck29] Finish loading at shovel NorthPitMine-LoadSite5-Shovel-2
2025-09-11 20:19:16,587 [DEBUG] Truck: Time:<116.58535002731178> Truck:[CLTruck29] Start moving to ORDER(0): NorthPitMine-DumpSite1, move distance is 6.397979358276735, speed: 25
2025-09-11 20:19:16,587 [INFO] Truck: Time:<110> Truck:[CLTruck29] breakdown for 11.110544003991864 minutes at 110
2025-09-11 20:19:16,588 [INFO] Truck: Time:<117.10167883483093> Truck:[XHTruck12] is facing 9.66959049090942 mins delay caused by 4 pre-existing jam events on Road from NorthPitMine-DumpSite5 to NorthPitMine-LoadSite4
2025-09-11 20:19:16,588 [INFO] Truck: Time:<117.43005981152291> Truck:[CLTruck15] Arrived at NorthPitMine-LoadSite4 at 117.43005981152291
2025-09-11 20:19:16,588 [INFO] Truck: Time:<117.45666672377038> Truck:[OfficalTruck1] Finish loading at shovel NorthPitMine-LoadSite5-Shovel-1
2025-09-11 20:19:16,593 [DEBUG] Truck: Time:<117.45666672377038> Truck:[OfficalTruck1] Start moving to ORDER(0): NorthPitMine-DumpSite1, move distance is 6.698178757515841, speed: 25
2025-09-11 20:19:16,593 [INFO] Truck: Time:<109> Truck:[OfficalTruck1] breakdown for 8.686958144676014 minutes at 109
2025-09-11 20:19:16,593 [INFO] Truck: Time:<117.45666672377038> Truck:[XHTruck25] Start loading at shovel NorthPitMine-LoadSite5-Shovel-1, load time is 4.060039370078741
2025-09-11 20:19:16,594 [INFO] Truck: Time:<117.76208355324592> Truck:[XHTruck26] Finish loading at shovel NorthPitMine-LoadSite3-Shovel-1
2025-09-11 20:19:16,594 [INFO] Truck: Time:<117.76208355324592> Shovel NorthPitMine-LoadSite3-Shovel-1 under maintenance for 49.25 minutes
2025-09-11 20:19:16,596 [INFO] Truck: Time:<118.53092294817182> Truck:[XHTruck15] Arrived at NorthPitMine-LoadSite4 at 118.53092294817182
2025-09-11 20:19:16,600 [INFO] Truck: Time:<119.40928493224946> Truck:[OfficalTruck8] Arrived at NorthPitMine-LoadSite5 at 119.40928493224946
2025-09-11 20:19:16,600 [INFO] Truck: Time:<119.40928493224946> Truck:[OfficalTruck8] Start loading at shovel NorthPitMine-LoadSite5-Shovel-2, load time is 5.684055118110236
2025-09-11 20:19:16,600 [DEBUG] Truck: Time:<119.63891180675051> Truck:[XHTruck31] Arrived at NorthPitMine-DumpSite5 at 119.63891180675051
2025-09-11 20:19:16,600 [INFO] Truck: Time:<120.13068575882355> Truck:[CLTruck11] Arrived at NorthPitMine-LoadSite5 at 120.13068575882355
2025-09-11 20:19:16,604 [INFO] Truck: Time:<120.3478099801185> Truck:[XHTruck3] is facing 0 mins delay caused by 1 pre-existing jam events on Road from NorthPitMine-LoadSite4 to NorthPitMine-DumpSite2
2025-09-11 20:19:16,604 [INFO] Truck: Time:<120.63891180675051> Truck:[XHTruck31] Finish unloading at dumper NorthPitMine-DumpSite5-点位0, dumper tons is 1624.8534535126637
2025-09-11 20:19:16,604 [DEBUG] Truck: Time:<120.63891180675051> Truck:[XHTruck31] Start moving to ORDER(3):NorthPitMine-LoadSite4, move distance is 6.718178088822238, speed: 25
2025-09-11 20:19:16,604 [INFO] Truck: Time:<120.63891180675051> Truck:[XHTruck31] is facing 3.390315494562568 mins delay caused by 4 pre-existing jam events on Road from NorthPitMine-DumpSite5 to NorthPitMine-LoadSite4
2025-09-11 20:19:16,605 [DEBUG] Truck: Time:<120.89176251261019> Truck:[XHTruck27] Arrived at NorthPitMine-DumpSite5 at 120.89176251261019
2025-09-11 20:19:16,605 [INFO] Truck: Time:<120.99336437374235> Truck:[CLTruck13] Arrived at NorthPitMine-LoadSite4 at 120.99336437374235
2025-09-11 20:19:16,606 [INFO] Truck: Time:<121.31219296689986> Truck:[OfficalTruck6] is facing 0 mins delay caused by 1 pre-existing jam events on Road from NorthPitMine-LoadSite4 to NorthPitMine-DumpSite2
2025-09-11 20:19:16,606 [INFO] Truck: Time:<121.33624081008107> Truck:[OfficalTruck7] Arrived at NorthPitMine-LoadSite4 at 121.33624081008107
2025-09-11 20:19:16,606 [INFO] Truck: Time:<121.51670609384912> Truck:[XHTruck25] Finish loading at shovel NorthPitMine-LoadSite5-Shovel-1
2025-09-11 20:19:16,606 [DEBUG] Truck: Time:<121.51670609384912> Truck:[XHTruck25] Start moving to ORDER(0): NorthPitMine-DumpSite1, move distance is 6.83326592228992, speed: 25
2025-09-11 20:19:16,606 [INFO] Truck: Time:<121.51670609384912> Truck:[CLTruck11] Start loading at shovel NorthPitMine-LoadSite5-Shovel-1, load time is 2.5836614173228347
2025-09-11 20:19:16,606 [INFO] Truck: Time:<121.75822222222223> Truck:[CLTruck22] Finish loading at shovel NorthPitMine-LoadSite3-Shovel-3
2025-09-11 20:19:16,606 [DEBUG] Truck: Time:<121.75822222222223> Truck:[CLTruck22] Start moving to ORDER(4): NorthPitMine-DumpSite5, move distance is 2.802990384722268, speed: 25
2025-09-11 20:19:16,606 [INFO] Truck: Time:<76> Truck:[CLTruck22] breakdown for 7.299133216084886 minutes at 76
2025-09-11 20:19:16,611 [INFO] Truck: Time:<121.75822222222223> Truck:[XHTruck10] Start loading at shovel NorthPitMine-LoadSite3-Shovel-3, load time is 24.444444444444443
2025-09-11 20:19:16,612 [INFO] Truck: Time:<121.89176251261019> Truck:[XHTruck27] Finish unloading at dumper NorthPitMine-DumpSite5-点位0, dumper tons is 1678.017531028228
2025-09-11 20:19:16,613 [DEBUG] Truck: Time:<121.89176251261019> Truck:[XHTruck27] Start moving to ORDER(3):NorthPitMine-LoadSite4, move distance is 7.192481413166782, speed: 25
2025-09-11 20:19:16,613 [INFO] Truck: Time:<121.89176251261019> Truck:[XHTruck27] is facing 1.506199823689375 mins delay caused by 4 pre-existing jam events on Road from NorthPitMine-DumpSite5 to NorthPitMine-LoadSite4
2025-09-11 20:19:16,613 [INFO] Truck: Time:<121.96159088886975> Truck:[CLTruck28] is facing 2.5333209505803893 mins delay caused by 4 pre-existing jam events on Road from NorthPitMine-DumpSite5 to NorthPitMine-LoadSite4
2025-09-11 20:19:16,615 [INFO] Truck: Time:<122.04647991484605> Truck:[XHTruck16] Arrived at NorthPitMine-LoadSite4 at 122.04647991484605
2025-09-11 20:19:16,616 [INFO] Truck: Time:<122.13317848003909> Truck:[XHTruck11] Arrived at NorthPitMine-LoadSite4 at 122.13317848003909
2025-09-11 20:19:16,616 [INFO] Truck: Time:<122.39763135340509> Truck:[XHTruck13] is facing 0 mins delay caused by 2 pre-existing jam events on Road from NorthPitMine-LoadSite3 to NorthPitMine-DumpSite5
2025-09-11 20:19:16,616 [DEBUG] Truck: Time:<122.60819284167928> Truck:[OfficalTruck2] Arrived at NorthPitMine-DumpSite2 at 122.60819284167928
2025-09-11 20:19:16,621 [DEBUG] Truck: Time:<123.08209209311372> Truck:[CLTruck2] Arrived at NorthPitMine-DumpSite2 at 123.08209209311372
2025-09-11 20:19:16,621 [INFO] Truck: Time:<123.28446359597324> Truck:[XHTruck2] Arrived at NorthPitMine-LoadSite4 at 123.28446359597324
2025-09-11 20:19:16,622 [INFO] Truck: Time:<123.60819284167928> Truck:[OfficalTruck2] Finish unloading at dumper NorthPitMine-DumpSite2-点位0, dumper tons is 1046.871924037693
2025-09-11 20:19:16,622 [DEBUG] Truck: Time:<123.60819284167928> Truck:[OfficalTruck2] Start moving to ORDER(4):NorthPitMine-LoadSite5, move distance is 7.5227862520673785, speed: 25
2025-09-11 20:19:16,622 [INFO] Truck: Time:<123> Truck:[OfficalTruck2] breakdown for 11.142094729497229 minutes at 123
2025-09-11 20:19:16,625 [INFO] Truck: Time:<124.08209209311372> Truck:[CLTruck2] Finish unloading at dumper NorthPitMine-DumpSite2-点位1, dumper tons is 353.17482427578074
2025-09-11 20:19:16,626 [DEBUG] Truck: Time:<124.08209209311372> Truck:[CLTruck2] Start moving to ORDER(2):NorthPitMine-LoadSite3, move distance is 3.41, speed: 25
2025-09-11 20:19:16,626 [INFO] Truck: Time:<113> Truck:[CLTruck2] breakdown for 13.913206347180942 minutes at 113
2025-09-11 20:19:16,626 [INFO] Truck: Time:<124.10036751117195> Truck:[CLTruck11] Finish loading at shovel NorthPitMine-LoadSite5-Shovel-1
2025-09-11 20:19:16,626 [DEBUG] Truck: Time:<124.10036751117195> Truck:[CLTruck11] Start moving to ORDER(0): NorthPitMine-DumpSite1, move distance is 7.089117686871885, speed: 25
2025-09-11 20:19:16,626 [INFO] Truck: Time:<124.11383532994621> Truck:[CLTruck18] Arrived at NorthPitMine-LoadSite4 at 124.11383532994621
2025-09-11 20:19:16,629 [INFO] Truck: Time:<124.45736236403236> Truck:[CLTruck3] Arrived at NorthPitMine-LoadSite5 at 124.45736236403236
2025-09-11 20:19:16,629 [INFO] Truck: Time:<124.45736236403236> Truck:[CLTruck3] Start loading at shovel NorthPitMine-LoadSite5-Shovel-1, load time is 2.5836614173228347
2025-09-11 20:19:16,630 [INFO] Truck: Time:<124.51242807461843> Truck:[XHTruck18] is facing 0 mins delay caused by 2 pre-existing jam events on Road from NorthPitMine-LoadSite3 to NorthPitMine-DumpSite5
2025-09-11 20:19:16,630 [INFO] Truck: Time:<124.80521655285068> Truck:[CLTruck27] Arrived at NorthPitMine-LoadSite5 at 124.80521655285068
2025-09-11 20:19:16,630 [INFO] Truck: Time:<124.8526376130073> Truck:[XHTruck29] Arrived at NorthPitMine-LoadSite4 at 124.8526376130073
2025-09-11 20:19:16,630 [DEBUG] Truck: Time:<124.86812373930391> Truck:[XHTruck3] Arrived at NorthPitMine-DumpSite2 at 124.86812373930391
2025-09-11 20:19:16,633 [INFO] Truck: Time:<125.0933400503597> Truck:[OfficalTruck8] Finish loading at shovel NorthPitMine-LoadSite5-Shovel-2
2025-09-11 20:19:16,634 [DEBUG] Truck: Time:<125.0933400503597> Truck:[OfficalTruck8] Start moving to ORDER(0): NorthPitMine-DumpSite1, move distance is 6.983971598821371, speed: 25
2025-09-11 20:19:16,634 [INFO] Truck: Time:<109> Truck:[OfficalTruck8] breakdown for 12.636905323470458 minutes at 109
2025-09-11 20:19:16,634 [DEBUG] Truck: Time:<125.11736880626809> Truck:[OfficalTruck6] Arrived at NorthPitMine-DumpSite2 at 125.11736880626809
2025-09-11 20:19:16,634 [INFO] Truck: Time:<125.424> Truck:[CLTruck12] Finish loading at shovel NorthPitMine-LoadSite4-Shovel-3
2025-09-11 20:19:16,635 [DEBUG] Truck: Time:<125.424> Truck:[CLTruck12] Start moving to ORDER(1): NorthPitMine-DumpSite2, move distance is 1.724015951103713, speed: 25
2025-09-11 20:19:16,635 [INFO] Truck: Time:<112> Truck:[CLTruck12] breakdown for 14.53931717981149 minutes at 112
2025-09-11 20:19:16,635 [INFO] Truck: Time:<125.424> Truck:[XHTruck4] Start loading at shovel NorthPitMine-LoadSite4-Shovel-3, load time is 24.444444444444443
2025-09-11 20:19:16,635 [INFO] Truck: Time:<125.86812373930391> Truck:[XHTruck3] Finish unloading at dumper NorthPitMine-DumpSite2-点位0, dumper tons is 1107.1673666844492
2025-09-11 20:19:16,636 [DEBUG] Truck: Time:<125.86812373930391> Truck:[XHTruck3] Start moving to ORDER(2):NorthPitMine-LoadSite3, move distance is 3.41, speed: 25
2025-09-11 20:19:16,638 [INFO] Truck: Time:<126.11736880626809> Truck:[OfficalTruck6] Finish unloading at dumper NorthPitMine-DumpSite2-点位1, dumper tons is 429.5229498847379
2025-09-11 20:19:16,640 [DEBUG] Truck: Time:<126.11736880626809> Truck:[OfficalTruck6] Start moving to ORDER(4):NorthPitMine-LoadSite5, move distance is 5.59, speed: 25
2025-09-11 20:19:16,640 [INFO] Truck: Time:<126.11736880626809> Truck:[OfficalTruck6] is facing 0 mins delay caused by 2 pre-existing jam events on Road from NorthPitMine-DumpSite2 to NorthPitMine-LoadSite5
2025-09-11 20:19:16,640 [INFO] Truck: Time:<126.31288888888889> Truck:[CLTruck4] Finish loading at shovel NorthPitMine-LoadSite4-Shovel-4
2025-09-11 20:19:16,642 [DEBUG] Truck: Time:<126.31288888888889> Truck:[CLTruck4] Start moving to ORDER(1): NorthPitMine-DumpSite2, move distance is 1.6001275892443632, speed: 25
2025-09-11 20:19:16,642 [INFO] Truck: Time:<121> Truck:[CLTruck4] breakdown for 13.08253130124108 minutes at 121
2025-09-11 20:19:16,642 [INFO] Truck: Time:<126.31288888888889> Truck:[CLTruck5] Start loading at shovel NorthPitMine-LoadSite4-Shovel-4, load time is 15.555555555555555
2025-09-11 20:19:16,642 [DEBUG] Truck: Time:<126.53265829736371> Truck:[CLTruck10] Arrived at NorthPitMine-DumpSite2 at 126.53265829736371
2025-09-11 20:19:16,642 [INFO] Truck: Time:<126.88049970079248> Truck:[XHTruck1] Arrived at NorthPitMine-LoadSite4 at 126.88049970079248
2025-09-11 20:19:16,645 [INFO] Truck: Time:<127.0410237813552> Truck:[CLTruck3] Finish loading at shovel NorthPitMine-LoadSite5-Shovel-1
2025-09-11 20:19:16,645 [INFO] Truck: Time:<127.0410237813552> Shovel NorthPitMine-LoadSite5-Shovel-1 under maintenance for 45.67 minutes
2025-09-11 20:19:16,645 [DEBUG] Truck: Time:<127.32831837186677> Truck:[CLTruck1] Arrived at NorthPitMine-DumpSite2 at 127.32831837186677
2025-09-11 20:19:16,645 [INFO] Truck: Time:<127.53265829736371> Truck:[CLTruck10] Finish unloading at dumper NorthPitMine-DumpSite2-点位0, dumper tons is 1142.809224945301
2025-09-11 20:19:16,646 [DEBUG] Truck: Time:<127.53265829736371> Truck:[CLTruck10] Start moving to ORDER(2):NorthPitMine-LoadSite3, move distance is 3.41, speed: 25
2025-09-11 20:19:16,648 [INFO] Truck: Time:<128.32831837186677> Truck:[CLTruck1] Finish unloading at dumper NorthPitMine-DumpSite2-点位1, dumper tons is 463.5096163979584
2025-09-11 20:19:16,648 [DEBUG] Truck: Time:<128.32831837186677> Truck:[CLTruck1] Start moving to ORDER(2):NorthPitMine-LoadSite3, move distance is 3.41, speed: 25
2025-09-11 20:19:16,648 [INFO] Truck: Time:<124> Truck:[CLTruck1] breakdown for 11.675464313307295 minutes at 124
2025-09-11 20:19:16,648 [INFO] Truck: Time:<128.58455026313527> Truck:[CLTruck24] Arrived at NorthPitMine-LoadSite4 at 128.58455026313527
2025-09-11 20:19:16,648 [INFO] Truck: Time:<128.65614298209505> Truck:[CLTruck25] Arrived at NorthPitMine-LoadSite4 at 128.65614298209505
2025-09-11 20:19:16,648 [DEBUG] Truck: Time:<128.7633597046779> Truck:[XHTruck13] Arrived at NorthPitMine-DumpSite5 at 128.7633597046779
2025-09-11 20:19:16,651 [INFO] Truck: Time:<129.05735543830713> Truck:[CLTruck22] is facing 1.0998665432056924 mins delay caused by 1 pre-existing jam events on Road from NorthPitMine-LoadSite3 to NorthPitMine-DumpSite5
2025-09-11 20:19:16,651 [INFO] Truck: Time:<129.7633597046779> Truck:[XHTruck13] Finish unloading at dumper NorthPitMine-DumpSite5-点位0, dumper tons is 1730.0058337907503
2025-09-11 20:19:16,651 [DEBUG] Truck: Time:<129.7633597046779> Truck:[XHTruck13] Start moving to ORDER(3):NorthPitMine-LoadSite4, move distance is 7.726967360715547, speed: 25
2025-09-11 20:19:16,651 [INFO] Truck: Time:<129.7633597046779> Truck:[XHTruck13] is facing 0 mins delay caused by 7 pre-existing jam events on Road from NorthPitMine-DumpSite5 to NorthPitMine-LoadSite4
2025-09-11 20:19:16,653 [DEBUG] Truck: Time:<129.78157191773047> Truck:[XHTruck22] Arrived at NorthPitMine-DumpSite1 at 129.78157191773047
2025-09-11 20:19:16,654 [INFO] Truck: Time:<130.15218819253923> Truck:[XHTruck30] Arrived at NorthPitMine-LoadSite5 at 130.15218819253923
2025-09-11 20:19:16,654 [INFO] Truck: Time:<130.15218819253923> Truck:[XHTruck30] Start loading at shovel NorthPitMine-LoadSite5-Shovel-2, load time is 4.060039370078741
2025-09-11 20:19:16,655 [DEBUG] Truck: Time:<130.1786743454071> Truck:[XHTruck17] Arrived at NorthPitMine-DumpSite1 at 130.1786743454071
2025-09-11 20:19:16,655 [DEBUG] Truck: Time:<130.58700647543273> Truck:[XHTruck18] Arrived at NorthPitMine-DumpSite5 at 130.58700647543273
2025-09-11 20:19:16,655 [INFO] Truck: Time:<130.78157191773047> Truck:[XHTruck22] Finish unloading at dumper NorthPitMine-DumpSite1-点位0, dumper tons is 918.740505173789
2025-09-11 20:19:16,656 [DEBUG] Truck: Time:<130.78157191773047> Truck:[XHTruck22] Start moving to ORDER(2):NorthPitMine-LoadSite3, move distance is 2.98, speed: 25
2025-09-11 20:19:16,656 [INFO] Truck: Time:<130.8834523606929> Truck:[XHTruck9] Arrived at NorthPitMine-LoadSite4 at 130.8834523606929
2025-09-11 20:19:16,658 [INFO] Truck: Time:<131.08643545220272> Truck:[XHTruck19] Arrived at NorthPitMine-LoadSite5 at 131.08643545220272
2025-09-11 20:19:16,658 [INFO] Truck: Time:<131.1786743454071> Truck:[XHTruck17] Finish unloading at dumper NorthPitMine-DumpSite1-点位1, dumper tons is 479.05531241568303
2025-09-11 20:19:16,660 [INFO] Road: [RoadEvent] Road from NorthPitMine-DumpSite1 to NorthPitMine-LoadSite3 is in repair，the repair will last for 56.63 mins, and will end at 187.80, vehicle on this road will have to suffer punish_distance.
2025-09-11 20:19:16,660 [DEBUG] Truck: Time:<131.1786743454071> Truck:[XHTruck17] Start moving to ORDER(2):NorthPitMine-LoadSite3, move distance is 3.9859969792916425, speed: 25
2025-09-11 20:19:16,661 [INFO] Truck: Time:<128> Truck:[XHTruck17] breakdown for 8.527652565335801 minutes at 128
2025-09-11 20:19:16,661 [INFO] Truck: Time:<131.31710999075108> Truck:[CLTruck9] Arrived at NorthPitMine-LoadSite3 at 131.31710999075108
2025-09-11 20:19:16,661 [INFO] Truck: Time:<131.58700647543273> Truck:[XHTruck18] Finish unloading at dumper NorthPitMine-DumpSite5-点位0, dumper tons is 1787.5663792345804
2025-09-11 20:19:16,662 [DEBUG] Truck: Time:<131.58700647543273> Truck:[XHTruck18] Start moving to ORDER(3):NorthPitMine-LoadSite4, move distance is 7.748209051228949, speed: 25
2025-09-11 20:19:16,662 [INFO] Truck: Time:<131.58700647543273> Truck:[XHTruck18] is facing 7.309609885793812 mins delay caused by 7 pre-existing jam events on Road from NorthPitMine-DumpSite5 to NorthPitMine-LoadSite4
2025-09-11 20:19:16,666 [INFO] Truck: Time:<134.0521237393039> Truck:[XHTruck3] Arrived at NorthPitMine-LoadSite3 at 134.0521237393039
2025-09-11 20:19:16,668 [INFO] Truck: Time:<134.21222756261795> Truck:[XHTruck30] Finish loading at shovel NorthPitMine-LoadSite5-Shovel-2
2025-09-11 20:19:16,668 [DEBUG] Truck: Time:<134.21222756261795> Truck:[XHTruck30] Start moving to ORDER(0): NorthPitMine-DumpSite1, move distance is 7.240507368532512, speed: 25
2025-09-11 20:19:16,668 [INFO] Truck: Time:<127> Truck:[XHTruck30] breakdown for 3.0519751928670127 minutes at 127
2025-09-11 20:19:16,670 [INFO] Truck: Time:<134.21222756261795> Truck:[XHTruck19] Start loading at shovel NorthPitMine-LoadSite5-Shovel-2, load time is 4.060039370078741
2025-09-11 20:19:16,670 [INFO] Truck: Time:<134.55937882872155> Truck:[OfficalTruck5] Arrived at NorthPitMine-LoadSite5 at 134.55937882872155
2025-09-11 20:19:16,670 [INFO] Truck: Time:<134.61525839567173> Truck:[CLTruck8] Arrived at NorthPitMine-LoadSite4 at 134.61525839567173
2025-09-11 20:19:16,672 [INFO] Truck: Time:<135.71665829736372> Truck:[CLTruck10] Arrived at NorthPitMine-LoadSite3 at 135.71665829736372
2025-09-11 20:19:16,675 [INFO] Truck: Time:<136.68761803212976> Truck:[XHTruck14] Finish loading at shovel NorthPitMine-LoadSite4-Shovel-5
2025-09-11 20:19:16,675 [DEBUG] Truck: Time:<136.68761803212976> Truck:[XHTruck14] Start moving to ORDER(1): NorthPitMine-DumpSite2, move distance is 1.505909739533504, speed: 25
2025-09-11 20:19:16,675 [INFO] Truck: Time:<120> Truck:[XHTruck14] breakdown for 11.185814007284272 minutes at 120
2025-09-11 20:19:16,675 [INFO] Truck: Time:<136.68761803212976> Truck:[XHTruck23] Start loading at shovel NorthPitMine-LoadSite4-Shovel-5, load time is 24.444444444444443
2025-09-11 20:19:16,675 [DEBUG] Truck: Time:<136.88439890484625> Truck:[CLTruck22] Arrived at NorthPitMine-DumpSite5 at 136.88439890484625
2025-09-11 20:19:16,679 [INFO] Truck: Time:<137.26420275548497> Truck:[XHTruck30] is facing 0 mins delay caused by 1 pre-existing jam events on Road from NorthPitMine-LoadSite5 to NorthPitMine-DumpSite1
2025-09-11 20:19:16,679 [INFO] Truck: Time:<137.73024537383014> Truck:[OfficalTruck8] is facing 0 mins delay caused by 1 pre-existing jam events on Road from NorthPitMine-LoadSite5 to NorthPitMine-DumpSite1
2025-09-11 20:19:16,680 [INFO] Truck: Time:<137.88439890484625> Truck:[CLTruck22] Finish unloading at dumper NorthPitMine-DumpSite5-点位0, dumper tons is 1819.4431532543733
2025-09-11 20:19:16,680 [DEBUG] Truck: Time:<137.88439890484625> Truck:[CLTruck22] Start moving to ORDER(3):NorthPitMine-LoadSite4, move distance is 6.63493933441253, speed: 25
2025-09-11 20:19:16,681 [INFO] Truck: Time:<137.88439890484625> Truck:[CLTruck22] is facing 4.852436474644584 mins delay caused by 3 pre-existing jam events on Road from NorthPitMine-DumpSite5 to NorthPitMine-LoadSite4
2025-09-11 20:19:16,681 [DEBUG] Truck: Time:<137.91654430734494> Truck:[XHTruck25] Arrived at NorthPitMine-DumpSite1 at 137.91654430734494
2025-09-11 20:19:16,681 [INFO] Truck: Time:<137.93357191773046> Truck:[XHTruck22] Arrived at NorthPitMine-LoadSite3 at 137.93357191773046
2025-09-11 20:19:16,682 [INFO] Truck: Time:<138.2722669326967> Truck:[XHTruck19] Finish loading at shovel NorthPitMine-LoadSite5-Shovel-2
2025-09-11 20:19:16,683 [DEBUG] Truck: Time:<138.2722669326967> Truck:[XHTruck19] Start moving to ORDER(0): NorthPitMine-DumpSite1, move distance is 7.724387724354049, speed: 25
2025-09-11 20:19:16,683 [INFO] Truck: Time:<126> Truck:[XHTruck19] breakdown for 5.463613698767216 minutes at 126
2025-09-11 20:19:16,683 [INFO] Truck: Time:<138.2722669326967> Truck:[OfficalTruck5] Start loading at shovel NorthPitMine-LoadSite5-Shovel-2, load time is 5.684055118110236
2025-09-11 20:19:16,684 [INFO] Truck: Time:<138.91654430734494> Truck:[XHTruck25] Finish unloading at dumper NorthPitMine-DumpSite1-点位0, dumper tons is 974.1154452165838
2025-09-11 20:19:16,684 [DEBUG] Truck: Time:<138.91654430734494> Truck:[XHTruck25] Start moving to ORDER(2):NorthPitMine-LoadSite3, move distance is 4.404686114520845, speed: 25
2025-09-11 20:19:16,684 [INFO] Truck: Time:<136> Truck:[XHTruck25] breakdown for 7.720262501160043 minutes at 136
2025-09-11 20:19:16,686 [INFO] Truck: Time:<139.5333688062681> Truck:[OfficalTruck6] Arrived at NorthPitMine-LoadSite5 at 139.5333688062681
2025-09-11 20:19:16,686 [INFO] Truck: Time:<139.77879402952075> Truck:[CLTruck28] Arrived at NorthPitMine-LoadSite4 at 139.77879402952075
2025-09-11 20:19:16,690 [INFO] Truck: Time:<140.15285471448647> Truck:[XHTruck31] Arrived at NorthPitMine-LoadSite4 at 140.15285471448647
2025-09-11 20:19:16,691 [INFO] Truck: Time:<140.4248888888889> Truck:[OfficalTruck4] Finish loading at shovel NorthPitMine-LoadSite3-Shovel-2
2025-09-11 20:19:16,692 [DEBUG] Truck: Time:<140.4248888888889> Truck:[OfficalTruck4] Start moving to ORDER(4): NorthPitMine-DumpSite5, move distance is 2.8264450830433874, speed: 25
2025-09-11 20:19:16,692 [INFO] Truck: Time:<137> Truck:[OfficalTruck4] breakdown for 10.362988760412726 minutes at 137
2025-09-11 20:19:16,692 [INFO] Truck: Time:<140.4248888888889> Truck:[XHTruck6] Start loading at shovel NorthPitMine-LoadSite3-Shovel-2, load time is 24.444444444444443
2025-09-11 20:19:16,692 [INFO] Truck: Time:<140.65991772789982> Truck:[XHTruck27] Arrived at NorthPitMine-LoadSite4 at 140.65991772789982
2025-09-11 20:19:16,693 [DEBUG] Truck: Time:<141.11424995966448> Truck:[CLTruck11] Arrived at NorthPitMine-DumpSite1 at 141.11424995966448
2025-09-11 20:19:16,693 [INFO] Truck: Time:<141.86844444444444> Truck:[CLTruck5] Finish loading at shovel NorthPitMine-LoadSite4-Shovel-4
2025-09-11 20:19:16,695 [DEBUG] Truck: Time:<141.86844444444444> Truck:[CLTruck5] Start moving to ORDER(1): NorthPitMine-DumpSite2, move distance is 1.4923228175153056, speed: 25
2025-09-11 20:19:16,695 [INFO] Truck: Time:<137> Truck:[CLTruck5] breakdown for 11.792301540380357 minutes at 137
2025-09-11 20:19:16,695 [INFO] Truck: Time:<141.86844444444444> Truck:[CLTruck20] Start loading at shovel NorthPitMine-LoadSite4-Shovel-4, load time is 15.555555555555555
2025-09-11 20:19:16,697 [INFO] Truck: Time:<142.11424995966448> Truck:[CLTruck11] Finish unloading at dumper NorthPitMine-DumpSite1-点位0, dumper tons is 1009.2573293871784
2025-09-11 20:19:16,698 [DEBUG] Truck: Time:<142.11424995966448> Truck:[CLTruck11] Start moving to ORDER(2):NorthPitMine-LoadSite3, move distance is 4.116876523428489, speed: 25
2025-09-11 20:19:16,698 [INFO] Truck: Time:<134> Truck:[CLTruck11] breakdown for 12.985565149584923 minutes at 134
2025-09-11 20:19:16,698 [DEBUG] Truck: Time:<142.2192538864844> Truck:[OfficalTruck1] Arrived at NorthPitMine-DumpSite1 at 142.2192538864844
2025-09-11 20:19:16,698 [INFO] Truck: Time:<142.70503486528733> Shovel NorthPitMine-LoadSite4-Shovel-1 maintenance completed
2025-09-11 20:19:16,698 [DEBUG] Truck: Time:<142.70503486528733> Truck:[CLTruck16] Start moving to ORDER(1): NorthPitMine-DumpSite2, move distance is 1.5856897663886689, speed: 25
2025-09-11 20:19:16,699 [INFO] Truck: Time:<139> Truck:[CLTruck16] breakdown for 12.179911656512786 minutes at 139
2025-09-11 20:19:16,699 [INFO] Truck: Time:<142.70503486528733> Truck:[CLTruck26] Start loading at shovel NorthPitMine-LoadSite4-Shovel-1, load time is 2.5836614173228347
2025-09-11 20:19:16,700 [DEBUG] Truck: Time:<143.0510444911678> Truck:[CLTruck29] Arrived at NorthPitMine-DumpSite1 at 143.0510444911678
2025-09-11 20:19:16,700 [INFO] Truck: Time:<143.1663037084132> Truck:[XHTruck12] Arrived at NorthPitMine-LoadSite4 at 143.1663037084132
2025-09-11 20:19:16,700 [INFO] Truck: Time:<143.2192538864844> Truck:[OfficalTruck1] Finish unloading at dumper NorthPitMine-DumpSite1-点位0, dumper tons is 1085.7128025629052
2025-09-11 20:19:16,701 [DEBUG] Truck: Time:<143.2192538864844> Truck:[OfficalTruck1] Start moving to ORDER(2):NorthPitMine-LoadSite3, move distance is 3.848207844739875, speed: 25
2025-09-11 20:19:16,701 [INFO] Truck: Time:<128> Truck:[OfficalTruck1] breakdown for 10.077986333358432 minutes at 128
2025-09-11 20:19:16,701 [DEBUG] Truck: Time:<143.23572640431647> Truck:[CLTruck4] Arrived at NorthPitMine-DumpSite2 at 143.23572640431647
2025-09-11 20:19:16,701 [INFO] Truck: Time:<143.7358806314639> Truck:[XHTruck19] is facing 0 mins delay caused by 1 pre-existing jam events on Road from NorthPitMine-LoadSite5 to NorthPitMine-DumpSite1
2025-09-11 20:19:16,701 [INFO] Truck: Time:<143.95632205080693> Truck:[OfficalTruck5] Finish loading at shovel NorthPitMine-LoadSite5-Shovel-2
2025-09-11 20:19:16,702 [DEBUG] Truck: Time:<143.95632205080693> Truck:[OfficalTruck5] Start moving to ORDER(0): NorthPitMine-DumpSite1, move distance is 7.250967016518541, speed: 25
2025-09-11 20:19:16,702 [INFO] Truck: Time:<126> Truck:[OfficalTruck5] breakdown for 10.371338972050998 minutes at 126
2025-09-11 20:19:16,702 [INFO] Truck: Time:<143.95632205080693> Truck:[OfficalTruck6] Start loading at shovel NorthPitMine-LoadSite5-Shovel-2, load time is 5.684055118110236
2025-09-11 20:19:16,704 [INFO] Truck: Time:<144.0510444911678> Truck:[CLTruck29] Finish unloading at dumper NorthPitMine-DumpSite1-点位1, dumper tons is 512.6299969396731
2025-09-11 20:19:16,705 [DEBUG] Truck: Time:<144.0510444911678> Truck:[CLTruck29] Start moving to ORDER(2):NorthPitMine-LoadSite3, move distance is 4.489608860775378, speed: 25
2025-09-11 20:19:16,705 [INFO] Truck: Time:<138> Truck:[CLTruck29] breakdown for 15.3716446643345 minutes at 138
2025-09-11 20:19:16,705 [DEBUG] Truck: Time:<144.1009554624604> Truck:[CLTruck12] Arrived at NorthPitMine-DumpSite2 at 144.1009554624604
2025-09-11 20:19:16,705 [INFO] Truck: Time:<144.23572640431647> Truck:[CLTruck4] Finish unloading at dumper NorthPitMine-DumpSite2-点位0, dumper tons is 1176.9637542170553
2025-09-11 20:19:16,706 [DEBUG] Truck: Time:<144.23572640431647> Truck:[CLTruck4] Start moving to ORDER(2):NorthPitMine-LoadSite3, move distance is 3.41, speed: 25
2025-09-11 20:19:16,706 [INFO] Truck: Time:<144.4059895083793> Truck:[XHTruck5] Arrived at NorthPitMine-LoadSite4 at 144.4059895083793
2025-09-11 20:19:16,707 [INFO] Truck: Time:<145.1009554624604> Truck:[CLTruck12] Finish unloading at dumper NorthPitMine-DumpSite2-点位1, dumper tons is 495.82506235693563
2025-09-11 20:19:16,708 [DEBUG] Truck: Time:<145.1009554624604> Truck:[CLTruck12] Start moving to ORDER(2):NorthPitMine-LoadSite3, move distance is 3.41, speed: 25
2025-09-11 20:19:16,708 [INFO] Truck: Time:<145.28869628261018> Truck:[CLTruck26] Finish loading at shovel NorthPitMine-LoadSite4-Shovel-1
2025-09-11 20:19:16,709 [DEBUG] Truck: Time:<145.28869628261018> Truck:[CLTruck26] Start moving to ORDER(1): NorthPitMine-DumpSite2, move distance is 1.7325575568389269, speed: 25
2025-09-11 20:19:16,709 [INFO] Truck: Time:<104> Truck:[CLTruck26] breakdown for 15.782279851758926 minutes at 104
2025-09-11 20:19:16,709 [INFO] Truck: Time:<145.28869628261018> Truck:[CLTruck14] Start loading at shovel NorthPitMine-LoadSite4-Shovel-1, load time is 2.5836614173228347
2025-09-11 20:19:16,709 [INFO] Truck: Time:<145.95460556216798> Truck:[XHTruck24] Arrived at NorthPitMine-LoadSite4 at 145.95460556216798
2025-09-11 20:19:16,711 [INFO] Truck: Time:<146.17929844029464> Truck:[CLTruck2] Arrived at NorthPitMine-LoadSite3 at 146.17929844029464
2025-09-11 20:19:16,711 [INFO] Truck: Time:<146.2026666666667> Truck:[XHTruck10] Finish loading at shovel NorthPitMine-LoadSite3-Shovel-3
2025-09-11 20:19:16,711 [DEBUG] Truck: Time:<146.2026666666667> Truck:[XHTruck10] Start moving to ORDER(4): NorthPitMine-DumpSite5, move distance is 1.86, speed: 25
2025-09-11 20:19:16,711 [INFO] Truck: Time:<129> Truck:[XHTruck10] breakdown for 12.084799613457761 minutes at 129
2025-09-11 20:19:16,711 [INFO] Truck: Time:<146.2026666666667> Truck:[XHTruck8] Start loading at shovel NorthPitMine-LoadSite3-Shovel-3, load time is 24.444444444444443
2025-09-11 20:19:16,715 [INFO] Truck: Time:<147.87235769993302> Truck:[CLTruck14] Finish loading at shovel NorthPitMine-LoadSite4-Shovel-1
2025-09-11 20:19:16,716 [DEBUG] Truck: Time:<147.87235769993302> Truck:[CLTruck14] Start moving to ORDER(1): NorthPitMine-DumpSite2, move distance is 1.63896478297207, speed: 25
2025-09-11 20:19:16,716 [INFO] Truck: Time:<139> Truck:[CLTruck14] breakdown for 3.1426304445263185 minutes at 139
2025-09-11 20:19:16,716 [INFO] Truck: Time:<147.87235769993302> Truck:[XHTruck21] Start loading at shovel NorthPitMine-LoadSite4-Shovel-1, load time is 4.060039370078741
2025-09-11 20:19:16,718 [INFO] Truck: Time:<148.18778268517406> Truck:[CLTruck1] Arrived at NorthPitMine-LoadSite3 at 148.18778268517406
2025-09-11 20:19:16,718 [INFO] Truck: Time:<148.3080813703952> Truck:[XHTruck13] Arrived at NorthPitMine-LoadSite4 at 148.3080813703952
2025-09-11 20:19:16,719 [INFO] Truck: Time:<149.27271966104286> Truck:[XHTruck17] Arrived at NorthPitMine-LoadSite3 at 149.27271966104286
2025-09-11 20:19:16,720 [INFO] Truck: Time:<149.64037716891715> Truck:[OfficalTruck6] Finish loading at shovel NorthPitMine-LoadSite5-Shovel-2
2025-09-11 20:19:16,720 [DEBUG] Truck: Time:<149.64037716891715> Truck:[OfficalTruck6] Start moving to ORDER(0): NorthPitMine-DumpSite1, move distance is 7.272831875695498, speed: 25
2025-09-11 20:19:16,720 [INFO] Truck: Time:<149.86844444444444> Truck:[XHTruck4] Finish loading at shovel NorthPitMine-LoadSite4-Shovel-3
2025-09-11 20:19:16,721 [DEBUG] Truck: Time:<149.86844444444444> Truck:[XHTruck4] Start moving to ORDER(1): NorthPitMine-DumpSite2, move distance is 1.58170360933404, speed: 25
2025-09-11 20:19:16,721 [INFO] Truck: Time:<131> Truck:[XHTruck4] breakdown for 6.655068448477174 minutes at 131
2025-09-11 20:19:16,721 [INFO] Truck: Time:<149.86844444444444> Truck:[XHTruck33] Start loading at shovel NorthPitMine-LoadSite4-Shovel-3, load time is 24.444444444444443
2025-09-11 20:19:16,722 [INFO] Truck: Time:<150.75733333333335> Truck:[OfficalTruck9] Finish loading at shovel NorthPitMine-LoadSite4-Shovel-2
2025-09-11 20:19:16,723 [DEBUG] Truck: Time:<150.75733333333335> Truck:[OfficalTruck9] Start moving to ORDER(1): NorthPitMine-DumpSite2, move distance is 1.805008836691027, speed: 25
2025-09-11 20:19:16,723 [INFO] Truck: Time:<143> Truck:[OfficalTruck9] breakdown for 12.742614240772678 minutes at 143
2025-09-11 20:19:16,723 [INFO] Truck: Time:<150.75733333333335> Truck:[CLTruck7] Start loading at shovel NorthPitMine-LoadSite4-Shovel-2, load time is 15.555555555555555
2025-09-11 20:19:16,724 [DEBUG] Truck: Time:<151.48761541429445> Truck:[XHTruck14] Arrived at NorthPitMine-DumpSite2 at 151.48761541429445
2025-09-11 20:19:16,725 [INFO] Truck: Time:<151.93239707001175> Truck:[XHTruck21] Finish loading at shovel NorthPitMine-LoadSite4-Shovel-1
2025-09-11 20:19:16,725 [DEBUG] Truck: Time:<151.93239707001175> Truck:[XHTruck21] Start moving to ORDER(1): NorthPitMine-DumpSite2, move distance is 1.6858320908679167, speed: 25
2025-09-11 20:19:16,725 [INFO] Truck: Time:<141> Truck:[XHTruck21] breakdown for 7.931722652347622 minutes at 141
2025-09-11 20:19:16,726 [INFO] Truck: Time:<151.93239707001175> Truck:[CLTruck19] Start loading at shovel NorthPitMine-LoadSite4-Shovel-1, load time is 2.5836614173228347
2025-09-11 20:19:16,727 [INFO] Truck: Time:<152.41972640431646> Truck:[CLTruck4] Arrived at NorthPitMine-LoadSite3 at 152.41972640431646
2025-09-11 20:19:16,728 [INFO] Truck: Time:<152.48761541429445> Truck:[XHTruck14] Finish unloading at dumper NorthPitMine-DumpSite2-点位0, dumper tons is 1236.960223553519
2025-09-11 20:19:16,729 [DEBUG] Truck: Time:<152.48761541429445> Truck:[XHTruck14] Start moving to ORDER(2):NorthPitMine-LoadSite3, move distance is 3.41, speed: 25
2025-09-11 20:19:16,729 [INFO] Truck: Time:<152.48761541429445> Truck:[XHTruck14] is facing 10.195368708537554 mins delay caused by 1 pre-existing jam events on Road from NorthPitMine-DumpSite2 to NorthPitMine-LoadSite3
2025-09-11 20:19:16,729 [INFO] Truck: Time:<152.80497457613822> Truck:[OfficalTruck2] Arrived at NorthPitMine-LoadSite5 at 152.80497457613822
2025-09-11 20:19:16,729 [INFO] Truck: Time:<152.80497457613822> Truck:[OfficalTruck2] Start loading at shovel NorthPitMine-LoadSite5-Shovel-2, load time is 5.684055118110236
2025-09-11 20:19:16,732 [INFO] Truck: Time:<153.2849554624604> Truck:[CLTruck12] Arrived at NorthPitMine-LoadSite3 at 153.2849554624604
2025-09-11 20:19:16,733 [DEBUG] Truck: Time:<154.49177721100142> Truck:[OfficalTruck8] Arrived at NorthPitMine-DumpSite1 at 154.49177721100142
2025-09-11 20:19:16,733 [INFO] Truck: Time:<154.5160584873346> Truck:[CLTruck19] Finish loading at shovel NorthPitMine-LoadSite4-Shovel-1
2025-09-11 20:19:16,734 [DEBUG] Truck: Time:<154.5160584873346> Truck:[CLTruck19] Start moving to ORDER(1): NorthPitMine-DumpSite2, move distance is 1.6375708954303816, speed: 25
2025-09-11 20:19:16,734 [INFO] Truck: Time:<149> Truck:[CLTruck19] breakdown for 11.269623851909488 minutes at 149
2025-09-11 20:19:16,734 [INFO] Truck: Time:<154.5160584873346> Truck:[XHTruck11] Start loading at shovel NorthPitMine-LoadSite4-Shovel-1, load time is 4.060039370078741
2025-09-11 20:19:16,734 [DEBUG] Truck: Time:<154.64142043996299> Truck:[XHTruck30] Arrived at NorthPitMine-DumpSite1 at 154.64142043996299
2025-09-11 20:19:16,735 [DEBUG] Truck: Time:<154.9485036235923> Truck:[CLTruck14] Arrived at NorthPitMine-DumpSite2 at 154.9485036235923
2025-09-11 20:19:16,736 [INFO] Truck: Time:<155.49177721100142> Truck:[OfficalTruck8] Finish unloading at dumper NorthPitMine-DumpSite1-点位0, dumper tons is 1159.496668663163
2025-09-11 20:19:16,737 [DEBUG] Truck: Time:<155.49177721100142> Truck:[OfficalTruck8] Start moving to ORDER(2):NorthPitMine-LoadSite3, move distance is 3.9197575180148423, speed: 25
2025-09-11 20:19:16,737 [INFO] Truck: Time:<155.64142043996299> Truck:[XHTruck30] Finish unloading at dumper NorthPitMine-DumpSite1-点位1, dumper tons is 562.4444225036415
2025-09-11 20:19:16,738 [DEBUG] Truck: Time:<155.64142043996299> Truck:[XHTruck30] Start moving to ORDER(2):NorthPitMine-LoadSite3, move distance is 3.5455796329542744, speed: 25
2025-09-11 20:19:16,738 [INFO] Truck: Time:<150> Truck:[XHTruck30] breakdown for 9.370262107465294 minutes at 150
2025-09-11 20:19:16,738 [INFO] Truck: Time:<155.9485036235923> Truck:[CLTruck14] Finish unloading at dumper NorthPitMine-DumpSite2-点位0, dumper tons is 1268.9767193523533
2025-09-11 20:19:16,739 [DEBUG] Truck: Time:<155.9485036235923> Truck:[CLTruck14] Start moving to ORDER(2):NorthPitMine-LoadSite3, move distance is 3.41, speed: 25
2025-09-11 20:19:16,739 [INFO] Truck: Time:<155.9485036235923> Truck:[CLTruck14] is facing 6.734480499239704 mins delay caused by 1 pre-existing jam events on Road from NorthPitMine-DumpSite2 to NorthPitMine-LoadSite3
2025-09-11 20:19:16,742 [INFO] Truck: Time:<157.208053483355> Truck:[XHTruck25] Arrived at NorthPitMine-LoadSite3 at 157.208053483355
2025-09-11 20:19:16,743 [DEBUG] Truck: Time:<157.2423207468615> Truck:[CLTruck5] Arrived at NorthPitMine-DumpSite2 at 157.2423207468615
2025-09-11 20:19:16,743 [INFO] Truck: Time:<157.42399999999998> Truck:[CLTruck20] Finish loading at shovel NorthPitMine-LoadSite4-Shovel-4
2025-09-11 20:19:16,743 [DEBUG] Truck: Time:<157.42399999999998> Truck:[CLTruck20] Start moving to ORDER(1): NorthPitMine-DumpSite2, move distance is 1.6293776390625836, speed: 25
2025-09-11 20:19:16,744 [INFO] Truck: Time:<148> Truck:[CLTruck20] breakdown for 13.272645426464816 minutes at 148
2025-09-11 20:19:16,744 [INFO] Truck: Time:<157.42399999999998> Truck:[CLTruck17] Start loading at shovel NorthPitMine-LoadSite4-Shovel-4, load time is 15.555555555555555
2025-09-11 20:19:16,744 [INFO] Truck: Time:<157.49231808417602> Truck:[XHTruck18] Arrived at NorthPitMine-LoadSite4 at 157.49231808417602
2025-09-11 20:19:16,744 [DEBUG] Truck: Time:<157.57134584860574> Truck:[OfficalTruck4] Arrived at NorthPitMine-DumpSite5 at 157.57134584860574
2025-09-11 20:19:16,746 [INFO] Truck: Time:<158.2423207468615> Truck:[CLTruck5] Finish unloading at dumper NorthPitMine-DumpSite2-点位0, dumper tons is 1306.30664574725
2025-09-11 20:19:16,748 [DEBUG] Truck: Time:<158.2423207468615> Truck:[CLTruck5] Start moving to ORDER(2):NorthPitMine-LoadSite3, move distance is 3.41, speed: 25
2025-09-11 20:19:16,748 [INFO] Truck: Time:<158> Truck:[CLTruck5] breakdown for 7.286292552797968 minutes at 158
2025-09-11 20:19:16,748 [INFO] Truck: Time:<158.48902969424844> Truck:[OfficalTruck2] Finish loading at shovel NorthPitMine-LoadSite5-Shovel-2
2025-09-11 20:19:16,748 [DEBUG] Truck: Time:<158.48902969424844> Truck:[OfficalTruck2] Start moving to ORDER(0): NorthPitMine-DumpSite1, move distance is 6.661275107919251, speed: 25
2025-09-11 20:19:16,748 [INFO] Truck: Time:<146> Truck:[OfficalTruck2] breakdown for 2.6049605565711227 minutes at 146
2025-09-11 20:19:16,751 [INFO] Truck: Time:<158.57134584860574> Truck:[OfficalTruck4] Finish unloading at dumper NorthPitMine-DumpSite5-点位0, dumper tons is 1901.4732082452567
2025-09-11 20:19:16,751 [DEBUG] Truck: Time:<158.57134584860574> Truck:[OfficalTruck4] Start moving to ORDER(3):NorthPitMine-LoadSite4, move distance is 7.105201920037752, speed: 25
2025-09-11 20:19:16,752 [INFO] Truck: Time:<158.57134584860574> Truck:[OfficalTruck4] is facing 0 mins delay caused by 1 pre-existing jam events on Road from NorthPitMine-DumpSite5 to NorthPitMine-LoadSite4
2025-09-11 20:19:16,752 [INFO] Truck: Time:<158.57609785741334> Truck:[XHTruck11] Finish loading at shovel NorthPitMine-LoadSite4-Shovel-1
2025-09-11 20:19:16,752 [DEBUG] Truck: Time:<158.57609785741334> Truck:[XHTruck11] Start moving to ORDER(1): NorthPitMine-DumpSite2, move distance is 1.5894804510530602, speed: 25
2025-09-11 20:19:16,752 [INFO] Truck: Time:<141> Truck:[XHTruck11] breakdown for 11.955275035050423 minutes at 141
2025-09-11 20:19:16,753 [INFO] Truck: Time:<158.57609785741334> Truck:[XHTruck9] Start loading at shovel NorthPitMine-LoadSite4-Shovel-1, load time is 4.060039370078741
2025-09-11 20:19:16,753 [INFO] Truck: Time:<158.6606897820809> Truck:[CLTruck22] Arrived at NorthPitMine-LoadSite4 at 158.6606897820809
2025-09-11 20:19:16,753 [DEBUG] Truck: Time:<158.69060196113293> Truck:[CLTruck16] Arrived at NorthPitMine-DumpSite2 at 158.69060196113293
2025-09-11 20:19:16,754 [INFO] Truck: Time:<159.69060196113293> Truck:[CLTruck16] Finish unloading at dumper NorthPitMine-DumpSite2-点位0, dumper tons is 1340.5409959571052
2025-09-11 20:19:16,755 [DEBUG] Truck: Time:<159.69060196113293> Truck:[CLTruck16] Start moving to ORDER(2):NorthPitMine-LoadSite3, move distance is 3.41, speed: 25
2025-09-11 20:19:16,755 [INFO] Truck: Time:<159.69060196113293> Truck:[CLTruck16] is facing 4.417352648648734 mins delay caused by 2 pre-existing jam events on Road from NorthPitMine-DumpSite2 to NorthPitMine-LoadSite3
2025-09-11 20:19:16,757 [DEBUG] Truck: Time:<160.31960155532332> Truck:[XHTruck4] Arrived at NorthPitMine-DumpSite2 at 160.31960155532332
2025-09-11 20:19:16,757 [INFO] Truck: Time:<161.09399025081956> Truck:[OfficalTruck2] is facing 0 mins delay caused by 1 pre-existing jam events on Road from NorthPitMine-LoadSite5 to NorthPitMine-DumpSite1
2025-09-11 20:19:16,757 [INFO] Truck: Time:<161.13206247657422> Truck:[XHTruck23] Finish loading at shovel NorthPitMine-LoadSite4-Shovel-5
2025-09-11 20:19:16,757 [DEBUG] Truck: Time:<161.13206247657422> Truck:[XHTruck23] Start moving to ORDER(1): NorthPitMine-DumpSite2, move distance is 1.7984992179143877, speed: 25
2025-09-11 20:19:16,757 [INFO] Truck: Time:<155> Truck:[XHTruck23] breakdown for 9.753296575782462 minutes at 155
2025-09-11 20:19:16,757 [INFO] Truck: Time:<161.13206247657422> Truck:[OfficalTruck3] Start loading at shovel NorthPitMine-LoadSite4-Shovel-5, load time is 34.22222222222222
2025-09-11 20:19:16,757 [INFO] Truck: Time:<161.31960155532332> Truck:[XHTruck4] Finish unloading at dumper NorthPitMine-DumpSite2-点位0, dumper tons is 1395.2956054620774
2025-09-11 20:19:16,760 [INFO] Road: [RoadEvent] Road from NorthPitMine-DumpSite2 to NorthPitMine-LoadSite3 is in repair，the repair will last for 54.99 mins, and will end at 216.30, vehicle on this road will have to suffer punish_distance.
2025-09-11 20:19:16,760 [DEBUG] Truck: Time:<161.31960155532332> Truck:[XHTruck4] Start moving to ORDER(2):NorthPitMine-LoadSite3, move distance is 4.636665547293456, speed: 25
2025-09-11 20:19:16,760 [INFO] Truck: Time:<161.31960155532332> Truck:[XHTruck4] is facing 1.0244839778660528 mins delay caused by 2 pre-existing jam events on Road from NorthPitMine-DumpSite2 to NorthPitMine-LoadSite3
2025-09-11 20:19:16,761 [DEBUG] Truck: Time:<162.27441116991363> Truck:[XHTruck19] Arrived at NorthPitMine-DumpSite1 at 162.27441116991363
2025-09-11 20:19:16,762 [INFO] Truck: Time:<162.53293904721855> Truck:[OfficalTruck1] Arrived at NorthPitMine-LoadSite3 at 162.53293904721855
2025-09-11 20:19:16,762 [INFO] Truck: Time:<162.6361372274921> Truck:[XHTruck9] Finish loading at shovel NorthPitMine-LoadSite4-Shovel-1
2025-09-11 20:19:16,762 [DEBUG] Truck: Time:<162.6361372274921> Truck:[XHTruck9] Start moving to ORDER(1): NorthPitMine-DumpSite2, move distance is 1.5684403160670577, speed: 25
2025-09-11 20:19:16,762 [INFO] Truck: Time:<134> Truck:[XHTruck9] breakdown for 14.459763572038819 minutes at 134
2025-09-11 20:19:16,763 [INFO] Truck: Time:<162.6361372274921> Truck:[XHTruck12] Start loading at shovel NorthPitMine-LoadSite4-Shovel-1, load time is 4.060039370078741
2025-09-11 20:19:16,763 [DEBUG] Truck: Time:<162.75146628012445> Truck:[XHTruck10] Arrived at NorthPitMine-DumpSite5 at 162.75146628012445
2025-09-11 20:19:16,765 [INFO] Truck: Time:<163.27441116991363> Truck:[XHTruck19] Finish unloading at dumper NorthPitMine-DumpSite1-点位0, dumper tons is 1214.080304153773
2025-09-11 20:19:16,765 [DEBUG] Truck: Time:<163.27441116991363> Truck:[XHTruck19] Start moving to ORDER(2):NorthPitMine-LoadSite3, move distance is 3.815958407252586, speed: 25
2025-09-11 20:19:16,765 [INFO] Truck: Time:<163.75146628012445> Truck:[XHTruck10] Finish unloading at dumper NorthPitMine-DumpSite5-点位0, dumper tons is 1953.3735383674566
2025-09-11 20:19:16,766 [DEBUG] Truck: Time:<163.75146628012445> Truck:[XHTruck10] Start moving to ORDER(3):NorthPitMine-LoadSite4, move distance is 5.34, speed: 25
2025-09-11 20:19:16,766 [DEBUG] Truck: Time:<163.91011674044236> Truck:[XHTruck21] Arrived at NorthPitMine-DumpSite2 at 163.91011674044236
2025-09-11 20:19:16,768 [INFO] Truck: Time:<164.86933333333332> Truck:[XHTruck6] Finish loading at shovel NorthPitMine-LoadSite3-Shovel-2
2025-09-11 20:19:16,768 [DEBUG] Truck: Time:<164.86933333333332> Truck:[XHTruck6] Start moving to ORDER(4): NorthPitMine-DumpSite5, move distance is 1.86, speed: 25
2025-09-11 20:19:16,769 [INFO] Truck: Time:<161> Truck:[XHTruck6] breakdown for 7.724384684679818 minutes at 161
2025-09-11 20:19:16,769 [INFO] Truck: Time:<164.86933333333332> Truck:[CLTruck6] Start loading at shovel NorthPitMine-LoadSite3-Shovel-2, load time is 15.555555555555555
2025-09-11 20:19:16,769 [INFO] Truck: Time:<164.89919525423704> Truck:[OfficalTruck8] Arrived at NorthPitMine-LoadSite3 at 164.89919525423704
2025-09-11 20:19:16,769 [INFO] Truck: Time:<164.91011674044236> Truck:[XHTruck21] Finish unloading at dumper NorthPitMine-DumpSite2-点位0, dumper tons is 1454.7915810243348
2025-09-11 20:19:16,770 [DEBUG] Truck: Time:<164.91011674044236> Truck:[XHTruck21] Start moving to ORDER(2):NorthPitMine-LoadSite3, move distance is 4.677611654577744, speed: 25
2025-09-11 20:19:16,770 [INFO] Truck: Time:<164.91011674044236> Truck:[XHTruck21] is facing 4.649153687977032 mins delay caused by 1 pre-existing jam events on Road from NorthPitMine-DumpSite2 to NorthPitMine-LoadSite3
2025-09-11 20:19:16,770 [INFO] Truck: Time:<164.98031876547776> Truck:[CLTruck11] Arrived at NorthPitMine-LoadSite3 at 164.98031876547776
2025-09-11 20:19:16,772 [DEBUG] Truck: Time:<165.2291142707825> Truck:[CLTruck26] Arrived at NorthPitMine-DumpSite2 at 165.2291142707825
2025-09-11 20:19:16,772 [INFO] Truck: Time:<165.52861329965947> Truck:[CLTruck5] is facing 4.8620276553658694 mins delay caused by 1 pre-existing jam events on Road from NorthPitMine-DumpSite2 to NorthPitMine-LoadSite3
2025-09-11 20:19:16,773 [INFO] Truck: Time:<166.2291142707825> Truck:[CLTruck26] Finish unloading at dumper NorthPitMine-DumpSite2-点位0, dumper tons is 1493.209145958246
2025-09-11 20:19:16,774 [DEBUG] Truck: Time:<166.2291142707825> Truck:[CLTruck26] Start moving to ORDER(2):NorthPitMine-LoadSite3, move distance is 5.315229375403637, speed: 25
2025-09-11 20:19:16,775 [INFO] Truck: Time:<166.2291142707825> Truck:[CLTruck26] is facing 2.9119708416357653 mins delay caused by 1 pre-existing jam events on Road from NorthPitMine-DumpSite2 to NorthPitMine-LoadSite3
2025-09-11 20:19:16,775 [INFO] Truck: Time:<166.3128888888889> Truck:[CLTruck7] Finish loading at shovel NorthPitMine-LoadSite4-Shovel-2
2025-09-11 20:19:16,775 [DEBUG] Truck: Time:<166.3128888888889> Truck:[CLTruck7] Start moving to ORDER(1): NorthPitMine-DumpSite2, move distance is 1.17, speed: 25
2025-09-11 20:19:16,776 [INFO] Truck: Time:<132> Truck:[CLTruck7] breakdown for 11.269555474033428 minutes at 132
2025-09-11 20:19:16,776 [INFO] Truck: Time:<166.3128888888889> Truck:[XHTruck7] Start loading at shovel NorthPitMine-LoadSite4-Shovel-2, load time is 24.444444444444443
2025-09-11 20:19:16,776 [INFO] Truck: Time:<166.69617659757085> Truck:[XHTruck12] Finish loading at shovel NorthPitMine-LoadSite4-Shovel-1
2025-09-11 20:19:16,777 [DEBUG] Truck: Time:<166.69617659757085> Truck:[XHTruck12] Start moving to ORDER(1): NorthPitMine-DumpSite2, move distance is 1.17, speed: 25
2025-09-11 20:19:16,777 [INFO] Truck: Time:<166> Truck:[XHTruck12] breakdown for 6.187691271241648 minutes at 166
2025-09-11 20:19:16,777 [INFO] Truck: Time:<166.69617659757085> Truck:[XHTruck24] Start loading at shovel NorthPitMine-LoadSite4-Shovel-1, load time is 4.060039370078741
2025-09-11 20:19:16,780 [INFO] Truck: Time:<167.0094034491545> Shovel NorthPitMine-LoadSite3-Shovel-1 maintenance completed
2025-09-11 20:19:16,781 [DEBUG] Truck: Time:<167.0094034491545> Truck:[XHTruck26] Start moving to ORDER(4): NorthPitMine-DumpSite5, move distance is 1.86, speed: 25
2025-09-11 20:19:16,781 [INFO] Truck: Time:<135> Truck:[XHTruck26] breakdown for 11.770739037480805 minutes at 135
2025-09-11 20:19:16,782 [INFO] Truck: Time:<167.0094034491545> Truck:[CLTruck9] Start loading at shovel NorthPitMine-LoadSite3-Shovel-1, load time is 2.5836614173228347
2025-09-11 20:19:16,782 [DEBUG] Truck: Time:<167.09517367058635> Truck:[OfficalTruck6] Arrived at NorthPitMine-DumpSite1 at 167.09517367058635
2025-09-11 20:19:16,782 [DEBUG] Truck: Time:<167.8319687821645> Truck:[OfficalTruck9] Arrived at NorthPitMine-DumpSite2 at 167.8319687821645
2025-09-11 20:19:16,783 [INFO] Truck: Time:<168.09517367058635> Truck:[OfficalTruck6] Finish unloading at dumper NorthPitMine-DumpSite1-点位0, dumper tons is 1297.0883514311201
2025-09-11 20:19:16,784 [DEBUG] Truck: Time:<168.09517367058635> Truck:[OfficalTruck6] Start moving to ORDER(2):NorthPitMine-LoadSite3, move distance is 4.644645443616549, speed: 25
2025-09-11 20:19:16,784 [INFO] Truck: Time:<159> Truck:[OfficalTruck6] breakdown for 13.850780044962363 minutes at 159
2025-09-11 20:19:16,784 [INFO] Truck: Time:<168.8319687821645> Truck:[OfficalTruck9] Finish unloading at dumper NorthPitMine-DumpSite2-点位0, dumper tons is 1563.5851129770251
2025-09-11 20:19:16,784 [INFO] Road: [RoadEvent] Road from NorthPitMine-DumpSite2 to NorthPitMine-LoadSite5 is in repair，the repair will last for 47.40 mins, and will end at 216.24, vehicle on this road will have to suffer punish_distance.
2025-09-11 20:19:16,785 [DEBUG] Truck: Time:<168.8319687821645> Truck:[OfficalTruck9] Start moving to ORDER(4):NorthPitMine-LoadSite5, move distance is 8.082098676648354, speed: 25
2025-09-11 20:19:16,787 [INFO] Truck: Time:<169.59306486647733> Truck:[CLTruck9] Finish loading at shovel NorthPitMine-LoadSite3-Shovel-1
2025-09-11 20:19:16,788 [DEBUG] Truck: Time:<169.59306486647733> Truck:[CLTruck9] Start moving to ORDER(4): NorthPitMine-DumpSite5, move distance is 1.86, speed: 25
2025-09-11 20:19:16,788 [INFO] Truck: Time:<167> Truck:[CLTruck9] breakdown for 11.027741515555771 minutes at 167
2025-09-11 20:19:16,788 [INFO] Truck: Time:<169.59306486647733> Truck:[XHTruck3] Start loading at shovel NorthPitMine-LoadSite3-Shovel-1, load time is 4.060039370078741
2025-09-11 20:19:16,788 [DEBUG] Truck: Time:<169.715852488277> Truck:[CLTruck19] Arrived at NorthPitMine-DumpSite2 at 169.715852488277
2025-09-11 20:19:16,792 [INFO] Truck: Time:<170.1977504213632> Truck:[CLTruck29] Arrived at NorthPitMine-LoadSite3 at 170.1977504213632
2025-09-11 20:19:16,792 [INFO] Truck: Time:<170.64711111111114> Truck:[XHTruck8] Finish loading at shovel NorthPitMine-LoadSite3-Shovel-3
2025-09-11 20:19:16,792 [DEBUG] Truck: Time:<170.64711111111114> Truck:[XHTruck8] Start moving to ORDER(4): NorthPitMine-DumpSite5, move distance is 1.86, speed: 25
2025-09-11 20:19:16,792 [INFO] Truck: Time:<162> Truck:[XHTruck8] breakdown for 7.2910871371817185 minutes at 162
2025-09-11 20:19:16,792 [INFO] Truck: Time:<170.64711111111114> Truck:[XHTruck20] Start loading at shovel NorthPitMine-LoadSite3-Shovel-3, load time is 24.444444444444443
2025-09-11 20:19:16,792 [INFO] Truck: Time:<170.715852488277> Truck:[CLTruck19] Finish unloading at dumper NorthPitMine-DumpSite2-点位0, dumper tons is 1599.2638587893273
2025-09-11 20:19:16,794 [DEBUG] Truck: Time:<170.715852488277> Truck:[CLTruck19] Start moving to ORDER(4):NorthPitMine-LoadSite5, move distance is 6.806106032490372, speed: 25
2025-09-11 20:19:16,794 [INFO] Truck: Time:<170> Truck:[CLTruck19] breakdown for 8.099880192903465 minutes at 170
2025-09-11 20:19:16,794 [INFO] Truck: Time:<170.7562159676496> Truck:[XHTruck24] Finish loading at shovel NorthPitMine-LoadSite4-Shovel-1
2025-09-11 20:19:16,795 [DEBUG] Truck: Time:<170.7562159676496> Truck:[XHTruck24] Start moving to ORDER(1): NorthPitMine-DumpSite2, move distance is 1.17, speed: 25
2025-09-11 20:19:16,795 [INFO] Truck: Time:<155> Truck:[XHTruck24] breakdown for 11.09693624405787 minutes at 155
2025-09-11 20:19:16,795 [INFO] Truck: Time:<170.7562159676496> Truck:[XHTruck13] Start loading at shovel NorthPitMine-LoadSite4-Shovel-1, load time is 4.060039370078741
2025-09-11 20:19:16,795 [INFO] Truck: Time:<170.866984122832> Truck:[XHTruck14] Arrived at NorthPitMine-LoadSite3 at 170.866984122832
2025-09-11 20:19:16,795 [INFO] Truck: Time:<170.866984122832> Truck:[CLTruck14] Arrived at NorthPitMine-LoadSite3 at 170.866984122832
2025-09-11 20:19:16,798 [DEBUG] Truck: Time:<171.72998186250243> Truck:[OfficalTruck5] Arrived at NorthPitMine-DumpSite1 at 171.72998186250243
2025-09-11 20:19:16,799 [INFO] Truck: Time:<172.29195460978167> Truck:[CLTruck16] Arrived at NorthPitMine-LoadSite3 at 172.29195460978167
2025-09-11 20:19:16,800 [INFO] Truck: Time:<172.43271134731984> Truck:[XHTruck19] Arrived at NorthPitMine-LoadSite3 at 172.43271134731984
2025-09-11 20:19:16,800 [INFO] Truck: Time:<172.70947725248882> Shovel NorthPitMine-LoadSite5-Shovel-1 maintenance completed
2025-09-11 20:19:16,801 [DEBUG] Truck: Time:<172.70947725248882> Truck:[CLTruck3] Start moving to ORDER(0): NorthPitMine-DumpSite1, move distance is 5.15, speed: 25
2025-09-11 20:19:16,801 [INFO] Truck: Time:<171> Truck:[CLTruck3] breakdown for 7.446350167917406 minutes at 171
2025-09-11 20:19:16,801 [INFO] Truck: Time:<172.70947725248882> Truck:[CLTruck27] Start loading at shovel NorthPitMine-LoadSite5-Shovel-1, load time is 2.5836614173228347
2025-09-11 20:19:16,801 [INFO] Truck: Time:<172.72998186250243> Truck:[OfficalTruck5] Finish unloading at dumper NorthPitMine-DumpSite1-点位0, dumper tons is 1379.5317198982223
2025-09-11 20:19:16,802 [DEBUG] Truck: Time:<172.72998186250243> Truck:[OfficalTruck5] Start moving to ORDER(3):NorthPitMine-LoadSite4, move distance is 3.41, speed: 25
2025-09-11 20:19:16,802 [INFO] Truck: Time:<162> Truck:[OfficalTruck5] breakdown for 6.176056627785543 minutes at 162
2025-09-11 20:19:16,802 [INFO] Truck: Time:<172.97955555555552> Truck:[CLTruck17] Finish loading at shovel NorthPitMine-LoadSite4-Shovel-4
2025-09-11 20:19:16,803 [DEBUG] Truck: Time:<172.97955555555552> Truck:[CLTruck17] Start moving to ORDER(1): NorthPitMine-DumpSite2, move distance is 1.17, speed: 25
2025-09-11 20:19:16,803 [INFO] Truck: Time:<170> Truck:[CLTruck17] breakdown for 3.0326228621928495 minutes at 170
2025-09-11 20:19:16,803 [INFO] Truck: Time:<172.97955555555552> Truck:[OfficalTruck7] Start loading at shovel NorthPitMine-LoadSite4-Shovel-4, load time is 34.22222222222222
2025-09-11 20:19:16,805 [INFO] Truck: Time:<173.47208284669367> Truck:[XHTruck4] Arrived at NorthPitMine-LoadSite3 at 173.47208284669367
2025-09-11 20:19:16,805 [INFO] Truck: Time:<173.52107366651853> Truck:[XHTruck30] Arrived at NorthPitMine-LoadSite3 at 173.52107366651853
2025-09-11 20:19:16,805 [INFO] Truck: Time:<173.6531042365561> Truck:[XHTruck3] Finish loading at shovel NorthPitMine-LoadSite3-Shovel-1
2025-09-11 20:19:16,807 [DEBUG] Truck: Time:<173.6531042365561> Truck:[XHTruck3] Start moving to ORDER(4): NorthPitMine-DumpSite5, move distance is 1.86, speed: 25
2025-09-11 20:19:16,807 [INFO] Truck: Time:<171> Truck:[XHTruck3] breakdown for 12.469185214187029 minutes at 171
2025-09-11 20:19:16,807 [INFO] Truck: Time:<173.6531042365561> Truck:[CLTruck10] Start loading at shovel NorthPitMine-LoadSite3-Shovel-1, load time is 2.5836614173228347
2025-09-11 20:19:16,809 [INFO] Truck: Time:<174.3128888888889> Truck:[XHTruck33] Finish loading at shovel NorthPitMine-LoadSite4-Shovel-3
2025-09-11 20:19:16,809 [DEBUG] Truck: Time:<174.3128888888889> Truck:[XHTruck33] Start moving to ORDER(1): NorthPitMine-DumpSite2, move distance is 1.17, speed: 25
2025-09-11 20:19:16,809 [INFO] Truck: Time:<143> Truck:[XHTruck33] breakdown for 5.134911606268631 minutes at 143
2025-09-11 20:19:16,810 [INFO] Truck: Time:<174.3128888888889> Truck:[CLTruck23] Start loading at shovel NorthPitMine-LoadSite4-Shovel-3, load time is 15.555555555555555
2025-09-11 20:19:16,810 [DEBUG] Truck: Time:<174.3461259749911> Truck:[XHTruck11] Arrived at NorthPitMine-DumpSite2 at 174.3461259749911
2025-09-11 20:19:16,810 [DEBUG] Truck: Time:<174.60715176021498> Truck:[CLTruck20] Arrived at NorthPitMine-DumpSite2 at 174.60715176021498
2025-09-11 20:19:16,810 [INFO] Truck: Time:<174.81625533772836> Truck:[XHTruck13] Finish loading at shovel NorthPitMine-LoadSite4-Shovel-1
2025-09-11 20:19:16,810 [DEBUG] Truck: Time:<174.81625533772836> Truck:[XHTruck13] Start moving to ORDER(1): NorthPitMine-DumpSite2, move distance is 1.17, speed: 25
2025-09-11 20:19:16,810 [INFO] Truck: Time:<169> Truck:[XHTruck13] breakdown for 8.455109703859476 minutes at 169
2025-09-11 20:19:16,811 [INFO] Truck: Time:<174.81625533772836> Truck:[XHTruck18] Start loading at shovel NorthPitMine-LoadSite4-Shovel-1, load time is 4.060039370078741
2025-09-11 20:19:16,813 [DEBUG] Truck: Time:<175.20175717535122> Truck:[XHTruck23] Arrived at NorthPitMine-DumpSite2 at 175.20175717535122
2025-09-11 20:19:16,813 [INFO] Truck: Time:<175.29313866981167> Truck:[CLTruck27] Finish loading at shovel NorthPitMine-LoadSite5-Shovel-1
2025-09-11 20:19:16,814 [DEBUG] Truck: Time:<175.29313866981167> Truck:[CLTruck27] Start moving to ORDER(0): NorthPitMine-DumpSite1, move distance is 5.15, speed: 25
2025-09-11 20:19:16,814 [INFO] Truck: Time:<161> Truck:[CLTruck27] breakdown for 14.267875076869856 minutes at 161
2025-09-11 20:19:16,814 [INFO] Truck: Time:<175.3461259749911> Truck:[XHTruck11] Finish unloading at dumper NorthPitMine-DumpSite2-点位0, dumper tons is 1653.0618151161416
2025-09-11 20:19:16,814 [DEBUG] Truck: Time:<175.3461259749911> Truck:[XHTruck11] Start moving to ORDER(4):NorthPitMine-LoadSite5, move distance is 7.809390209238981, speed: 25
2025-09-11 20:19:16,814 [INFO] Truck: Time:<175.60715176021498> Truck:[CLTruck20] Finish unloading at dumper NorthPitMine-DumpSite2-点位1, dumper tons is 528.8867308884504
2025-09-11 20:19:16,814 [DEBUG] Truck: Time:<175.60715176021498> Truck:[CLTruck20] Start moving to ORDER(4):NorthPitMine-LoadSite5, move distance is 7.392360313676772, speed: 25
2025-09-11 20:19:16,814 [INFO] Truck: Time:<175.62383045669634> Truck:[OfficalTruck4] Arrived at NorthPitMine-LoadSite4 at 175.62383045669634
2025-09-11 20:19:16,814 [DEBUG] Truck: Time:<175.6918678688125> Truck:[XHTruck12] Arrived at NorthPitMine-DumpSite2 at 175.6918678688125
2025-09-11 20:19:16,817 [INFO] Truck: Time:<176.01217841774837> Truck:[CLTruck17] is facing 0 mins delay caused by 1 pre-existing jam events on Road from NorthPitMine-LoadSite4 to NorthPitMine-DumpSite2
2025-09-11 20:19:16,817 [INFO] Truck: Time:<176.20175717535122> Truck:[XHTruck23] Finish unloading at dumper NorthPitMine-DumpSite2-点位2, dumper tons is 249.644180754524
2025-09-11 20:19:16,818 [DEBUG] Truck: Time:<176.20175717535122> Truck:[XHTruck23] Start moving to ORDER(4):NorthPitMine-LoadSite5, move distance is 8.495801023118483, speed: 25
2025-09-11 20:19:16,818 [INFO] Truck: Time:<176> Truck:[XHTruck23] breakdown for 14.648468542447562 minutes at 176
2025-09-11 20:19:16,818 [INFO] Truck: Time:<176.23676565387893> Truck:[CLTruck10] Finish loading at shovel NorthPitMine-LoadSite3-Shovel-1
2025-09-11 20:19:16,819 [INFO] Road: [RoadEvent] Road from NorthPitMine-LoadSite3 to NorthPitMine-DumpSite5 is in repair，the repair will last for 32.16 mins, and will end at 208.40, vehicle on this road will have to suffer punish_distance.
2025-09-11 20:19:16,819 [DEBUG] Truck: Time:<176.23676565387893> Truck:[CLTruck10] Start moving to ORDER(4): NorthPitMine-DumpSite5, move distance is 2.434529758450217, speed: 25
2025-09-11 20:19:16,819 [INFO] Truck: Time:<168> Truck:[CLTruck10] breakdown for 9.657861650523145 minutes at 168
2025-09-11 20:19:16,819 [INFO] Truck: Time:<176.23676565387893> Truck:[CLTruck2] Start loading at shovel NorthPitMine-LoadSite3-Shovel-1, load time is 2.5836614173228347
2025-09-11 20:19:16,820 [INFO] Truck: Time:<176.56746628012445> Truck:[XHTruck10] Arrived at NorthPitMine-LoadSite4 at 176.56746628012445
2025-09-11 20:19:16,820 [INFO] Truck: Time:<176.6918678688125> Truck:[XHTruck12] Finish unloading at dumper NorthPitMine-DumpSite2-点位0, dumper tons is 1706.3489306306285
2025-09-11 20:19:16,820 [DEBUG] Truck: Time:<176.6918678688125> Truck:[XHTruck12] Start moving to ORDER(4):NorthPitMine-LoadSite5, move distance is 8.87280643454529, speed: 25
2025-09-11 20:19:16,822 [DEBUG] Truck: Time:<177.05771801801313> Truck:[XHTruck6] Arrived at NorthPitMine-DumpSite5 at 177.05771801801313
2025-09-11 20:19:16,822 [DEBUG] Truck: Time:<177.08105050982576> Truck:[OfficalTruck2] Arrived at NorthPitMine-DumpSite1 at 177.08105050982576
2025-09-11 20:19:16,822 [INFO] Truck: Time:<177.0959007995309> Truck:[XHTruck9] is facing 0 mins delay caused by 1 pre-existing jam events on Road from NorthPitMine-LoadSite4 to NorthPitMine-DumpSite2
2025-09-11 20:19:16,822 [INFO] Truck: Time:<177.58244436292233> Truck:[CLTruck7] is facing 0 mins delay caused by 1 pre-existing jam events on Road from NorthPitMine-LoadSite4 to NorthPitMine-DumpSite2
2025-09-11 20:19:16,824 [INFO] Truck: Time:<178.05771801801313> Truck:[XHTruck6] Finish unloading at dumper NorthPitMine-DumpSite5-点位0, dumper tons is 2002.937201898003
2025-09-11 20:19:16,824 [DEBUG] Truck: Time:<178.05771801801313> Truck:[XHTruck6] Start moving to ORDER(3):NorthPitMine-LoadSite4, move distance is 5.34, speed: 25
2025-09-11 20:19:16,824 [INFO] Truck: Time:<178.08105050982576> Truck:[OfficalTruck2] Finish unloading at dumper NorthPitMine-DumpSite1-点位0, dumper tons is 1455.278404078141
2025-09-11 20:19:16,824 [DEBUG] Truck: Time:<178.08105050982576> Truck:[OfficalTruck2] Start moving to ORDER(2):NorthPitMine-LoadSite3, move distance is 4.475104790625604, speed: 25
2025-09-11 20:19:16,824 [INFO] Truck: Time:<178.57464095502533> Truck:[CLTruck5] Arrived at NorthPitMine-LoadSite3 at 178.57464095502533
2025-09-11 20:19:16,827 [DEBUG] Truck: Time:<178.82017841774837> Truck:[CLTruck17] Arrived at NorthPitMine-DumpSite2 at 178.82017841774837
2025-09-11 20:19:16,827 [INFO] Truck: Time:<178.82042707120178> Truck:[CLTruck2] Finish loading at shovel NorthPitMine-LoadSite3-Shovel-1
2025-09-11 20:19:16,827 [DEBUG] Truck: Time:<178.82042707120178> Truck:[CLTruck2] Start moving to ORDER(4): NorthPitMine-DumpSite5, move distance is 2.810123765809962, speed: 25
2025-09-11 20:19:16,827 [INFO] Truck: Time:<156> Truck:[CLTruck2] breakdown for 15.154055206065316 minutes at 156
2025-09-11 20:19:16,827 [INFO] Truck: Time:<178.82042707120178> Truck:[CLTruck12] Start loading at shovel NorthPitMine-LoadSite3-Shovel-1, load time is 2.5836614173228347
2025-09-11 20:19:16,827 [INFO] Truck: Time:<178.87629470780712> Truck:[XHTruck18] Finish loading at shovel NorthPitMine-LoadSite4-Shovel-1
2025-09-11 20:19:16,829 [DEBUG] Truck: Time:<178.87629470780712> Truck:[XHTruck18] Start moving to ORDER(1): NorthPitMine-DumpSite2, move distance is 1.17, speed: 25
2025-09-11 20:19:16,829 [INFO] Truck: Time:<175> Truck:[XHTruck18] breakdown for 10.050822055694194 minutes at 175
2025-09-11 20:19:16,829 [INFO] Truck: Time:<178.87629470780712> Truck:[CLTruck22] Start loading at shovel NorthPitMine-LoadSite4-Shovel-1, load time is 2.5836614173228347
2025-09-11 20:19:16,831 [INFO] Truck: Time:<179.82017841774837> Truck:[CLTruck17] Finish unloading at dumper NorthPitMine-DumpSite2-点位0, dumper tons is 1740.5290785545244
2025-09-11 20:19:16,832 [DEBUG] Truck: Time:<179.82017841774837> Truck:[CLTruck17] Start moving to ORDER(4):NorthPitMine-LoadSite5, move distance is 7.94386488126444, speed: 25
2025-09-11 20:19:16,833 [DEBUG] Truck: Time:<180.39044436292232> Truck:[CLTruck7] Arrived at NorthPitMine-DumpSite2 at 180.39044436292232
2025-09-11 20:19:16,833 [INFO] Truck: Time:<180.42488888888886> Truck:[CLTruck6] Finish loading at shovel NorthPitMine-LoadSite3-Shovel-2
2025-09-11 20:19:16,833 [DEBUG] Truck: Time:<180.42488888888886> Truck:[CLTruck6] Start moving to ORDER(4): NorthPitMine-DumpSite5, move distance is 2.403765526059198, speed: 25
2025-09-11 20:19:16,833 [INFO] Truck: Time:<175> Truck:[CLTruck6] breakdown for 7.181707587587168 minutes at 175
2025-09-11 20:19:16,835 [INFO] Truck: Time:<180.42488888888886> Truck:[XHTruck32] Start loading at shovel NorthPitMine-LoadSite3-Shovel-2, load time is 24.444444444444443
2025-09-11 20:19:16,836 [INFO] Truck: Time:<180.785538399406> Truck:[XHTruck21] Arrived at NorthPitMine-LoadSite3 at 180.785538399406
2025-09-11 20:19:16,836 [DEBUG] Truck: Time:<180.86015755809186> Truck:[XHTruck9] Arrived at NorthPitMine-DumpSite2 at 180.86015755809186
2025-09-11 20:19:16,837 [INFO] Truck: Time:<181.39044436292232> Truck:[CLTruck7] Finish unloading at dumper NorthPitMine-DumpSite2-点位0, dumper tons is 1772.360776934727
2025-09-11 20:19:16,838 [DEBUG] Truck: Time:<181.39044436292232> Truck:[CLTruck7] Start moving to ORDER(4):NorthPitMine-LoadSite5, move distance is 8.51071541346818, speed: 25
2025-09-11 20:19:16,838 [INFO] Truck: Time:<181.40408848852462> Truck:[CLTruck12] Finish loading at shovel NorthPitMine-LoadSite3-Shovel-1
2025-09-11 20:19:16,838 [DEBUG] Truck: Time:<181.40408848852462> Truck:[CLTruck12] Start moving to ORDER(4): NorthPitMine-DumpSite5, move distance is 2.530304795049463, speed: 25
2025-09-11 20:19:16,838 [INFO] Truck: Time:<181> Truck:[CLTruck12] breakdown for 12.140892506334922 minutes at 181
2025-09-11 20:19:16,838 [INFO] Truck: Time:<181.40408848852462> Truck:[CLTruck11] Start loading at shovel NorthPitMine-LoadSite3-Shovel-1, load time is 2.5836614173228347
2025-09-11 20:19:16,839 [INFO] Truck: Time:<181.45995612512996> Truck:[CLTruck22] Finish loading at shovel NorthPitMine-LoadSite4-Shovel-1
2025-09-11 20:19:16,840 [DEBUG] Truck: Time:<181.45995612512996> Truck:[CLTruck22] Start moving to ORDER(1): NorthPitMine-DumpSite2, move distance is 1.17, speed: 25
2025-09-11 20:19:16,840 [INFO] Truck: Time:<172> Truck:[CLTruck22] breakdown for 9.77825091591315 minutes at 172
2025-09-11 20:19:16,840 [INFO] Truck: Time:<181.45995612512996> Truck:[OfficalTruck4] Start loading at shovel NorthPitMine-LoadSite4-Shovel-1, load time is 5.684055118110236
2025-09-11 20:19:16,840 [INFO] Truck: Time:<181.86015755809186> Truck:[XHTruck9] Finish unloading at dumper NorthPitMine-DumpSite2-点位1, dumper tons is 583.9938787962692
2025-09-11 20:19:16,841 [DEBUG] Truck: Time:<181.86015755809186> Truck:[XHTruck9] Start moving to ORDER(4):NorthPitMine-LoadSite5, move distance is 7.491599348992909, speed: 25
2025-09-11 20:19:16,841 [INFO] Truck: Time:<180> Truck:[XHTruck9] breakdown for 11.88965768276634 minutes at 180
2025-09-11 20:19:16,842 [INFO] Truck: Time:<181.897635613387> Truck:[CLTruck26] Arrived at NorthPitMine-LoadSite3 at 181.897635613387
2025-09-11 20:19:16,843 [DEBUG] Truck: Time:<182.25580049515753> Truck:[XHTruck33] Arrived at NorthPitMine-DumpSite2 at 182.25580049515753
2025-09-11 20:19:16,844 [DEBUG] Truck: Time:<182.40219824829285> Truck:[XHTruck8] Arrived at NorthPitMine-DumpSite5 at 182.40219824829285
2025-09-11 20:19:16,846 [DEBUG] Truck: Time:<183.2441424866353> Truck:[XHTruck26] Arrived at NorthPitMine-DumpSite5 at 183.2441424866353
2025-09-11 20:19:16,846 [INFO] Truck: Time:<183.25580049515753> Truck:[XHTruck33] Finish unloading at dumper NorthPitMine-DumpSite2-点位0, dumper tons is 1829.746486525667
2025-09-11 20:19:16,847 [DEBUG] Truck: Time:<183.25580049515753> Truck:[XHTruck33] Start moving to ORDER(4):NorthPitMine-LoadSite5, move distance is 8.05272309140909, speed: 25
2025-09-11 20:19:16,847 [INFO] Truck: Time:<180> Truck:[XHTruck33] breakdown for 10.539685536316217 minutes at 180
2025-09-11 20:19:16,847 [INFO] Truck: Time:<183.40219824829285> Truck:[XHTruck8] Finish unloading at dumper NorthPitMine-DumpSite5-点位0, dumper tons is 2054.090513669439
2025-09-11 20:19:16,848 [DEBUG] Truck: Time:<183.40219824829285> Truck:[XHTruck8] Start moving to ORDER(3):NorthPitMine-LoadSite4, move distance is 5.34, speed: 25
2025-09-11 20:19:16,848 [INFO] Truck: Time:<183.98774990584747> Truck:[CLTruck11] Finish loading at shovel NorthPitMine-LoadSite3-Shovel-1
2025-09-11 20:19:16,849 [DEBUG] Truck: Time:<183.98774990584747> Truck:[CLTruck11] Start moving to ORDER(4): NorthPitMine-DumpSite5, move distance is 2.6764749384911037, speed: 25
2025-09-11 20:19:16,849 [INFO] Truck: Time:<167> Truck:[CLTruck11] breakdown for 5.930032741864868 minutes at 167
2025-09-11 20:19:16,849 [INFO] Truck: Time:<183.98774990584747> Truck:[CLTruck29] Start loading at shovel NorthPitMine-LoadSite3-Shovel-1, load time is 2.5836614173228347
2025-09-11 20:19:16,851 [INFO] Truck: Time:<184.2441424866353> Truck:[XHTruck26] Finish unloading at dumper NorthPitMine-DumpSite5-点位1, dumper tons is 620.3205332214527
2025-09-11 20:19:16,851 [DEBUG] Truck: Time:<184.2441424866353> Truck:[XHTruck26] Start moving to ORDER(3):NorthPitMine-LoadSite4, move distance is 5.34, speed: 25
2025-09-11 20:19:16,851 [DEBUG] Truck: Time:<184.66115221170747> Truck:[XHTruck24] Arrived at NorthPitMine-DumpSite2 at 184.66115221170747
2025-09-11 20:19:16,855 [DEBUG] Truck: Time:<185.0848063820331> Truck:[CLTruck9] Arrived at NorthPitMine-DumpSite5 at 185.0848063820331
2025-09-11 20:19:16,855 [INFO] Truck: Time:<185.66115221170747> Truck:[XHTruck24] Finish unloading at dumper NorthPitMine-DumpSite2-点位0, dumper tons is 1885.488364666023
2025-09-11 20:19:16,856 [DEBUG] Truck: Time:<185.66115221170747> Truck:[XHTruck24] Start moving to ORDER(4):NorthPitMine-LoadSite5, move distance is 7.261786993797204, speed: 25
2025-09-11 20:19:16,856 [INFO] Truck: Time:<185.66115221170747> Truck:[XHTruck24] is facing 5.824315821607815 mins delay caused by 3 pre-existing jam events on Road from NorthPitMine-DumpSite2 to NorthPitMine-LoadSite5
2025-09-11 20:19:16,858 [DEBUG] Truck: Time:<186.07936504158783> Truck:[XHTruck13] Arrived at NorthPitMine-DumpSite2 at 186.07936504158783
2025-09-11 20:19:16,858 [INFO] Truck: Time:<186.0848063820331> Truck:[CLTruck9] Finish unloading at dumper NorthPitMine-DumpSite5-点位0, dumper tons is 2086.6838383209915
2025-09-11 20:19:16,859 [DEBUG] Truck: Time:<186.0848063820331> Truck:[CLTruck9] Start moving to ORDER(3):NorthPitMine-LoadSite4, move distance is 5.34, speed: 25
2025-09-11 20:19:16,859 [INFO] Truck: Time:<186.5714113231703> Truck:[CLTruck29] Finish loading at shovel NorthPitMine-LoadSite3-Shovel-1
2025-09-11 20:19:16,859 [DEBUG] Truck: Time:<186.5714113231703> Truck:[CLTruck29] Start moving to ORDER(4): NorthPitMine-DumpSite5, move distance is 2.53187008538203, speed: 25
2025-09-11 20:19:16,859 [INFO] Truck: Time:<180> Truck:[CLTruck29] breakdown for 8.079410957162139 minutes at 180
2025-09-11 20:19:16,860 [INFO] Truck: Time:<186.5714113231703> Truck:[CLTruck14] Start loading at shovel NorthPitMine-LoadSite3-Shovel-1, load time is 2.5836614173228347
2025-09-11 20:19:16,860 [INFO] Truck: Time:<187.07936504158783> Truck:[XHTruck13] Finish unloading at dumper NorthPitMine-DumpSite2-点位0, dumper tons is 1944.5579213697242
2025-09-11 20:19:16,860 [DEBUG] Truck: Time:<187.07936504158783> Truck:[XHTruck13] Start moving to ORDER(4):NorthPitMine-LoadSite5, move distance is 8.46758717483223, speed: 25
2025-09-11 20:19:16,860 [INFO] Truck: Time:<187.07936504158783> Truck:[XHTruck13] is facing 3.021424345397742 mins delay caused by 2 pre-existing jam events on Road from NorthPitMine-DumpSite2 to NorthPitMine-LoadSite5
2025-09-11 20:19:16,860 [INFO] Truck: Time:<187.09003849028798> Truck:[OfficalTruck5] Arrived at NorthPitMine-LoadSite4 at 187.09003849028798
2025-09-11 20:19:16,860 [INFO] Truck: Time:<187.1440112432402> Truck:[OfficalTruck4] Finish loading at shovel NorthPitMine-LoadSite4-Shovel-1
2025-09-11 20:19:16,860 [INFO] Road: [RoadEvent] Road from NorthPitMine-LoadSite4 to NorthPitMine-DumpSite2 is in repair，the repair will last for 56.04 mins, and will end at 243.19, vehicle on this road will have to suffer punish_distance.
2025-09-11 20:19:16,860 [DEBUG] Truck: Time:<187.1440112432402> Truck:[OfficalTruck4] Start moving to ORDER(1): NorthPitMine-DumpSite2, move distance is 1.7706045391511904, speed: 25
2025-09-11 20:19:16,860 [INFO] Truck: Time:<185> Truck:[OfficalTruck4] breakdown for 8.805792380666922 minutes at 185
2025-09-11 20:19:16,864 [INFO] Truck: Time:<187.1440112432402> Truck:[XHTruck10] Start loading at shovel NorthPitMine-LoadSite4-Shovel-1, load time is 4.060039370078741
2025-09-11 20:19:16,865 [INFO] Truck: Time:<188.22900560612055> Truck:[OfficalTruck9] Arrived at NorthPitMine-LoadSite5 at 188.22900560612055
2025-09-11 20:19:16,866 [INFO] Truck: Time:<188.22900560612055> Truck:[OfficalTruck9] Start loading at shovel NorthPitMine-LoadSite5-Shovel-1, load time is 5.684055118110236
2025-09-11 20:19:16,866 [INFO] Truck: Time:<188.8213020073272> Truck:[OfficalTruck2] Arrived at NorthPitMine-LoadSite3 at 188.8213020073272
2025-09-11 20:19:16,869 [INFO] Truck: Time:<189.15507274049315> Truck:[CLTruck14] Finish loading at shovel NorthPitMine-LoadSite3-Shovel-1
2025-09-11 20:19:16,870 [DEBUG] Truck: Time:<189.15507274049315> Truck:[CLTruck14] Start moving to ORDER(4): NorthPitMine-DumpSite5, move distance is 3.0690293556618036, speed: 25
2025-09-11 20:19:16,870 [INFO] Truck: Time:<181> Truck:[CLTruck14] breakdown for 12.158165099934543 minutes at 181
2025-09-11 20:19:16,870 [INFO] Truck: Time:<189.15507274049315> Truck:[XHTruck4] Start loading at shovel NorthPitMine-LoadSite3-Shovel-1, load time is 4.060039370078741
2025-09-11 20:19:16,870 [INFO] Truck: Time:<189.86844444444444> Truck:[CLTruck23] Finish loading at shovel NorthPitMine-LoadSite4-Shovel-3
2025-09-11 20:19:16,871 [DEBUG] Truck: Time:<189.86844444444444> Truck:[CLTruck23] Start moving to ORDER(1): NorthPitMine-DumpSite2, move distance is 1.6478923967266776, speed: 25
2025-09-11 20:19:16,871 [INFO] Truck: Time:<186> Truck:[CLTruck23] breakdown for 10.025448070318955 minutes at 186
2025-09-11 20:19:16,871 [INFO] Truck: Time:<189.86844444444444> Truck:[CLTruck13] Start loading at shovel NorthPitMine-LoadSite4-Shovel-3, load time is 15.555555555555555
2025-09-11 20:19:16,872 [DEBUG] Truck: Time:<190.58628945074312> Truck:[XHTruck3] Arrived at NorthPitMine-DumpSite5 at 190.58628945074312
2025-09-11 20:19:16,872 [INFO] Truck: Time:<190.75733333333335> Truck:[XHTruck7] Finish loading at shovel NorthPitMine-LoadSite4-Shovel-2
2025-09-11 20:19:16,872 [DEBUG] Truck: Time:<190.75733333333335> Truck:[XHTruck7] Start moving to ORDER(1): NorthPitMine-DumpSite2, move distance is 1.6160416625189398, speed: 25
2025-09-11 20:19:16,875 [INFO] Truck: Time:<181> Truck:[XHTruck7] breakdown for 13.813445802097327 minutes at 181
2025-09-11 20:19:16,875 [INFO] Truck: Time:<190.75733333333335> Truck:[CLTruck21] Start loading at shovel NorthPitMine-LoadSite4-Shovel-2, load time is 15.555555555555555
2025-09-11 20:19:16,875 [INFO] Truck: Time:<190.8502257177988> Truck:[XHTruck23] is facing 0 mins delay caused by 2 pre-existing jam events on Road from NorthPitMine-DumpSite2 to NorthPitMine-LoadSite5
2025-09-11 20:19:16,876 [INFO] Truck: Time:<190.87371801801314> Truck:[XHTruck6] Arrived at NorthPitMine-LoadSite4 at 190.87371801801314
2025-09-11 20:19:16,877 [INFO] Truck: Time:<191.20405061331894> Truck:[XHTruck10] Finish loading at shovel NorthPitMine-LoadSite4-Shovel-1
2025-09-11 20:19:16,878 [DEBUG] Truck: Time:<191.20405061331894> Truck:[XHTruck10] Start moving to ORDER(1): NorthPitMine-DumpSite2, move distance is 1.6666920745788638, speed: 25
2025-09-11 20:19:16,879 [INFO] Truck: Time:<166> Truck:[XHTruck10] breakdown for 9.255110603841915 minutes at 166
2025-09-11 20:19:16,879 [INFO] Truck: Time:<191.20405061331894> Truck:[OfficalTruck5] Start loading at shovel NorthPitMine-LoadSite4-Shovel-1, load time is 5.684055118110236
2025-09-11 20:19:16,879 [INFO] Truck: Time:<191.58628945074312> Truck:[XHTruck3] Finish unloading at dumper NorthPitMine-DumpSite5-点位0, dumper tons is 2140.4814494976818
2025-09-11 20:19:16,880 [INFO] Road: [RoadEvent] Road from NorthPitMine-DumpSite5 to NorthPitMine-LoadSite4 is in repair，the repair will last for 58.89 mins, and will end at 250.47, vehicle on this road will have to suffer punish_distance.
2025-09-11 20:19:16,880 [DEBUG] Truck: Time:<191.58628945074312> Truck:[XHTruck3] Start moving to ORDER(3):NorthPitMine-LoadSite4, move distance is 7.736119688341359, speed: 25
2025-09-11 20:19:16,880 [DEBUG] Truck: Time:<191.7351167635013> Truck:[XHTruck18] Arrived at NorthPitMine-DumpSite2 at 191.7351167635013
2025-09-11 20:19:16,880 [DEBUG] Truck: Time:<191.7374987246826> Truck:[CLTruck10] Arrived at NorthPitMine-DumpSite5 at 191.7374987246826
2025-09-11 20:19:16,882 [DEBUG] Truck: Time:<192.51582742040625> Truck:[CLTruck3] Arrived at NorthPitMine-DumpSite1 at 192.51582742040625
2025-09-11 20:19:16,882 [INFO] Truck: Time:<192.7351167635013> Truck:[XHTruck18] Finish unloading at dumper NorthPitMine-DumpSite2-点位0, dumper tons is 2000.1362403125006
2025-09-11 20:19:16,883 [DEBUG] Truck: Time:<192.7351167635013> Truck:[XHTruck18] Start moving to ORDER(4):NorthPitMine-LoadSite5, move distance is 8.28347491590883, speed: 25
2025-09-11 20:19:16,883 [INFO] Truck: Time:<192.7351167635013> Truck:[XHTruck18] is facing 0 mins delay caused by 2 pre-existing jam events on Road from NorthPitMine-DumpSite2 to NorthPitMine-LoadSite5
2025-09-11 20:19:16,883 [INFO] Truck: Time:<192.7374987246826> Truck:[CLTruck10] Finish unloading at dumper NorthPitMine-DumpSite5-点位0, dumper tons is 2173.3774651937442
2025-09-11 20:19:16,884 [DEBUG] Truck: Time:<192.7374987246826> Truck:[CLTruck10] Start moving to ORDER(3):NorthPitMine-LoadSite4, move distance is 7.857718359575545, speed: 25
2025-09-11 20:19:16,887 [INFO] Truck: Time:<193.09310278022843> Truck:[OfficalTruck6] Arrived at NorthPitMine-LoadSite3 at 193.09310278022843
2025-09-11 20:19:16,888 [INFO] Truck: Time:<193.2151121105719> Truck:[XHTruck4] Finish loading at shovel NorthPitMine-LoadSite3-Shovel-1
2025-09-11 20:19:16,889 [DEBUG] Truck: Time:<193.2151121105719> Truck:[XHTruck4] Start moving to ORDER(4): NorthPitMine-DumpSite5, move distance is 2.795465672115279, speed: 25
2025-09-11 20:19:16,889 [INFO] Truck: Time:<174> Truck:[XHTruck4] breakdown for 11.882006744529598 minutes at 174
2025-09-11 20:19:16,889 [INFO] Truck: Time:<193.2151121105719> Truck:[CLTruck5] Start loading at shovel NorthPitMine-LoadSite3-Shovel-1, load time is 2.5836614173228347
2025-09-11 20:19:16,889 [INFO] Truck: Time:<193.34881651303922> Truck:[CLTruck20] Arrived at NorthPitMine-LoadSite5 at 193.34881651303922
2025-09-11 20:19:16,889 [INFO] Truck: Time:<193.34881651303922> Truck:[CLTruck20] Start loading at shovel NorthPitMine-LoadSite5-Shovel-2, load time is 2.5836614173228347
2025-09-11 20:19:16,890 [DEBUG] Truck: Time:<193.3756337390181> Truck:[CLTruck6] Arrived at NorthPitMine-DumpSite5 at 193.3756337390181
2025-09-11 20:19:16,890 [INFO] Truck: Time:<193.51582742040625> Truck:[CLTruck3] Finish unloading at dumper NorthPitMine-DumpSite1-点位0, dumper tons is 1489.9771092370413
2025-09-11 20:19:16,890 [DEBUG] Truck: Time:<193.51582742040625> Truck:[CLTruck3] Start moving to ORDER(3):NorthPitMine-LoadSite4, move distance is 3.41, speed: 25
2025-09-11 20:19:16,890 [INFO] Truck: Time:<184> Truck:[CLTruck3] breakdown for 12.20225069276469 minutes at 184
2025-09-11 20:19:16,891 [INFO] Truck: Time:<193.7498152408582> Truck:[XHTruck9] is facing 0 mins delay caused by 3 pre-existing jam events on Road from NorthPitMine-DumpSite2 to NorthPitMine-LoadSite5
2025-09-11 20:19:16,891 [INFO] Truck: Time:<193.79548603147376> Truck:[XHTruck33] is facing 0 mins delay caused by 3 pre-existing jam events on Road from NorthPitMine-DumpSite2 to NorthPitMine-LoadSite5
2025-09-11 20:19:16,891 [INFO] Truck: Time:<193.91306072423077> Truck:[OfficalTruck9] Finish loading at shovel NorthPitMine-LoadSite5-Shovel-1
2025-09-11 20:19:16,891 [INFO] Road: [RoadEvent] Road from NorthPitMine-LoadSite5 to NorthPitMine-DumpSite1 is in repair，the repair will last for 66.77 mins, and will end at 260.68, vehicle on this road will have to suffer punish_distance.
2025-09-11 20:19:16,891 [DEBUG] Truck: Time:<193.91306072423077> Truck:[OfficalTruck9] Start moving to ORDER(0): NorthPitMine-DumpSite1, move distance is 6.808131329846495, speed: 25
2025-09-11 20:19:16,891 [INFO] Truck: Time:<192> Truck:[OfficalTruck9] breakdown for 20.443946650590018 minutes at 192
2025-09-11 20:19:16,893 [DEBUG] Truck: Time:<194.04620704104312> Truck:[CLTruck22] Arrived at NorthPitMine-DumpSite2 at 194.04620704104312
2025-09-11 20:19:16,893 [INFO] Truck: Time:<194.08866247716466> Truck:[XHTruck11] Arrived at NorthPitMine-LoadSite5 at 194.08866247716466
2025-09-11 20:19:16,895 [INFO] Truck: Time:<194.08866247716466> Truck:[XHTruck11] Start loading at shovel NorthPitMine-LoadSite5-Shovel-1, load time is 4.060039370078741
2025-09-11 20:19:16,895 [INFO] Truck: Time:<194.3756337390181> Truck:[CLTruck6] Finish unloading at dumper NorthPitMine-DumpSite5-点位0, dumper tons is 2205.8628737426625
2025-09-11 20:19:16,896 [DEBUG] Truck: Time:<194.3756337390181> Truck:[CLTruck6] Start moving to ORDER(3):NorthPitMine-LoadSite4, move distance is 7.131406738645164, speed: 25
2025-09-11 20:19:16,898 [INFO] Truck: Time:<195.04620704104312> Truck:[CLTruck22] Finish unloading at dumper NorthPitMine-DumpSite2-点位0, dumper tons is 2038.573352737043
2025-09-11 20:19:16,899 [DEBUG] Truck: Time:<195.04620704104312> Truck:[CLTruck22] Start moving to ORDER(4):NorthPitMine-LoadSite5, move distance is 7.9973952770820125, speed: 25
2025-09-11 20:19:16,899 [INFO] Truck: Time:<192> Truck:[CLTruck22] breakdown for 12.711961720133353 minutes at 192
2025-09-11 20:19:16,899 [INFO] Truck: Time:<195.0915555555556> Truck:[XHTruck20] Finish loading at shovel NorthPitMine-LoadSite3-Shovel-3
2025-09-11 20:19:16,899 [DEBUG] Truck: Time:<195.0915555555556> Truck:[XHTruck20] Start moving to ORDER(4): NorthPitMine-DumpSite5, move distance is 2.7366966219143136, speed: 25
2025-09-11 20:19:16,899 [INFO] Truck: Time:<150> Truck:[XHTruck20] breakdown for 8.441286444526106 minutes at 150
2025-09-11 20:19:16,899 [INFO] Truck: Time:<195.0915555555556> Truck:[XHTruck22] Start loading at shovel NorthPitMine-LoadSite3-Shovel-3, load time is 24.444444444444443
2025-09-11 20:19:16,899 [INFO] Truck: Time:<195.15038715915736> Truck:[CLTruck19] Arrived at NorthPitMine-LoadSite5 at 195.15038715915736
2025-09-11 20:19:16,899 [INFO] Truck: Time:<195.35428469879645> Truck:[OfficalTruck3] Finish loading at shovel NorthPitMine-LoadSite4-Shovel-5
2025-09-11 20:19:16,902 [DEBUG] Truck: Time:<195.35428469879645> Truck:[OfficalTruck3] Start moving to ORDER(1): NorthPitMine-DumpSite2, move distance is 1.5745910785046606, speed: 25
2025-09-11 20:19:16,902 [INFO] Truck: Time:<181> Truck:[OfficalTruck3] breakdown for 6.390170253075417 minutes at 181
2025-09-11 20:19:16,902 [INFO] Truck: Time:<195.35428469879645> Truck:[CLTruck15] Start loading at shovel NorthPitMine-LoadSite4-Shovel-5, load time is 15.555555555555555
2025-09-11 20:19:16,902 [INFO] Truck: Time:<195.79877352789475> Truck:[CLTruck5] Finish loading at shovel NorthPitMine-LoadSite3-Shovel-1
2025-09-11 20:19:16,903 [DEBUG] Truck: Time:<195.79877352789475> Truck:[CLTruck5] Start moving to ORDER(4): NorthPitMine-DumpSite5, move distance is 2.8864082492717063, speed: 25
2025-09-11 20:19:16,903 [INFO] Truck: Time:<171> Truck:[CLTruck5] breakdown for 13.282752818194526 minutes at 171
2025-09-11 20:19:16,903 [INFO] Truck: Time:<195.79877352789475> Truck:[XHTruck21] Start loading at shovel NorthPitMine-LoadSite3-Shovel-1, load time is 4.060039370078741
2025-09-11 20:19:16,903 [INFO] Truck: Time:<195.93247793036207> Truck:[CLTruck20] Finish loading at shovel NorthPitMine-LoadSite5-Shovel-2
2025-09-11 20:19:16,904 [DEBUG] Truck: Time:<195.93247793036207> Truck:[CLTruck20] Start moving to ORDER(0): NorthPitMine-DumpSite1, move distance is 7.679487608922812, speed: 25
2025-09-11 20:19:16,904 [INFO] Truck: Time:<190> Truck:[CLTruck20] breakdown for 9.42666488466473 minutes at 190
2025-09-11 20:19:16,906 [INFO] Truck: Time:<196.21819824829285> Truck:[XHTruck8] Arrived at NorthPitMine-LoadSite4 at 196.21819824829285
2025-09-11 20:19:16,906 [DEBUG] Truck: Time:<196.34132250009097> Truck:[CLTruck11] Arrived at NorthPitMine-DumpSite5 at 196.34132250009097
2025-09-11 20:19:16,907 [INFO] Truck: Time:<196.88810573142916> Truck:[OfficalTruck5] Finish loading at shovel NorthPitMine-LoadSite4-Shovel-1
2025-09-11 20:19:16,907 [DEBUG] Truck: Time:<196.88810573142916> Truck:[OfficalTruck5] Start moving to ORDER(1): NorthPitMine-DumpSite2, move distance is 1.4560034057240951, speed: 25
2025-09-11 20:19:16,907 [INFO] Truck: Time:<188> Truck:[OfficalTruck5] breakdown for 12.861103491299858 minutes at 188
2025-09-11 20:19:16,908 [INFO] Truck: Time:<196.88810573142916> Truck:[XHTruck6] Start loading at shovel NorthPitMine-LoadSite4-Shovel-1, load time is 4.060039370078741
2025-09-11 20:19:16,912 [INFO] Truck: Time:<197.0601424866353> Truck:[XHTruck26] Arrived at NorthPitMine-LoadSite4 at 197.0601424866353
2025-09-11 20:19:16,912 [INFO] Truck: Time:<197.34132250009097> Truck:[CLTruck11] Finish unloading at dumper NorthPitMine-DumpSite5-点位0, dumper tons is 2242.4288181730735
2025-09-11 20:19:16,912 [DEBUG] Truck: Time:<197.34132250009097> Truck:[CLTruck11] Start moving to ORDER(3):NorthPitMine-LoadSite4, move distance is 7.719599427160475, speed: 25
2025-09-11 20:19:16,912 [INFO] Truck: Time:<193> Truck:[CLTruck11] breakdown for 8.426093232110029 minutes at 193
2025-09-11 20:19:16,914 [INFO] Truck: Time:<197.98660331172118> Truck:[XHTruck12] Arrived at NorthPitMine-LoadSite5 at 197.98660331172118
2025-09-11 20:19:16,914 [INFO] Truck: Time:<197.98660331172118> Truck:[XHTruck12] Start loading at shovel NorthPitMine-LoadSite5-Shovel-2, load time is 4.060039370078741
2025-09-11 20:19:16,916 [INFO] Truck: Time:<198.1487018472434> Truck:[XHTruck11] Finish loading at shovel NorthPitMine-LoadSite5-Shovel-1
2025-09-11 20:19:16,917 [DEBUG] Truck: Time:<198.1487018472434> Truck:[XHTruck11] Start moving to ORDER(0): NorthPitMine-DumpSite1, move distance is 7.39994221129223, speed: 25
2025-09-11 20:19:16,917 [INFO] Truck: Time:<192> Truck:[XHTruck11] breakdown for 8.538931143843126 minutes at 192
2025-09-11 20:19:16,917 [INFO] Truck: Time:<198.1487018472434> Truck:[CLTruck19] Start loading at shovel NorthPitMine-LoadSite5-Shovel-1, load time is 2.5836614173228347
2025-09-11 20:19:16,917 [INFO] Truck: Time:<198.88545413278302> Truck:[CLTruck17] Arrived at NorthPitMine-LoadSite5 at 198.88545413278302
2025-09-11 20:19:16,918 [INFO] Truck: Time:<198.9008063820331> Truck:[CLTruck9] Arrived at NorthPitMine-LoadSite4 at 198.9008063820331
2025-09-11 20:19:16,918 [DEBUG] Truck: Time:<199.61771250297826> Truck:[CLTruck12] Arrived at NorthPitMine-DumpSite5 at 199.61771250297826
2025-09-11 20:19:16,920 [INFO] Truck: Time:<199.8588128979735> Truck:[XHTruck21] Finish loading at shovel NorthPitMine-LoadSite3-Shovel-1
2025-09-11 20:19:16,920 [DEBUG] Truck: Time:<199.8588128979735> Truck:[XHTruck21] Start moving to ORDER(4): NorthPitMine-DumpSite5, move distance is 2.6608944813475035, speed: 25
2025-09-11 20:19:16,921 [INFO] Truck: Time:<172> Truck:[XHTruck21] breakdown for 5.991823403533303 minutes at 172
2025-09-11 20:19:16,921 [INFO] Truck: Time:<199.8588128979735> Truck:[CLTruck26] Start loading at shovel NorthPitMine-LoadSite3-Shovel-1, load time is 2.5836614173228347
2025-09-11 20:19:16,923 [DEBUG] Truck: Time:<200.19925451786997> Truck:[OfficalTruck4] Arrived at NorthPitMine-DumpSite2 at 200.19925451786997
2025-09-11 20:19:16,923 [INFO] Truck: Time:<200.45916121716087> Truck:[XHTruck10] is facing 0 mins delay caused by 1 pre-existing jam events on Road from NorthPitMine-LoadSite4 to NorthPitMine-DumpSite2
2025-09-11 20:19:16,923 [INFO] Truck: Time:<200.61771250297826> Truck:[CLTruck12] Finish unloading at dumper NorthPitMine-DumpSite5-点位0, dumper tons is 2276.526570978647
2025-09-11 20:19:16,924 [DEBUG] Truck: Time:<200.61771250297826> Truck:[CLTruck12] Start moving to ORDER(3):NorthPitMine-LoadSite4, move distance is 7.0331515091011205, speed: 25
2025-09-11 20:19:16,924 [DEBUG] Truck: Time:<200.718779315211> Truck:[CLTruck2] Arrived at NorthPitMine-DumpSite5 at 200.718779315211
2025-09-11 20:19:16,924 [DEBUG] Truck: Time:<200.72731048524932> Truck:[CLTruck29] Arrived at NorthPitMine-DumpSite5 at 200.72731048524932
2025-09-11 20:19:16,924 [INFO] Truck: Time:<200.73236326456623> Truck:[CLTruck19] Finish loading at shovel NorthPitMine-LoadSite5-Shovel-1
2025-09-11 20:19:16,925 [DEBUG] Truck: Time:<200.73236326456623> Truck:[CLTruck19] Start moving to ORDER(0): NorthPitMine-DumpSite1, move distance is 6.960431077017452, speed: 25
2025-09-11 20:19:16,925 [INFO] Truck: Time:<192> Truck:[CLTruck19] breakdown for 13.419529339957316 minutes at 192
2025-09-11 20:19:16,925 [INFO] Truck: Time:<200.73236326456623> Truck:[CLTruck17] Start loading at shovel NorthPitMine-LoadSite5-Shovel-1, load time is 2.5836614173228347
2025-09-11 20:19:16,926 [INFO] Truck: Time:<200.94814510150792> Truck:[XHTruck6] Finish loading at shovel NorthPitMine-LoadSite4-Shovel-1
2025-09-11 20:19:16,927 [DEBUG] Truck: Time:<200.94814510150792> Truck:[XHTruck6] Start moving to ORDER(1): NorthPitMine-DumpSite2, move distance is 1.8267067289352985, speed: 25
2025-09-11 20:19:16,927 [INFO] Truck: Time:<200> Truck:[XHTruck6] breakdown for 10.131346802011619 minutes at 200
2025-09-11 20:19:16,927 [INFO] Truck: Time:<200.94814510150792> Truck:[XHTruck8] Start loading at shovel NorthPitMine-LoadSite4-Shovel-1, load time is 4.060039370078741
2025-09-11 20:19:16,930 [INFO] Truck: Time:<201.19925451786997> Truck:[OfficalTruck4] Finish unloading at dumper NorthPitMine-DumpSite2-点位0, dumper tons is 2109.4334826458926
2025-09-11 20:19:16,931 [DEBUG] Truck: Time:<201.19925451786997> Truck:[OfficalTruck4] Start moving to ORDER(4):NorthPitMine-LoadSite5, move distance is 7.679112259826514, speed: 25
2025-09-11 20:19:16,931 [INFO] Truck: Time:<201.19925451786997> Truck:[OfficalTruck4] is facing 0 mins delay caused by 1 pre-existing jam events on Road from NorthPitMine-DumpSite2 to NorthPitMine-LoadSite5
2025-09-11 20:19:16,931 [INFO] Truck: Time:<201.3132378404277> Truck:[CLTruck14] is facing 0 mins delay caused by 1 pre-existing jam events on Road from NorthPitMine-LoadSite3 to NorthPitMine-DumpSite5
2025-09-11 20:19:16,932 [INFO] Truck: Time:<201.718779315211> Truck:[CLTruck2] Finish unloading at dumper NorthPitMine-DumpSite5-点位0, dumper tons is 2310.0684612022696
2025-09-11 20:19:16,932 [DEBUG] Truck: Time:<201.718779315211> Truck:[CLTruck2] Start moving to ORDER(3):NorthPitMine-LoadSite4, move distance is 7.309414616515912, speed: 25
2025-09-11 20:19:16,933 [INFO] Truck: Time:<196> Truck:[CLTruck2] breakdown for 12.076537963252918 minutes at 196
2025-09-11 20:19:16,933 [INFO] Truck: Time:<201.72731048524932> Truck:[CLTruck29] Finish unloading at dumper NorthPitMine-DumpSite5-点位1, dumper tons is 652.6479643987221
2025-09-11 20:19:16,934 [DEBUG] Truck: Time:<201.72731048524932> Truck:[CLTruck29] Start moving to ORDER(3):NorthPitMine-LoadSite4, move distance is 7.667271126181255, speed: 25
2025-09-11 20:19:16,934 [INFO] Truck: Time:<201.72731048524932> Truck:[CLTruck29] is facing 0 mins delay caused by 1 pre-existing jam events on Road from NorthPitMine-DumpSite5 to NorthPitMine-LoadSite4
2025-09-11 20:19:16,934 [INFO] Truck: Time:<201.74445495187186> Truck:[OfficalTruck3] is facing 0 mins delay caused by 1 pre-existing jam events on Road from NorthPitMine-LoadSite4 to NorthPitMine-DumpSite2
2025-09-11 20:19:16,934 [INFO] Truck: Time:<201.81616135524595> Truck:[CLTruck7] Arrived at NorthPitMine-LoadSite5 at 201.81616135524595
2025-09-11 20:19:16,935 [DEBUG] Truck: Time:<201.92101374668152> Truck:[CLTruck27] Arrived at NorthPitMine-DumpSite1 at 201.92101374668152
2025-09-11 20:19:16,936 [INFO] Truck: Time:<202.04664268179994> Truck:[XHTruck12] Finish loading at shovel NorthPitMine-LoadSite5-Shovel-2
2025-09-11 20:19:16,938 [DEBUG] Truck: Time:<202.04664268179994> Truck:[XHTruck12] Start moving to ORDER(0): NorthPitMine-DumpSite1, move distance is 8.01183378526134, speed: 25
2025-09-11 20:19:16,938 [INFO] Truck: Time:<197> Truck:[XHTruck12] breakdown for 8.151848023210789 minutes at 197
2025-09-11 20:19:16,939 [INFO] Truck: Time:<202.44247431529635> Truck:[CLTruck26] Finish loading at shovel NorthPitMine-LoadSite3-Shovel-1
2025-09-11 20:19:16,939 [DEBUG] Truck: Time:<202.44247431529635> Truck:[CLTruck26] Start moving to ORDER(4): NorthPitMine-DumpSite5, move distance is 2.5063493021450713, speed: 25
2025-09-11 20:19:16,939 [INFO] Truck: Time:<196> Truck:[CLTruck26] breakdown for 10.891393720957522 minutes at 196
2025-09-11 20:19:16,939 [INFO] Truck: Time:<202.44247431529635> Truck:[OfficalTruck2] Start loading at shovel NorthPitMine-LoadSite3-Shovel-1, load time is 5.684055118110236
2025-09-11 20:19:16,940 [INFO] Truck: Time:<202.92101374668152> Truck:[CLTruck27] Finish unloading at dumper NorthPitMine-DumpSite1-点位0, dumper tons is 1522.2254448701112
2025-09-11 20:19:16,940 [DEBUG] Truck: Time:<202.92101374668152> Truck:[CLTruck27] Start moving to ORDER(3):NorthPitMine-LoadSite4, move distance is 3.41, speed: 25
2025-09-11 20:19:16,940 [INFO] Truck: Time:<198> Truck:[CLTruck27] breakdown for 9.335294993069107 minutes at 198
2025-09-11 20:19:16,942 [INFO] Truck: Time:<203.31602468188908> Truck:[CLTruck17] Finish loading at shovel NorthPitMine-LoadSite5-Shovel-1
2025-09-11 20:19:16,943 [DEBUG] Truck: Time:<203.31602468188908> Truck:[CLTruck17] Start moving to ORDER(0): NorthPitMine-DumpSite1, move distance is 7.456807021804907, speed: 25
2025-09-11 20:19:16,943 [INFO] Truck: Time:<183> Truck:[CLTruck17] breakdown for 10.481772680652469 minutes at 183
2025-09-11 20:19:16,943 [INFO] Truck: Time:<203.31602468188908> Truck:[CLTruck7] Start loading at shovel NorthPitMine-LoadSite5-Shovel-1, load time is 2.5836614173228347
2025-09-11 20:19:16,943 [INFO] Truck: Time:<203.5328420000817> Truck:[XHTruck20] is facing 0 mins delay caused by 1 pre-existing jam events on Road from NorthPitMine-LoadSite3 to NorthPitMine-DumpSite5
2025-09-11 20:19:16,943 [DEBUG] Truck: Time:<203.84883426690743> Truck:[CLTruck23] Arrived at NorthPitMine-DumpSite2 at 203.84883426690743
2025-09-11 20:19:16,945 [DEBUG] Truck: Time:<204.45922219615014> Truck:[XHTruck10] Arrived at NorthPitMine-DumpSite2 at 204.45922219615014
2025-09-11 20:19:16,945 [INFO] Truck: Time:<204.57077913543068> Truck:[XHTruck7] is facing 14.65871036363151 mins delay caused by 2 pre-existing jam events on Road from NorthPitMine-LoadSite4 to NorthPitMine-DumpSite2
2025-09-11 20:19:16,945 [INFO] Truck: Time:<204.84883426690743> Truck:[CLTruck23] Finish unloading at dumper NorthPitMine-DumpSite2-点位0, dumper tons is 2141.835636360566
2025-09-11 20:19:16,948 [DEBUG] Truck: Time:<204.84883426690743> Truck:[CLTruck23] Start moving to ORDER(2):NorthPitMine-LoadSite3, move distance is 4.561985145420562, speed: 25
2025-09-11 20:19:16,948 [INFO] Truck: Time:<204.86933333333332> Truck:[XHTruck32] Finish loading at shovel NorthPitMine-LoadSite3-Shovel-2
2025-09-11 20:19:16,948 [DEBUG] Truck: Time:<204.86933333333332> Truck:[XHTruck32] Start moving to ORDER(4): NorthPitMine-DumpSite5, move distance is 2.5650165697736056, speed: 25
2025-09-11 20:19:16,948 [INFO] Truck: Time:<198> Truck:[XHTruck32] breakdown for 3.49701358182274 minutes at 198
2025-09-11 20:19:16,948 [INFO] Truck: Time:<204.86933333333332> Truck:[XHTruck28] Start loading at shovel NorthPitMine-LoadSite3-Shovel-2, load time is 24.444444444444443
2025-09-11 20:19:16,950 [INFO] Truck: Time:<205.00818447158667> Truck:[XHTruck8] Finish loading at shovel NorthPitMine-LoadSite4-Shovel-1
2025-09-11 20:19:16,951 [DEBUG] Truck: Time:<205.00818447158667> Truck:[XHTruck8] Start moving to ORDER(1): NorthPitMine-DumpSite2, move distance is 1.8009951993725315, speed: 25
2025-09-11 20:19:16,951 [INFO] Truck: Time:<202> Truck:[XHTruck8] breakdown for 11.012376017016281 minutes at 202
2025-09-11 20:19:16,951 [INFO] Truck: Time:<205.00818447158667> Truck:[XHTruck26] Start loading at shovel NorthPitMine-LoadSite4-Shovel-1, load time is 4.060039370078741
2025-09-11 20:19:16,952 [INFO] Truck: Time:<205.42399999999998> Truck:[CLTruck13] Finish loading at shovel NorthPitMine-LoadSite4-Shovel-3
2025-09-11 20:19:16,952 [DEBUG] Truck: Time:<205.42399999999998> Truck:[CLTruck13] Start moving to ORDER(1): NorthPitMine-DumpSite2, move distance is 1.5984463457079665, speed: 25
2025-09-11 20:19:16,952 [INFO] Truck: Time:<172> Truck:[CLTruck13] breakdown for 7.637381149041154 minutes at 172
2025-09-11 20:19:16,952 [INFO] Truck: Time:<205.42399999999998> Truck:[CLTruck18] Start loading at shovel NorthPitMine-LoadSite4-Shovel-3, load time is 15.555555555555555
2025-09-11 20:19:16,952 [INFO] Truck: Time:<205.45922219615014> Truck:[XHTruck10] Finish unloading at dumper NorthPitMine-DumpSite2-点位1, dumper tons is 638.1842540023492
2025-09-11 20:19:16,953 [DEBUG] Truck: Time:<205.45922219615014> Truck:[XHTruck10] Start moving to ORDER(4):NorthPitMine-LoadSite5, move distance is 8.949523587475223, speed: 25
2025-09-11 20:19:16,953 [INFO] Truck: Time:<205.45922219615014> Truck:[XHTruck10] is facing 0 mins delay caused by 1 pre-existing jam events on Road from NorthPitMine-DumpSite2 to NorthPitMine-LoadSite5
2025-09-11 20:19:16,954 [DEBUG] Truck: Time:<205.52347354028305> Truck:[OfficalTruck3] Arrived at NorthPitMine-DumpSite2 at 205.52347354028305
2025-09-11 20:19:16,954 [INFO] Truck: Time:<205.767415732201> Truck:[CLTruck11] is facing 0 mins delay caused by 1 pre-existing jam events on Road from NorthPitMine-DumpSite5 to NorthPitMine-LoadSite4
2025-09-11 20:19:16,954 [INFO] Truck: Time:<205.89968609921192> Truck:[CLTruck7] Finish loading at shovel NorthPitMine-LoadSite5-Shovel-1
2025-09-11 20:19:16,956 [DEBUG] Truck: Time:<205.89968609921192> Truck:[CLTruck7] Start moving to ORDER(0): NorthPitMine-DumpSite1, move distance is 7.295891071551704, speed: 25
2025-09-11 20:19:16,958 [INFO] Truck: Time:<206.3128888888889> Truck:[CLTruck21] Finish loading at shovel NorthPitMine-LoadSite4-Shovel-2
2025-09-11 20:19:16,959 [DEBUG] Truck: Time:<206.3128888888889> Truck:[CLTruck21] Start moving to ORDER(1): NorthPitMine-DumpSite2, move distance is 1.6606944239386436, speed: 25
2025-09-11 20:19:16,959 [INFO] Truck: Time:<198> Truck:[CLTruck21] breakdown for 11.520605689030752 minutes at 198
2025-09-11 20:19:16,959 [INFO] Truck: Time:<206.3128888888889> Truck:[XHTruck15] Start loading at shovel NorthPitMine-LoadSite4-Shovel-2, load time is 24.444444444444443
2025-09-11 20:19:16,959 [INFO] Truck: Time:<206.52347354028305> Truck:[OfficalTruck3] Finish unloading at dumper NorthPitMine-DumpSite2-点位0, dumper tons is 2224.6437552826433
2025-09-11 20:19:16,960 [DEBUG] Truck: Time:<206.52347354028305> Truck:[OfficalTruck3] Start moving to ORDER(4):NorthPitMine-LoadSite5, move distance is 7.674877557585945, speed: 25
2025-09-11 20:19:16,960 [INFO] Truck: Time:<206.52347354028305> Truck:[OfficalTruck3] is facing 0 mins delay caused by 1 pre-existing jam events on Road from NorthPitMine-DumpSite2 to NorthPitMine-LoadSite5
2025-09-11 20:19:16,961 [INFO] Truck: Time:<206.6876329910865> Truck:[XHTruck11] is facing 0 mins delay caused by 1 pre-existing jam events on Road from NorthPitMine-LoadSite5 to NorthPitMine-DumpSite1
2025-09-11 20:19:16,963 [INFO] Truck: Time:<207.20177777777775> Truck:[OfficalTruck7] Finish loading at shovel NorthPitMine-LoadSite4-Shovel-4
2025-09-11 20:19:16,963 [DEBUG] Truck: Time:<207.20177777777775> Truck:[OfficalTruck7] Start moving to ORDER(1): NorthPitMine-DumpSite2, move distance is 1.7440164367706712, speed: 25
2025-09-11 20:19:16,963 [INFO] Truck: Time:<187> Truck:[OfficalTruck7] breakdown for 4.039592981318764 minutes at 187
2025-09-11 20:19:16,963 [INFO] Truck: Time:<207.20177777777775> Truck:[XHTruck29] Start loading at shovel NorthPitMine-LoadSite4-Shovel-4, load time is 24.444444444444443
2025-09-11 20:19:16,963 [INFO] Truck: Time:<207.75816876117648> Truck:[CLTruck22] is facing 0 mins delay caused by 1 pre-existing jam events on Road from NorthPitMine-DumpSite2 to NorthPitMine-LoadSite5
2025-09-11 20:19:16,963 [INFO] Truck: Time:<208.12652943340657> Truck:[OfficalTruck2] Finish loading at shovel NorthPitMine-LoadSite3-Shovel-1
2025-09-11 20:19:16,963 [DEBUG] Truck: Time:<208.12652943340657> Truck:[OfficalTruck2] Start moving to ORDER(4): NorthPitMine-DumpSite5, move distance is 2.615801013595628, speed: 25
2025-09-11 20:19:16,963 [INFO] Truck: Time:<201> Truck:[OfficalTruck2] breakdown for 7.149860255897723 minutes at 201
2025-09-11 20:19:16,968 [INFO] Truck: Time:<208.12652943340657> Truck:[OfficalTruck6] Start loading at shovel NorthPitMine-LoadSite3-Shovel-1, load time is 5.684055118110236
2025-09-11 20:19:16,968 [DEBUG] Truck: Time:<208.67890829401603> Truck:[CLTruck14] Arrived at NorthPitMine-DumpSite5 at 208.67890829401603
2025-09-11 20:19:16,968 [INFO] Truck: Time:<208.91375681842857> Truck:[XHTruck24] Arrived at NorthPitMine-LoadSite5 at 208.91375681842857
2025-09-11 20:19:16,968 [INFO] Truck: Time:<208.91375681842857> Truck:[XHTruck24] Start loading at shovel NorthPitMine-LoadSite5-Shovel-1, load time is 4.060039370078741
2025-09-11 20:19:16,971 [INFO] Truck: Time:<209.06822384166543> Truck:[XHTruck26] Finish loading at shovel NorthPitMine-LoadSite4-Shovel-1
2025-09-11 20:19:16,971 [DEBUG] Truck: Time:<209.06822384166543> Truck:[XHTruck26] Start moving to ORDER(1): NorthPitMine-DumpSite2, move distance is 1.878246895711786, speed: 25
2025-09-11 20:19:16,971 [INFO] Truck: Time:<197> Truck:[XHTruck26] breakdown for 9.809633084139383 minutes at 197
2025-09-11 20:19:16,972 [INFO] Truck: Time:<209.06822384166543> Truck:[CLTruck9] Start loading at shovel NorthPitMine-LoadSite4-Shovel-1, load time is 2.5836614173228347
2025-09-11 20:19:16,972 [INFO] Truck: Time:<209.08152634608928> Truck:[CLTruck5] is facing 0 mins delay caused by 1 pre-existing jam events on Road from NorthPitMine-LoadSite3 to NorthPitMine-DumpSite5
2025-09-11 20:19:16,972 [INFO] Truck: Time:<209.67890829401603> Truck:[CLTruck14] Finish unloading at dumper NorthPitMine-DumpSite5-点位0, dumper tons is 2341.65825887008
2025-09-11 20:19:16,973 [DEBUG] Truck: Time:<209.67890829401603> Truck:[CLTruck14] Start moving to ORDER(3):NorthPitMine-LoadSite4, move distance is 7.756891554472796, speed: 25
2025-09-11 20:19:16,973 [INFO] Truck: Time:<209.749209222729> Truck:[OfficalTruck5] is facing 5.058884009164711 mins delay caused by 2 pre-existing jam events on Road from NorthPitMine-LoadSite4 to NorthPitMine-DumpSite2
2025-09-11 20:19:16,975 [DEBUG] Truck: Time:<210.10091389267606> Truck:[XHTruck20] Arrived at NorthPitMine-DumpSite5 at 210.10091389267606
2025-09-11 20:19:16,975 [INFO] Truck: Time:<210.15297670276237> Truck:[XHTruck3] Arrived at NorthPitMine-LoadSite4 at 210.15297670276237
2025-09-11 20:19:16,975 [INFO] Truck: Time:<210.19849070501073> Truck:[XHTruck12] is facing 0 mins delay caused by 1 pre-existing jam events on Road from NorthPitMine-LoadSite5 to NorthPitMine-DumpSite1
2025-09-11 20:19:16,975 [INFO] Truck: Time:<210.42299860658292> Truck:[XHTruck13] Arrived at NorthPitMine-LoadSite5 at 210.42299860658292
2025-09-11 20:19:16,975 [INFO] Truck: Time:<210.42299860658292> Truck:[XHTruck13] Start loading at shovel NorthPitMine-LoadSite5-Shovel-2, load time is 4.060039370078741
2025-09-11 20:19:16,975 [INFO] Truck: Time:<210.909840254352> Truck:[CLTruck15] Finish loading at shovel NorthPitMine-LoadSite4-Shovel-5
2025-09-11 20:19:16,975 [INFO] Truck: Time:<210.909840254352> Shovel NorthPitMine-LoadSite4-Shovel-5 under maintenance for 35.27 minutes
2025-09-11 20:19:16,980 [INFO] Truck: Time:<211.07949190351954> Truck:[XHTruck6] is facing 0.6447694742434456 mins delay caused by 2 pre-existing jam events on Road from NorthPitMine-LoadSite4 to NorthPitMine-DumpSite2
2025-09-11 20:19:16,980 [INFO] Truck: Time:<211.10091389267606> Truck:[XHTruck20] Finish unloading at dumper NorthPitMine-DumpSite5-点位0, dumper tons is 2395.1144755572336
2025-09-11 20:19:16,981 [DEBUG] Truck: Time:<211.10091389267606> Truck:[XHTruck20] Start moving to ORDER(3):NorthPitMine-LoadSite4, move distance is 8.229008807358973, speed: 25
2025-09-11 20:19:16,981 [INFO] Truck: Time:<211.10091389267606> Truck:[XHTruck20] is facing 0 mins delay caused by 1 pre-existing jam events on Road from NorthPitMine-DumpSite5 to NorthPitMine-LoadSite4
2025-09-11 20:19:16,982 [INFO] Truck: Time:<211.24014817328316> Truck:[XHTruck23] Arrived at NorthPitMine-LoadSite5 at 211.24014817328316
2025-09-11 20:19:16,982 [INFO] Truck: Time:<211.24137075909653> Truck:[OfficalTruck7] is facing 0.7121641601396833 mins delay caused by 2 pre-existing jam events on Road from NorthPitMine-LoadSite4 to NorthPitMine-DumpSite2
2025-09-11 20:19:16,982 [INFO] Truck: Time:<211.4910099117665> Truck:[CLTruck6] Arrived at NorthPitMine-LoadSite4 at 211.4910099117665
2025-09-11 20:19:16,982 [INFO] Truck: Time:<211.5960227876639> Truck:[CLTruck10] Arrived at NorthPitMine-LoadSite4 at 211.5960227876639
2025-09-11 20:19:16,982 [INFO] Truck: Time:<211.65188525898827> Truck:[CLTruck9] Finish loading at shovel NorthPitMine-LoadSite4-Shovel-1
2025-09-11 20:19:16,983 [DEBUG] Truck: Time:<211.65188525898827> Truck:[CLTruck9] Start moving to ORDER(1): NorthPitMine-DumpSite2, move distance is 1.5018600454655369, speed: 25
2025-09-11 20:19:16,983 [INFO] Truck: Time:<197> Truck:[CLTruck9] breakdown for 14.718376848336316 minutes at 197
2025-09-11 20:19:16,984 [INFO] Truck: Time:<211.65188525898827> Truck:[XHTruck3] Start loading at shovel NorthPitMine-LoadSite4-Shovel-1, load time is 4.060039370078741
2025-09-11 20:19:16,984 [INFO] Truck: Time:<211.7296536784412> Truck:[XHTruck9] Arrived at NorthPitMine-LoadSite5 at 211.7296536784412
2025-09-11 20:19:16,984 [DEBUG] Truck: Time:<211.80623646817818> Truck:[XHTruck4] Arrived at NorthPitMine-DumpSite5 at 211.80623646817818
2025-09-11 20:19:16,987 [DEBUG] Truck: Time:<212.23678305674082> Truck:[XHTruck21] Arrived at NorthPitMine-DumpSite5 at 212.23678305674082
2025-09-11 20:19:16,988 [INFO] Truck: Time:<212.6154565616825> Truck:[XHTruck18] Arrived at NorthPitMine-LoadSite5 at 212.6154565616825
2025-09-11 20:19:16,988 [INFO] Truck: Time:<212.80623646817818> Truck:[XHTruck4] Finish unloading at dumper NorthPitMine-DumpSite5-点位0, dumper tons is 2452.9755296728013
2025-09-11 20:19:16,989 [DEBUG] Truck: Time:<212.80623646817818> Truck:[XHTruck4] Start moving to ORDER(3):NorthPitMine-LoadSite4, move distance is 6.983632577798432, speed: 25
2025-09-11 20:19:16,989 [INFO] Truck: Time:<212.97379618850732> Truck:[XHTruck24] Finish loading at shovel NorthPitMine-LoadSite5-Shovel-1
2025-09-11 20:19:16,990 [DEBUG] Truck: Time:<212.97379618850732> Truck:[XHTruck24] Start moving to ORDER(0): NorthPitMine-DumpSite1, move distance is 7.989776036049138, speed: 25
2025-09-11 20:19:16,990 [INFO] Truck: Time:<200> Truck:[XHTruck24] breakdown for 13.750490008466418 minutes at 200
2025-09-11 20:19:16,990 [INFO] Truck: Time:<212.97379618850732> Truck:[XHTruck23] Start loading at shovel NorthPitMine-LoadSite5-Shovel-1, load time is 4.060039370078741
2025-09-11 20:19:16,992 [INFO] Truck: Time:<213.06138114904113> Truck:[CLTruck13] is facing 0 mins delay caused by 2 pre-existing jam events on Road from NorthPitMine-LoadSite4 to NorthPitMine-DumpSite2
2025-09-11 20:19:16,993 [INFO] Truck: Time:<213.12202145085558> Truck:[XHTruck33] Arrived at NorthPitMine-LoadSite5 at 213.12202145085558
2025-09-11 20:19:16,993 [INFO] Truck: Time:<213.23678305674082> Truck:[XHTruck21] Finish unloading at dumper NorthPitMine-DumpSite5-点位1, dumper tons is 707.5775727307948
2025-09-11 20:19:16,994 [DEBUG] Truck: Time:<213.23678305674082> Truck:[XHTruck21] Start moving to ORDER(3):NorthPitMine-LoadSite4, move distance is 7.936850371901371, speed: 25
2025-09-11 20:19:16,994 [INFO] Truck: Time:<213.23678305674082> Truck:[XHTruck21] is facing 1.364597954373997 mins delay caused by 1 pre-existing jam events on Road from NorthPitMine-DumpSite5 to NorthPitMine-LoadSite4
2025-09-11 20:19:16,994 [INFO] Truck: Time:<213.33386803625388> Truck:[CLTruck26] is facing 0 mins delay caused by 2 pre-existing jam events on Road from NorthPitMine-LoadSite3 to NorthPitMine-DumpSite5
2025-09-11 20:19:16,994 [INFO] Truck: Time:<213.79531727846393> Truck:[CLTruck2] is facing 0.8995196289485436 mins delay caused by 1 pre-existing jam events on Road from NorthPitMine-DumpSite5 to NorthPitMine-LoadSite4
2025-09-11 20:19:16,996 [INFO] Truck: Time:<213.79779736254153> Truck:[CLTruck17] is facing 0 mins delay caused by 3 pre-existing jam events on Road from NorthPitMine-LoadSite5 to NorthPitMine-DumpSite1
2025-09-11 20:19:16,996 [INFO] Truck: Time:<213.8105845515168> Truck:[OfficalTruck6] Finish loading at shovel NorthPitMine-LoadSite3-Shovel-1
2025-09-11 20:19:16,997 [DEBUG] Truck: Time:<213.8105845515168> Truck:[OfficalTruck6] Start moving to ORDER(4): NorthPitMine-DumpSite5, move distance is 1.86, speed: 25
2025-09-11 20:19:16,997 [INFO] Truck: Time:<209> Truck:[OfficalTruck6] breakdown for 16.185301960185235 minutes at 209
2025-09-11 20:19:16,997 [INFO] Truck: Time:<213.90207811317094> Truck:[CLTruck3] Arrived at NorthPitMine-LoadSite4 at 213.90207811317094
2025-09-11 20:19:16,999 [INFO] Truck: Time:<214.15189260452354> Truck:[CLTruck19] is facing 0 mins delay caused by 3 pre-existing jam events on Road from NorthPitMine-LoadSite5 to NorthPitMine-DumpSite1
2025-09-11 20:19:16,999 [INFO] Truck: Time:<214.3570073748208> Truck:[OfficalTruck9] is facing 0 mins delay caused by 3 pre-existing jam events on Road from NorthPitMine-LoadSite5 to NorthPitMine-DumpSite1
2025-09-11 20:19:17,000 [INFO] Truck: Time:<214.48303797666165> Truck:[XHTruck13] Finish loading at shovel NorthPitMine-LoadSite5-Shovel-2
2025-09-11 20:19:17,000 [INFO] Truck: Time:<214.48303797666165> Shovel NorthPitMine-LoadSite5-Shovel-2 under maintenance for 38.61 minutes
2025-09-11 20:19:17,000 [DEBUG] Truck: Time:<214.5223866826127> Truck:[XHTruck32] Arrived at NorthPitMine-DumpSite5 at 214.5223866826127
2025-09-11 20:19:17,003 [INFO] Truck: Time:<215.2763896893043> Truck:[OfficalTruck2] is facing 0 mins delay caused by 1 pre-existing jam events on Road from NorthPitMine-LoadSite3 to NorthPitMine-DumpSite5
2025-09-11 20:19:17,003 [INFO] Truck: Time:<215.5223866826127> Truck:[XHTruck32] Finish unloading at dumper NorthPitMine-DumpSite5-点位0, dumper tons is 2511.7826907871286
2025-09-11 20:19:17,004 [DEBUG] Truck: Time:<215.5223866826127> Truck:[XHTruck32] Start moving to ORDER(3):NorthPitMine-LoadSite4, move distance is 6.798008955987772, speed: 25
2025-09-11 20:19:17,004 [INFO] Truck: Time:<209> Truck:[XHTruck32] breakdown for 6.134903408379687 minutes at 209
2025-09-11 20:19:17,004 [INFO] Truck: Time:<215.71192462906703> Truck:[XHTruck3] Finish loading at shovel NorthPitMine-LoadSite4-Shovel-1
2025-09-11 20:19:17,005 [DEBUG] Truck: Time:<215.71192462906703> Truck:[XHTruck3] Start moving to ORDER(1): NorthPitMine-DumpSite2, move distance is 1.7168406077142684, speed: 25
2025-09-11 20:19:17,006 [INFO] Truck: Time:<215.71192462906703> Truck:[XHTruck3] is facing 20.51479149638078 mins delay caused by 2 pre-existing jam events on Road from NorthPitMine-LoadSite4 to NorthPitMine-DumpSite2
2025-09-11 20:19:17,006 [INFO] Truck: Time:<215.71192462906703> Truck:[CLTruck6] Start loading at shovel NorthPitMine-LoadSite4-Shovel-1, load time is 2.5836614173228347
2025-09-11 20:19:17,006 [INFO] Truck: Time:<215.79759861591677> Truck:[CLTruck23] Arrived at NorthPitMine-LoadSite3 at 215.79759861591677
2025-09-11 20:19:17,006 [INFO] Truck: Time:<215.79759861591677> Truck:[CLTruck23] Start loading at shovel NorthPitMine-LoadSite3-Shovel-1, load time is 2.5836614173228347
2025-09-11 20:19:17,008 [DEBUG] Truck: Time:<216.00890614434138> Truck:[CLTruck5] Arrived at NorthPitMine-DumpSite5 at 216.00890614434138
2025-09-11 20:19:17,010 [INFO] Truck: Time:<216.02056048860297> Truck:[XHTruck8] is facing 20.769955690774953 mins delay caused by 2 pre-existing jam events on Road from NorthPitMine-LoadSite4 to NorthPitMine-DumpSite2
2025-09-11 20:19:17,010 [DEBUG] Truck: Time:<216.1083575272077> Truck:[XHTruck6] Arrived at NorthPitMine-DumpSite2 at 216.1083575272077
2025-09-11 20:19:17,010 [DEBUG] Truck: Time:<216.13917436748582> Truck:[OfficalTruck7] Arrived at NorthPitMine-DumpSite2 at 216.13917436748582
2025-09-11 20:19:17,010 [DEBUG] Truck: Time:<216.89765237874025> Truck:[CLTruck13] Arrived at NorthPitMine-DumpSite2 at 216.89765237874025
2025-09-11 20:19:17,012 [INFO] Truck: Time:<217.00890614434138> Truck:[CLTruck5] Finish unloading at dumper NorthPitMine-DumpSite5-点位0, dumper tons is 2546.7943879076684
2025-09-11 20:19:17,013 [DEBUG] Truck: Time:<217.00890614434138> Truck:[CLTruck5] Start moving to ORDER(3):NorthPitMine-LoadSite4, move distance is 7.032582960377953, speed: 25
2025-09-11 20:19:17,013 [INFO] Truck: Time:<217.03383555858608> Truck:[XHTruck23] Finish loading at shovel NorthPitMine-LoadSite5-Shovel-1
2025-09-11 20:19:17,015 [DEBUG] Truck: Time:<217.03383555858608> Truck:[XHTruck23] Start moving to ORDER(0): NorthPitMine-DumpSite1, move distance is 7.342312756749742, speed: 25
2025-09-11 20:19:17,015 [INFO] Truck: Time:<216> Truck:[XHTruck23] breakdown for 9.172824796393508 minutes at 216
2025-09-11 20:19:17,015 [INFO] Truck: Time:<217.03383555858608> Truck:[XHTruck18] Start loading at shovel NorthPitMine-LoadSite5-Shovel-1, load time is 4.060039370078741
2025-09-11 20:19:17,015 [INFO] Truck: Time:<217.1083575272077> Truck:[XHTruck6] Finish unloading at dumper NorthPitMine-DumpSite2-点位0, dumper tons is 2284.9889558491855
2025-09-11 20:19:17,015 [DEBUG] Truck: Time:<217.1083575272077> Truck:[XHTruck6] Start moving to ORDER(2):NorthPitMine-LoadSite3, move distance is 3.41, speed: 25
2025-09-11 20:19:17,015 [INFO] Truck: Time:<217.13917436748582> Truck:[OfficalTruck7] Finish unloading at dumper NorthPitMine-DumpSite2-点位1, dumper tons is 708.4476937444805
2025-09-11 20:19:17,017 [DEBUG] Truck: Time:<217.13917436748582> Truck:[OfficalTruck7] Start moving to ORDER(4):NorthPitMine-LoadSite5, move distance is 5.59, speed: 25
2025-09-11 20:19:17,017 [INFO] Truck: Time:<217.49727612482096> Truck:[CLTruck12] Arrived at NorthPitMine-LoadSite4 at 217.49727612482096
2025-09-11 20:19:17,017 [INFO] Truck: Time:<217.83349457791965> Truck:[CLTruck21] is facing 18.527297959955714 mins delay caused by 2 pre-existing jam events on Road from NorthPitMine-LoadSite4 to NorthPitMine-DumpSite2
2025-09-11 20:19:17,017 [INFO] Truck: Time:<217.89765237874025> Truck:[CLTruck13] Finish unloading at dumper NorthPitMine-DumpSite2-点位2, dumper tons is 285.4691307019365
2025-09-11 20:19:17,018 [DEBUG] Truck: Time:<217.89765237874025> Truck:[CLTruck13] Start moving to ORDER(2):NorthPitMine-LoadSite3, move distance is 3.41, speed: 25
2025-09-11 20:19:17,020 [INFO] Truck: Time:<218.29558604638987> Truck:[CLTruck6] Finish loading at shovel NorthPitMine-LoadSite4-Shovel-1
2025-09-11 20:19:17,021 [DEBUG] Truck: Time:<218.29558604638987> Truck:[CLTruck6] Start moving to ORDER(1): NorthPitMine-DumpSite2, move distance is 1.7537799721946763, speed: 25
2025-09-11 20:19:17,022 [INFO] Truck: Time:<216> Truck:[CLTruck6] breakdown for 10.619674885345603 minutes at 216
2025-09-11 20:19:17,022 [INFO] Truck: Time:<218.29558604638987> Truck:[CLTruck10] Start loading at shovel NorthPitMine-LoadSite4-Shovel-1, load time is 2.5836614173228347
2025-09-11 20:19:17,022 [DEBUG] Truck: Time:<218.30250140563155> Truck:[OfficalTruck5] Arrived at NorthPitMine-DumpSite2 at 218.30250140563155
2025-09-11 20:19:17,022 [INFO] Truck: Time:<218.3812600332396> Truck:[CLTruck23] Finish loading at shovel NorthPitMine-LoadSite3-Shovel-1
2025-09-11 20:19:17,024 [DEBUG] Truck: Time:<218.3812600332396> Truck:[CLTruck23] Start moving to ORDER(4): NorthPitMine-DumpSite5, move distance is 1.86, speed: 25
2025-09-11 20:19:17,024 [INFO] Truck: Time:<214> Truck:[CLTruck23] breakdown for 12.211409440834633 minutes at 214
2025-09-11 20:19:17,024 [INFO] Truck: Time:<218.87785692580482> Truck:[XHTruck26] is facing 29.32221701329564 mins delay caused by 3 pre-existing jam events on Road from NorthPitMine-LoadSite4 to NorthPitMine-DumpSite2
2025-09-11 20:19:17,026 [INFO] Truck: Time:<219.30250140563155> Truck:[OfficalTruck5] Finish unloading at dumper NorthPitMine-DumpSite2-点位0, dumper tons is 2365.5972949696416
2025-09-11 20:19:17,026 [DEBUG] Truck: Time:<219.30250140563155> Truck:[OfficalTruck5] Start moving to ORDER(4):NorthPitMine-LoadSite5, move distance is 5.59, speed: 25
2025-09-11 20:19:17,026 [INFO] Truck: Time:<211> Truck:[OfficalTruck5] breakdown for 6.52603372930821 minutes at 211
2025-09-11 20:19:17,026 [DEBUG] Truck: Time:<219.34910636140205> Truck:[CLTruck26] Arrived at NorthPitMine-DumpSite5 at 219.34910636140205
2025-09-11 20:19:17,026 [INFO] Truck: Time:<219.53600000000006> Truck:[XHTruck22] Finish loading at shovel NorthPitMine-LoadSite3-Shovel-3
2025-09-11 20:19:17,028 [DEBUG] Truck: Time:<219.53600000000006> Truck:[XHTruck22] Start moving to ORDER(4): NorthPitMine-DumpSite5, move distance is 1.86, speed: 25
2025-09-11 20:19:17,028 [INFO] Truck: Time:<204> Truck:[XHTruck22] breakdown for 10.491212268821588 minutes at 204
2025-09-11 20:19:17,028 [INFO] Truck: Time:<219.53600000000006> Truck:[CLTruck1] Start loading at shovel NorthPitMine-LoadSite3-Shovel-3, load time is 15.555555555555555
2025-09-11 20:19:17,028 [INFO] Truck: Time:<219.6291239414536> Truck:[OfficalTruck4] Arrived at NorthPitMine-LoadSite5 at 219.6291239414536
2025-09-11 20:19:17,032 [INFO] Truck: Time:<220.12876118808433> Truck:[CLTruck29] Arrived at NorthPitMine-LoadSite4 at 220.12876118808433
2025-09-11 20:19:17,033 [INFO] Truck: Time:<220.34910636140205> Truck:[CLTruck26] Finish unloading at dumper NorthPitMine-DumpSite5-点位0, dumper tons is 2580.473820104604
2025-09-11 20:19:17,033 [DEBUG] Truck: Time:<220.34910636140205> Truck:[CLTruck26] Start moving to ORDER(3):NorthPitMine-LoadSite4, move distance is 8.481567606162338, speed: 25
2025-09-11 20:19:17,035 [INFO] Truck: Time:<214> Truck:[CLTruck26] breakdown for 10.945077830359896 minutes at 214
2025-09-11 20:19:17,035 [INFO] Truck: Time:<220.44030873975063> Truck:[CLTruck27] Arrived at NorthPitMine-LoadSite4 at 220.44030873975063
2025-09-11 20:19:17,035 [INFO] Truck: Time:<220.87924746371272> Truck:[CLTruck10] Finish loading at shovel NorthPitMine-LoadSite4-Shovel-1
2025-09-11 20:19:17,035 [DEBUG] Truck: Time:<220.87924746371272> Truck:[CLTruck10] Start moving to ORDER(1): NorthPitMine-DumpSite2, move distance is 1.585186451910977, speed: 25
2025-09-11 20:19:17,035 [INFO] Truck: Time:<215> Truck:[CLTruck10] breakdown for 12.070305628144805 minutes at 215
2025-09-11 20:19:17,036 [INFO] Truck: Time:<220.87924746371272> Truck:[CLTruck3] Start loading at shovel NorthPitMine-LoadSite4-Shovel-1, load time is 2.5836614173228347
2025-09-11 20:19:17,036 [INFO] Truck: Time:<220.97955555555552> Truck:[CLTruck18] Finish loading at shovel NorthPitMine-LoadSite4-Shovel-3
2025-09-11 20:19:17,036 [DEBUG] Truck: Time:<220.97955555555552> Truck:[CLTruck18] Start moving to ORDER(1): NorthPitMine-DumpSite2, move distance is 1.7264238507730003, speed: 25
2025-09-11 20:19:17,036 [INFO] Truck: Time:<201> Truck:[CLTruck18] breakdown for 10.079439174276077 minutes at 201
2025-09-11 20:19:17,037 [INFO] Truck: Time:<220.97955555555552> Truck:[XHTruck1] Start loading at shovel NorthPitMine-LoadSite4-Shovel-3, load time is 24.444444444444443
2025-09-11 20:19:17,039 [INFO] Truck: Time:<221.09387492866483> Truck:[XHTruck18] Finish loading at shovel NorthPitMine-LoadSite5-Shovel-1
2025-09-11 20:19:17,040 [DEBUG] Truck: Time:<221.09387492866483> Truck:[XHTruck18] Start moving to ORDER(0): NorthPitMine-DumpSite1, move distance is 6.889561788077308, speed: 25
2025-09-11 20:19:17,040 [INFO] Truck: Time:<214> Truck:[XHTruck18] breakdown for 8.408535924331701 minutes at 214
2025-09-11 20:19:17,040 [INFO] Truck: Time:<221.09387492866483> Truck:[XHTruck33] Start loading at shovel NorthPitMine-LoadSite5-Shovel-1, load time is 4.060039370078741
2025-09-11 20:19:17,040 [DEBUG] Truck: Time:<221.5543121219338> Truck:[OfficalTruck2] Arrived at NorthPitMine-DumpSite5 at 221.5543121219338
2025-09-11 20:19:17,044 [INFO] Truck: Time:<222.5543121219338> Truck:[OfficalTruck2] Finish unloading at dumper NorthPitMine-DumpSite5-点位0, dumper tons is 2664.190095298296
2025-09-11 20:19:17,045 [DEBUG] Truck: Time:<222.5543121219338> Truck:[OfficalTruck2] Start moving to ORDER(3):NorthPitMine-LoadSite4, move distance is 7.521371330423755, speed: 25
2025-09-11 20:19:17,045 [INFO] Truck: Time:<222> Truck:[OfficalTruck2] breakdown for 15.682313608088126 minutes at 222
2025-09-11 20:19:17,047 [DEBUG] Truck: Time:<223.10798948910764> Truck:[XHTruck7] Arrived at NorthPitMine-DumpSite2 at 223.10798948910764
2025-09-11 20:19:17,048 [DEBUG] Truck: Time:<223.40982467093602> Truck:[CLTruck7] Arrived at NorthPitMine-DumpSite1 at 223.40982467093602
2025-09-11 20:19:17,048 [INFO] Truck: Time:<223.46290888103556> Truck:[CLTruck3] Finish loading at shovel NorthPitMine-LoadSite4-Shovel-1
2025-09-11 20:19:17,049 [DEBUG] Truck: Time:<223.46290888103556> Truck:[CLTruck3] Start moving to ORDER(1): NorthPitMine-DumpSite2, move distance is 1.5200410003255067, speed: 25
2025-09-11 20:19:17,049 [INFO] Truck: Time:<207> Truck:[CLTruck3] breakdown for 16.891442975505093 minutes at 207
2025-09-11 20:19:17,049 [INFO] Truck: Time:<223.46290888103556> Truck:[CLTruck12] Start loading at shovel NorthPitMine-LoadSite4-Shovel-1, load time is 2.5836614173228347
2025-09-11 20:19:17,050 [DEBUG] Truck: Time:<223.78991307644154> Truck:[CLTruck20] Arrived at NorthPitMine-DumpSite1 at 223.78991307644154
2025-09-11 20:19:17,050 [INFO] Truck: Time:<224.10798948910764> Truck:[XHTruck7] Finish unloading at dumper NorthPitMine-DumpSite2-点位0, dumper tons is 2417.1583958885863
2025-09-11 20:19:17,054 [DEBUG] Truck: Time:<224.10798948910764> Truck:[XHTruck7] Start moving to ORDER(2):NorthPitMine-LoadSite3, move distance is 3.41, speed: 25
2025-09-11 20:19:17,054 [INFO] Truck: Time:<218> Truck:[XHTruck7] breakdown for 9.666930888315605 minutes at 218
2025-09-11 20:19:17,055 [INFO] Truck: Time:<224.29445435738612> Truck:[CLTruck11] Arrived at NorthPitMine-LoadSite4 at 224.29445435738612
2025-09-11 20:19:17,055 [INFO] Truck: Time:<224.40982467093602> Truck:[CLTruck7] Finish unloading at dumper NorthPitMine-DumpSite1-点位0, dumper tons is 1556.7882941174526
2025-09-11 20:19:17,056 [DEBUG] Truck: Time:<224.40982467093602> Truck:[CLTruck7] Start moving to ORDER(2):NorthPitMine-LoadSite3, move distance is 2.98, speed: 25
2025-09-11 20:19:17,056 [INFO] Truck: Time:<214> Truck:[CLTruck7] breakdown for 5.6819561126185825 minutes at 214
2025-09-11 20:19:17,057 [DEBUG] Truck: Time:<224.44749429818785> Truck:[XHTruck11] Arrived at NorthPitMine-DumpSite1 at 224.44749429818785
2025-09-11 20:19:17,057 [INFO] Truck: Time:<224.78991307644154> Truck:[CLTruck20] Finish unloading at dumper NorthPitMine-DumpSite1-点位1, dumper tons is 595.5539692034657
2025-09-11 20:19:17,058 [DEBUG] Truck: Time:<224.78991307644154> Truck:[CLTruck20] Start moving to ORDER(2):NorthPitMine-LoadSite3, move distance is 2.98, speed: 25
2025-09-11 20:19:17,058 [INFO] Truck: Time:<224.94317967848932> Truck:[OfficalTruck3] Arrived at NorthPitMine-LoadSite5 at 224.94317967848932
2025-09-11 20:19:17,060 [INFO] Truck: Time:<225.1539142987436> Truck:[XHTruck33] Finish loading at shovel NorthPitMine-LoadSite5-Shovel-1
2025-09-11 20:19:17,060 [DEBUG] Truck: Time:<225.1539142987436> Truck:[XHTruck33] Start moving to ORDER(0): NorthPitMine-DumpSite1, move distance is 7.789230334528019, speed: 25
2025-09-11 20:19:17,060 [INFO] Truck: Time:<215> Truck:[XHTruck33] breakdown for 8.654347004120899 minutes at 215
2025-09-11 20:19:17,060 [INFO] Truck: Time:<225.1539142987436> Truck:[OfficalTruck4] Start loading at shovel NorthPitMine-LoadSite5-Shovel-1, load time is 5.684055118110236
2025-09-11 20:19:17,060 [INFO] Truck: Time:<225.29235752720768> Truck:[XHTruck6] Arrived at NorthPitMine-LoadSite3 at 225.29235752720768
2025-09-11 20:19:17,060 [INFO] Truck: Time:<225.29235752720768> Truck:[XHTruck6] Start loading at shovel NorthPitMine-LoadSite3-Shovel-1, load time is 4.060039370078741
2025-09-11 20:19:17,060 [INFO] Truck: Time:<225.44749429818785> Truck:[XHTruck11] Finish unloading at dumper NorthPitMine-DumpSite1-点位0, dumper tons is 1608.0870106979587
2025-09-11 20:19:17,063 [INFO] Road: [RoadEvent] Road from NorthPitMine-DumpSite1 to NorthPitMine-LoadSite3 is in repair，the repair will last for 54.64 mins, and will end at 280.09, vehicle on this road will have to suffer punish_distance.
2025-09-11 20:19:17,063 [DEBUG] Truck: Time:<225.44749429818785> Truck:[XHTruck11] Start moving to ORDER(2):NorthPitMine-LoadSite3, move distance is 4.017961661618396, speed: 25
2025-09-11 20:19:17,063 [INFO] Truck: Time:<218> Truck:[XHTruck11] breakdown for 7.596607489471955 minutes at 218
2025-09-11 20:19:17,063 [INFO] Truck: Time:<225.82853513493976> Truck:[OfficalTruck5] is facing 0 mins delay caused by 1 pre-existing jam events on Road from NorthPitMine-DumpSite2 to NorthPitMine-LoadSite5
2025-09-11 20:19:17,065 [INFO] Truck: Time:<226.0465702983584> Truck:[CLTruck12] Finish loading at shovel NorthPitMine-LoadSite4-Shovel-1
2025-09-11 20:19:17,065 [INFO] Truck: Time:<226.0465702983584> Shovel NorthPitMine-LoadSite4-Shovel-1 under maintenance for 49.35 minutes
2025-09-11 20:19:17,066 [INFO] Truck: Time:<226.08165237874024> Truck:[CLTruck13] Arrived at NorthPitMine-LoadSite3 at 226.08165237874024
2025-09-11 20:19:17,066 [INFO] Truck: Time:<226.2066603549796> Truck:[XHTruck23] is facing 0 mins delay caused by 5 pre-existing jam events on Road from NorthPitMine-LoadSite5 to NorthPitMine-DumpSite1
2025-09-11 20:19:17,066 [INFO] Truck: Time:<226.37026210732458> Truck:[CLTruck9] is facing 35.3137835825184 mins delay caused by 5 pre-existing jam events on Road from NorthPitMine-LoadSite4 to NorthPitMine-DumpSite2
2025-09-11 20:19:17,067 [INFO] Truck: Time:<226.72428619697374> Truck:[XHTruck24] is facing 0 mins delay caused by 4 pre-existing jam events on Road from NorthPitMine-LoadSite5 to NorthPitMine-DumpSite1
2025-09-11 20:19:17,067 [INFO] Truck: Time:<226.9380788060907> Truck:[XHTruck10] Arrived at NorthPitMine-LoadSite5 at 226.9380788060907
2025-09-11 20:19:17,067 [INFO] Truck: Time:<226.9519174261733> Truck:[CLTruck22] Arrived at NorthPitMine-LoadSite5 at 226.9519174261733
2025-09-11 20:19:17,072 [INFO] Truck: Time:<228.29544802475073> Truck:[CLTruck14] Arrived at NorthPitMine-LoadSite4 at 228.29544802475073
2025-09-11 20:19:17,073 [INFO] Truck: Time:<228.91526093173547> Truck:[CLTruck6] is facing 26.78875500891593 mins delay caused by 5 pre-existing jam events on Road from NorthPitMine-LoadSite4 to NorthPitMine-DumpSite2
2025-09-11 20:19:17,075 [INFO] Truck: Time:<229.31377777777777> Truck:[XHTruck28] Finish loading at shovel NorthPitMine-LoadSite3-Shovel-2
2025-09-11 20:19:17,076 [INFO] Truck: Time:<229.31377777777777> Shovel NorthPitMine-LoadSite3-Shovel-2 under maintenance for 46.65 minutes
2025-09-11 20:19:17,076 [INFO] Truck: Time:<229.35239689728644> Truck:[XHTruck6] Finish loading at shovel NorthPitMine-LoadSite3-Shovel-1
2025-09-11 20:19:17,077 [DEBUG] Truck: Time:<229.35239689728644> Truck:[XHTruck6] Start moving to ORDER(4): NorthPitMine-DumpSite5, move distance is 1.86, speed: 25
2025-09-11 20:19:17,077 [INFO] Truck: Time:<229.35239689728644> Truck:[CLTruck13] Start loading at shovel NorthPitMine-LoadSite3-Shovel-1, load time is 2.5836614173228347
2025-09-11 20:19:17,077 [DEBUG] Truck: Time:<229.42689178963795> Truck:[XHTruck12] Arrived at NorthPitMine-DumpSite1 at 229.42689178963795
2025-09-11 20:19:17,077 [INFO] Truck: Time:<229.50241085299655> Truck:[XHTruck18] is facing 1.8703020385296085 mins delay caused by 4 pre-existing jam events on Road from NorthPitMine-LoadSite5 to NorthPitMine-DumpSite1
2025-09-11 20:19:17,077 [INFO] Truck: Time:<229.56695465489443> Truck:[XHTruck4] Arrived at NorthPitMine-LoadSite4 at 229.56695465489443
2025-09-11 20:19:17,079 [INFO] Truck: Time:<230.42689178963795> Truck:[XHTruck12] Finish unloading at dumper NorthPitMine-DumpSite1-点位0, dumper tons is 1664.4609443607467
2025-09-11 20:19:17,080 [DEBUG] Truck: Time:<230.42689178963795> Truck:[XHTruck12] Start moving to ORDER(2):NorthPitMine-LoadSite3, move distance is 3.965729813492622, speed: 25
2025-09-11 20:19:17,080 [INFO] Truck: Time:<222> Truck:[XHTruck12] breakdown for 7.049459060083384 minutes at 222
2025-09-11 20:19:17,080 [INFO] Truck: Time:<230.55517436748582> Truck:[OfficalTruck7] Arrived at NorthPitMine-LoadSite5 at 230.55517436748582
2025-09-11 20:19:17,080 [DEBUG] Truck: Time:<230.6965225664524> Truck:[OfficalTruck9] Arrived at NorthPitMine-DumpSite1 at 230.6965225664524
2025-09-11 20:19:17,080 [INFO] Truck: Time:<230.75733333333335> Truck:[XHTruck15] Finish loading at shovel NorthPitMine-LoadSite4-Shovel-2
2025-09-11 20:19:17,081 [DEBUG] Truck: Time:<230.75733333333335> Truck:[XHTruck15] Start moving to ORDER(1): NorthPitMine-DumpSite2, move distance is 1.7927357519772487, speed: 25
2025-09-11 20:19:17,081 [INFO] Truck: Time:<203> Truck:[XHTruck15] breakdown for 9.307437715607989 minutes at 203
2025-09-11 20:19:17,081 [INFO] Truck: Time:<230.75733333333335> Truck:[XHTruck2] Start loading at shovel NorthPitMine-LoadSite4-Shovel-2, load time is 24.444444444444443
2025-09-11 20:19:17,082 [INFO] Truck: Time:<230.8379694168538> Truck:[OfficalTruck4] Finish loading at shovel NorthPitMine-LoadSite5-Shovel-1
2025-09-11 20:19:17,082 [DEBUG] Truck: Time:<230.8379694168538> Truck:[OfficalTruck4] Start moving to ORDER(0): NorthPitMine-DumpSite1, move distance is 7.125094087571038, speed: 25
2025-09-11 20:19:17,082 [INFO] Truck: Time:<216> Truck:[OfficalTruck4] breakdown for 7.723245784833808 minutes at 216
2025-09-11 20:19:17,083 [INFO] Truck: Time:<230.8379694168538> Truck:[OfficalTruck3] Start loading at shovel NorthPitMine-LoadSite5-Shovel-1, load time is 5.684055118110236
2025-09-11 20:19:17,083 [INFO] Truck: Time:<230.8505350303376> Truck:[XHTruck20] Arrived at NorthPitMine-LoadSite4 at 230.8505350303376
2025-09-11 20:19:17,083 [DEBUG] Truck: Time:<230.85692718936542> Truck:[CLTruck19] Arrived at NorthPitMine-DumpSite1 at 230.85692718936542
2025-09-11 20:19:17,086 [INFO] Truck: Time:<231.0589947298316> Truck:[CLTruck18] is facing 16.276908154444968 mins delay caused by 5 pre-existing jam events on Road from NorthPitMine-LoadSite4 to NorthPitMine-DumpSite2
2025-09-11 20:19:17,086 [INFO] Truck: Time:<231.29418419176196> Truck:[CLTruck26] is facing 0 mins delay caused by 2 pre-existing jam events on Road from NorthPitMine-DumpSite5 to NorthPitMine-LoadSite4
2025-09-11 20:19:17,086 [INFO] Truck: Time:<231.6462222222222> Truck:[XHTruck29] Finish loading at shovel NorthPitMine-LoadSite4-Shovel-4
2025-09-11 20:19:17,086 [DEBUG] Truck: Time:<231.6462222222222> Truck:[XHTruck29] Start moving to ORDER(1): NorthPitMine-DumpSite2, move distance is 1.882088108242226, speed: 25
2025-09-11 20:19:17,086 [INFO] Truck: Time:<200> Truck:[XHTruck29] breakdown for 14.887531585337811 minutes at 200
2025-09-11 20:19:17,086 [INFO] Truck: Time:<231.6462222222222> Truck:[CLTruck24] Start loading at shovel NorthPitMine-LoadSite4-Shovel-4, load time is 15.555555555555555
2025-09-11 20:19:17,086 [DEBUG] Truck: Time:<231.69413421487332> Truck:[CLTruck17] Arrived at NorthPitMine-DumpSite1 at 231.69413421487332
2025-09-11 20:19:17,086 [INFO] Truck: Time:<231.6965225664524> Truck:[OfficalTruck9] Finish unloading at dumper NorthPitMine-DumpSite1-点位0, dumper tons is 1747.4264088289826
2025-09-11 20:19:17,086 [DEBUG] Truck: Time:<231.6965225664524> Truck:[OfficalTruck9] Start moving to ORDER(2):NorthPitMine-LoadSite3, move distance is 4.0707072982794115, speed: 25
2025-09-11 20:19:17,086 [INFO] Truck: Time:<221> Truck:[OfficalTruck9] breakdown for 8.05879899720516 minutes at 221
2025-09-11 20:19:17,086 [INFO] Truck: Time:<231.85692718936542> Truck:[CLTruck19] Finish unloading at dumper NorthPitMine-DumpSite1-点位1, dumper tons is 629.5003124628926
2025-09-11 20:19:17,086 [DEBUG] Truck: Time:<231.85692718936542> Truck:[CLTruck19] Start moving to ORDER(2):NorthPitMine-LoadSite3, move distance is 4.163510106937402, speed: 25
2025-09-11 20:19:17,092 [INFO] Truck: Time:<220> Truck:[CLTruck19] breakdown for 10.884493135250656 minutes at 220
2025-09-11 20:19:17,092 [INFO] Truck: Time:<231.93605831460928> Truck:[CLTruck13] Finish loading at shovel NorthPitMine-LoadSite3-Shovel-1
2025-09-11 20:19:17,092 [DEBUG] Truck: Time:<231.93605831460928> Truck:[CLTruck13] Start moving to ORDER(4): NorthPitMine-DumpSite5, move distance is 1.86, speed: 25
2025-09-11 20:19:17,092 [INFO] Truck: Time:<231.93605831460928> Truck:[CLTruck13] is facing 0.4467966847074809 mins delay caused by 1 pre-existing jam events on Road from NorthPitMine-LoadSite3 to NorthPitMine-DumpSite5
2025-09-11 20:19:17,092 [INFO] Truck: Time:<231.94191307644152> Truck:[CLTruck20] Arrived at NorthPitMine-LoadSite3 at 231.94191307644152
2025-09-11 20:19:17,092 [INFO] Truck: Time:<231.94191307644152> Truck:[CLTruck20] Start loading at shovel NorthPitMine-LoadSite3-Shovel-1, load time is 2.5836614173228347
2025-09-11 20:19:17,095 [INFO] Truck: Time:<232.23743198705066> Truck:[CLTruck2] Arrived at NorthPitMine-LoadSite4 at 232.23743198705066
2025-09-11 20:19:17,095 [INFO] Truck: Time:<232.69413421487332> Truck:[CLTruck17] Finish unloading at dumper NorthPitMine-DumpSite1-点位2, dumper tons is 33.35203809056033
2025-09-11 20:19:17,096 [DEBUG] Truck: Time:<232.69413421487332> Truck:[CLTruck17] Start moving to ORDER(2):NorthPitMine-LoadSite3, move distance is 4.30611429674609, speed: 25
2025-09-11 20:19:17,096 [INFO] Truck: Time:<232.94955309185752> Truck:[CLTruck10] is facing 10.130879030793283 mins delay caused by 4 pre-existing jam events on Road from NorthPitMine-LoadSite4 to NorthPitMine-DumpSite2
2025-09-11 20:19:17,099 [INFO] Truck: Time:<233.64982190367812> Truck:[XHTruck21] Arrived at NorthPitMine-LoadSite4 at 233.64982190367812
2025-09-11 20:19:17,100 [INFO] Truck: Time:<233.80826130286448> Truck:[XHTruck33] is facing 0 mins delay caused by 4 pre-existing jam events on Road from NorthPitMine-LoadSite5 to NorthPitMine-DumpSite1
2025-09-11 20:19:17,100 [DEBUG] Truck: Time:<233.81639689728644> Truck:[XHTruck6] Arrived at NorthPitMine-DumpSite5 at 233.81639689728644
2025-09-11 20:19:17,100 [INFO] Truck: Time:<233.88710524924846> Truck:[CLTruck5] Arrived at NorthPitMine-LoadSite4 at 233.88710524924846
2025-09-11 20:19:17,102 [DEBUG] Truck: Time:<234.45988651170202> Truck:[OfficalTruck6] Arrived at NorthPitMine-DumpSite5 at 234.45988651170202
2025-09-11 20:19:17,102 [DEBUG] Truck: Time:<234.49121226882164> Truck:[XHTruck22] Arrived at NorthPitMine-DumpSite5 at 234.49121226882164
2025-09-11 20:19:17,102 [INFO] Truck: Time:<234.52557449376437> Truck:[CLTruck20] Finish loading at shovel NorthPitMine-LoadSite3-Shovel-1
2025-09-11 20:19:17,103 [DEBUG] Truck: Time:<234.52557449376437> Truck:[CLTruck20] Start moving to ORDER(4): NorthPitMine-DumpSite5, move distance is 1.86, speed: 25
2025-09-11 20:19:17,103 [INFO] Truck: Time:<228> Truck:[CLTruck20] breakdown for 13.985228663850776 minutes at 228
2025-09-11 20:19:17,103 [INFO] Truck: Time:<234.81639689728644> Truck:[XHTruck6] Finish unloading at dumper NorthPitMine-DumpSite5-点位0, dumper tons is 2714.2455960715815
2025-09-11 20:19:17,104 [DEBUG] Truck: Time:<234.81639689728644> Truck:[XHTruck6] Start moving to ORDER(3):NorthPitMine-LoadSite4, move distance is 6.796145831269307, speed: 25
2025-09-11 20:19:17,104 [INFO] Truck: Time:<234.81639689728644> Truck:[XHTruck6] is facing 0 mins delay caused by 2 pre-existing jam events on Road from NorthPitMine-DumpSite5 to NorthPitMine-LoadSite4
2025-09-11 20:19:17,106 [DEBUG] Truck: Time:<235.05666947407425> Truck:[CLTruck23] Arrived at NorthPitMine-DumpSite5 at 235.05666947407425
2025-09-11 20:19:17,106 [INFO] Truck: Time:<235.0915555555556> Truck:[CLTruck1] Finish loading at shovel NorthPitMine-LoadSite3-Shovel-3
2025-09-11 20:19:17,106 [INFO] Road: [RoadEvent] Road from NorthPitMine-LoadSite3 to NorthPitMine-DumpSite5 is in repair，the repair will last for 45.96 mins, and will end at 281.05, vehicle on this road will have to suffer punish_distance.
2025-09-11 20:19:17,106 [DEBUG] Truck: Time:<235.0915555555556> Truck:[CLTruck1] Start moving to ORDER(4): NorthPitMine-DumpSite5, move distance is 2.7401606902912565, speed: 25
2025-09-11 20:19:17,106 [INFO] Truck: Time:<211> Truck:[CLTruck1] breakdown for 8.913044191045257 minutes at 211
2025-09-11 20:19:17,107 [INFO] Truck: Time:<235.0915555555556> Truck:[CLTruck4] Start loading at shovel NorthPitMine-LoadSite3-Shovel-3, load time is 15.555555555555555
2025-09-11 20:19:17,107 [INFO] Truck: Time:<235.45988651170202> Truck:[OfficalTruck6] Finish unloading at dumper NorthPitMine-DumpSite5-点位1, dumper tons is 789.3978373730027
2025-09-11 20:19:17,107 [DEBUG] Truck: Time:<235.45988651170202> Truck:[OfficalTruck6] Start moving to ORDER(3):NorthPitMine-LoadSite4, move distance is 7.66484759562452, speed: 25
2025-09-11 20:19:17,107 [INFO] Truck: Time:<233> Truck:[OfficalTruck6] breakdown for 15.893997231067697 minutes at 233
2025-09-11 20:19:17,108 [INFO] Truck: Time:<235.49121226882164> Truck:[XHTruck22] Finish unloading at dumper NorthPitMine-DumpSite5-点位2, dumper tons is 390.2471212774482
2025-09-11 20:19:17,108 [DEBUG] Truck: Time:<235.49121226882164> Truck:[XHTruck22] Start moving to ORDER(3):NorthPitMine-LoadSite4, move distance is 6.941335299874697, speed: 25
2025-09-11 20:19:17,109 [INFO] Truck: Time:<232> Truck:[XHTruck22] breakdown for 12.469353294048796 minutes at 232
2025-09-11 20:19:17,109 [INFO] Truck: Time:<236.05666947407425> Truck:[CLTruck23] Finish unloading at dumper NorthPitMine-DumpSite5-点位0, dumper tons is 2751.882795945011
2025-09-11 20:19:17,113 [DEBUG] Truck: Time:<236.05666947407425> Truck:[CLTruck23] Start moving to ORDER(3):NorthPitMine-LoadSite4, move distance is 7.254298769425912, speed: 25
2025-09-11 20:19:17,113 [INFO] Truck: Time:<236.05666947407425> Truck:[CLTruck23] is facing 0 mins delay caused by 2 pre-existing jam events on Road from NorthPitMine-DumpSite5 to NorthPitMine-LoadSite4
2025-09-11 20:19:17,113 [INFO] Truck: Time:<236.52202453496403> Truck:[OfficalTruck3] Finish loading at shovel NorthPitMine-LoadSite5-Shovel-1
2025-09-11 20:19:17,113 [DEBUG] Truck: Time:<236.52202453496403> Truck:[OfficalTruck3] Start moving to ORDER(0): NorthPitMine-DumpSite1, move distance is 7.121569771814915, speed: 25
2025-09-11 20:19:17,113 [INFO] Truck: Time:<234> Truck:[OfficalTruck3] breakdown for 14.509977314600308 minutes at 234
2025-09-11 20:19:17,113 [INFO] Truck: Time:<236.52202453496403> Truck:[XHTruck10] Start loading at shovel NorthPitMine-LoadSite5-Shovel-1, load time is 4.060039370078741
2025-09-11 20:19:17,115 [DEBUG] Truck: Time:<236.84685499931678> Truck:[CLTruck13] Arrived at NorthPitMine-DumpSite5 at 236.84685499931678
2025-09-11 20:19:17,117 [INFO] Truck: Time:<237.2437807835546> Truck:[CLTruck7] Arrived at NorthPitMine-LoadSite3 at 237.2437807835546
2025-09-11 20:19:17,118 [INFO] Truck: Time:<237.2437807835546> Truck:[CLTruck7] Start loading at shovel NorthPitMine-LoadSite3-Shovel-1, load time is 2.5836614173228347
2025-09-11 20:19:17,118 [INFO] Truck: Time:<237.84685499931678> Truck:[CLTruck13] Finish unloading at dumper NorthPitMine-DumpSite5-点位0, dumper tons is 2786.1944591281854
2025-09-11 20:19:17,118 [DEBUG] Truck: Time:<237.84685499931678> Truck:[CLTruck13] Start moving to ORDER(3):NorthPitMine-LoadSite4, move distance is 7.175333001509776, speed: 25
2025-09-11 20:19:17,120 [INFO] Truck: Time:<237.84685499931678> Truck:[CLTruck13] is facing 0 mins delay caused by 1 pre-existing jam events on Road from NorthPitMine-DumpSite5 to NorthPitMine-LoadSite4
2025-09-11 20:19:17,120 [INFO] Truck: Time:<237.97251158536307> Truck:[XHTruck32] Arrived at NorthPitMine-LoadSite4 at 237.97251158536307
2025-09-11 20:19:17,122 [INFO] Truck: Time:<238.23662573002193> Truck:[OfficalTruck2] is facing 0 mins delay caused by 1 pre-existing jam events on Road from NorthPitMine-DumpSite5 to NorthPitMine-LoadSite4
2025-09-11 20:19:17,122 [INFO] Truck: Time:<238.56121520168762> Truck:[OfficalTruck4] is facing 0 mins delay caused by 2 pre-existing jam events on Road from NorthPitMine-LoadSite5 to NorthPitMine-DumpSite1
2025-09-11 20:19:17,124 [INFO] Truck: Time:<239.24453513493975> Truck:[OfficalTruck5] Arrived at NorthPitMine-LoadSite5 at 239.24453513493975
2025-09-11 20:19:17,125 [INFO] Truck: Time:<239.82744220087744> Truck:[CLTruck7] Finish loading at shovel NorthPitMine-LoadSite3-Shovel-1
2025-09-11 20:19:17,126 [DEBUG] Truck: Time:<239.82744220087744> Truck:[CLTruck7] Start moving to ORDER(4): NorthPitMine-DumpSite5, move distance is 2.638303159319789, speed: 25
2025-09-11 20:19:17,126 [INFO] Truck: Time:<236> Truck:[CLTruck7] breakdown for 9.931280282693395 minutes at 236
2025-09-11 20:19:17,127 [INFO] NorthPitMine: simulation finished with dispatcher ShortestTripDispatcher
