2025-09-11 21:06:25,529 [INFO] NorthPitMine: simulation started with dispatcher ShortestTripDispatcher
2025-09-11 21:06:25,534 [INFO] Truck: Time:<0> Truck:[OfficalTruck1] Activated at 0, Target load site is ORDER(4):NorthPitMine-LoadSite5, move distance is 2.1
2025-09-11 21:06:25,535 [INFO] Truck: Time:<0> Truck:[OfficalTruck2] Activated at 0, Target load site is ORDER(4):NorthPitMine-LoadSite5, move distance is 2.1
2025-09-11 21:06:25,536 [INFO] Truck: Time:<0> Truck:[OfficalTruck3] Activated at 0, Target load site is ORDER(4):NorthPitMine-LoadSite5, move distance is 2.1
2025-09-11 21:06:25,536 [INFO] Truck: Time:<0> Truck:[OfficalTruck4] Activated at 0, Target load site is ORDER(4):NorthPitMine-LoadSite5, move distance is 2.1
2025-09-11 21:06:25,537 [INFO] Truck: Time:<0> Truck:[OfficalTruck5] Activated at 0, Target load site is ORDER(4):NorthPitMine-LoadSite5, move distance is 2.1
2025-09-11 21:06:25,538 [INFO] Truck: Time:<0> Truck:[OfficalTruck6] Activated at 0, Target load site is ORDER(4):NorthPitMine-LoadSite5, move distance is 2.1
2025-09-11 21:06:25,538 [INFO] Truck: Time:<0> Truck:[OfficalTruck7] Activated at 0, Target load site is ORDER(2):NorthPitMine-LoadSite3, move distance is 3.14
2025-09-11 21:06:25,539 [INFO] Truck: Time:<0> Truck:[OfficalTruck8] Activated at 0, Target load site is ORDER(2):NorthPitMine-LoadSite3, move distance is 3.14
2025-09-11 21:06:25,539 [INFO] Truck: Time:<0> Truck:[OfficalTruck9] Activated at 0, Target load site is ORDER(2):NorthPitMine-LoadSite3, move distance is 3.14
2025-09-11 21:06:25,540 [INFO] Truck: Time:<0> Truck:[CLTruck1] Activated at 0, Target load site is ORDER(3):NorthPitMine-LoadSite4, move distance is 2.26
2025-09-11 21:06:25,540 [INFO] Truck: Time:<0> Truck:[CLTruck2] Activated at 0, Target load site is ORDER(3):NorthPitMine-LoadSite4, move distance is 2.26
2025-09-11 21:06:25,541 [INFO] Truck: Time:<0> Truck:[CLTruck3] Activated at 0, Target load site is ORDER(3):NorthPitMine-LoadSite4, move distance is 2.26
2025-09-11 21:06:25,541 [INFO] Truck: Time:<0> Truck:[CLTruck4] Activated at 0, Target load site is ORDER(3):NorthPitMine-LoadSite4, move distance is 2.26
2025-09-11 21:06:25,542 [INFO] Truck: Time:<0> Truck:[CLTruck5] Activated at 0, Target load site is ORDER(3):NorthPitMine-LoadSite4, move distance is 2.26
2025-09-11 21:06:25,542 [INFO] Truck: Time:<0> Truck:[CLTruck6] Activated at 0, Target load site is ORDER(3):NorthPitMine-LoadSite4, move distance is 2.26
2025-09-11 21:06:25,543 [INFO] Truck: Time:<0> Truck:[CLTruck7] Activated at 0, Target load site is ORDER(3):NorthPitMine-LoadSite4, move distance is 2.26
2025-09-11 21:06:25,544 [INFO] Truck: Time:<0> Truck:[CLTruck8] Activated at 0, Target load site is ORDER(1):NorthPitMine-LoadSite2, move distance is 4.3
2025-09-11 21:06:25,544 [INFO] Truck: Time:<0> Truck:[CLTruck9] Activated at 0, Target load site is ORDER(1):NorthPitMine-LoadSite2, move distance is 4.3
2025-09-11 21:06:25,545 [INFO] Truck: Time:<0> Truck:[CLTruck10] Activated at 0, Target load site is ORDER(1):NorthPitMine-LoadSite2, move distance is 4.3
2025-09-11 21:06:25,545 [INFO] Truck: Time:<0> Truck:[CLTruck11] Activated at 0, Target load site is ORDER(1):NorthPitMine-LoadSite2, move distance is 4.3
2025-09-11 21:06:25,546 [INFO] Truck: Time:<0> Truck:[CLTruck12] Activated at 0, Target load site is ORDER(1):NorthPitMine-LoadSite2, move distance is 4.3
2025-09-11 21:06:25,546 [INFO] Truck: Time:<0> Truck:[CLTruck13] Activated at 0, Target load site is ORDER(1):NorthPitMine-LoadSite2, move distance is 4.3
2025-09-11 21:06:25,547 [INFO] Truck: Time:<0> Truck:[CLTruck14] Activated at 0, Target load site is ORDER(1):NorthPitMine-LoadSite2, move distance is 4.3
2025-09-11 21:06:25,547 [INFO] Truck: Time:<0> Truck:[CLTruck15] Activated at 0, Target load site is ORDER(2):NorthPitMine-LoadSite3, move distance is 3.14
2025-09-11 21:06:25,547 [INFO] Truck: Time:<0> Truck:[CLTruck16] Activated at 0, Target load site is ORDER(1):NorthPitMine-LoadSite2, move distance is 4.3
2025-09-11 21:06:25,548 [INFO] Truck: Time:<0> Truck:[CLTruck17] Activated at 0, Target load site is ORDER(3):NorthPitMine-LoadSite4, move distance is 2.26
2025-09-11 21:06:25,548 [INFO] Truck: Time:<0> Truck:[CLTruck18] Activated at 0, Target load site is ORDER(4):NorthPitMine-LoadSite5, move distance is 2.1
2025-09-11 21:06:25,549 [INFO] Truck: Time:<0> Truck:[CLTruck19] Activated at 0, Target load site is ORDER(1):NorthPitMine-LoadSite2, move distance is 4.3
2025-09-11 21:06:25,550 [INFO] Truck: Time:<0> Truck:[CLTruck20] Activated at 0, Target load site is ORDER(3):NorthPitMine-LoadSite4, move distance is 2.26
2025-09-11 21:06:25,551 [INFO] Truck: Time:<0> Truck:[CLTruck21] Activated at 0, Target load site is ORDER(2):NorthPitMine-LoadSite3, move distance is 3.14
2025-09-11 21:06:25,551 [INFO] Truck: Time:<0> Truck:[CLTruck22] Activated at 0, Target load site is ORDER(4):NorthPitMine-LoadSite5, move distance is 2.1
2025-09-11 21:06:25,552 [INFO] Truck: Time:<0> Truck:[CLTruck23] Activated at 0, Target load site is ORDER(1):NorthPitMine-LoadSite2, move distance is 4.3
2025-09-11 21:06:25,552 [INFO] Truck: Time:<0> Truck:[CLTruck24] Activated at 0, Target load site is ORDER(3):NorthPitMine-LoadSite4, move distance is 2.26
2025-09-11 21:06:25,552 [INFO] Truck: Time:<0> Truck:[CLTruck25] Activated at 0, Target load site is ORDER(4):NorthPitMine-LoadSite5, move distance is 2.1
2025-09-11 21:06:25,553 [INFO] Truck: Time:<0> Truck:[CLTruck26] Activated at 0, Target load site is ORDER(2):NorthPitMine-LoadSite3, move distance is 3.14
2025-09-11 21:06:25,553 [INFO] Truck: Time:<0> Truck:[CLTruck27] Activated at 0, Target load site is ORDER(0):LoadSite1, move distance is 3.0
2025-09-11 21:06:25,554 [INFO] Truck: Time:<0> Truck:[CLTruck28] Activated at 0, Target load site is ORDER(0):LoadSite1, move distance is 3.0
2025-09-11 21:06:25,554 [INFO] Truck: Time:<0> Truck:[CLTruck29] Activated at 0, Target load site is ORDER(0):LoadSite1, move distance is 3.0
2025-09-11 21:06:25,554 [INFO] Truck: Time:<0> Truck:[XHTruck1] Activated at 0, Target load site is ORDER(4):NorthPitMine-LoadSite5, move distance is 2.1
2025-09-11 21:06:25,554 [INFO] Truck: Time:<0> Truck:[XHTruck2] Activated at 0, Target load site is ORDER(4):NorthPitMine-LoadSite5, move distance is 2.1
2025-09-11 21:06:25,556 [INFO] Truck: Time:<0> Truck:[XHTruck3] Activated at 0, Target load site is ORDER(1):NorthPitMine-LoadSite2, move distance is 4.3
2025-09-11 21:06:25,556 [INFO] Truck: Time:<0> Truck:[XHTruck4] Activated at 0, Target load site is ORDER(3):NorthPitMine-LoadSite4, move distance is 2.26
2025-09-11 21:06:25,557 [INFO] Truck: Time:<0> Truck:[XHTruck5] Activated at 0, Target load site is ORDER(2):NorthPitMine-LoadSite3, move distance is 3.14
2025-09-11 21:06:25,557 [INFO] Truck: Time:<0> Truck:[XHTruck6] Activated at 0, Target load site is ORDER(4):NorthPitMine-LoadSite5, move distance is 2.1
2025-09-11 21:06:25,558 [INFO] Truck: Time:<0> Truck:[XHTruck7] Activated at 0, Target load site is ORDER(1):NorthPitMine-LoadSite2, move distance is 4.3
2025-09-11 21:06:25,558 [INFO] Truck: Time:<0> Truck:[XHTruck8] Activated at 0, Target load site is ORDER(3):NorthPitMine-LoadSite4, move distance is 2.26
2025-09-11 21:06:25,559 [INFO] Truck: Time:<0> Truck:[XHTruck9] Activated at 0, Target load site is ORDER(2):NorthPitMine-LoadSite3, move distance is 3.14
2025-09-11 21:06:25,559 [INFO] Truck: Time:<0> Truck:[XHTruck10] Activated at 0, Target load site is ORDER(4):NorthPitMine-LoadSite5, move distance is 2.1
2025-09-11 21:06:25,560 [INFO] Truck: Time:<0> Truck:[XHTruck11] Activated at 0, Target load site is ORDER(1):NorthPitMine-LoadSite2, move distance is 4.3
2025-09-11 21:06:25,560 [INFO] Truck: Time:<0> Truck:[XHTruck12] Activated at 0, Target load site is ORDER(3):NorthPitMine-LoadSite4, move distance is 2.26
2025-09-11 21:06:25,561 [INFO] Truck: Time:<0> Truck:[XHTruck13] Activated at 0, Target load site is ORDER(4):NorthPitMine-LoadSite5, move distance is 2.1
2025-09-11 21:06:25,561 [INFO] Truck: Time:<0> Truck:[XHTruck14] Activated at 0, Target load site is ORDER(0):LoadSite1, move distance is 3.0
2025-09-11 21:06:25,562 [INFO] Truck: Time:<0> Truck:[XHTruck15] Activated at 0, Target load site is ORDER(2):NorthPitMine-LoadSite3, move distance is 3.14
2025-09-11 21:06:25,563 [INFO] Truck: Time:<0> Truck:[XHTruck16] Activated at 0, Target load site is ORDER(1):NorthPitMine-LoadSite2, move distance is 4.3
2025-09-11 21:06:25,563 [INFO] Truck: Time:<0> Truck:[XHTruck17] Activated at 0, Target load site is ORDER(3):NorthPitMine-LoadSite4, move distance is 2.26
2025-09-11 21:06:25,564 [INFO] Truck: Time:<0> Truck:[XHTruck18] Activated at 0, Target load site is ORDER(4):NorthPitMine-LoadSite5, move distance is 2.1
2025-09-11 21:06:25,564 [INFO] Truck: Time:<0> Truck:[XHTruck19] Activated at 0, Target load site is ORDER(2):NorthPitMine-LoadSite3, move distance is 3.14
2025-09-11 21:06:25,565 [INFO] Truck: Time:<0> Truck:[XHTruck20] Activated at 0, Target load site is ORDER(4):NorthPitMine-LoadSite5, move distance is 2.1
2025-09-11 21:06:25,565 [INFO] Truck: Time:<0> Truck:[XHTruck21] Activated at 0, Target load site is ORDER(1):NorthPitMine-LoadSite2, move distance is 4.3
2025-09-11 21:06:25,566 [INFO] Truck: Time:<0> Truck:[XHTruck22] Activated at 0, Target load site is ORDER(3):NorthPitMine-LoadSite4, move distance is 2.26
2025-09-11 21:06:25,566 [INFO] Truck: Time:<0> Truck:[XHTruck23] Activated at 0, Target load site is ORDER(0):LoadSite1, move distance is 3.0
2025-09-11 21:06:25,566 [INFO] Truck: Time:<0> Truck:[XHTruck24] Activated at 0, Target load site is ORDER(4):NorthPitMine-LoadSite5, move distance is 2.1
2025-09-11 21:06:25,567 [INFO] Truck: Time:<0> Truck:[XHTruck25] Activated at 0, Target load site is ORDER(1):NorthPitMine-LoadSite2, move distance is 4.3
2025-09-11 21:06:25,568 [INFO] Truck: Time:<0> Truck:[XHTruck26] Activated at 0, Target load site is ORDER(3):NorthPitMine-LoadSite4, move distance is 2.26
2025-09-11 21:06:25,569 [INFO] Truck: Time:<0> Truck:[XHTruck27] Activated at 0, Target load site is ORDER(2):NorthPitMine-LoadSite3, move distance is 3.14
2025-09-11 21:06:25,569 [INFO] Truck: Time:<0> Truck:[XHTruck28] Activated at 0, Target load site is ORDER(4):NorthPitMine-LoadSite5, move distance is 2.1
2025-09-11 21:06:25,570 [INFO] Truck: Time:<0> Truck:[XHTruck29] Activated at 0, Target load site is ORDER(1):NorthPitMine-LoadSite2, move distance is 4.3
2025-09-11 21:06:25,570 [INFO] Truck: Time:<0> Truck:[XHTruck30] Activated at 0, Target load site is ORDER(3):NorthPitMine-LoadSite4, move distance is 2.26
2025-09-11 21:06:25,570 [INFO] Truck: Time:<0> Truck:[XHTruck31] Activated at 0, Target load site is ORDER(2):NorthPitMine-LoadSite3, move distance is 3.14
2025-09-11 21:06:25,570 [INFO] Truck: Time:<0> Truck:[XHTruck32] Activated at 0, Target load site is ORDER(4):NorthPitMine-LoadSite5, move distance is 2.1
2025-09-11 21:06:25,570 [INFO] Truck: Time:<0> Truck:[XHTruck33] Activated at 0, Target load site is ORDER(0):LoadSite1, move distance is 3.0
2025-09-11 21:06:25,590 [INFO] Truck: Time:<5.04> Truck:[OfficalTruck1] Arrived at NorthPitMine-LoadSite5 at 5.04
2025-09-11 21:06:25,591 [INFO] Truck: Time:<5.04> Truck:[OfficalTruck2] Arrived at NorthPitMine-LoadSite5 at 5.04
2025-09-11 21:06:25,591 [INFO] Truck: Time:<5.04> Truck:[OfficalTruck3] Arrived at NorthPitMine-LoadSite5 at 5.04
2025-09-11 21:06:25,591 [INFO] Truck: Time:<5.04> Truck:[OfficalTruck4] Arrived at NorthPitMine-LoadSite5 at 5.04
2025-09-11 21:06:25,592 [INFO] Truck: Time:<5.04> Truck:[OfficalTruck5] Arrived at NorthPitMine-LoadSite5 at 5.04
2025-09-11 21:06:25,592 [INFO] Truck: Time:<5.04> Truck:[OfficalTruck6] Arrived at NorthPitMine-LoadSite5 at 5.04
2025-09-11 21:06:25,592 [INFO] Truck: Time:<5.04> Truck:[CLTruck18] Arrived at NorthPitMine-LoadSite5 at 5.04
2025-09-11 21:06:25,592 [INFO] Truck: Time:<5.04> Truck:[CLTruck22] Arrived at NorthPitMine-LoadSite5 at 5.04
2025-09-11 21:06:25,592 [INFO] Truck: Time:<5.04> Truck:[CLTruck25] Arrived at NorthPitMine-LoadSite5 at 5.04
2025-09-11 21:06:25,592 [INFO] Truck: Time:<5.04> Truck:[XHTruck1] Arrived at NorthPitMine-LoadSite5 at 5.04
2025-09-11 21:06:25,592 [INFO] Truck: Time:<5.04> Truck:[XHTruck2] Arrived at NorthPitMine-LoadSite5 at 5.04
2025-09-11 21:06:25,592 [INFO] Truck: Time:<5.04> Truck:[XHTruck6] Arrived at NorthPitMine-LoadSite5 at 5.04
2025-09-11 21:06:25,592 [INFO] Truck: Time:<5.04> Truck:[XHTruck10] Arrived at NorthPitMine-LoadSite5 at 5.04
2025-09-11 21:06:25,592 [INFO] Truck: Time:<5.04> Truck:[XHTruck13] Arrived at NorthPitMine-LoadSite5 at 5.04
2025-09-11 21:06:25,592 [INFO] Truck: Time:<5.04> Truck:[XHTruck18] Arrived at NorthPitMine-LoadSite5 at 5.04
2025-09-11 21:06:25,593 [INFO] Truck: Time:<5.04> Truck:[XHTruck20] Arrived at NorthPitMine-LoadSite5 at 5.04
2025-09-11 21:06:25,593 [INFO] Truck: Time:<5.04> Truck:[XHTruck24] Arrived at NorthPitMine-LoadSite5 at 5.04
2025-09-11 21:06:25,593 [INFO] Truck: Time:<5.04> Truck:[XHTruck28] Arrived at NorthPitMine-LoadSite5 at 5.04
2025-09-11 21:06:25,594 [INFO] Truck: Time:<5.04> Truck:[XHTruck32] Arrived at NorthPitMine-LoadSite5 at 5.04
2025-09-11 21:06:25,594 [INFO] Truck: Time:<5.04> Truck:[OfficalTruck1] Start loading at shovel NorthPitMine-LoadSite5-Shovel-1, load time is 5.684055118110236
2025-09-11 21:06:25,594 [INFO] Truck: Time:<5.04> Truck:[OfficalTruck2] Start loading at shovel NorthPitMine-LoadSite5-Shovel-2, load time is 5.684055118110236
2025-09-11 21:06:25,594 [INFO] Truck: Time:<5.4239999999999995> Truck:[CLTruck1] Arrived at NorthPitMine-LoadSite4 at 5.4239999999999995
2025-09-11 21:06:25,594 [INFO] Truck: Time:<5.4239999999999995> Truck:[CLTruck2] Arrived at NorthPitMine-LoadSite4 at 5.4239999999999995
2025-09-11 21:06:25,595 [INFO] Truck: Time:<5.4239999999999995> Truck:[CLTruck3] Arrived at NorthPitMine-LoadSite4 at 5.4239999999999995
2025-09-11 21:06:25,595 [INFO] Truck: Time:<5.4239999999999995> Truck:[CLTruck4] Arrived at NorthPitMine-LoadSite4 at 5.4239999999999995
2025-09-11 21:06:25,595 [INFO] Truck: Time:<5.4239999999999995> Truck:[CLTruck5] Arrived at NorthPitMine-LoadSite4 at 5.4239999999999995
2025-09-11 21:06:25,595 [INFO] Truck: Time:<5.4239999999999995> Truck:[CLTruck6] Arrived at NorthPitMine-LoadSite4 at 5.4239999999999995
2025-09-11 21:06:25,595 [INFO] Truck: Time:<5.4239999999999995> Truck:[CLTruck7] Arrived at NorthPitMine-LoadSite4 at 5.4239999999999995
2025-09-11 21:06:25,595 [INFO] Truck: Time:<5.4239999999999995> Truck:[CLTruck17] Arrived at NorthPitMine-LoadSite4 at 5.4239999999999995
2025-09-11 21:06:25,595 [INFO] Truck: Time:<5.4239999999999995> Truck:[CLTruck20] Arrived at NorthPitMine-LoadSite4 at 5.4239999999999995
2025-09-11 21:06:25,595 [INFO] Truck: Time:<5.4239999999999995> Truck:[CLTruck24] Arrived at NorthPitMine-LoadSite4 at 5.4239999999999995
2025-09-11 21:06:25,595 [INFO] Truck: Time:<5.4239999999999995> Truck:[XHTruck4] Arrived at NorthPitMine-LoadSite4 at 5.4239999999999995
2025-09-11 21:06:25,596 [INFO] Truck: Time:<5.4239999999999995> Truck:[XHTruck8] Arrived at NorthPitMine-LoadSite4 at 5.4239999999999995
2025-09-11 21:06:25,596 [INFO] Truck: Time:<5.4239999999999995> Truck:[XHTruck12] Arrived at NorthPitMine-LoadSite4 at 5.4239999999999995
2025-09-11 21:06:25,596 [INFO] Truck: Time:<5.4239999999999995> Truck:[XHTruck17] Arrived at NorthPitMine-LoadSite4 at 5.4239999999999995
2025-09-11 21:06:25,596 [INFO] Truck: Time:<5.4239999999999995> Truck:[XHTruck22] Arrived at NorthPitMine-LoadSite4 at 5.4239999999999995
2025-09-11 21:06:25,596 [INFO] Truck: Time:<5.4239999999999995> Truck:[XHTruck26] Arrived at NorthPitMine-LoadSite4 at 5.4239999999999995
2025-09-11 21:06:25,596 [INFO] Truck: Time:<5.4239999999999995> Truck:[XHTruck30] Arrived at NorthPitMine-LoadSite4 at 5.4239999999999995
2025-09-11 21:06:25,596 [INFO] Truck: Time:<5.4239999999999995> Truck:[CLTruck1] Start loading at shovel NorthPitMine-LoadSite4-Shovel-1, load time is 2.5836614173228347
2025-09-11 21:06:25,596 [INFO] Truck: Time:<5.4239999999999995> Truck:[CLTruck2] Start loading at shovel NorthPitMine-LoadSite4-Shovel-2, load time is 15.555555555555555
2025-09-11 21:06:25,596 [INFO] Truck: Time:<5.4239999999999995> Truck:[CLTruck3] Start loading at shovel NorthPitMine-LoadSite4-Shovel-3, load time is 15.555555555555555
2025-09-11 21:06:25,597 [INFO] Truck: Time:<5.4239999999999995> Truck:[CLTruck4] Start loading at shovel NorthPitMine-LoadSite4-Shovel-4, load time is 15.555555555555555
2025-09-11 21:06:25,597 [INFO] Truck: Time:<5.4239999999999995> Truck:[CLTruck5] Start loading at shovel NorthPitMine-LoadSite4-Shovel-5, load time is 15.555555555555555
2025-09-11 21:06:25,602 [INFO] Truck: Time:<7.199999999999999> Truck:[CLTruck27] Arrived at LoadSite1 at 7.199999999999999
2025-09-11 21:06:25,603 [INFO] Truck: Time:<7.199999999999999> Truck:[CLTruck28] Arrived at LoadSite1 at 7.199999999999999
2025-09-11 21:06:25,603 [INFO] Truck: Time:<7.199999999999999> Truck:[CLTruck29] Arrived at LoadSite1 at 7.199999999999999
2025-09-11 21:06:25,603 [INFO] Truck: Time:<7.199999999999999> Truck:[XHTruck14] Arrived at LoadSite1 at 7.199999999999999
2025-09-11 21:06:25,603 [INFO] Truck: Time:<7.199999999999999> Truck:[XHTruck23] Arrived at LoadSite1 at 7.199999999999999
2025-09-11 21:06:25,603 [INFO] Truck: Time:<7.199999999999999> Truck:[XHTruck33] Arrived at LoadSite1 at 7.199999999999999
2025-09-11 21:06:25,603 [INFO] Truck: Time:<7.199999999999999> Truck:[CLTruck27] Start loading at shovel LoadSite1-Shovel-1, load time is 15.555555555555555
2025-09-11 21:06:25,603 [INFO] Truck: Time:<7.199999999999999> Truck:[CLTruck28] Start loading at shovel LoadSite1-Shovel-2, load time is 15.555555555555555
2025-09-11 21:06:25,604 [INFO] Truck: Time:<7.199999999999999> Truck:[CLTruck29] Start loading at shovel LoadSite1-Shovel-3, load time is 15.555555555555555
2025-09-11 21:06:25,604 [INFO] Truck: Time:<7.199999999999999> Truck:[XHTruck14] Start loading at shovel LoadSite1-Shovel-4, load time is 24.444444444444443
2025-09-11 21:06:25,605 [INFO] Truck: Time:<7.199999999999999> Truck:[XHTruck23] Start loading at shovel LoadSite1-Shovel-5, load time is 24.444444444444443
2025-09-11 21:06:25,605 [INFO] Truck: Time:<7.536000000000001> Truck:[OfficalTruck7] Arrived at NorthPitMine-LoadSite3 at 7.536000000000001
2025-09-11 21:06:25,605 [INFO] Truck: Time:<7.536000000000001> Truck:[OfficalTruck8] Arrived at NorthPitMine-LoadSite3 at 7.536000000000001
2025-09-11 21:06:25,605 [INFO] Truck: Time:<7.536000000000001> Truck:[OfficalTruck9] Arrived at NorthPitMine-LoadSite3 at 7.536000000000001
2025-09-11 21:06:25,605 [INFO] Truck: Time:<7.536000000000001> Truck:[CLTruck15] Arrived at NorthPitMine-LoadSite3 at 7.536000000000001
2025-09-11 21:06:25,606 [INFO] Truck: Time:<7.536000000000001> Truck:[CLTruck21] Arrived at NorthPitMine-LoadSite3 at 7.536000000000001
2025-09-11 21:06:25,606 [INFO] Truck: Time:<7.536000000000001> Truck:[CLTruck26] Arrived at NorthPitMine-LoadSite3 at 7.536000000000001
2025-09-11 21:06:25,606 [INFO] Truck: Time:<7.536000000000001> Truck:[XHTruck5] Arrived at NorthPitMine-LoadSite3 at 7.536000000000001
2025-09-11 21:06:25,607 [INFO] Truck: Time:<7.536000000000001> Truck:[XHTruck9] Arrived at NorthPitMine-LoadSite3 at 7.536000000000001
2025-09-11 21:06:25,607 [INFO] Truck: Time:<7.536000000000001> Truck:[XHTruck15] Arrived at NorthPitMine-LoadSite3 at 7.536000000000001
2025-09-11 21:06:25,607 [INFO] Truck: Time:<7.536000000000001> Truck:[XHTruck19] Arrived at NorthPitMine-LoadSite3 at 7.536000000000001
2025-09-11 21:06:25,607 [INFO] Truck: Time:<7.536000000000001> Truck:[XHTruck27] Arrived at NorthPitMine-LoadSite3 at 7.536000000000001
2025-09-11 21:06:25,607 [INFO] Truck: Time:<7.536000000000001> Truck:[XHTruck31] Arrived at NorthPitMine-LoadSite3 at 7.536000000000001
2025-09-11 21:06:25,607 [INFO] Truck: Time:<7.536000000000001> Truck:[OfficalTruck7] Start loading at shovel NorthPitMine-LoadSite3-Shovel-1, load time is 5.684055118110236
2025-09-11 21:06:25,608 [INFO] Truck: Time:<7.536000000000001> Truck:[OfficalTruck8] Start loading at shovel NorthPitMine-LoadSite3-Shovel-2, load time is 34.22222222222222
2025-09-11 21:06:25,608 [INFO] Truck: Time:<7.536000000000001> Truck:[OfficalTruck9] Start loading at shovel NorthPitMine-LoadSite3-Shovel-3, load time is 34.22222222222222
2025-09-11 21:06:25,609 [INFO] Truck: Time:<8.007661417322835> Truck:[CLTruck1] Finish loading at shovel NorthPitMine-LoadSite4-Shovel-1
2025-09-11 21:06:25,610 [INFO] Road: [RoadEvent] Road from NorthPitMine-LoadSite4 to NorthPitMine-DumpSite2 is in repair，the repair will last for 65.97 mins, and will end at 73.98, vehicle on this road will have to suffer punish_distance.
2025-09-11 21:06:25,611 [DEBUG] Truck: Time:<8.007661417322835> Truck:[CLTruck1] Start moving to ORDER(1): NorthPitMine-DumpSite2, move distance is 1.6553630097366838, speed: 25
2025-09-11 21:06:25,611 [INFO] Truck: Time:<8.007661417322835> Truck:[CLTruck6] Start loading at shovel NorthPitMine-LoadSite4-Shovel-1, load time is 2.5836614173228347
2025-09-11 21:06:25,615 [INFO] Truck: Time:<10.319999999999999> Truck:[CLTruck8] Arrived at NorthPitMine-LoadSite2 at 10.319999999999999
2025-09-11 21:06:25,615 [INFO] Truck: Time:<10.319999999999999> Truck:[CLTruck9] Arrived at NorthPitMine-LoadSite2 at 10.319999999999999
2025-09-11 21:06:25,616 [INFO] Truck: Time:<10.319999999999999> Truck:[CLTruck10] Arrived at NorthPitMine-LoadSite2 at 10.319999999999999
2025-09-11 21:06:25,616 [INFO] Truck: Time:<10.319999999999999> Truck:[CLTruck11] Arrived at NorthPitMine-LoadSite2 at 10.319999999999999
2025-09-11 21:06:25,616 [INFO] Truck: Time:<10.319999999999999> Truck:[CLTruck12] Arrived at NorthPitMine-LoadSite2 at 10.319999999999999
2025-09-11 21:06:25,616 [INFO] Truck: Time:<10.319999999999999> Truck:[CLTruck13] Arrived at NorthPitMine-LoadSite2 at 10.319999999999999
2025-09-11 21:06:25,616 [INFO] Truck: Time:<10.319999999999999> Truck:[CLTruck14] Arrived at NorthPitMine-LoadSite2 at 10.319999999999999
2025-09-11 21:06:25,616 [INFO] Truck: Time:<10.319999999999999> Truck:[CLTruck16] Arrived at NorthPitMine-LoadSite2 at 10.319999999999999
2025-09-11 21:06:25,616 [INFO] Truck: Time:<10.319999999999999> Truck:[CLTruck19] Arrived at NorthPitMine-LoadSite2 at 10.319999999999999
2025-09-11 21:06:25,618 [INFO] Truck: Time:<10.319999999999999> Truck:[CLTruck23] Arrived at NorthPitMine-LoadSite2 at 10.319999999999999
2025-09-11 21:06:25,618 [INFO] Truck: Time:<10.319999999999999> Truck:[XHTruck3] Arrived at NorthPitMine-LoadSite2 at 10.319999999999999
2025-09-11 21:06:25,618 [INFO] Truck: Time:<10.319999999999999> Truck:[XHTruck7] Arrived at NorthPitMine-LoadSite2 at 10.319999999999999
2025-09-11 21:06:25,619 [INFO] Truck: Time:<10.319999999999999> Truck:[XHTruck11] Arrived at NorthPitMine-LoadSite2 at 10.319999999999999
2025-09-11 21:06:25,619 [INFO] Truck: Time:<10.319999999999999> Truck:[XHTruck16] Arrived at NorthPitMine-LoadSite2 at 10.319999999999999
2025-09-11 21:06:25,619 [INFO] Truck: Time:<10.319999999999999> Truck:[XHTruck21] Arrived at NorthPitMine-LoadSite2 at 10.319999999999999
2025-09-11 21:06:25,619 [INFO] Truck: Time:<10.319999999999999> Truck:[XHTruck25] Arrived at NorthPitMine-LoadSite2 at 10.319999999999999
2025-09-11 21:06:25,620 [INFO] Truck: Time:<10.319999999999999> Truck:[XHTruck29] Arrived at NorthPitMine-LoadSite2 at 10.319999999999999
2025-09-11 21:06:25,620 [INFO] Truck: Time:<10.319999999999999> Truck:[CLTruck8] Start loading at shovel NorthPitMine-LoadSite2-Shovel-1, load time is 2.5836614173228347
2025-09-11 21:06:25,620 [INFO] Truck: Time:<10.319999999999999> Truck:[CLTruck9] Start loading at shovel NorthPitMine-LoadSite2-Shovel-2, load time is 15.555555555555555
2025-09-11 21:06:25,621 [INFO] Truck: Time:<10.319999999999999> Truck:[CLTruck10] Start loading at shovel NorthPitMine-LoadSite2-Shovel-3, load time is 15.555555555555555
2025-09-11 21:06:25,621 [INFO] Truck: Time:<10.319999999999999> Truck:[CLTruck11] Start loading at shovel NorthPitMine-LoadSite2-Shovel-4, load time is 15.555555555555555
2025-09-11 21:06:25,621 [INFO] Truck: Time:<10.319999999999999> Truck:[CLTruck12] Start loading at shovel NorthPitMine-LoadSite2-Shovel-5, load time is 15.555555555555555
2025-09-11 21:06:25,621 [INFO] Truck: Time:<10.59132283464567> Truck:[CLTruck6] Finish loading at shovel NorthPitMine-LoadSite4-Shovel-1
2025-09-11 21:06:25,621 [DEBUG] Truck: Time:<10.59132283464567> Truck:[CLTruck6] Start moving to ORDER(1): NorthPitMine-DumpSite2, move distance is 1.4760110888656266, speed: 25
2025-09-11 21:06:25,621 [INFO] Truck: Time:<10.59132283464567> Truck:[XHTruck4] Start loading at shovel NorthPitMine-LoadSite4-Shovel-1, load time is 4.060039370078741
2025-09-11 21:06:25,622 [INFO] Truck: Time:<10.724055118110236> Truck:[OfficalTruck1] Finish loading at shovel NorthPitMine-LoadSite5-Shovel-1
2025-09-11 21:06:25,622 [INFO] Truck: Time:<10.724055118110236> Truck:[OfficalTruck2] Finish loading at shovel NorthPitMine-LoadSite5-Shovel-2
2025-09-11 21:06:25,622 [INFO] Road: [RoadEvent] Road from NorthPitMine-LoadSite5 to NorthPitMine-DumpSite1 is in repair，the repair will last for 54.85 mins, and will end at 65.58, vehicle on this road will have to suffer punish_distance.
2025-09-11 21:06:25,623 [DEBUG] Truck: Time:<10.724055118110236> Truck:[OfficalTruck1] Start moving to ORDER(0): NorthPitMine-DumpSite1, move distance is 8.595983129893352, speed: 25
2025-09-11 21:06:25,623 [INFO] Truck: Time:<8> Truck:[OfficalTruck1] breakdown for 14.601841670658821 minutes at 8
2025-09-11 21:06:25,623 [DEBUG] Truck: Time:<10.724055118110236> Truck:[OfficalTruck2] Start moving to ORDER(0): NorthPitMine-DumpSite1, move distance is 6.571024767881194, speed: 25
2025-09-11 21:06:25,624 [INFO] Truck: Time:<10.724055118110236> Truck:[OfficalTruck3] Start loading at shovel NorthPitMine-LoadSite5-Shovel-1, load time is 5.684055118110236
2025-09-11 21:06:25,624 [INFO] Truck: Time:<10.724055118110236> Truck:[OfficalTruck4] Start loading at shovel NorthPitMine-LoadSite5-Shovel-2, load time is 5.684055118110236
2025-09-11 21:06:25,625 [DEBUG] Truck: Time:<11.980532640690875> Truck:[CLTruck1] Arrived at NorthPitMine-DumpSite2 at 11.980532640690875
2025-09-11 21:06:25,626 [INFO] Truck: Time:<12.903661417322834> Truck:[CLTruck8] Finish loading at shovel NorthPitMine-LoadSite2-Shovel-1
2025-09-11 21:06:25,626 [DEBUG] Truck: Time:<12.903661417322834> Truck:[CLTruck8] Start moving to ORDER(4): NorthPitMine-DumpSite5, move distance is 3.18, speed: 25
2025-09-11 21:06:25,627 [INFO] Truck: Time:<11> Truck:[CLTruck8] breakdown for 4.736558081347431 minutes at 11
2025-09-11 21:06:25,627 [INFO] Truck: Time:<12.903661417322834> Truck:[CLTruck13] Start loading at shovel NorthPitMine-LoadSite2-Shovel-1, load time is 2.5836614173228347
2025-09-11 21:06:25,627 [INFO] Truck: Time:<12.980532640690875> Truck:[CLTruck1] Finish unloading at dumper NorthPitMine-DumpSite2-点位0, dumper tons is 37.66770225262237
2025-09-11 21:06:25,628 [DEBUG] Truck: Time:<12.980532640690875> Truck:[CLTruck1] Start moving to ORDER(2):NorthPitMine-LoadSite3, move distance is 3.41, speed: 25
2025-09-11 21:06:25,630 [INFO] Truck: Time:<13.220055118110238> Truck:[OfficalTruck7] Finish loading at shovel NorthPitMine-LoadSite3-Shovel-1
2025-09-11 21:06:25,630 [DEBUG] Truck: Time:<13.220055118110238> Truck:[OfficalTruck7] Start moving to ORDER(4): NorthPitMine-DumpSite5, move distance is 1.86, speed: 25
2025-09-11 21:06:25,630 [INFO] Truck: Time:<9> Truck:[OfficalTruck7] breakdown for 9.718895851528513 minutes at 9
2025-09-11 21:06:25,631 [INFO] Truck: Time:<13.220055118110238> Truck:[CLTruck15] Start loading at shovel NorthPitMine-LoadSite3-Shovel-1, load time is 2.5836614173228347
2025-09-11 21:06:25,632 [DEBUG] Truck: Time:<14.133749447923174> Truck:[CLTruck6] Arrived at NorthPitMine-DumpSite2 at 14.133749447923174
2025-09-11 21:06:25,632 [INFO] Truck: Time:<14.65136220472441> Truck:[XHTruck4] Finish loading at shovel NorthPitMine-LoadSite4-Shovel-1
2025-09-11 21:06:25,633 [DEBUG] Truck: Time:<14.65136220472441> Truck:[XHTruck4] Start moving to ORDER(1): NorthPitMine-DumpSite2, move distance is 1.8208786727258246, speed: 25
2025-09-11 21:06:25,633 [INFO] Truck: Time:<14.65136220472441> Truck:[XHTruck26] Start loading at shovel NorthPitMine-LoadSite4-Shovel-1, load time is 4.060039370078741
2025-09-11 21:06:25,634 [INFO] Truck: Time:<15.133749447923174> Truck:[CLTruck6] Finish unloading at dumper NorthPitMine-DumpSite2-点位0, dumper tons is 74.82828480970525
2025-09-11 21:06:25,635 [DEBUG] Truck: Time:<15.133749447923174> Truck:[CLTruck6] Start moving to ORDER(2):NorthPitMine-LoadSite3, move distance is 3.41, speed: 25
2025-09-11 21:06:25,635 [INFO] Truck: Time:<15.487322834645669> Truck:[CLTruck13] Finish loading at shovel NorthPitMine-LoadSite2-Shovel-1
2025-09-11 21:06:25,636 [DEBUG] Truck: Time:<15.487322834645669> Truck:[CLTruck13] Start moving to ORDER(4): NorthPitMine-DumpSite5, move distance is 3.18, speed: 25
2025-09-11 21:06:25,636 [INFO] Truck: Time:<15.487322834645669> Truck:[XHTruck3] Start loading at shovel NorthPitMine-LoadSite2-Shovel-1, load time is 4.060039370078741
2025-09-11 21:06:25,636 [INFO] Truck: Time:<15.803716535433074> Truck:[CLTruck15] Finish loading at shovel NorthPitMine-LoadSite3-Shovel-1
2025-09-11 21:06:25,636 [DEBUG] Truck: Time:<15.803716535433074> Truck:[CLTruck15] Start moving to ORDER(4): NorthPitMine-DumpSite5, move distance is 1.86, speed: 25
2025-09-11 21:06:25,636 [INFO] Truck: Time:<5> Truck:[CLTruck15] breakdown for 8.52354646746394 minutes at 5
2025-09-11 21:06:25,636 [INFO] Truck: Time:<15.803716535433074> Truck:[XHTruck5] Start loading at shovel NorthPitMine-LoadSite3-Shovel-1, load time is 4.060039370078741
2025-09-11 21:06:25,638 [INFO] Truck: Time:<16.408110236220473> Truck:[OfficalTruck3] Finish loading at shovel NorthPitMine-LoadSite5-Shovel-1
2025-09-11 21:06:25,638 [INFO] Truck: Time:<16.408110236220473> Truck:[OfficalTruck4] Finish loading at shovel NorthPitMine-LoadSite5-Shovel-2
2025-09-11 21:06:25,639 [DEBUG] Truck: Time:<16.408110236220473> Truck:[OfficalTruck3] Start moving to ORDER(0): NorthPitMine-DumpSite1, move distance is 7.546021181188557, speed: 25
2025-09-11 21:06:25,639 [DEBUG] Truck: Time:<16.408110236220473> Truck:[OfficalTruck4] Start moving to ORDER(0): NorthPitMine-DumpSite1, move distance is 7.330478388027821, speed: 25
2025-09-11 21:06:25,639 [INFO] Truck: Time:<16.408110236220473> Truck:[OfficalTruck5] Start loading at shovel NorthPitMine-LoadSite5-Shovel-1, load time is 5.684055118110236
2025-09-11 21:06:25,640 [INFO] Truck: Time:<16.408110236220473> Truck:[OfficalTruck6] Start loading at shovel NorthPitMine-LoadSite5-Shovel-2, load time is 5.684055118110236
2025-09-11 21:06:25,644 [INFO] Truck: Time:<18.71140157480315> Truck:[XHTruck26] Finish loading at shovel NorthPitMine-LoadSite4-Shovel-1
2025-09-11 21:06:25,645 [DEBUG] Truck: Time:<18.71140157480315> Truck:[XHTruck26] Start moving to ORDER(1): NorthPitMine-DumpSite2, move distance is 1.662862561621638, speed: 25
2025-09-11 21:06:25,645 [INFO] Truck: Time:<9> Truck:[XHTruck26] breakdown for 12.907461786917464 minutes at 9
2025-09-11 21:06:25,646 [DEBUG] Truck: Time:<19.02147101926639> Truck:[XHTruck4] Arrived at NorthPitMine-DumpSite2 at 19.02147101926639
2025-09-11 21:06:25,647 [INFO] Truck: Time:<19.547362204724408> Truck:[XHTruck3] Finish loading at shovel NorthPitMine-LoadSite2-Shovel-1
2025-09-11 21:06:25,647 [DEBUG] Truck: Time:<19.547362204724408> Truck:[XHTruck3] Start moving to ORDER(4): NorthPitMine-DumpSite5, move distance is 3.18, speed: 25
2025-09-11 21:06:25,647 [INFO] Truck: Time:<14> Truck:[XHTruck3] breakdown for 9.675852609802359 minutes at 14
2025-09-11 21:06:25,648 [INFO] Truck: Time:<19.547362204724408> Truck:[XHTruck25] Start loading at shovel NorthPitMine-LoadSite2-Shovel-1, load time is 4.060039370078741
2025-09-11 21:06:25,648 [INFO] Truck: Time:<19.863755905511816> Truck:[XHTruck5] Finish loading at shovel NorthPitMine-LoadSite3-Shovel-1
2025-09-11 21:06:25,648 [DEBUG] Truck: Time:<19.863755905511816> Truck:[XHTruck5] Start moving to ORDER(4): NorthPitMine-DumpSite5, move distance is 1.86, speed: 25
2025-09-11 21:06:25,649 [INFO] Truck: Time:<19.863755905511816> Truck:[XHTruck19] Start loading at shovel NorthPitMine-LoadSite3-Shovel-1, load time is 4.060039370078741
2025-09-11 21:06:25,650 [INFO] Truck: Time:<20.02147101926639> Truck:[XHTruck4] Finish unloading at dumper NorthPitMine-DumpSite2-点位0, dumper tons is 129.16784862084026
2025-09-11 21:06:25,651 [DEBUG] Truck: Time:<20.02147101926639> Truck:[XHTruck4] Start moving to ORDER(2):NorthPitMine-LoadSite3, move distance is 3.41, speed: 25
2025-09-11 21:06:25,651 [INFO] Truck: Time:<20.02147101926639> Truck:[XHTruck4] is facing 7.460200264807453 mins delay caused by 1 pre-existing jam events on Road from NorthPitMine-DumpSite2 to NorthPitMine-LoadSite3
2025-09-11 21:06:25,651 [INFO] Truck: Time:<20.979555555555557> Truck:[CLTruck2] Finish loading at shovel NorthPitMine-LoadSite4-Shovel-2
2025-09-11 21:06:25,651 [INFO] Truck: Time:<20.979555555555557> Truck:[CLTruck3] Finish loading at shovel NorthPitMine-LoadSite4-Shovel-3
2025-09-11 21:06:25,652 [INFO] Truck: Time:<20.979555555555557> Truck:[CLTruck4] Finish loading at shovel NorthPitMine-LoadSite4-Shovel-4
2025-09-11 21:06:25,652 [INFO] Truck: Time:<20.979555555555557> Truck:[CLTruck5] Finish loading at shovel NorthPitMine-LoadSite4-Shovel-5
2025-09-11 21:06:25,652 [DEBUG] Truck: Time:<20.979555555555557> Truck:[CLTruck2] Start moving to ORDER(1): NorthPitMine-DumpSite2, move distance is 1.5656128022121114, speed: 25
2025-09-11 21:06:25,654 [DEBUG] Truck: Time:<20.979555555555557> Truck:[CLTruck3] Start moving to ORDER(1): NorthPitMine-DumpSite2, move distance is 1.7041243719735242, speed: 25
2025-09-11 21:06:25,654 [DEBUG] Truck: Time:<20.979555555555557> Truck:[CLTruck4] Start moving to ORDER(1): NorthPitMine-DumpSite2, move distance is 1.566767497456327, speed: 25
2025-09-11 21:06:25,654 [INFO] Truck: Time:<20> Truck:[CLTruck4] breakdown for 14.230113670148656 minutes at 20
2025-09-11 21:06:25,654 [DEBUG] Truck: Time:<20.979555555555557> Truck:[CLTruck5] Start moving to ORDER(1): NorthPitMine-DumpSite2, move distance is 1.5055914083288962, speed: 25
2025-09-11 21:06:25,654 [INFO] Truck: Time:<20.979555555555557> Truck:[CLTruck7] Start loading at shovel NorthPitMine-LoadSite4-Shovel-2, load time is 15.555555555555555
2025-09-11 21:06:25,655 [INFO] Truck: Time:<20.979555555555557> Truck:[CLTruck17] Start loading at shovel NorthPitMine-LoadSite4-Shovel-3, load time is 15.555555555555555
2025-09-11 21:06:25,655 [INFO] Truck: Time:<20.979555555555557> Truck:[CLTruck20] Start loading at shovel NorthPitMine-LoadSite4-Shovel-4, load time is 15.555555555555555
2025-09-11 21:06:25,655 [INFO] Truck: Time:<20.979555555555557> Truck:[CLTruck24] Start loading at shovel NorthPitMine-LoadSite4-Shovel-5, load time is 15.555555555555555
2025-09-11 21:06:25,658 [INFO] Truck: Time:<21.164532640690872> Truck:[CLTruck1] Arrived at NorthPitMine-LoadSite3 at 21.164532640690872
2025-09-11 21:06:25,660 [INFO] Truck: Time:<22.09216535433071> Truck:[OfficalTruck5] Finish loading at shovel NorthPitMine-LoadSite5-Shovel-1
2025-09-11 21:06:25,661 [INFO] Truck: Time:<22.09216535433071> Truck:[OfficalTruck6] Finish loading at shovel NorthPitMine-LoadSite5-Shovel-2
2025-09-11 21:06:25,661 [DEBUG] Truck: Time:<22.09216535433071> Truck:[OfficalTruck5] Start moving to ORDER(0): NorthPitMine-DumpSite1, move distance is 6.7851794652729165, speed: 25
2025-09-11 21:06:25,661 [INFO] Truck: Time:<7> Truck:[OfficalTruck5] breakdown for 9.842809904993633 minutes at 7
2025-09-11 21:06:25,662 [DEBUG] Truck: Time:<22.09216535433071> Truck:[OfficalTruck6] Start moving to ORDER(0): NorthPitMine-DumpSite1, move distance is 7.861373921059875, speed: 25
2025-09-11 21:06:25,662 [INFO] Truck: Time:<22.09216535433071> Truck:[OfficalTruck6] is facing 1.8231614148382693 mins delay caused by 3 pre-existing jam events on Road from NorthPitMine-LoadSite5 to NorthPitMine-DumpSite1
2025-09-11 21:06:25,662 [INFO] Truck: Time:<22.09216535433071> Truck:[CLTruck18] Start loading at shovel NorthPitMine-LoadSite5-Shovel-1, load time is 2.5836614173228347
2025-09-11 21:06:25,663 [INFO] Truck: Time:<22.09216535433071> Truck:[CLTruck22] Start loading at shovel NorthPitMine-LoadSite5-Shovel-2, load time is 2.5836614173228347
2025-09-11 21:06:25,663 [INFO] Truck: Time:<22.755555555555553> Truck:[CLTruck27] Finish loading at shovel LoadSite1-Shovel-1
2025-09-11 21:06:25,663 [INFO] Truck: Time:<22.755555555555553> Truck:[CLTruck28] Finish loading at shovel LoadSite1-Shovel-2
2025-09-11 21:06:25,663 [INFO] Truck: Time:<22.755555555555553> Truck:[CLTruck29] Finish loading at shovel LoadSite1-Shovel-3
2025-09-11 21:06:25,664 [INFO] Road: [RoadEvent] Road from LoadSite1 to NorthPitMine-DumpSite5 is in repair，the repair will last for 32.37 mins, and will end at 55.12, vehicle on this road will have to suffer punish_distance.
2025-09-11 21:06:25,664 [DEBUG] Truck: Time:<22.755555555555553> Truck:[CLTruck27] Start moving to ORDER(4): NorthPitMine-DumpSite5, move distance is 4.049783194588834, speed: 25
2025-09-11 21:06:25,664 [INFO] Truck: Time:<22> Truck:[CLTruck27] breakdown for 14.400845616933326 minutes at 22
2025-09-11 21:06:25,665 [DEBUG] Truck: Time:<22.755555555555553> Truck:[CLTruck28] Start moving to ORDER(4): NorthPitMine-DumpSite5, move distance is 4.48621464614779, speed: 25
2025-09-11 21:06:25,665 [INFO] Truck: Time:<18> Truck:[CLTruck28] breakdown for 9.300349568539717 minutes at 18
2025-09-11 21:06:25,665 [DEBUG] Truck: Time:<22.755555555555553> Truck:[CLTruck29] Start moving to ORDER(4): NorthPitMine-DumpSite5, move distance is 4.8345715746388125, speed: 25
2025-09-11 21:06:25,665 [INFO] Truck: Time:<22.755555555555553> Truck:[XHTruck33] Start loading at shovel LoadSite1-Shovel-1, load time is 24.444444444444443
2025-09-11 21:06:25,667 [DEBUG] Truck: Time:<23.11932283464567> Truck:[CLTruck13] Arrived at NorthPitMine-DumpSite5 at 23.11932283464567
2025-09-11 21:06:25,667 [INFO] Truck: Time:<23.317749447923173> Truck:[CLTruck6] Arrived at NorthPitMine-LoadSite3 at 23.317749447923173
2025-09-11 21:06:25,667 [INFO] Truck: Time:<23.60740157480315> Truck:[XHTruck25] Finish loading at shovel NorthPitMine-LoadSite2-Shovel-1
2025-09-11 21:06:25,667 [INFO] Road: [RoadEvent] Road from NorthPitMine-LoadSite2 to NorthPitMine-DumpSite5 is in repair，the repair will last for 45.80 mins, and will end at 69.40, vehicle on this road will have to suffer punish_distance.
2025-09-11 21:06:25,668 [DEBUG] Truck: Time:<23.60740157480315> Truck:[XHTruck25] Start moving to ORDER(4): NorthPitMine-DumpSite5, move distance is 4.811878786299912, speed: 25
2025-09-11 21:06:25,668 [INFO] Truck: Time:<23.923795275590557> Truck:[XHTruck19] Finish loading at shovel NorthPitMine-LoadSite3-Shovel-1
2025-09-11 21:06:25,668 [DEBUG] Truck: Time:<23.923795275590557> Truck:[XHTruck19] Start moving to ORDER(4): NorthPitMine-DumpSite5, move distance is 1.86, speed: 25
2025-09-11 21:06:25,669 [INFO] Truck: Time:<23.923795275590557> Truck:[CLTruck1] Start loading at shovel NorthPitMine-LoadSite3-Shovel-1, load time is 2.5836614173228347
2025-09-11 21:06:25,670 [INFO] Truck: Time:<24.11932283464567> Truck:[CLTruck13] Finish unloading at dumper NorthPitMine-DumpSite5-点位0, dumper tons is 37.295710827874245
2025-09-11 21:06:25,671 [DEBUG] Truck: Time:<24.11932283464567> Truck:[CLTruck13] Start moving to ORDER(3):NorthPitMine-LoadSite4, move distance is 5.34, speed: 25
2025-09-11 21:06:25,671 [INFO] Truck: Time:<19> Truck:[CLTruck13] breakdown for 10.681498803837522 minutes at 19
2025-09-11 21:06:25,672 [DEBUG] Truck: Time:<24.327755905511815> Truck:[XHTruck5] Arrived at NorthPitMine-DumpSite5 at 24.327755905511815
2025-09-11 21:06:25,672 [DEBUG] Truck: Time:<24.59297493554491> Truck:[CLTruck5] Arrived at NorthPitMine-DumpSite2 at 24.59297493554491
2025-09-11 21:06:25,672 [INFO] Truck: Time:<24.675826771653544> Truck:[CLTruck18] Finish loading at shovel NorthPitMine-LoadSite5-Shovel-1
2025-09-11 21:06:25,672 [INFO] Truck: Time:<24.675826771653544> Truck:[CLTruck22] Finish loading at shovel NorthPitMine-LoadSite5-Shovel-2
2025-09-11 21:06:25,672 [DEBUG] Truck: Time:<24.675826771653544> Truck:[CLTruck18] Start moving to ORDER(0): NorthPitMine-DumpSite1, move distance is 7.457640438707809, speed: 25
2025-09-11 21:06:25,672 [INFO] Truck: Time:<24.675826771653544> Truck:[CLTruck18] is facing 0 mins delay caused by 2 pre-existing jam events on Road from NorthPitMine-LoadSite5 to NorthPitMine-DumpSite1
2025-09-11 21:06:25,673 [DEBUG] Truck: Time:<24.675826771653544> Truck:[CLTruck22] Start moving to ORDER(0): NorthPitMine-DumpSite1, move distance is 7.45858541536355, speed: 25
2025-09-11 21:06:25,673 [INFO] Truck: Time:<24.675826771653544> Truck:[CLTruck22] is facing 0 mins delay caused by 2 pre-existing jam events on Road from NorthPitMine-LoadSite5 to NorthPitMine-DumpSite1
2025-09-11 21:06:25,673 [INFO] Truck: Time:<24.675826771653544> Truck:[CLTruck25] Start loading at shovel NorthPitMine-LoadSite5-Shovel-1, load time is 2.5836614173228347
2025-09-11 21:06:25,674 [INFO] Truck: Time:<24.675826771653544> Truck:[XHTruck1] Start loading at shovel NorthPitMine-LoadSite5-Shovel-2, load time is 4.060039370078741
2025-09-11 21:06:25,674 [DEBUG] Truck: Time:<24.737026280864626> Truck:[CLTruck2] Arrived at NorthPitMine-DumpSite2 at 24.737026280864626
2025-09-11 21:06:25,676 [DEBUG] Truck: Time:<25.069454048292016> Truck:[CLTruck3] Arrived at NorthPitMine-DumpSite2 at 25.069454048292016
2025-09-11 21:06:25,676 [DEBUG] Truck: Time:<25.272219498670264> Truck:[CLTruck8] Arrived at NorthPitMine-DumpSite5 at 25.272219498670264
2025-09-11 21:06:25,676 [INFO] Truck: Time:<25.325896788769057> Truck:[OfficalTruck1] is facing 0 mins delay caused by 2 pre-existing jam events on Road from NorthPitMine-LoadSite5 to NorthPitMine-DumpSite1
2025-09-11 21:06:25,676 [INFO] Truck: Time:<25.327755905511815> Truck:[XHTruck5] Finish unloading at dumper NorthPitMine-DumpSite5-点位0, dumper tons is 94.29991717718724
2025-09-11 21:06:25,676 [INFO] Road: [RoadEvent] Road from NorthPitMine-DumpSite5 to NorthPitMine-LoadSite4 is in repair，the repair will last for 48.43 mins, and will end at 73.76, vehicle on this road will have to suffer punish_distance.
2025-09-11 21:06:25,677 [DEBUG] Truck: Time:<25.327755905511815> Truck:[XHTruck5] Start moving to ORDER(3):NorthPitMine-LoadSite4, move distance is 6.666586984311637, speed: 25
2025-09-11 21:06:25,677 [INFO] Truck: Time:<25.59297493554491> Truck:[CLTruck5] Finish unloading at dumper NorthPitMine-DumpSite2-点位0, dumper tons is 164.50705165554314
2025-09-11 21:06:25,677 [DEBUG] Truck: Time:<25.59297493554491> Truck:[CLTruck5] Start moving to ORDER(2):NorthPitMine-LoadSite3, move distance is 3.41, speed: 25
2025-09-11 21:06:25,677 [INFO] Truck: Time:<25.59297493554491> Truck:[CLTruck5] is facing 1.8886963485289328 mins delay caused by 1 pre-existing jam events on Road from NorthPitMine-DumpSite2 to NorthPitMine-LoadSite3
2025-09-11 21:06:25,678 [INFO] Truck: Time:<25.737026280864626> Truck:[CLTruck2] Finish unloading at dumper NorthPitMine-DumpSite2-点位1, dumper tons is 36.27645051869152
2025-09-11 21:06:25,678 [DEBUG] Truck: Time:<25.737026280864626> Truck:[CLTruck2] Start moving to ORDER(2):NorthPitMine-LoadSite3, move distance is 3.41, speed: 25
2025-09-11 21:06:25,678 [INFO] Truck: Time:<25.737026280864626> Truck:[CLTruck2] is facing 1.7446450032092158 mins delay caused by 1 pre-existing jam events on Road from NorthPitMine-DumpSite2 to NorthPitMine-LoadSite3
2025-09-11 21:06:25,679 [INFO] Truck: Time:<25.875555555555554> Truck:[CLTruck9] Finish loading at shovel NorthPitMine-LoadSite2-Shovel-2
2025-09-11 21:06:25,679 [INFO] Truck: Time:<25.875555555555554> Truck:[CLTruck10] Finish loading at shovel NorthPitMine-LoadSite2-Shovel-3
2025-09-11 21:06:25,679 [INFO] Truck: Time:<25.875555555555554> Truck:[CLTruck11] Finish loading at shovel NorthPitMine-LoadSite2-Shovel-4
2025-09-11 21:06:25,680 [INFO] Truck: Time:<25.875555555555554> Truck:[CLTruck12] Finish loading at shovel NorthPitMine-LoadSite2-Shovel-5
2025-09-11 21:06:25,680 [DEBUG] Truck: Time:<25.875555555555554> Truck:[CLTruck9] Start moving to ORDER(4): NorthPitMine-DumpSite5, move distance is 4.593835921319084, speed: 25
2025-09-11 21:06:25,680 [INFO] Truck: Time:<17> Truck:[CLTruck9] breakdown for 12.458648863905134 minutes at 17
2025-09-11 21:06:25,681 [DEBUG] Truck: Time:<25.875555555555554> Truck:[CLTruck10] Start moving to ORDER(4): NorthPitMine-DumpSite5, move distance is 4.7012490433915755, speed: 25
2025-09-11 21:06:25,681 [DEBUG] Truck: Time:<25.875555555555554> Truck:[CLTruck11] Start moving to ORDER(4): NorthPitMine-DumpSite5, move distance is 4.195227775769056, speed: 25
2025-09-11 21:06:25,681 [INFO] Truck: Time:<8> Truck:[CLTruck11] breakdown for 10.57156876992563 minutes at 8
2025-09-11 21:06:25,682 [DEBUG] Truck: Time:<25.875555555555554> Truck:[CLTruck12] Start moving to ORDER(4): NorthPitMine-DumpSite5, move distance is 4.6935106505571635, speed: 25
2025-09-11 21:06:25,682 [INFO] Truck: Time:<22> Truck:[CLTruck12] breakdown for 13.171785885911072 minutes at 22
2025-09-11 21:06:25,683 [INFO] Truck: Time:<25.875555555555554> Truck:[CLTruck14] Start loading at shovel NorthPitMine-LoadSite2-Shovel-2, load time is 15.555555555555555
2025-09-11 21:06:25,683 [INFO] Truck: Time:<25.875555555555554> Truck:[CLTruck16] Start loading at shovel NorthPitMine-LoadSite2-Shovel-3, load time is 15.555555555555555
2025-09-11 21:06:25,683 [INFO] Truck: Time:<25.875555555555554> Truck:[CLTruck19] Start loading at shovel NorthPitMine-LoadSite2-Shovel-4, load time is 15.555555555555555
2025-09-11 21:06:25,683 [INFO] Truck: Time:<25.875555555555554> Truck:[CLTruck23] Start loading at shovel NorthPitMine-LoadSite2-Shovel-5, load time is 15.555555555555555
2025-09-11 21:06:25,685 [INFO] Truck: Time:<26.069454048292016> Truck:[CLTruck3] Finish unloading at dumper NorthPitMine-DumpSite2-点位2, dumper tons is 37.63358605822546
2025-09-11 21:06:25,686 [DEBUG] Truck: Time:<26.069454048292016> Truck:[CLTruck3] Start moving to ORDER(2):NorthPitMine-LoadSite3, move distance is 3.41, speed: 25
2025-09-11 21:06:25,686 [INFO] Truck: Time:<24> Truck:[CLTruck3] breakdown for 13.295249683845206 minutes at 24
2025-09-11 21:06:25,686 [INFO] Truck: Time:<26.272219498670264> Truck:[CLTruck8] Finish unloading at dumper NorthPitMine-DumpSite5-点位1, dumper tons is 36.54366220942404
2025-09-11 21:06:25,687 [DEBUG] Truck: Time:<26.272219498670264> Truck:[CLTruck8] Start moving to ORDER(3):NorthPitMine-LoadSite4, move distance is 6.658498425865856, speed: 25
2025-09-11 21:06:25,687 [DEBUG] Truck: Time:<26.4945145610251> Truck:[OfficalTruck2] Arrived at NorthPitMine-DumpSite1 at 26.4945145610251
2025-09-11 21:06:25,687 [INFO] Truck: Time:<26.50745669291339> Truck:[CLTruck1] Finish loading at shovel NorthPitMine-LoadSite3-Shovel-1
2025-09-11 21:06:25,688 [DEBUG] Truck: Time:<26.50745669291339> Truck:[CLTruck1] Start moving to ORDER(4): NorthPitMine-DumpSite5, move distance is 1.86, speed: 25
2025-09-11 21:06:25,688 [INFO] Truck: Time:<26.50745669291339> Truck:[CLTruck6] Start loading at shovel NorthPitMine-LoadSite3-Shovel-1, load time is 2.5836614173228347
2025-09-11 21:06:25,689 [INFO] Truck: Time:<27.259488188976377> Truck:[CLTruck25] Finish loading at shovel NorthPitMine-LoadSite5-Shovel-1
2025-09-11 21:06:25,690 [DEBUG] Truck: Time:<27.259488188976377> Truck:[CLTruck25] Start moving to ORDER(0): NorthPitMine-DumpSite1, move distance is 7.123128114905777, speed: 25
2025-09-11 21:06:25,690 [INFO] Truck: Time:<17> Truck:[CLTruck25] breakdown for 14.227287104196426 minutes at 17
2025-09-11 21:06:25,691 [INFO] Truck: Time:<27.259488188976377> Truck:[XHTruck2] Start loading at shovel NorthPitMine-LoadSite5-Shovel-1, load time is 4.060039370078741
2025-09-11 21:06:25,691 [DEBUG] Truck: Time:<27.402950969638752> Truck:[OfficalTruck7] Arrived at NorthPitMine-DumpSite5 at 27.402950969638752
2025-09-11 21:06:25,691 [INFO] Truck: Time:<27.4945145610251> Truck:[OfficalTruck2] Finish unloading at dumper NorthPitMine-DumpSite1-点位0, dumper tons is 73.26686804305884
2025-09-11 21:06:25,692 [INFO] Road: [RoadEvent] Road from NorthPitMine-DumpSite1 to NorthPitMine-LoadSite3 is in repair，the repair will last for 51.89 mins, and will end at 79.38, vehicle on this road will have to suffer punish_distance.
2025-09-11 21:06:25,692 [DEBUG] Truck: Time:<27.4945145610251> Truck:[OfficalTruck2] Start moving to ORDER(2):NorthPitMine-LoadSite3, move distance is 4.164603023316082, speed: 25
2025-09-11 21:06:25,693 [DEBUG] Truck: Time:<28.387795275590555> Truck:[XHTruck19] Arrived at NorthPitMine-DumpSite5 at 28.387795275590555
2025-09-11 21:06:25,694 [INFO] Truck: Time:<28.402950969638752> Truck:[OfficalTruck7] Finish unloading at dumper NorthPitMine-DumpSite5-点位0, dumper tons is 177.53694540650974
2025-09-11 21:06:25,694 [DEBUG] Truck: Time:<28.402950969638752> Truck:[OfficalTruck7] Start moving to ORDER(3):NorthPitMine-LoadSite4, move distance is 8.188966320334464, speed: 25
2025-09-11 21:06:25,695 [INFO] Truck: Time:<28.735866141732284> Truck:[XHTruck1] Finish loading at shovel NorthPitMine-LoadSite5-Shovel-2
2025-09-11 21:06:25,696 [DEBUG] Truck: Time:<28.735866141732284> Truck:[XHTruck1] Start moving to ORDER(0): NorthPitMine-DumpSite1, move distance is 7.349609201284926, speed: 25
2025-09-11 21:06:25,696 [INFO] Truck: Time:<25> Truck:[XHTruck1] breakdown for 10.14996486204865 minutes at 25
2025-09-11 21:06:25,696 [INFO] Truck: Time:<28.735866141732284> Truck:[XHTruck6] Start loading at shovel NorthPitMine-LoadSite5-Shovel-2, load time is 4.060039370078741
2025-09-11 21:06:25,697 [DEBUG] Truck: Time:<28.79126300289701> Truck:[CLTruck15] Arrived at NorthPitMine-DumpSite5 at 28.79126300289701
2025-09-11 21:06:25,699 [INFO] Truck: Time:<29.091118110236224> Truck:[CLTruck6] Finish loading at shovel NorthPitMine-LoadSite3-Shovel-1
2025-09-11 21:06:25,699 [DEBUG] Truck: Time:<29.091118110236224> Truck:[CLTruck6] Start moving to ORDER(4): NorthPitMine-DumpSite5, move distance is 1.86, speed: 25
2025-09-11 21:06:25,700 [INFO] Truck: Time:<29.387795275590555> Truck:[XHTruck19] Finish unloading at dumper NorthPitMine-DumpSite5-点位1, dumper tons is 93.08963096409619
2025-09-11 21:06:25,700 [DEBUG] Truck: Time:<29.387795275590555> Truck:[XHTruck19] Start moving to ORDER(3):NorthPitMine-LoadSite4, move distance is 7.049708580130606, speed: 25
2025-09-11 21:06:25,700 [INFO] Truck: Time:<29.79126300289701> Truck:[CLTruck15] Finish unloading at dumper NorthPitMine-DumpSite5-点位0, dumper tons is 212.19778782032395
2025-09-11 21:06:25,701 [DEBUG] Truck: Time:<29.79126300289701> Truck:[CLTruck15] Start moving to ORDER(3):NorthPitMine-LoadSite4, move distance is 7.1153532504337225, speed: 25
2025-09-11 21:06:25,704 [DEBUG] Truck: Time:<30.971456692913392> Truck:[CLTruck1] Arrived at NorthPitMine-DumpSite5 at 30.971456692913392
2025-09-11 21:06:25,706 [INFO] Truck: Time:<31.319527559055118> Truck:[XHTruck2] Finish loading at shovel NorthPitMine-LoadSite5-Shovel-1
2025-09-11 21:06:25,707 [DEBUG] Truck: Time:<31.319527559055118> Truck:[XHTruck2] Start moving to ORDER(0): NorthPitMine-DumpSite1, move distance is 6.49642215026227, speed: 25
2025-09-11 21:06:25,708 [INFO] Truck: Time:<30> Truck:[XHTruck2] breakdown for 11.159609552688243 minutes at 30
2025-09-11 21:06:25,708 [INFO] Truck: Time:<31.319527559055118> Truck:[XHTruck10] Start loading at shovel NorthPitMine-LoadSite5-Shovel-1, load time is 4.060039370078741
2025-09-11 21:06:25,708 [INFO] Truck: Time:<31.618863361720614> Truck:[XHTruck26] is facing 1.016165622462325 mins delay caused by 1 pre-existing jam events on Road from NorthPitMine-LoadSite4 to NorthPitMine-DumpSite2
2025-09-11 21:06:25,708 [INFO] Truck: Time:<31.644444444444442> Truck:[XHTruck14] Finish loading at shovel LoadSite1-Shovel-4
2025-09-11 21:06:25,709 [INFO] Truck: Time:<31.644444444444442> Truck:[XHTruck23] Finish loading at shovel LoadSite1-Shovel-5
2025-09-11 21:06:25,709 [DEBUG] Truck: Time:<31.644444444444442> Truck:[XHTruck14] Start moving to ORDER(4): NorthPitMine-DumpSite5, move distance is 4.612523385709529, speed: 25
2025-09-11 21:06:25,709 [INFO] Truck: Time:<31.644444444444442> Shovel LoadSite1-Shovel-5 under maintenance for 47.29 minutes
2025-09-11 21:06:25,710 [INFO] Truck: Time:<31.934975259324343> Truck:[OfficalTruck5] is facing 0.5806780344650466 mins delay caused by 3 pre-existing jam events on Road from NorthPitMine-LoadSite5 to NorthPitMine-DumpSite1
2025-09-11 21:06:25,710 [INFO] Truck: Time:<31.971456692913392> Truck:[CLTruck1] Finish unloading at dumper NorthPitMine-DumpSite5-点位0, dumper tons is 245.49797959526563
2025-09-11 21:06:25,710 [DEBUG] Truck: Time:<31.971456692913392> Truck:[CLTruck1] Start moving to ORDER(3):NorthPitMine-LoadSite4, move distance is 5.9217094922286, speed: 25
2025-09-11 21:06:25,711 [INFO] Truck: Time:<29> Truck:[CLTruck1] breakdown for 11.14701596363579 minutes at 29
2025-09-11 21:06:25,712 [INFO] Truck: Time:<32.05590512409527> Truck:[CLTruck28] is facing 5.597066139895038 mins delay caused by 1 pre-existing jam events on Road from LoadSite1 to NorthPitMine-DumpSite5
2025-09-11 21:06:25,713 [INFO] Truck: Time:<32.79590551181103> Truck:[XHTruck6] Finish loading at shovel NorthPitMine-LoadSite5-Shovel-2
2025-09-11 21:06:25,713 [DEBUG] Truck: Time:<32.79590551181103> Truck:[XHTruck6] Start moving to ORDER(0): NorthPitMine-DumpSite1, move distance is 7.396005998266391, speed: 25
2025-09-11 21:06:25,713 [INFO] Truck: Time:<10> Truck:[XHTruck6] breakdown for 13.007537525465718 minutes at 10
2025-09-11 21:06:25,713 [INFO] Truck: Time:<32.79590551181103> Truck:[XHTruck13] Start loading at shovel NorthPitMine-LoadSite5-Shovel-2, load time is 4.060039370078741
2025-09-11 21:06:25,715 [DEBUG] Truck: Time:<33.55511811023622> Truck:[CLTruck6] Arrived at NorthPitMine-DumpSite5 at 33.55511811023622
2025-09-11 21:06:25,718 [DEBUG] Truck: Time:<34.00125836748724> Truck:[OfficalTruck4] Arrived at NorthPitMine-DumpSite1 at 34.00125836748724
2025-09-11 21:06:25,718 [DEBUG] Truck: Time:<34.3585273346887> Truck:[CLTruck29] Arrived at NorthPitMine-DumpSite5 at 34.3585273346887
2025-09-11 21:06:25,718 [DEBUG] Truck: Time:<34.51856107107301> Truck:[OfficalTruck3] Arrived at NorthPitMine-DumpSite1 at 34.51856107107301
2025-09-11 21:06:25,718 [INFO] Truck: Time:<34.55511811023622> Truck:[CLTruck6] Finish unloading at dumper NorthPitMine-DumpSite5-点位0, dumper tons is 277.7998914241924
2025-09-11 21:06:25,719 [DEBUG] Truck: Time:<34.55511811023622> Truck:[CLTruck6] Start moving to ORDER(3):NorthPitMine-LoadSite4, move distance is 7.448757612625882, speed: 25
2025-09-11 21:06:25,719 [INFO] Truck: Time:<34.55511811023622> Truck:[CLTruck6] is facing 3.30371477776849 mins delay caused by 1 pre-existing jam events on Road from NorthPitMine-DumpSite5 to NorthPitMine-LoadSite4
2025-09-11 21:06:25,719 [INFO] Truck: Time:<34.80082163848319> Truck:[CLTruck13] is facing 3.3062493828997015 mins delay caused by 1 pre-existing jam events on Road from NorthPitMine-DumpSite5 to NorthPitMine-LoadSite4
2025-09-11 21:06:25,722 [INFO] Truck: Time:<35.00125836748724> Truck:[OfficalTruck4] Finish unloading at dumper NorthPitMine-DumpSite1-点位0, dumper tons is 156.30217471995462
2025-09-11 21:06:25,723 [DEBUG] Truck: Time:<35.00125836748724> Truck:[OfficalTruck4] Start moving to ORDER(2):NorthPitMine-LoadSite3, move distance is 3.9636958496060934, speed: 25
2025-09-11 21:06:25,723 [INFO] Truck: Time:<26> Truck:[OfficalTruck4] breakdown for 6.68930548906822 minutes at 26
2025-09-11 21:06:25,723 [DEBUG] Truck: Time:<35.15591066192294> Truck:[XHTruck25] Arrived at NorthPitMine-DumpSite5 at 35.15591066192294
2025-09-11 21:06:25,723 [INFO] Truck: Time:<35.3585273346887> Truck:[CLTruck29] Finish unloading at dumper NorthPitMine-DumpSite5-点位1, dumper tons is 128.1304675756047
2025-09-11 21:06:25,723 [DEBUG] Truck: Time:<35.3585273346887> Truck:[CLTruck29] Start moving to ORDER(3):NorthPitMine-LoadSite4, move distance is 7.553747262706302, speed: 25
2025-09-11 21:06:25,724 [INFO] Truck: Time:<35.3585273346887> Truck:[CLTruck29] is facing 2.487946411324561 mins delay caused by 2 pre-existing jam events on Road from NorthPitMine-DumpSite5 to NorthPitMine-LoadSite4
2025-09-11 21:06:25,724 [INFO] Truck: Time:<35.37956692913386> Truck:[XHTruck10] Finish loading at shovel NorthPitMine-LoadSite5-Shovel-1
2025-09-11 21:06:25,725 [DEBUG] Truck: Time:<35.37956692913386> Truck:[XHTruck10] Start moving to ORDER(0): NorthPitMine-DumpSite1, move distance is 6.311667592699037, speed: 25
2025-09-11 21:06:25,725 [INFO] Truck: Time:<16> Truck:[XHTruck10] breakdown for 15.29336687642363 minutes at 16
2025-09-11 21:06:25,725 [INFO] Truck: Time:<35.37956692913386> Truck:[XHTruck18] Start loading at shovel NorthPitMine-LoadSite5-Shovel-1, load time is 4.060039370078741
2025-09-11 21:06:25,725 [INFO] Truck: Time:<35.51856107107301> Truck:[OfficalTruck3] Finish unloading at dumper NorthPitMine-DumpSite1-点位1, dumper tons is 75.7407948489076
2025-09-11 21:06:25,726 [DEBUG] Truck: Time:<35.51856107107301> Truck:[OfficalTruck3] Start moving to ORDER(2):NorthPitMine-LoadSite3, move distance is 4.277271345282765, speed: 25
2025-09-11 21:06:25,726 [INFO] Truck: Time:<23> Truck:[OfficalTruck3] breakdown for 8.149759456356284 minutes at 23
2025-09-11 21:06:25,727 [INFO] Truck: Time:<35.66567128407384> Truck:[XHTruck4] Arrived at NorthPitMine-LoadSite3 at 35.66567128407384
2025-09-11 21:06:25,727 [INFO] Truck: Time:<35.66567128407384> Truck:[CLTruck5] Arrived at NorthPitMine-LoadSite3 at 35.66567128407384
2025-09-11 21:06:25,727 [INFO] Truck: Time:<35.66567128407384> Truck:[CLTruck2] Arrived at NorthPitMine-LoadSite3 at 35.66567128407384
2025-09-11 21:06:25,727 [INFO] Truck: Time:<35.66567128407384> Truck:[XHTruck4] Start loading at shovel NorthPitMine-LoadSite3-Shovel-1, load time is 4.060039370078741
2025-09-11 21:06:25,730 [INFO] Truck: Time:<36.15591066192294> Truck:[XHTruck25] Finish unloading at dumper NorthPitMine-DumpSite5-点位0, dumper tons is 333.5912650637253
2025-09-11 21:06:25,731 [DEBUG] Truck: Time:<36.15591066192294> Truck:[XHTruck25] Start moving to ORDER(3):NorthPitMine-LoadSite4, move distance is 7.186429120721777, speed: 25
2025-09-11 21:06:25,731 [INFO] Truck: Time:<33> Truck:[XHTruck25] breakdown for 13.576525578035 minutes at 33
2025-09-11 21:06:25,731 [INFO] Truck: Time:<36.447124325481184> Truck:[CLTruck11] is facing 10.060941249454793 mins delay caused by 3 pre-existing jam events on Road from NorthPitMine-LoadSite2 to NorthPitMine-DumpSite5
2025-09-11 21:06:25,731 [INFO] Truck: Time:<36.535111111111114> Truck:[CLTruck7] Finish loading at shovel NorthPitMine-LoadSite4-Shovel-2
2025-09-11 21:06:25,731 [INFO] Truck: Time:<36.535111111111114> Truck:[CLTruck17] Finish loading at shovel NorthPitMine-LoadSite4-Shovel-3
2025-09-11 21:06:25,732 [INFO] Truck: Time:<36.535111111111114> Truck:[CLTruck20] Finish loading at shovel NorthPitMine-LoadSite4-Shovel-4
2025-09-11 21:06:25,732 [INFO] Truck: Time:<36.535111111111114> Truck:[CLTruck24] Finish loading at shovel NorthPitMine-LoadSite4-Shovel-5
2025-09-11 21:06:25,733 [DEBUG] Truck: Time:<36.535111111111114> Truck:[CLTruck7] Start moving to ORDER(1): NorthPitMine-DumpSite2, move distance is 1.6634322432740192, speed: 25
2025-09-11 21:06:25,733 [DEBUG] Truck: Time:<36.535111111111114> Truck:[CLTruck17] Start moving to ORDER(1): NorthPitMine-DumpSite2, move distance is 1.678526912717132, speed: 25
2025-09-11 21:06:25,733 [INFO] Truck: Time:<30> Truck:[CLTruck17] breakdown for 6.049404173983099 minutes at 30
2025-09-11 21:06:25,733 [INFO] Truck: Time:<36.535111111111114> Shovel NorthPitMine-LoadSite4-Shovel-4 under maintenance for 44.69 minutes
2025-09-11 21:06:25,734 [DEBUG] Truck: Time:<36.535111111111114> Truck:[CLTruck24] Start moving to ORDER(1): NorthPitMine-DumpSite2, move distance is 1.770578021096014, speed: 25
2025-09-11 21:06:25,734 [INFO] Truck: Time:<36.535111111111114> Truck:[XHTruck8] Start loading at shovel NorthPitMine-LoadSite4-Shovel-2, load time is 24.444444444444443
2025-09-11 21:06:25,734 [INFO] Truck: Time:<36.535111111111114> Truck:[XHTruck12] Start loading at shovel NorthPitMine-LoadSite4-Shovel-3, load time is 24.444444444444443
2025-09-11 21:06:25,735 [INFO] Truck: Time:<36.535111111111114> Truck:[XHTruck22] Start loading at shovel NorthPitMine-LoadSite4-Shovel-5, load time is 24.444444444444443
2025-09-11 21:06:25,735 [DEBUG] Truck: Time:<36.62589913207487> Truck:[XHTruck26] Arrived at NorthPitMine-DumpSite2 at 36.62589913207487
2025-09-11 21:06:25,735 [DEBUG] Truck: Time:<36.85521481452677> Truck:[XHTruck3] Arrived at NorthPitMine-DumpSite5 at 36.85521481452677
2025-09-11 21:06:25,735 [INFO] Truck: Time:<36.85594488188977> Truck:[XHTruck13] Finish loading at shovel NorthPitMine-LoadSite5-Shovel-2
2025-09-11 21:06:25,736 [DEBUG] Truck: Time:<36.85594488188977> Truck:[XHTruck13] Start moving to ORDER(0): NorthPitMine-DumpSite1, move distance is 7.5092401010421925, speed: 25
2025-09-11 21:06:25,736 [INFO] Truck: Time:<36.85594488188977> Truck:[XHTruck13] is facing 0 mins delay caused by 3 pre-existing jam events on Road from NorthPitMine-LoadSite5 to NorthPitMine-DumpSite1
2025-09-11 21:06:25,736 [INFO] Truck: Time:<36.85594488188977> Truck:[XHTruck20] Start loading at shovel NorthPitMine-LoadSite5-Shovel-2, load time is 4.060039370078741
2025-09-11 21:06:25,741 [INFO] Truck: Time:<37.15640117248888> Truck:[CLTruck27] is facing 0.5909336485952571 mins delay caused by 1 pre-existing jam events on Road from LoadSite1 to NorthPitMine-DumpSite5
2025-09-11 21:06:25,741 [DEBUG] Truck: Time:<37.15855325969534> Truck:[CLTruck10] Arrived at NorthPitMine-DumpSite5 at 37.15855325969534
2025-09-11 21:06:25,741 [INFO] Truck: Time:<37.489561816983695> Truck:[OfficalTruck2] Arrived at NorthPitMine-LoadSite3 at 37.489561816983695
2025-09-11 21:06:25,741 [INFO] Truck: Time:<37.62589913207487> Truck:[XHTruck26] Finish unloading at dumper NorthPitMine-DumpSite2-点位0, dumper tons is 217.26378617387772
2025-09-11 21:06:25,742 [DEBUG] Truck: Time:<37.62589913207487> Truck:[XHTruck26] Start moving to ORDER(4):NorthPitMine-LoadSite5, move distance is 5.59, speed: 25
2025-09-11 21:06:25,742 [INFO] Truck: Time:<37.85521481452677> Truck:[XHTruck3] Finish unloading at dumper NorthPitMine-DumpSite5-点位0, dumper tons is 384.25641923057555
2025-09-11 21:06:25,743 [DEBUG] Truck: Time:<37.85521481452677> Truck:[XHTruck3] Start moving to ORDER(3):NorthPitMine-LoadSite4, move distance is 7.449878028309115, speed: 25
2025-09-11 21:06:25,743 [INFO] Truck: Time:<34> Truck:[XHTruck3] breakdown for 6.675289671285496 minutes at 34
2025-09-11 21:06:25,746 [INFO] Truck: Time:<38.15855325969534> Truck:[CLTruck10] Finish unloading at dumper NorthPitMine-DumpSite5-点位1, dumper tons is 164.6544749232655
2025-09-11 21:06:25,746 [DEBUG] Truck: Time:<38.15855325969534> Truck:[CLTruck10] Start moving to ORDER(3):NorthPitMine-LoadSite4, move distance is 7.858686497777491, speed: 25
2025-09-11 21:06:25,746 [INFO] Truck: Time:<36> Truck:[CLTruck10] breakdown for 6.801678414177353 minutes at 36
2025-09-11 21:06:25,748 [INFO] Truck: Time:<38.33420441946069> Truck:[CLTruck9] is facing 7.638553159409302 mins delay caused by 2 pre-existing jam events on Road from NorthPitMine-LoadSite2 to NorthPitMine-DumpSite5
2025-09-11 21:06:25,748 [INFO] Truck: Time:<38.885831003780936> Truck:[XHTruck1] is facing 0 mins delay caused by 2 pre-existing jam events on Road from NorthPitMine-LoadSite5 to NorthPitMine-DumpSite1
2025-09-11 21:06:25,748 [DEBUG] Truck: Time:<38.969911219599396> Truck:[CLTruck4] Arrived at NorthPitMine-DumpSite2 at 38.969911219599396
2025-09-11 21:06:25,749 [INFO] Truck: Time:<39.04734144146663> Truck:[CLTruck12] is facing 6.791558663183336 mins delay caused by 2 pre-existing jam events on Road from NorthPitMine-LoadSite2 to NorthPitMine-DumpSite5
2025-09-11 21:06:25,750 [INFO] Truck: Time:<39.36470373213722> Truck:[CLTruck3] is facing 2.577919791441607 mins delay caused by 1 pre-existing jam events on Road from NorthPitMine-DumpSite2 to NorthPitMine-LoadSite3
2025-09-11 21:06:25,750 [INFO] Truck: Time:<39.4396062992126> Truck:[XHTruck18] Finish loading at shovel NorthPitMine-LoadSite5-Shovel-1
2025-09-11 21:06:25,751 [DEBUG] Truck: Time:<39.4396062992126> Truck:[XHTruck18] Start moving to ORDER(0): NorthPitMine-DumpSite1, move distance is 7.038093553982223, speed: 25
2025-09-11 21:06:25,751 [INFO] Truck: Time:<16> Truck:[XHTruck18] breakdown for 16.17710625009881 minutes at 16
2025-09-11 21:06:25,751 [INFO] Truck: Time:<39.4396062992126> Truck:[XHTruck24] Start loading at shovel NorthPitMine-LoadSite5-Shovel-1, load time is 4.060039370078741
2025-09-11 21:06:25,751 [INFO] Truck: Time:<39.72571065415258> Truck:[XHTruck4] Finish loading at shovel NorthPitMine-LoadSite3-Shovel-1
2025-09-11 21:06:25,752 [INFO] Road: [RoadEvent] Road from NorthPitMine-LoadSite3 to NorthPitMine-DumpSite5 is in repair，the repair will last for 60.08 mins, and will end at 99.81, vehicle on this road will have to suffer punish_distance.
2025-09-11 21:06:25,753 [DEBUG] Truck: Time:<39.72571065415258> Truck:[XHTruck4] Start moving to ORDER(4): NorthPitMine-DumpSite5, move distance is 2.9902864541595626, speed: 25
2025-09-11 21:06:25,753 [INFO] Truck: Time:<39.72571065415258> Truck:[CLTruck5] Start loading at shovel NorthPitMine-LoadSite3-Shovel-1, load time is 2.5836614173228347
2025-09-11 21:06:25,753 [INFO] Truck: Time:<39.969911219599396> Truck:[CLTruck4] Finish unloading at dumper NorthPitMine-DumpSite2-点位0, dumper tons is 254.59843140919932
2025-09-11 21:06:25,753 [DEBUG] Truck: Time:<39.969911219599396> Truck:[CLTruck4] Start moving to ORDER(4):NorthPitMine-LoadSite5, move distance is 5.59, speed: 25
2025-09-11 21:06:25,756 [DEBUG] Truck: Time:<40.52734849496876> Truck:[CLTruck7] Arrived at NorthPitMine-DumpSite2 at 40.52734849496876
2025-09-11 21:06:25,757 [DEBUG] Truck: Time:<40.78449836174155> Truck:[CLTruck24] Arrived at NorthPitMine-DumpSite2 at 40.78449836174155
2025-09-11 21:06:25,757 [INFO] Truck: Time:<40.91598425196851> Truck:[XHTruck20] Finish loading at shovel NorthPitMine-LoadSite5-Shovel-2
2025-09-11 21:06:25,757 [DEBUG] Truck: Time:<40.91598425196851> Truck:[XHTruck20] Start moving to ORDER(0): NorthPitMine-DumpSite1, move distance is 7.357236040815917, speed: 25
2025-09-11 21:06:25,758 [INFO] Truck: Time:<38> Truck:[XHTruck20] breakdown for 13.43649859083753 minutes at 38
2025-09-11 21:06:25,758 [INFO] Truck: Time:<40.91598425196851> Truck:[XHTruck28] Start loading at shovel NorthPitMine-LoadSite5-Shovel-2, load time is 4.060039370078741
2025-09-11 21:06:25,759 [INFO] Truck: Time:<41.32756466785975> Truck:[XHTruck5] Arrived at NorthPitMine-LoadSite4 at 41.32756466785975
2025-09-11 21:06:25,761 [INFO] Truck: Time:<41.32756466785975> Truck:[XHTruck5] Start loading at shovel NorthPitMine-LoadSite4-Shovel-1, load time is 4.060039370078741
2025-09-11 21:06:25,761 [INFO] Truck: Time:<41.43111111111111> Truck:[CLTruck14] Finish loading at shovel NorthPitMine-LoadSite2-Shovel-2
2025-09-11 21:06:25,761 [INFO] Truck: Time:<41.43111111111111> Truck:[CLTruck16] Finish loading at shovel NorthPitMine-LoadSite2-Shovel-3
2025-09-11 21:06:25,761 [INFO] Truck: Time:<41.43111111111111> Truck:[CLTruck19] Finish loading at shovel NorthPitMine-LoadSite2-Shovel-4
2025-09-11 21:06:25,761 [INFO] Truck: Time:<41.43111111111111> Truck:[CLTruck23] Finish loading at shovel NorthPitMine-LoadSite2-Shovel-5
2025-09-11 21:06:25,761 [DEBUG] Truck: Time:<41.43111111111111> Truck:[CLTruck14] Start moving to ORDER(4): NorthPitMine-DumpSite5, move distance is 4.137070944405936, speed: 25
2025-09-11 21:06:25,761 [INFO] Truck: Time:<31> Truck:[CLTruck14] breakdown for 10.866059033265005 minutes at 31
2025-09-11 21:06:25,763 [DEBUG] Truck: Time:<41.43111111111111> Truck:[CLTruck16] Start moving to ORDER(4): NorthPitMine-DumpSite5, move distance is 4.746140729550451, speed: 25
2025-09-11 21:06:25,763 [INFO] Truck: Time:<41> Truck:[CLTruck16] breakdown for 7.078818279293408 minutes at 41
2025-09-11 21:06:25,763 [DEBUG] Truck: Time:<41.43111111111111> Truck:[CLTruck19] Start moving to ORDER(4): NorthPitMine-DumpSite5, move distance is 4.517024595914898, speed: 25
2025-09-11 21:06:25,763 [INFO] Truck: Time:<39> Truck:[CLTruck19] breakdown for 9.481247603293063 minutes at 39
2025-09-11 21:06:25,763 [DEBUG] Truck: Time:<41.43111111111111> Truck:[CLTruck23] Start moving to ORDER(4): NorthPitMine-DumpSite5, move distance is 4.20147385426274, speed: 25
2025-09-11 21:06:25,763 [INFO] Truck: Time:<29> Truck:[CLTruck23] breakdown for 12.209929497072647 minutes at 29
2025-09-11 21:06:25,763 [INFO] Truck: Time:<41.43111111111111> Truck:[XHTruck7] Start loading at shovel NorthPitMine-LoadSite2-Shovel-2, load time is 24.444444444444443
2025-09-11 21:06:25,763 [INFO] Truck: Time:<41.43111111111111> Truck:[XHTruck11] Start loading at shovel NorthPitMine-LoadSite2-Shovel-3, load time is 24.444444444444443
2025-09-11 21:06:25,763 [INFO] Truck: Time:<41.43111111111111> Truck:[XHTruck16] Start loading at shovel NorthPitMine-LoadSite2-Shovel-4, load time is 24.444444444444443
2025-09-11 21:06:25,763 [INFO] Truck: Time:<41.43111111111111> Truck:[XHTruck21] Start loading at shovel NorthPitMine-LoadSite2-Shovel-5, load time is 24.444444444444443
2025-09-11 21:06:25,763 [INFO] Truck: Time:<41.486775293172805> Truck:[CLTruck25] is facing 1.227714448234126 mins delay caused by 2 pre-existing jam events on Road from NorthPitMine-LoadSite5 to NorthPitMine-DumpSite1
2025-09-11 21:06:25,763 [INFO] Truck: Time:<41.52734849496876> Truck:[CLTruck7] Finish unloading at dumper NorthPitMine-DumpSite2-点位0, dumper tons is 289.8632129269094
2025-09-11 21:06:25,763 [DEBUG] Truck: Time:<41.52734849496876> Truck:[CLTruck7] Start moving to ORDER(2):NorthPitMine-LoadSite3, move distance is 3.41, speed: 25
2025-09-11 21:06:25,763 [INFO] Truck: Time:<37> Truck:[CLTruck7] breakdown for 12.623369211791786 minutes at 37
2025-09-11 21:06:25,767 [INFO] Truck: Time:<41.75822222222222> Truck:[OfficalTruck8] Finish loading at shovel NorthPitMine-LoadSite3-Shovel-2
2025-09-11 21:06:25,767 [INFO] Truck: Time:<41.75822222222222> Truck:[OfficalTruck9] Finish loading at shovel NorthPitMine-LoadSite3-Shovel-3
2025-09-11 21:06:25,768 [DEBUG] Truck: Time:<41.75822222222222> Truck:[OfficalTruck8] Start moving to ORDER(4): NorthPitMine-DumpSite5, move distance is 2.873796832565333, speed: 25
2025-09-11 21:06:25,768 [INFO] Truck: Time:<39> Truck:[OfficalTruck8] breakdown for 6.987858240602941 minutes at 39
2025-09-11 21:06:25,769 [DEBUG] Truck: Time:<41.75822222222222> Truck:[OfficalTruck9] Start moving to ORDER(4): NorthPitMine-DumpSite5, move distance is 2.157909790093712, speed: 25
2025-09-11 21:06:25,769 [INFO] Truck: Time:<27> Truck:[OfficalTruck9] breakdown for 10.057250136866971 minutes at 27
2025-09-11 21:06:25,769 [INFO] Truck: Time:<41.75822222222222> Truck:[CLTruck21] Start loading at shovel NorthPitMine-LoadSite3-Shovel-2, load time is 15.555555555555555
2025-09-11 21:06:25,770 [INFO] Truck: Time:<41.75822222222222> Truck:[CLTruck26] Start loading at shovel NorthPitMine-LoadSite3-Shovel-3, load time is 15.555555555555555
2025-09-11 21:06:25,770 [INFO] Truck: Time:<41.78449836174155> Truck:[CLTruck24] Finish unloading at dumper NorthPitMine-DumpSite2-点位1, dumper tons is 68.17457897908604
2025-09-11 21:06:25,771 [DEBUG] Truck: Time:<41.78449836174155> Truck:[CLTruck24] Start moving to ORDER(2):NorthPitMine-LoadSite3, move distance is 3.41, speed: 25
2025-09-11 21:06:25,771 [INFO] Truck: Time:<41.78449836174155> Truck:[CLTruck24] is facing 0.15812516183728142 mins delay caused by 1 pre-existing jam events on Road from NorthPitMine-DumpSite2 to NorthPitMine-LoadSite3
2025-09-11 21:06:25,773 [INFO] Truck: Time:<42.252615720748324> Truck:[CLTruck8] Arrived at NorthPitMine-LoadSite4 at 42.252615720748324
2025-09-11 21:06:25,773 [INFO] Truck: Time:<42.309372071475416> Truck:[CLTruck5] Finish loading at shovel NorthPitMine-LoadSite3-Shovel-1
2025-09-11 21:06:25,774 [DEBUG] Truck: Time:<42.309372071475416> Truck:[CLTruck5] Start moving to ORDER(4): NorthPitMine-DumpSite5, move distance is 2.8285302957971297, speed: 25
2025-09-11 21:06:25,774 [INFO] Truck: Time:<30> Truck:[CLTruck5] breakdown for 13.845306414706089 minutes at 30
2025-09-11 21:06:25,774 [INFO] Truck: Time:<42.309372071475416> Truck:[CLTruck2] Start loading at shovel NorthPitMine-LoadSite3-Shovel-1, load time is 2.5836614173228347
2025-09-11 21:06:25,774 [INFO] Truck: Time:<42.47913711174336> Truck:[XHTruck2] is facing 1.1959253754715142 mins delay caused by 3 pre-existing jam events on Road from NorthPitMine-LoadSite5 to NorthPitMine-DumpSite1
2025-09-11 21:06:25,775 [DEBUG] Truck: Time:<42.574163824552286> Truck:[CLTruck18] Arrived at NorthPitMine-DumpSite1 at 42.574163824552286
2025-09-11 21:06:25,775 [DEBUG] Truck: Time:<42.576431768526064> Truck:[CLTruck22] Arrived at NorthPitMine-DumpSite1 at 42.576431768526064
2025-09-11 21:06:25,775 [INFO] Truck: Time:<42.58451528509421> Truck:[CLTruck17] is facing 10.836336071754397 mins delay caused by 2 pre-existing jam events on Road from NorthPitMine-LoadSite4 to NorthPitMine-DumpSite2
2025-09-11 21:06:25,775 [DEBUG] Truck: Time:<42.71450057014731> Truck:[XHTruck14] Arrived at NorthPitMine-DumpSite5 at 42.71450057014731
2025-09-11 21:06:25,775 [DEBUG] Truck: Time:<42.78262417971268> Truck:[OfficalTruck6] Arrived at NorthPitMine-DumpSite1 at 42.78262417971268
2025-09-11 21:06:25,778 [INFO] Truck: Time:<43.11847265654918> Truck:[CLTruck1] is facing 4.588177303953398 mins delay caused by 3 pre-existing jam events on Road from NorthPitMine-DumpSite5 to NorthPitMine-LoadSite4
2025-09-11 21:06:25,778 [INFO] Truck: Time:<43.49964566929134> Truck:[XHTruck24] Finish loading at shovel NorthPitMine-LoadSite5-Shovel-1
2025-09-11 21:06:25,778 [INFO] Truck: Time:<43.49964566929134> Shovel NorthPitMine-LoadSite5-Shovel-1 under maintenance for 31.15 minutes
2025-09-11 21:06:25,779 [INFO] Truck: Time:<43.574163824552286> Truck:[CLTruck18] Finish unloading at dumper NorthPitMine-DumpSite1-点位0, dumper tons is 192.71140640755434
2025-09-11 21:06:25,779 [DEBUG] Truck: Time:<43.574163824552286> Truck:[CLTruck18] Start moving to ORDER(2):NorthPitMine-LoadSite3, move distance is 4.236569081981439, speed: 25
2025-09-11 21:06:25,780 [INFO] Truck: Time:<43.576431768526064> Truck:[CLTruck22] Finish unloading at dumper NorthPitMine-DumpSite1-点位1, dumper tons is 107.87490899637629
2025-09-11 21:06:25,780 [DEBUG] Truck: Time:<43.576431768526064> Truck:[CLTruck22] Start moving to ORDER(2):NorthPitMine-LoadSite3, move distance is 4.209499846696699, speed: 25
2025-09-11 21:06:25,780 [INFO] Truck: Time:<41> Truck:[CLTruck22] breakdown for 8.627921088232345 minutes at 41
2025-09-11 21:06:25,782 [INFO] Truck: Time:<43.71450057014731> Truck:[XHTruck14] Finish unloading at dumper NorthPitMine-DumpSite5-点位0, dumper tons is 441.8357755733398
2025-09-11 21:06:25,782 [DEBUG] Truck: Time:<43.71450057014731> Truck:[XHTruck14] Start moving to ORDER(3):NorthPitMine-LoadSite4, move distance is 7.475531974212621, speed: 25
2025-09-11 21:06:25,782 [INFO] Truck: Time:<37> Truck:[XHTruck14] breakdown for 7.743982988759136 minutes at 37
2025-09-11 21:06:25,782 [INFO] Truck: Time:<43.78262417971268> Truck:[OfficalTruck6] Finish unloading at dumper NorthPitMine-DumpSite1-点位2, dumper tons is 72.54763283836616
2025-09-11 21:06:25,782 [DEBUG] Truck: Time:<43.78262417971268> Truck:[OfficalTruck6] Start moving to ORDER(2):NorthPitMine-LoadSite3, move distance is 4.671850899223724, speed: 25
2025-09-11 21:06:25,783 [INFO] Truck: Time:<44.530504485812266> Truck:[XHTruck3] is facing 0.17616774164891602 mins delay caused by 3 pre-existing jam events on Road from NorthPitMine-DumpSite5 to NorthPitMine-LoadSite4
2025-09-11 21:06:25,785 [INFO] Truck: Time:<44.89303348879825> Truck:[CLTruck2] Finish loading at shovel NorthPitMine-LoadSite3-Shovel-1
2025-09-11 21:06:25,785 [DEBUG] Truck: Time:<44.89303348879825> Truck:[CLTruck2] Start moving to ORDER(4): NorthPitMine-DumpSite5, move distance is 2.524140730860086, speed: 25
2025-09-11 21:06:25,785 [INFO] Truck: Time:<26> Truck:[CLTruck2] breakdown for 13.768950614686423 minutes at 26
2025-09-11 21:06:25,785 [INFO] Truck: Time:<44.89303348879825> Truck:[OfficalTruck2] Start loading at shovel NorthPitMine-LoadSite3-Shovel-1, load time is 5.684055118110236
2025-09-11 21:06:25,785 [INFO] Truck: Time:<44.96023167387269> Truck:[CLTruck10] is facing 0 mins delay caused by 3 pre-existing jam events on Road from NorthPitMine-DumpSite5 to NorthPitMine-LoadSite4
2025-09-11 21:06:25,785 [INFO] Truck: Time:<44.97602362204725> Truck:[XHTruck28] Finish loading at shovel NorthPitMine-LoadSite5-Shovel-2
2025-09-11 21:06:25,786 [DEBUG] Truck: Time:<44.97602362204725> Truck:[XHTruck28] Start moving to ORDER(0): NorthPitMine-DumpSite1, move distance is 7.961273518610595, speed: 25
2025-09-11 21:06:25,786 [INFO] Truck: Time:<18> Truck:[XHTruck28] breakdown for 13.39347423424202 minutes at 18
2025-09-11 21:06:25,788 [INFO] Truck: Time:<45.38760403793849> Truck:[XHTruck5] Finish loading at shovel NorthPitMine-LoadSite4-Shovel-1
2025-09-11 21:06:25,791 [DEBUG] Truck: Time:<45.38760403793849> Truck:[XHTruck5] Start moving to ORDER(1): NorthPitMine-DumpSite2, move distance is 1.7812669144476914, speed: 25
2025-09-11 21:06:25,791 [INFO] Truck: Time:<26> Truck:[XHTruck5] breakdown for 7.879365824435906 minutes at 26
2025-09-11 21:06:25,792 [INFO] Truck: Time:<45.38760403793849> Truck:[CLTruck8] Start loading at shovel NorthPitMine-LoadSite4-Shovel-1, load time is 2.5836614173228347
2025-09-11 21:06:25,792 [INFO] Truck: Time:<45.80344303727675> Truck:[XHTruck6] is facing 0 mins delay caused by 2 pre-existing jam events on Road from NorthPitMine-LoadSite5 to NorthPitMine-DumpSite1
2025-09-11 21:06:25,792 [DEBUG] Truck: Time:<45.956256300513104> Truck:[OfficalTruck1] Arrived at NorthPitMine-DumpSite1 at 45.956256300513104
2025-09-11 21:06:25,795 [INFO] Truck: Time:<46.30709586790401> Truck:[XHTruck19] Arrived at NorthPitMine-LoadSite4 at 46.30709586790401
2025-09-11 21:06:25,795 [INFO] Truck: Time:<46.868110803937945> Truck:[CLTruck15] Arrived at NorthPitMine-LoadSite4 at 46.868110803937945
2025-09-11 21:06:25,795 [DEBUG] Truck: Time:<46.90239814413553> Truck:[XHTruck4] Arrived at NorthPitMine-DumpSite5 at 46.90239814413553
2025-09-11 21:06:25,795 [INFO] Truck: Time:<46.956256300513104> Truck:[OfficalTruck1] Finish unloading at dumper NorthPitMine-DumpSite1-点位0, dumper tons is 271.8519565414646
2025-09-11 21:06:25,796 [DEBUG] Truck: Time:<46.956256300513104> Truck:[OfficalTruck1] Start moving to ORDER(2):NorthPitMine-LoadSite3, move distance is 3.9791420596443032, speed: 25
2025-09-11 21:06:25,796 [INFO] Truck: Time:<32> Truck:[OfficalTruck1] breakdown for 8.063640531565358 minutes at 32
2025-09-11 21:06:25,798 [INFO] Truck: Time:<47.199999999999996> Truck:[XHTruck33] Finish loading at shovel LoadSite1-Shovel-1
2025-09-11 21:06:25,799 [DEBUG] Truck: Time:<47.199999999999996> Truck:[XHTruck33] Start moving to ORDER(4): NorthPitMine-DumpSite5, move distance is 4.878573151665557, speed: 25
2025-09-11 21:06:25,799 [INFO] Truck: Time:<34> Truck:[XHTruck33] breakdown for 13.717457871540097 minutes at 34
2025-09-11 21:06:25,799 [DEBUG] Truck: Time:<47.466814488097334> Truck:[CLTruck27] Arrived at NorthPitMine-DumpSite5 at 47.466814488097334
2025-09-11 21:06:25,799 [INFO] Truck: Time:<47.90239814413553> Truck:[XHTruck4] Finish unloading at dumper NorthPitMine-DumpSite5-点位0, dumper tons is 492.2103554659325
2025-09-11 21:06:25,800 [DEBUG] Truck: Time:<47.90239814413553> Truck:[XHTruck4] Start moving to ORDER(3):NorthPitMine-LoadSite4, move distance is 7.928750556777422, speed: 25
2025-09-11 21:06:25,800 [INFO] Truck: Time:<47.90239814413553> Truck:[XHTruck4] is facing 0 mins delay caused by 4 pre-existing jam events on Road from NorthPitMine-DumpSite5 to NorthPitMine-LoadSite4
2025-09-11 21:06:25,800 [INFO] Truck: Time:<47.971265455261324> Truck:[CLTruck8] Finish loading at shovel NorthPitMine-LoadSite4-Shovel-1
2025-09-11 21:06:25,801 [DEBUG] Truck: Time:<47.971265455261324> Truck:[CLTruck8] Start moving to ORDER(1): NorthPitMine-DumpSite2, move distance is 1.7553478459759235, speed: 25
2025-09-11 21:06:25,801 [INFO] Truck: Time:<42> Truck:[CLTruck8] breakdown for 11.422497411948513 minutes at 42
2025-09-11 21:06:25,801 [INFO] Truck: Time:<47.971265455261324> Truck:[XHTruck19] Start loading at shovel NorthPitMine-LoadSite4-Shovel-1, load time is 4.060039370078741
2025-09-11 21:06:25,802 [INFO] Truck: Time:<48.05647013844147> Truck:[OfficalTruck7] Arrived at NorthPitMine-LoadSite4 at 48.05647013844147
2025-09-11 21:06:25,803 [DEBUG] Truck: Time:<48.419886414745> Truck:[CLTruck28] Arrived at NorthPitMine-DumpSite5 at 48.419886414745
2025-09-11 21:06:25,803 [INFO] Truck: Time:<48.466814488097334> Truck:[CLTruck27] Finish unloading at dumper NorthPitMine-DumpSite5-点位1, dumper tons is 202.80853364076793
2025-09-11 21:06:25,803 [DEBUG] Truck: Time:<48.466814488097334> Truck:[CLTruck27] Start moving to ORDER(3):NorthPitMine-LoadSite4, move distance is 7.092011535314201, speed: 25
2025-09-11 21:06:25,804 [INFO] Truck: Time:<48.466814488097334> Truck:[CLTruck27] is facing 0 mins delay caused by 4 pre-existing jam events on Road from NorthPitMine-DumpSite5 to NorthPitMine-LoadSite4
2025-09-11 21:06:25,804 [INFO] Truck: Time:<48.509929390404515> Truck:[CLTruck16] is facing 0 mins delay caused by 2 pre-existing jam events on Road from NorthPitMine-LoadSite2 to NorthPitMine-DumpSite5
2025-09-11 21:06:25,804 [DEBUG] Truck: Time:<48.800084010444394> Truck:[OfficalTruck5] Arrived at NorthPitMine-DumpSite1 at 48.800084010444394
2025-09-11 21:06:25,806 [INFO] Truck: Time:<49.419886414745> Truck:[CLTruck28] Finish unloading at dumper NorthPitMine-DumpSite5-点位0, dumper tons is 526.7719898396896
2025-09-11 21:06:25,806 [DEBUG] Truck: Time:<49.419886414745> Truck:[CLTruck28] Start moving to ORDER(3):NorthPitMine-LoadSite4, move distance is 7.5954968017643765, speed: 25
2025-09-11 21:06:25,806 [INFO] Truck: Time:<38> Truck:[CLTruck28] breakdown for 6.284854402898719 minutes at 38
2025-09-11 21:06:25,807 [INFO] Truck: Time:<49.732436239957934> Truck:[XHTruck25] is facing 0 mins delay caused by 3 pre-existing jam events on Road from NorthPitMine-DumpSite5 to NorthPitMine-LoadSite4
2025-09-11 21:06:25,807 [INFO] Truck: Time:<49.800084010444394> Truck:[OfficalTruck5] Finish unloading at dumper NorthPitMine-DumpSite1-点位0, dumper tons is 352.80310910174796
2025-09-11 21:06:25,807 [DEBUG] Truck: Time:<49.800084010444394> Truck:[OfficalTruck5] Start moving to ORDER(2):NorthPitMine-LoadSite3, move distance is 4.372824950894855, speed: 25
2025-09-11 21:06:25,808 [INFO] Truck: Time:<45> Truck:[OfficalTruck5] breakdown for 10.140081451346406 minutes at 45
2025-09-11 21:06:25,811 [INFO] Truck: Time:<50.12662352357883> Truck:[CLTruck3] Arrived at NorthPitMine-LoadSite3 at 50.12662352357883
2025-09-11 21:06:25,812 [INFO] Truck: Time:<50.12662352357883> Truck:[CLTruck24] Arrived at NorthPitMine-LoadSite3 at 50.12662352357883
2025-09-11 21:06:25,812 [INFO] Truck: Time:<50.57708860690849> Truck:[OfficalTruck2] Finish loading at shovel NorthPitMine-LoadSite3-Shovel-1
2025-09-11 21:06:25,812 [DEBUG] Truck: Time:<50.57708860690849> Truck:[OfficalTruck2] Start moving to ORDER(4): NorthPitMine-DumpSite5, move distance is 2.427748817627066, speed: 25
2025-09-11 21:06:25,813 [INFO] Truck: Time:<38> Truck:[OfficalTruck2] breakdown for 9.933279854247278 minutes at 38
2025-09-11 21:06:25,813 [INFO] Truck: Time:<50.57708860690849> Truck:[CLTruck3] Start loading at shovel NorthPitMine-LoadSite3-Shovel-1, load time is 2.5836614173228347
2025-09-11 21:06:25,813 [INFO] Truck: Time:<50.67293380555749> Truck:[XHTruck10] is facing 0 mins delay caused by 2 pre-existing jam events on Road from NorthPitMine-LoadSite5 to NorthPitMine-DumpSite1
2025-09-11 21:06:25,813 [INFO] Truck: Time:<50.91235871440417> Truck:[CLTruck19] is facing 0 mins delay caused by 2 pre-existing jam events on Road from NorthPitMine-LoadSite2 to NorthPitMine-DumpSite5
2025-09-11 21:06:25,813 [INFO] Truck: Time:<50.923071021382896> Truck:[CLTruck13] Arrived at NorthPitMine-LoadSite4 at 50.923071021382896
2025-09-11 21:06:25,816 [INFO] Truck: Time:<51.041899132074875> Truck:[XHTruck26] Arrived at NorthPitMine-LoadSite5 at 51.041899132074875
2025-09-11 21:06:25,816 [INFO] Truck: Time:<51.041899132074875> Truck:[XHTruck26] Start loading at shovel NorthPitMine-LoadSite5-Shovel-2, load time is 4.060039370078741
2025-09-11 21:06:25,817 [INFO] Truck: Time:<51.20343389561008> Truck:[OfficalTruck4] Arrived at NorthPitMine-LoadSite3 at 51.20343389561008
2025-09-11 21:06:25,817 [INFO] Truck: Time:<51.458483558906444> Truck:[XHTruck14] is facing 9.383304559917049 mins delay caused by 5 pre-existing jam events on Road from NorthPitMine-DumpSite5 to NorthPitMine-LoadSite4
2025-09-11 21:06:25,818 [INFO] Truck: Time:<52.031304825340065> Truck:[XHTruck19] Finish loading at shovel NorthPitMine-LoadSite4-Shovel-1
2025-09-11 21:06:25,819 [DEBUG] Truck: Time:<52.031304825340065> Truck:[XHTruck19] Start moving to ORDER(1): NorthPitMine-DumpSite2, move distance is 1.7230318954296664, speed: 25
2025-09-11 21:06:25,819 [INFO] Truck: Time:<31> Truck:[XHTruck19] breakdown for 15.806646668765008 minutes at 31
2025-09-11 21:06:25,819 [INFO] Truck: Time:<52.031304825340065> Truck:[OfficalTruck7] Start loading at shovel NorthPitMine-LoadSite4-Shovel-1, load time is 5.684055118110236
2025-09-11 21:06:25,819 [INFO] Truck: Time:<52.29717014437611> Truck:[CLTruck14] is facing 0 mins delay caused by 1 pre-existing jam events on Road from NorthPitMine-LoadSite2 to NorthPitMine-DumpSite5
2025-09-11 21:06:25,821 [INFO] Truck: Time:<53.16075002423133> Truck:[CLTruck3] Finish loading at shovel NorthPitMine-LoadSite3-Shovel-1
2025-09-11 21:06:25,822 [DEBUG] Truck: Time:<53.16075002423133> Truck:[CLTruck3] Start moving to ORDER(4): NorthPitMine-DumpSite5, move distance is 2.367089942117948, speed: 25
2025-09-11 21:06:25,822 [INFO] Truck: Time:<48> Truck:[CLTruck3] breakdown for 10.22425682892458 minutes at 48
2025-09-11 21:06:25,822 [INFO] Truck: Time:<53.16075002423133> Truck:[CLTruck24] Start loading at shovel NorthPitMine-LoadSite3-Shovel-1, load time is 2.5836614173228347
2025-09-11 21:06:25,822 [INFO] Truck: Time:<53.266969862374395> Truck:[XHTruck5] is facing 0.08452428009274371 mins delay caused by 1 pre-existing jam events on Road from NorthPitMine-LoadSite4 to NorthPitMine-DumpSite2
2025-09-11 21:06:25,822 [INFO] Truck: Time:<53.38591121959939> Truck:[CLTruck4] Arrived at NorthPitMine-LoadSite5 at 53.38591121959939
2025-09-11 21:06:25,822 [INFO] Truck: Time:<53.64104060818376> Truck:[CLTruck23] is facing 0 mins delay caused by 1 pre-existing jam events on Road from NorthPitMine-LoadSite2 to NorthPitMine-DumpSite5
2025-09-11 21:06:25,823 [INFO] Truck: Time:<53.74192962130774> Truck:[CLTruck18] Arrived at NorthPitMine-LoadSite3 at 53.74192962130774
2025-09-11 21:06:25,823 [INFO] Truck: Time:<53.93377175610793> Truck:[OfficalTruck3] Arrived at NorthPitMine-LoadSite3 at 53.93377175610793
2025-09-11 21:06:25,826 [DEBUG] Truck: Time:<54.87812112439103> Truck:[XHTruck13] Arrived at NorthPitMine-DumpSite1 at 54.87812112439103
2025-09-11 21:06:25,826 [INFO] Truck: Time:<54.995066337849615> Truck:[OfficalTruck6] Arrived at NorthPitMine-LoadSite3 at 54.995066337849615
2025-09-11 21:06:25,829 [INFO] Truck: Time:<55.101938502153615> Truck:[XHTruck26] Finish loading at shovel NorthPitMine-LoadSite5-Shovel-2
2025-09-11 21:06:25,830 [DEBUG] Truck: Time:<55.101938502153615> Truck:[XHTruck26] Start moving to ORDER(0): NorthPitMine-DumpSite1, move distance is 6.695274015771381, speed: 25
2025-09-11 21:06:25,830 [INFO] Truck: Time:<43> Truck:[XHTruck26] breakdown for 6.684915518132282 minutes at 43
2025-09-11 21:06:25,830 [INFO] Truck: Time:<55.101938502153615> Truck:[CLTruck4] Start loading at shovel NorthPitMine-LoadSite5-Shovel-2, load time is 2.5836614173228347
2025-09-11 21:06:25,830 [DEBUG] Truck: Time:<55.64319286098196> Truck:[OfficalTruck8] Arrived at NorthPitMine-DumpSite5 at 55.64319286098196
2025-09-11 21:06:25,830 [INFO] Truck: Time:<55.70474081764372> Truck:[CLTruck28] is facing 10.905889486156234 mins delay caused by 4 pre-existing jam events on Road from NorthPitMine-DumpSite5 to NorthPitMine-LoadSite4
2025-09-11 21:06:25,831 [INFO] Truck: Time:<55.73585115830683> Truck:[CLTruck6] Arrived at NorthPitMine-LoadSite4 at 55.73585115830683
2025-09-11 21:06:25,831 [INFO] Truck: Time:<55.74441144155416> Truck:[CLTruck24] Finish loading at shovel NorthPitMine-LoadSite3-Shovel-1
2025-09-11 21:06:25,831 [DEBUG] Truck: Time:<55.74441144155416> Truck:[CLTruck24] Start moving to ORDER(4): NorthPitMine-DumpSite5, move distance is 2.5710798791078022, speed: 25
2025-09-11 21:06:25,831 [INFO] Truck: Time:<44> Truck:[CLTruck24] breakdown for 5.640509217385044 minutes at 44
2025-09-11 21:06:25,831 [INFO] Truck: Time:<55.74441144155416> Truck:[OfficalTruck4] Start loading at shovel NorthPitMine-LoadSite3-Shovel-1, load time is 5.684055118110236
2025-09-11 21:06:25,832 [INFO] Truck: Time:<55.87812112439103> Truck:[XHTruck13] Finish unloading at dumper NorthPitMine-DumpSite1-点位0, dumper tons is 406.80514686125025
2025-09-11 21:06:25,832 [DEBUG] Truck: Time:<55.87812112439103> Truck:[XHTruck13] Start moving to ORDER(3):NorthPitMine-LoadSite4, move distance is 3.41, speed: 25
2025-09-11 21:06:25,832 [INFO] Truck: Time:<48> Truck:[XHTruck13] breakdown for 10.868561762091893 minutes at 48
2025-09-11 21:06:25,832 [INFO] Truck: Time:<55.97546717650839> Truck:[CLTruck29] Arrived at NorthPitMine-LoadSite4 at 55.97546717650839
2025-09-11 21:06:25,836 [DEBUG] Truck: Time:<56.52489308686476> Truck:[XHTruck1] Arrived at NorthPitMine-DumpSite1 at 56.52489308686476
2025-09-11 21:06:25,837 [DEBUG] Truck: Time:<56.57661223678171> Truck:[CLTruck11] Arrived at NorthPitMine-DumpSite5 at 56.57661223678171
2025-09-11 21:06:25,837 [INFO] Truck: Time:<56.64319286098196> Truck:[OfficalTruck8] Finish unloading at dumper NorthPitMine-DumpSite5-点位0, dumper tons is 602.2441716070367
2025-09-11 21:06:25,837 [DEBUG] Truck: Time:<56.64319286098196> Truck:[OfficalTruck8] Start moving to ORDER(3):NorthPitMine-LoadSite4, move distance is 7.988325476866488, speed: 25
2025-09-11 21:06:25,837 [INFO] Truck: Time:<54> Truck:[OfficalTruck8] breakdown for 10.693566420536339 minutes at 54
2025-09-11 21:06:25,837 [DEBUG] Truck: Time:<56.9944558553141> Truck:[OfficalTruck9] Arrived at NorthPitMine-DumpSite5 at 56.9944558553141
2025-09-11 21:06:25,837 [DEBUG] Truck: Time:<56.9979637900358> Truck:[CLTruck9] Arrived at NorthPitMine-DumpSite5 at 56.9979637900358
2025-09-11 21:06:25,839 [DEBUG] Truck: Time:<57.10332566598716> Truck:[CLTruck12] Arrived at NorthPitMine-DumpSite5 at 57.10332566598716
2025-09-11 21:06:25,839 [INFO] Truck: Time:<57.31377777777778> Truck:[CLTruck21] Finish loading at shovel NorthPitMine-LoadSite3-Shovel-2
2025-09-11 21:06:25,839 [INFO] Truck: Time:<57.31377777777778> Truck:[CLTruck26] Finish loading at shovel NorthPitMine-LoadSite3-Shovel-3
2025-09-11 21:06:25,840 [DEBUG] Truck: Time:<57.31377777777778> Truck:[CLTruck21] Start moving to ORDER(4): NorthPitMine-DumpSite5, move distance is 2.6829255953504587, speed: 25
2025-09-11 21:06:25,840 [INFO] Truck: Time:<21> Truck:[CLTruck21] breakdown for 10.130934399094553 minutes at 21
2025-09-11 21:06:25,842 [DEBUG] Truck: Time:<57.31377777777778> Truck:[CLTruck26] Start moving to ORDER(4): NorthPitMine-DumpSite5, move distance is 2.3688239740597323, speed: 25
2025-09-11 21:06:25,842 [INFO] Truck: Time:<50> Truck:[CLTruck26] breakdown for 5.4571146063984814 minutes at 50
2025-09-11 21:06:25,842 [INFO] Truck: Time:<57.31377777777778> Truck:[XHTruck9] Start loading at shovel NorthPitMine-LoadSite3-Shovel-2, load time is 24.444444444444443
2025-09-11 21:06:25,842 [INFO] Truck: Time:<57.31377777777778> Truck:[XHTruck15] Start loading at shovel NorthPitMine-LoadSite3-Shovel-3, load time is 24.444444444444443
2025-09-11 21:06:25,842 [DEBUG] Truck: Time:<57.449315947369726> Truck:[CLTruck17] Arrived at NorthPitMine-DumpSite2 at 57.449315947369726
2025-09-11 21:06:25,843 [INFO] Truck: Time:<57.52489308686476> Truck:[XHTruck1] Finish unloading at dumper NorthPitMine-DumpSite1-点位0, dumper tons is 464.57714636241315
2025-09-11 21:06:25,843 [INFO] Road: [RoadEvent] Road from NorthPitMine-DumpSite1 to NorthPitMine-LoadSite4 is in repair，the repair will last for 57.06 mins, and will end at 114.58, vehicle on this road will have to suffer punish_distance.
2025-09-11 21:06:25,843 [DEBUG] Truck: Time:<57.52489308686476> Truck:[XHTruck1] Start moving to ORDER(3):NorthPitMine-LoadSite4, move distance is 4.440103050014715, speed: 25
2025-09-11 21:06:25,844 [INFO] Truck: Time:<56> Truck:[XHTruck1] breakdown for 6.054654491435157 minutes at 56
2025-09-11 21:06:25,844 [INFO] Truck: Time:<57.57661223678171> Truck:[CLTruck11] Finish unloading at dumper NorthPitMine-DumpSite5-点位1, dumper tons is 239.90516651521136
2025-09-11 21:06:25,845 [DEBUG] Truck: Time:<57.57661223678171> Truck:[CLTruck11] Start moving to ORDER(3):NorthPitMine-LoadSite4, move distance is 7.677974469012613, speed: 25
2025-09-11 21:06:25,845 [INFO] Truck: Time:<41> Truck:[CLTruck11] breakdown for 10.473085904753535 minutes at 41
2025-09-11 21:06:25,845 [DEBUG] Truck: Time:<57.6265347371416> Truck:[XHTruck5] Arrived at NorthPitMine-DumpSite2 at 57.6265347371416
2025-09-11 21:06:25,845 [INFO] Truck: Time:<57.68559991947645> Truck:[CLTruck4] Finish loading at shovel NorthPitMine-LoadSite5-Shovel-2
2025-09-11 21:06:25,847 [DEBUG] Truck: Time:<57.68559991947645> Truck:[CLTruck4] Start moving to ORDER(0): NorthPitMine-DumpSite1, move distance is 7.331902352586212, speed: 25
2025-09-11 21:06:25,847 [INFO] Truck: Time:<54> Truck:[CLTruck4] breakdown for 11.38880899792609 minutes at 54
2025-09-11 21:06:25,847 [INFO] Truck: Time:<57.7153599434503> Truck:[OfficalTruck7] Finish loading at shovel NorthPitMine-LoadSite4-Shovel-1
2025-09-11 21:06:25,848 [DEBUG] Truck: Time:<57.7153599434503> Truck:[OfficalTruck7] Start moving to ORDER(1): NorthPitMine-DumpSite2, move distance is 1.6103465234830676, speed: 25
2025-09-11 21:06:25,848 [INFO] Truck: Time:<41> Truck:[OfficalTruck7] breakdown for 5.977908872507259 minutes at 41
2025-09-11 21:06:25,848 [INFO] Truck: Time:<57.7153599434503> Truck:[CLTruck6] Start loading at shovel NorthPitMine-LoadSite4-Shovel-1, load time is 2.5836614173228347
2025-09-11 21:06:25,848 [INFO] Truck: Time:<57.9944558553141> Truck:[OfficalTruck9] Finish unloading at dumper NorthPitMine-DumpSite5-点位0, dumper tons is 678.8962287342179
2025-09-11 21:06:25,850 [DEBUG] Truck: Time:<57.9944558553141> Truck:[OfficalTruck9] Start moving to ORDER(3):NorthPitMine-LoadSite4, move distance is 6.699070993268348, speed: 25
2025-09-11 21:06:25,850 [INFO] Truck: Time:<57.9944558553141> Truck:[OfficalTruck9] is facing 8.710467506923822 mins delay caused by 3 pre-existing jam events on Road from NorthPitMine-DumpSite5 to NorthPitMine-LoadSite4
2025-09-11 21:06:25,850 [INFO] Truck: Time:<57.9979637900358> Truck:[CLTruck9] Finish unloading at dumper NorthPitMine-DumpSite5-点位2, dumper tons is 37.15663293739987
2025-09-11 21:06:25,851 [DEBUG] Truck: Time:<57.9979637900358> Truck:[CLTruck9] Start moving to ORDER(3):NorthPitMine-LoadSite4, move distance is 7.205141446875298, speed: 25
2025-09-11 21:06:25,851 [INFO] Truck: Time:<50> Truck:[CLTruck9] breakdown for 12.630827924776401 minutes at 50
2025-09-11 21:06:25,854 [INFO] Truck: Time:<58.10332566598716> Truck:[CLTruck12] Finish unloading at dumper NorthPitMine-DumpSite5-点位3, dumper tons is 31.999402691650218
2025-09-11 21:06:25,855 [DEBUG] Truck: Time:<58.10332566598716> Truck:[CLTruck12] Start moving to ORDER(3):NorthPitMine-LoadSite4, move distance is 7.405631291255201, speed: 25
2025-09-11 21:06:25,855 [INFO] Truck: Time:<58.10332566598716> Truck:[CLTruck12] is facing 6.613659417418082 mins delay caused by 3 pre-existing jam events on Road from NorthPitMine-DumpSite5 to NorthPitMine-LoadSite4
2025-09-11 21:06:25,855 [INFO] Truck: Time:<58.36949785628927> Truck:[XHTruck28] is facing 0 mins delay caused by 1 pre-existing jam events on Road from NorthPitMine-LoadSite5 to NorthPitMine-DumpSite1
2025-09-11 21:06:25,856 [INFO] Truck: Time:<58.449315947369726> Truck:[CLTruck17] Finish unloading at dumper NorthPitMine-DumpSite2-点位0, dumper tons is 328.30214460783384
2025-09-11 21:06:25,856 [DEBUG] Truck: Time:<58.449315947369726> Truck:[CLTruck17] Start moving to ORDER(4):NorthPitMine-LoadSite5, move distance is 5.59, speed: 25
2025-09-11 21:06:25,856 [INFO] Truck: Time:<58.6265347371416> Truck:[XHTruck5] Finish unloading at dumper NorthPitMine-DumpSite2-点位1, dumper tons is 118.24417385349295
2025-09-11 21:06:25,857 [INFO] Road: [RoadEvent] Road from NorthPitMine-DumpSite2 to NorthPitMine-LoadSite5 is in repair，the repair will last for 61.14 mins, and will end at 119.77, vehicle on this road will have to suffer punish_distance.
2025-09-11 21:06:25,857 [DEBUG] Truck: Time:<58.6265347371416> Truck:[XHTruck5] Start moving to ORDER(4):NorthPitMine-LoadSite5, move distance is 8.832301986294144, speed: 25
2025-09-11 21:06:25,861 [DEBUG] Truck: Time:<59.266475647844324> Truck:[XHTruck2] Arrived at NorthPitMine-DumpSite1 at 59.266475647844324
2025-09-11 21:06:25,861 [INFO] Truck: Time:<59.39376286720984> Truck:[CLTruck8] is facing 2.9012100456128547 mins delay caused by 1 pre-existing jam events on Road from NorthPitMine-LoadSite4 to NorthPitMine-DumpSite2
2025-09-11 21:06:25,862 [DEBUG] Truck: Time:<59.80999721718079> Truck:[CLTruck25] Arrived at NorthPitMine-DumpSite1 at 59.80999721718079
2025-09-11 21:06:25,862 [DEBUG] Truck: Time:<59.9006671413256> Truck:[CLTruck16] Arrived at NorthPitMine-DumpSite5 at 59.9006671413256
2025-09-11 21:06:25,864 [INFO] Truck: Time:<60.266475647844324> Truck:[XHTruck2] Finish unloading at dumper NorthPitMine-DumpSite1-点位0, dumper tons is 518.6510847244276
2025-09-11 21:06:25,865 [DEBUG] Truck: Time:<60.266475647844324> Truck:[XHTruck2] Start moving to ORDER(2):NorthPitMine-LoadSite3, move distance is 3.802648640057875, speed: 25
2025-09-11 21:06:25,865 [INFO] Truck: Time:<60.29902136077314> Truck:[CLTruck6] Finish loading at shovel NorthPitMine-LoadSite4-Shovel-1
2025-09-11 21:06:25,866 [DEBUG] Truck: Time:<60.29902136077314> Truck:[CLTruck6] Start moving to ORDER(1): NorthPitMine-DumpSite2, move distance is 1.539897913743484, speed: 25
2025-09-11 21:06:25,866 [INFO] Truck: Time:<56> Truck:[CLTruck6] breakdown for 8.3954645532682 minutes at 56
2025-09-11 21:06:25,866 [INFO] Truck: Time:<60.29902136077314> Truck:[CLTruck29] Start loading at shovel NorthPitMine-LoadSite4-Shovel-1, load time is 2.5836614173228347
2025-09-11 21:06:25,866 [INFO] Truck: Time:<60.80999721718079> Truck:[CLTruck25] Finish unloading at dumper NorthPitMine-DumpSite1-点位1, dumper tons is 141.3906756235499
2025-09-11 21:06:25,866 [DEBUG] Truck: Time:<60.80999721718079> Truck:[CLTruck25] Start moving to ORDER(2):NorthPitMine-LoadSite3, move distance is 4.372290757899386, speed: 25
2025-09-11 21:06:25,866 [INFO] Truck: Time:<60.9006671413256> Truck:[CLTruck16] Finish unloading at dumper NorthPitMine-DumpSite5-点位0, dumper tons is 713.5865114401284
2025-09-11 21:06:25,867 [DEBUG] Truck: Time:<60.9006671413256> Truck:[CLTruck16] Start moving to ORDER(3):NorthPitMine-LoadSite4, move distance is 7.335441123970029, speed: 25
2025-09-11 21:06:25,867 [INFO] Truck: Time:<60> Truck:[CLTruck16] breakdown for 7.7626437094242196 minutes at 60
2025-09-11 21:06:25,867 [INFO] Truck: Time:<60.97955555555556> Truck:[XHTruck8] Finish loading at shovel NorthPitMine-LoadSite4-Shovel-2
2025-09-11 21:06:25,867 [INFO] Truck: Time:<60.97955555555556> Truck:[XHTruck12] Finish loading at shovel NorthPitMine-LoadSite4-Shovel-3
2025-09-11 21:06:25,867 [INFO] Truck: Time:<60.97955555555556> Truck:[XHTruck22] Finish loading at shovel NorthPitMine-LoadSite4-Shovel-5
2025-09-11 21:06:25,868 [DEBUG] Truck: Time:<60.97955555555556> Truck:[XHTruck8] Start moving to ORDER(1): NorthPitMine-DumpSite2, move distance is 1.4702324034136265, speed: 25
2025-09-11 21:06:25,868 [INFO] Truck: Time:<52> Truck:[XHTruck8] breakdown for 8.412644435593043 minutes at 52
2025-09-11 21:06:25,868 [DEBUG] Truck: Time:<60.97955555555556> Truck:[XHTruck12] Start moving to ORDER(1): NorthPitMine-DumpSite2, move distance is 1.7370174546768822, speed: 25
2025-09-11 21:06:25,870 [INFO] Truck: Time:<47> Truck:[XHTruck12] breakdown for 12.471743786710718 minutes at 47
2025-09-11 21:06:25,870 [DEBUG] Truck: Time:<60.97955555555556> Truck:[XHTruck22] Start moving to ORDER(1): NorthPitMine-DumpSite2, move distance is 1.5705371827888372, speed: 25
2025-09-11 21:06:25,870 [INFO] Truck: Time:<53> Truck:[XHTruck22] breakdown for 9.218156781440406 minutes at 53
2025-09-11 21:06:25,870 [INFO] Truck: Time:<60.97955555555556> Truck:[XHTruck30] Start loading at shovel NorthPitMine-LoadSite4-Shovel-2, load time is 24.444444444444443
2025-09-11 21:06:25,870 [INFO] Truck: Time:<60.97955555555556> Truck:[CLTruck15] Start loading at shovel NorthPitMine-LoadSite4-Shovel-3, load time is 15.555555555555555
2025-09-11 21:06:25,870 [INFO] Truck: Time:<60.97955555555556> Truck:[CLTruck13] Start loading at shovel NorthPitMine-LoadSite4-Shovel-5, load time is 15.555555555555555
2025-09-11 21:06:25,873 [INFO] Truck: Time:<61.4284665596644> Truck:[OfficalTruck4] Finish loading at shovel NorthPitMine-LoadSite3-Shovel-1
2025-09-11 21:06:25,874 [DEBUG] Truck: Time:<61.4284665596644> Truck:[OfficalTruck4] Start moving to ORDER(4): NorthPitMine-DumpSite5, move distance is 2.8445661444909196, speed: 25
2025-09-11 21:06:25,874 [INFO] Truck: Time:<47> Truck:[OfficalTruck4] breakdown for 3.7151226088592857 minutes at 47
2025-09-11 21:06:25,874 [INFO] Truck: Time:<61.4284665596644> Truck:[CLTruck18] Start loading at shovel NorthPitMine-LoadSite3-Shovel-1, load time is 2.5836614173228347
2025-09-11 21:06:25,875 [DEBUG] Truck: Time:<61.75321774459992> Truck:[CLTruck19] Arrived at NorthPitMine-DumpSite5 at 61.75321774459992
2025-09-11 21:06:25,875 [INFO] Truck: Time:<61.91875274185122> Truck:[CLTruck1] Arrived at NorthPitMine-LoadSite4 at 61.91875274185122
2025-09-11 21:06:25,878 [DEBUG] Truck: Time:<62.22614041095036> Truck:[CLTruck14] Arrived at NorthPitMine-DumpSite5 at 62.22614041095036
2025-09-11 21:06:25,878 [INFO] Truck: Time:<62.30715248883048> Truck:[CLTruck22] Arrived at NorthPitMine-LoadSite3 at 62.30715248883048
2025-09-11 21:06:25,878 [INFO] Truck: Time:<62.33471770676054> Truck:[CLTruck7] Arrived at NorthPitMine-LoadSite3 at 62.33471770676054
2025-09-11 21:06:25,879 [INFO] Truck: Time:<62.58637949540306> Truck:[XHTruck3] Arrived at NorthPitMine-LoadSite4 at 62.58637949540306
2025-09-11 21:06:25,879 [INFO] Truck: Time:<62.75321774459992> Truck:[CLTruck19] Finish unloading at dumper NorthPitMine-DumpSite5-点位0, dumper tons is 745.8751852000001
2025-09-11 21:06:25,880 [DEBUG] Truck: Time:<62.75321774459992> Truck:[CLTruck19] Start moving to ORDER(3):NorthPitMine-LoadSite4, move distance is 6.428261578679833, speed: 25
2025-09-11 21:06:25,880 [INFO] Truck: Time:<57> Truck:[CLTruck19] breakdown for 4.940094997975159 minutes at 57
2025-09-11 21:06:25,880 [INFO] Truck: Time:<62.882682778095976> Truck:[CLTruck29] Finish loading at shovel NorthPitMine-LoadSite4-Shovel-1
2025-09-11 21:06:25,881 [DEBUG] Truck: Time:<62.882682778095976> Truck:[CLTruck29] Start moving to ORDER(1): NorthPitMine-DumpSite2, move distance is 1.6983892942031404, speed: 25
2025-09-11 21:06:25,881 [INFO] Truck: Time:<39> Truck:[CLTruck29] breakdown for 10.249627035364199 minutes at 39
2025-09-11 21:06:25,881 [INFO] Truck: Time:<62.882682778095976> Truck:[CLTruck1] Start loading at shovel NorthPitMine-LoadSite4-Shovel-1, load time is 2.5836614173228347
2025-09-11 21:06:25,881 [DEBUG] Truck: Time:<62.94315119609462> Truck:[CLTruck5] Arrived at NorthPitMine-DumpSite5 at 62.94315119609462
2025-09-11 21:06:25,885 [INFO] Truck: Time:<63.22614041095036> Truck:[CLTruck14] Finish unloading at dumper NorthPitMine-DumpSite5-点位1, dumper tons is 273.0258540537271
2025-09-11 21:06:25,886 [DEBUG] Truck: Time:<63.22614041095036> Truck:[CLTruck14] Start moving to ORDER(3):NorthPitMine-LoadSite4, move distance is 7.840866202156157, speed: 25
2025-09-11 21:06:25,886 [INFO] Truck: Time:<58> Truck:[CLTruck14] breakdown for 9.512657110558525 minutes at 58
2025-09-11 21:06:25,886 [INFO] Truck: Time:<63.38500685315591> Truck:[CLTruck3] is facing 2.1924133603800477 mins delay caused by 1 pre-existing jam events on Road from NorthPitMine-LoadSite3 to NorthPitMine-DumpSite5
2025-09-11 21:06:25,886 [DEBUG] Truck: Time:<63.55385743311609> Truck:[XHTruck6] Arrived at NorthPitMine-DumpSite1 at 63.55385743311609
2025-09-11 21:06:25,886 [INFO] Truck: Time:<63.69326881595756> Truck:[OfficalTruck7] is facing 0 mins delay caused by 1 pre-existing jam events on Road from NorthPitMine-LoadSite4 to NorthPitMine-DumpSite2
2025-09-11 21:06:25,886 [DEBUG] Truck: Time:<63.724577858414335> Truck:[CLTruck23] Arrived at NorthPitMine-DumpSite5 at 63.724577858414335
2025-09-11 21:06:25,886 [INFO] Truck: Time:<63.82107926853867> Truck:[CLTruck10] Arrived at NorthPitMine-LoadSite4 at 63.82107926853867
2025-09-11 21:06:25,886 [INFO] Truck: Time:<63.94315119609462> Truck:[CLTruck5] Finish unloading at dumper NorthPitMine-DumpSite5-点位0, dumper tons is 780.4325112474572
2025-09-11 21:06:25,886 [DEBUG] Truck: Time:<63.94315119609462> Truck:[CLTruck5] Start moving to ORDER(3):NorthPitMine-LoadSite4, move distance is 7.368916571307245, speed: 25
2025-09-11 21:06:25,886 [INFO] Truck: Time:<63.94315119609462> Truck:[CLTruck5] is facing 0 mins delay caused by 4 pre-existing jam events on Road from NorthPitMine-DumpSite5 to NorthPitMine-LoadSite4
2025-09-11 21:06:25,890 [INFO] Truck: Time:<64.01212797698723> Truck:[CLTruck18] Finish loading at shovel NorthPitMine-LoadSite3-Shovel-1
2025-09-11 21:06:25,891 [DEBUG] Truck: Time:<64.01212797698723> Truck:[CLTruck18] Start moving to ORDER(4): NorthPitMine-DumpSite5, move distance is 2.7465430204046615, speed: 25
2025-09-11 21:06:25,891 [INFO] Truck: Time:<59> Truck:[CLTruck18] breakdown for 8.228231276590538 minutes at 59
2025-09-11 21:06:25,891 [INFO] Truck: Time:<64.01212797698723> Truck:[OfficalTruck3] Start loading at shovel NorthPitMine-LoadSite3-Shovel-1, load time is 5.684055118110236
2025-09-11 21:06:25,892 [INFO] Truck: Time:<64.5538574331161> Truck:[XHTruck6] Finish unloading at dumper NorthPitMine-DumpSite1-点位0, dumper tons is 577.1889314641639
2025-09-11 21:06:25,892 [DEBUG] Truck: Time:<64.5538574331161> Truck:[XHTruck6] Start moving to ORDER(2):NorthPitMine-LoadSite3, move distance is 3.7600196554455567, speed: 25
2025-09-11 21:06:25,892 [INFO] Truck: Time:<51> Truck:[XHTruck6] breakdown for 13.686907581290212 minutes at 51
2025-09-11 21:06:25,893 [INFO] Truck: Time:<64.56983777522478> Truck:[OfficalTruck1] Arrived at NorthPitMine-LoadSite3 at 64.56983777522478
2025-09-11 21:06:25,893 [DEBUG] Truck: Time:<64.71992185754888> Truck:[CLTruck2] Arrived at NorthPitMine-DumpSite5 at 64.71992185754888
2025-09-11 21:06:25,893 [INFO] Truck: Time:<64.72457785841434> Truck:[CLTruck23] Finish unloading at dumper NorthPitMine-DumpSite5-点位1, dumper tons is 307.7827321081079
2025-09-11 21:06:25,894 [DEBUG] Truck: Time:<64.72457785841434> Truck:[CLTruck23] Start moving to ORDER(3):NorthPitMine-LoadSite4, move distance is 7.040058497526733, speed: 25
2025-09-11 21:06:25,894 [INFO] Truck: Time:<62> Truck:[CLTruck23] breakdown for 9.100005706695939 minutes at 62
2025-09-11 21:06:25,897 [INFO] Truck: Time:<65.14358916852369> Truck:[OfficalTruck4] is facing 0 mins delay caused by 1 pre-existing jam events on Road from NorthPitMine-LoadSite3 to NorthPitMine-DumpSite5
2025-09-11 21:06:25,897 [INFO] Truck: Time:<65.46634419541881> Truck:[CLTruck1] Finish loading at shovel NorthPitMine-LoadSite4-Shovel-1
2025-09-11 21:06:25,898 [DEBUG] Truck: Time:<65.46634419541881> Truck:[CLTruck1] Start moving to ORDER(1): NorthPitMine-DumpSite2, move distance is 1.6257040848067372, speed: 25
2025-09-11 21:06:25,898 [INFO] Truck: Time:<65> Truck:[CLTruck1] breakdown for 6.896427021729515 minutes at 65
2025-09-11 21:06:25,898 [INFO] Truck: Time:<65.46634419541881> Truck:[CLTruck10] Start loading at shovel NorthPitMine-LoadSite4-Shovel-1, load time is 2.5836614173228347
2025-09-11 21:06:25,898 [INFO] Truck: Time:<65.48764217285142> Truck:[CLTruck27] Arrived at NorthPitMine-LoadSite4 at 65.48764217285142
2025-09-11 21:06:25,898 [INFO] Truck: Time:<65.71992185754888> Truck:[CLTruck2] Finish unloading at dumper NorthPitMine-DumpSite5-点位0, dumper tons is 815.2656163964876
2025-09-11 21:06:25,898 [DEBUG] Truck: Time:<65.71992185754888> Truck:[CLTruck2] Start moving to ORDER(3):NorthPitMine-LoadSite4, move distance is 7.058862944855416, speed: 25
2025-09-11 21:06:25,898 [INFO] Truck: Time:<59> Truck:[CLTruck2] breakdown for 15.194475744832083 minutes at 59
2025-09-11 21:06:25,900 [DEBUG] Truck: Time:<65.82093602803518> Truck:[XHTruck10] Arrived at NorthPitMine-DumpSite1 at 65.82093602803518
2025-09-11 21:06:25,900 [INFO] Truck: Time:<65.87555555555555> Truck:[XHTruck7] Finish loading at shovel NorthPitMine-LoadSite2-Shovel-2
2025-09-11 21:06:25,900 [INFO] Truck: Time:<65.87555555555555> Truck:[XHTruck11] Finish loading at shovel NorthPitMine-LoadSite2-Shovel-3
2025-09-11 21:06:25,900 [INFO] Truck: Time:<65.87555555555555> Truck:[XHTruck16] Finish loading at shovel NorthPitMine-LoadSite2-Shovel-4
2025-09-11 21:06:25,900 [INFO] Truck: Time:<65.87555555555555> Truck:[XHTruck21] Finish loading at shovel NorthPitMine-LoadSite2-Shovel-5
2025-09-11 21:06:25,901 [DEBUG] Truck: Time:<65.87555555555555> Truck:[XHTruck7] Start moving to ORDER(4): NorthPitMine-DumpSite5, move distance is 4.5894814371853565, speed: 25
2025-09-11 21:06:25,901 [INFO] Truck: Time:<52> Truck:[XHTruck7] breakdown for 11.57138196868167 minutes at 52
2025-09-11 21:06:25,902 [DEBUG] Truck: Time:<65.87555555555555> Truck:[XHTruck11] Start moving to ORDER(4): NorthPitMine-DumpSite5, move distance is 4.844339860285788, speed: 25
2025-09-11 21:06:25,902 [INFO] Truck: Time:<43> Truck:[XHTruck11] breakdown for 10.407333986444744 minutes at 43
2025-09-11 21:06:25,902 [DEBUG] Truck: Time:<65.87555555555555> Truck:[XHTruck16] Start moving to ORDER(4): NorthPitMine-DumpSite5, move distance is 4.247020429341561, speed: 25
2025-09-11 21:06:25,902 [INFO] Truck: Time:<39> Truck:[XHTruck16] breakdown for 8.116415183384364 minutes at 39
2025-09-11 21:06:25,903 [DEBUG] Truck: Time:<65.87555555555555> Truck:[XHTruck21] Start moving to ORDER(4): NorthPitMine-DumpSite5, move distance is 4.117763584160965, speed: 25
2025-09-11 21:06:25,903 [INFO] Truck: Time:<59> Truck:[XHTruck21] breakdown for 10.643158095194721 minutes at 59
2025-09-11 21:06:25,904 [INFO] Truck: Time:<65.87555555555555> Truck:[XHTruck29] Start loading at shovel NorthPitMine-LoadSite2-Shovel-2, load time is 24.444444444444443
2025-09-11 21:06:25,906 [DEBUG] Truck: Time:<66.33696562346073> Truck:[OfficalTruck2] Arrived at NorthPitMine-DumpSite5 at 66.33696562346073
2025-09-11 21:06:25,906 [DEBUG] Truck: Time:<66.5078077431649> Truck:[CLTruck8] Arrived at NorthPitMine-DumpSite2 at 66.5078077431649
2025-09-11 21:06:25,906 [INFO] Truck: Time:<66.82093602803518> Truck:[XHTruck10] Finish unloading at dumper NorthPitMine-DumpSite1-点位0, dumper tons is 637.027313693781
2025-09-11 21:06:25,907 [DEBUG] Truck: Time:<66.82093602803518> Truck:[XHTruck10] Start moving to ORDER(2):NorthPitMine-LoadSite3, move distance is 4.092999200346102, speed: 25
2025-09-11 21:06:25,907 [INFO] Truck: Time:<66.82093602803518> Truck:[XHTruck10] is facing 0 mins delay caused by 1 pre-existing jam events on Road from NorthPitMine-DumpSite1 to NorthPitMine-LoadSite3
2025-09-11 21:06:25,907 [INFO] Truck: Time:<66.93139948040135> Truck:[XHTruck4] Arrived at NorthPitMine-LoadSite4 at 66.93139948040135
2025-09-11 21:06:25,908 [INFO] Truck: Time:<66.9798661296902> Truck:[XHTruck25] Arrived at NorthPitMine-LoadSite4 at 66.9798661296902
2025-09-11 21:06:25,911 [INFO] Truck: Time:<67.3367592815183> Truck:[OfficalTruck8] is facing 13.271803404522164 mins delay caused by 6 pre-existing jam events on Road from NorthPitMine-DumpSite5 to NorthPitMine-LoadSite4
2025-09-11 21:06:25,912 [INFO] Truck: Time:<67.33696562346073> Truck:[OfficalTruck2] Finish unloading at dumper NorthPitMine-DumpSite5-点位0, dumper tons is 894.0807590878089
2025-09-11 21:06:25,913 [DEBUG] Truck: Time:<67.33696562346073> Truck:[OfficalTruck2] Start moving to ORDER(3):NorthPitMine-LoadSite4, move distance is 6.445754020682462, speed: 25
2025-09-11 21:06:25,913 [INFO] Truck: Time:<67.33696562346073> Truck:[OfficalTruck2] is facing 18.281530585928028 mins delay caused by 6 pre-existing jam events on Road from NorthPitMine-DumpSite5 to NorthPitMine-LoadSite4
2025-09-11 21:06:25,913 [INFO] Truck: Time:<67.44471217687233> Truck:[CLTruck21] is facing 7.780653528556719 mins delay caused by 2 pre-existing jam events on Road from NorthPitMine-LoadSite3 to NorthPitMine-DumpSite5
2025-09-11 21:06:25,913 [INFO] Truck: Time:<67.5078077431649> Truck:[CLTruck8] Finish unloading at dumper NorthPitMine-DumpSite2-点位0, dumper tons is 363.9288125076752
2025-09-11 21:06:25,914 [DEBUG] Truck: Time:<67.5078077431649> Truck:[CLTruck8] Start moving to ORDER(4):NorthPitMine-LoadSite5, move distance is 6.656926907955935, speed: 25
2025-09-11 21:06:25,914 [INFO] Truck: Time:<64> Truck:[CLTruck8] breakdown for 14.395639177039383 minutes at 64
2025-09-11 21:06:25,914 [DEBUG] Truck: Time:<67.55551236879793> Truck:[CLTruck24] Arrived at NorthPitMine-DumpSite5 at 67.55551236879793
2025-09-11 21:06:25,914 [DEBUG] Truck: Time:<67.55810047231692> Truck:[OfficalTruck7] Arrived at NorthPitMine-DumpSite2 at 67.55810047231692
2025-09-11 21:06:25,915 [INFO] Truck: Time:<67.69331274257507> Truck:[CLTruck19] is facing 17.269305520687226 mins delay caused by 6 pre-existing jam events on Road from NorthPitMine-DumpSite5 to NorthPitMine-LoadSite4
2025-09-11 21:06:25,917 [INFO] Truck: Time:<68.04969814153525> Truck:[CLTruck11] is facing 12.141021809740845 mins delay caused by 6 pre-existing jam events on Road from NorthPitMine-DumpSite5 to NorthPitMine-LoadSite4
2025-09-11 21:06:25,917 [INFO] Truck: Time:<68.05000561274164> Truck:[CLTruck10] Finish loading at shovel NorthPitMine-LoadSite4-Shovel-1
2025-09-11 21:06:25,919 [DEBUG] Truck: Time:<68.05000561274164> Truck:[CLTruck10] Start moving to ORDER(1): NorthPitMine-DumpSite2, move distance is 1.6649673997482086, speed: 25
2025-09-11 21:06:25,919 [INFO] Truck: Time:<53> Truck:[CLTruck10] breakdown for 9.03091505698854 minutes at 53
2025-09-11 21:06:25,919 [INFO] Truck: Time:<68.05000561274164> Truck:[CLTruck27] Start loading at shovel NorthPitMine-LoadSite4-Shovel-1, load time is 2.5836614173228347
2025-09-11 21:06:25,919 [DEBUG] Truck: Time:<68.45606992191962> Truck:[CLTruck26] Arrived at NorthPitMine-DumpSite5 at 68.45606992191962
2025-09-11 21:06:25,919 [INFO] Truck: Time:<68.55551236879793> Truck:[CLTruck24] Finish unloading at dumper NorthPitMine-DumpSite5-点位0, dumper tons is 926.6968763704044
2025-09-11 21:06:25,919 [DEBUG] Truck: Time:<68.55551236879793> Truck:[CLTruck24] Start moving to ORDER(3):NorthPitMine-LoadSite4, move distance is 6.713327658314751, speed: 25
2025-09-11 21:06:25,920 [INFO] Truck: Time:<68.55551236879793> Truck:[CLTruck24] is facing 13.75679831849574 mins delay caused by 6 pre-existing jam events on Road from NorthPitMine-DumpSite5 to NorthPitMine-LoadSite4
2025-09-11 21:06:25,920 [INFO] Truck: Time:<68.55810047231692> Truck:[OfficalTruck7] Finish unloading at dumper NorthPitMine-DumpSite2-点位0, dumper tons is 447.83459598599
2025-09-11 21:06:25,920 [DEBUG] Truck: Time:<68.55810047231692> Truck:[OfficalTruck7] Start moving to ORDER(4):NorthPitMine-LoadSite5, move distance is 7.945105671700378, speed: 25
2025-09-11 21:06:25,920 [INFO] Truck: Time:<68.66331085074982> Truck:[CLTruck16] is facing 11.412748444854035 mins delay caused by 6 pre-existing jam events on Road from NorthPitMine-DumpSite5 to NorthPitMine-LoadSite4
2025-09-11 21:06:25,923 [INFO] Truck: Time:<69.07440891740254> Truck:[CLTruck4] is facing 0 mins delay caused by 2 pre-existing jam events on Road from NorthPitMine-LoadSite5 to NorthPitMine-DumpSite1
2025-09-11 21:06:25,924 [INFO] Truck: Time:<69.39283238398322> Truck:[XHTruck2] Arrived at NorthPitMine-LoadSite3 at 69.39283238398322
2025-09-11 21:06:25,924 [INFO] Truck: Time:<69.45606992191962> Truck:[CLTruck26] Finish unloading at dumper NorthPitMine-DumpSite5-点位1, dumper tons is 342.46976287878744
2025-09-11 21:06:25,925 [DEBUG] Truck: Time:<69.45606992191962> Truck:[CLTruck26] Start moving to ORDER(3):NorthPitMine-LoadSite4, move distance is 7.671438932841563, speed: 25
2025-09-11 21:06:25,925 [INFO] Truck: Time:<69.45606992191962> Truck:[CLTruck26] is facing 7.943134204091039 mins delay caused by 6 pre-existing jam events on Road from NorthPitMine-DumpSite5 to NorthPitMine-LoadSite4
2025-09-11 21:06:25,925 [INFO] Truck: Time:<69.69618309509747> Truck:[OfficalTruck3] Finish loading at shovel NorthPitMine-LoadSite3-Shovel-1
2025-09-11 21:06:25,926 [DEBUG] Truck: Time:<69.69618309509747> Truck:[OfficalTruck3] Start moving to ORDER(4): NorthPitMine-DumpSite5, move distance is 2.871351738517819, speed: 25
2025-09-11 21:06:25,926 [INFO] Truck: Time:<66> Truck:[OfficalTruck3] breakdown for 13.308642361029575 minutes at 66
2025-09-11 21:06:25,926 [INFO] Truck: Time:<69.69618309509747> Truck:[CLTruck22] Start loading at shovel NorthPitMine-LoadSite3-Shovel-1, load time is 2.5836614173228347
2025-09-11 21:06:25,929 [INFO] Truck: Time:<70.43494534393845> Truck:[OfficalTruck5] Arrived at NorthPitMine-LoadSite3 at 70.43494534393845
2025-09-11 21:06:25,929 [INFO] Truck: Time:<70.6287917148122> Truck:[CLTruck9] is facing 5.939525464515758 mins delay caused by 6 pre-existing jam events on Road from NorthPitMine-DumpSite5 to NorthPitMine-LoadSite4
2025-09-11 21:06:25,929 [INFO] Truck: Time:<70.63366703006447> Truck:[CLTruck27] Finish loading at shovel NorthPitMine-LoadSite4-Shovel-1
2025-09-11 21:06:25,929 [INFO] Truck: Time:<70.63366703006447> Shovel NorthPitMine-LoadSite4-Shovel-1 under maintenance for 46.88 minutes
2025-09-11 21:06:25,932 [DEBUG] Truck: Time:<71.25843607461903> Truck:[CLTruck3] Arrived at NorthPitMine-DumpSite5 at 71.25843607461903
2025-09-11 21:06:25,932 [INFO] Truck: Time:<71.30349503613932> Truck:[CLTruck25] Arrived at NorthPitMine-LoadSite3 at 71.30349503613932
2025-09-11 21:06:25,933 [INFO] Truck: Time:<71.86531594736972> Truck:[CLTruck17] Arrived at NorthPitMine-LoadSite5 at 71.86531594736972
2025-09-11 21:06:25,934 [INFO] Truck: Time:<71.86531594736972> Truck:[CLTruck17] Start loading at shovel NorthPitMine-LoadSite5-Shovel-2, load time is 2.5836614173228347
2025-09-11 21:06:25,934 [DEBUG] Truck: Time:<71.97054791530189> Truck:[OfficalTruck4] Arrived at NorthPitMine-DumpSite5 at 71.97054791530189
2025-09-11 21:06:25,934 [DEBUG] Truck: Time:<71.97322804313627> Truck:[XHTruck19] Arrived at NorthPitMine-DumpSite2 at 71.97322804313627
2025-09-11 21:06:25,935 [DEBUG] Truck: Time:<72.00984934076425> Truck:[XHTruck20] Arrived at NorthPitMine-DumpSite1 at 72.00984934076425
2025-09-11 21:06:25,935 [INFO] Truck: Time:<72.24035925357776> Truck:[CLTruck18] is facing 2.838896521876946 mins delay caused by 1 pre-existing jam events on Road from NorthPitMine-LoadSite3 to NorthPitMine-DumpSite5
2025-09-11 21:06:25,936 [INFO] Truck: Time:<72.25843607461903> Truck:[CLTruck3] Finish unloading at dumper NorthPitMine-DumpSite5-点位0, dumper tons is 958.7897400222857
2025-09-11 21:06:25,937 [DEBUG] Truck: Time:<72.25843607461903> Truck:[CLTruck3] Start moving to ORDER(3):NorthPitMine-LoadSite4, move distance is 7.501423706394122, speed: 25
2025-09-11 21:06:25,937 [INFO] Truck: Time:<72.25843607461903> Truck:[CLTruck3] is facing 0.8717993772379691 mins delay caused by 6 pre-existing jam events on Road from NorthPitMine-DumpSite5 to NorthPitMine-LoadSite4
2025-09-11 21:06:25,937 [INFO] Truck: Time:<72.2798445124203> Truck:[CLTruck22] Finish loading at shovel NorthPitMine-LoadSite3-Shovel-1
2025-09-11 21:06:25,938 [DEBUG] Truck: Time:<72.2798445124203> Truck:[CLTruck22] Start moving to ORDER(4): NorthPitMine-DumpSite5, move distance is 2.5924257510053716, speed: 25
2025-09-11 21:06:25,938 [INFO] Truck: Time:<72.2798445124203> Truck:[CLTruck22] is facing 3.153371886567678 mins delay caused by 1 pre-existing jam events on Road from NorthPitMine-LoadSite3 to NorthPitMine-DumpSite5
2025-09-11 21:06:25,938 [INFO] Truck: Time:<72.2798445124203> Truck:[OfficalTruck1] Start loading at shovel NorthPitMine-LoadSite3-Shovel-1, load time is 5.684055118110236
2025-09-11 21:06:25,939 [DEBUG] Truck: Time:<72.3902409070257> Truck:[CLTruck6] Arrived at NorthPitMine-DumpSite2 at 72.3902409070257
2025-09-11 21:06:25,939 [DEBUG] Truck: Time:<72.50813707886874> Truck:[XHTruck18] Arrived at NorthPitMine-DumpSite1 at 72.50813707886874
2025-09-11 21:06:25,939 [DEBUG] Truck: Time:<72.62603343553744> Truck:[XHTruck33] Arrived at NorthPitMine-DumpSite5 at 72.62603343553744
2025-09-11 21:06:25,939 [INFO] Truck: Time:<72.73879752150889> Truck:[CLTruck14] is facing 0 mins delay caused by 6 pre-existing jam events on Road from NorthPitMine-DumpSite5 to NorthPitMine-LoadSite4
2025-09-11 21:06:25,939 [DEBUG] Truck: Time:<72.9207577593413> Truck:[XHTruck8] Arrived at NorthPitMine-DumpSite2 at 72.9207577593413
2025-09-11 21:06:25,939 [INFO] Truck: Time:<72.97054791530189> Truck:[OfficalTruck4] Finish unloading at dumper NorthPitMine-DumpSite5-点位1, dumper tons is 417.55635091275235
2025-09-11 21:06:25,940 [DEBUG] Truck: Time:<72.97054791530189> Truck:[OfficalTruck4] Start moving to ORDER(3):NorthPitMine-LoadSite4, move distance is 7.426642938940493, speed: 25
2025-09-11 21:06:25,940 [INFO] Truck: Time:<68> Truck:[OfficalTruck4] breakdown for 5.358564148688942 minutes at 68
2025-09-11 21:06:25,940 [INFO] Truck: Time:<72.97322804313627> Truck:[XHTruck19] Finish unloading at dumper NorthPitMine-DumpSite2-点位0, dumper tons is 499.649456786297
2025-09-11 21:06:25,941 [DEBUG] Truck: Time:<72.97322804313627> Truck:[XHTruck19] Start moving to ORDER(4):NorthPitMine-LoadSite5, move distance is 7.8358816070304265, speed: 25
2025-09-11 21:06:25,942 [INFO] Truck: Time:<73.00984934076425> Truck:[XHTruck20] Finish unloading at dumper NorthPitMine-DumpSite1-点位0, dumper tons is 687.0954403029019
2025-09-11 21:06:25,943 [DEBUG] Truck: Time:<73.00984934076425> Truck:[XHTruck20] Start moving to ORDER(3):NorthPitMine-LoadSite4, move distance is 4.489982142873508, speed: 25
2025-09-11 21:06:25,943 [INFO] Truck: Time:<73.00984934076425> Truck:[XHTruck20] is facing 0 mins delay caused by 1 pre-existing jam events on Road from NorthPitMine-DumpSite1 to NorthPitMine-LoadSite4
2025-09-11 21:06:25,943 [INFO] Truck: Time:<73.3902409070257> Truck:[CLTruck6] Finish unloading at dumper NorthPitMine-DumpSite2-点位1, dumper tons is 152.07630629059958
2025-09-11 21:06:25,943 [DEBUG] Truck: Time:<73.3902409070257> Truck:[CLTruck6] Start moving to ORDER(4):NorthPitMine-LoadSite5, move distance is 9.204606671847706, speed: 25
2025-09-11 21:06:25,944 [INFO] Truck: Time:<73.50813707886874> Truck:[XHTruck18] Finish unloading at dumper NorthPitMine-DumpSite1-点位1, dumper tons is 196.02749611196123
2025-09-11 21:06:25,945 [DEBUG] Truck: Time:<73.50813707886874> Truck:[XHTruck18] Start moving to ORDER(3):NorthPitMine-LoadSite4, move distance is 4.849297188860989, speed: 25
2025-09-11 21:06:25,946 [INFO] Truck: Time:<66> Truck:[XHTruck18] breakdown for 10.749695613923075 minutes at 66
2025-09-11 21:06:25,946 [INFO] Truck: Time:<73.62603343553744> Truck:[XHTruck33] Finish unloading at dumper NorthPitMine-DumpSite5-点位0, dumper tons is 1018.1103260126324
2025-09-11 21:06:25,947 [DEBUG] Truck: Time:<73.62603343553744> Truck:[XHTruck33] Start moving to ORDER(3):NorthPitMine-LoadSite4, move distance is 7.531951921351901, speed: 25
2025-09-11 21:06:25,947 [INFO] Truck: Time:<73.62603343553744> Truck:[XHTruck33] is facing 0 mins delay caused by 6 pre-existing jam events on Road from NorthPitMine-DumpSite5 to NorthPitMine-LoadSite4
2025-09-11 21:06:25,947 [INFO] Truck: Time:<73.82458356511027> Truck:[CLTruck23] is facing 0 mins delay caused by 6 pre-existing jam events on Road from NorthPitMine-DumpSite5 to NorthPitMine-LoadSite4
2025-09-11 21:06:25,948 [INFO] Truck: Time:<73.9207577593413> Truck:[XHTruck8] Finish unloading at dumper NorthPitMine-DumpSite2-点位2, dumper tons is 94.02477240574578
2025-09-11 21:06:25,948 [DEBUG] Truck: Time:<73.9207577593413> Truck:[XHTruck8] Start moving to ORDER(4):NorthPitMine-LoadSite5, move distance is 8.349488030404515, speed: 25
2025-09-11 21:06:25,949 [INFO] Truck: Time:<71> Truck:[XHTruck8] breakdown for 11.156297807350636 minutes at 71
2025-09-11 21:06:25,949 [DEBUG] Truck: Time:<73.96700157568917> Truck:[XHTruck22] Arrived at NorthPitMine-DumpSite2 at 73.96700157568917
2025-09-11 21:06:25,951 [INFO] Truck: Time:<74.23579489833523> Truck:[XHTruck1] Arrived at NorthPitMine-LoadSite4 at 74.23579489833523
2025-09-11 21:06:25,952 [INFO] Truck: Time:<74.44897736469255> Truck:[CLTruck17] Finish loading at shovel NorthPitMine-LoadSite5-Shovel-2
2025-09-11 21:06:25,952 [INFO] Truck: Time:<74.44897736469255> Shovel NorthPitMine-LoadSite5-Shovel-2 under maintenance for 42.99 minutes
2025-09-11 21:06:25,952 [INFO] Truck: Time:<74.64774576784127> Shovel NorthPitMine-LoadSite5-Shovel-1 maintenance completed
2025-09-11 21:06:25,953 [DEBUG] Truck: Time:<74.64774576784127> Truck:[XHTruck24] Start moving to ORDER(0): NorthPitMine-DumpSite1, move distance is 5.15, speed: 25
2025-09-11 21:06:25,953 [INFO] Truck: Time:<52> Truck:[XHTruck24] breakdown for 12.031944403465902 minutes at 52
2025-09-11 21:06:25,953 [INFO] Truck: Time:<74.64774576784127> Truck:[XHTruck32] Start loading at shovel NorthPitMine-LoadSite5-Shovel-1, load time is 4.060039370078741
2025-09-11 21:06:25,953 [INFO] Truck: Time:<74.93068288648291> Truck:[XHTruck13] Arrived at NorthPitMine-LoadSite4 at 74.93068288648291
2025-09-11 21:06:25,953 [INFO] Truck: Time:<74.96700157568917> Truck:[XHTruck22] Finish unloading at dumper NorthPitMine-DumpSite2-点位0, dumper tons is 559.1682616220216
2025-09-11 21:06:25,954 [DEBUG] Truck: Time:<74.96700157568917> Truck:[XHTruck22] Start moving to ORDER(4):NorthPitMine-LoadSite5, move distance is 7.821926543830959, speed: 25
2025-09-11 21:06:25,962 [DEBUG] Truck: Time:<76.2644610206845> Truck:[CLTruck1] Arrived at NorthPitMine-DumpSite2 at 76.2644610206845
2025-09-11 21:06:25,962 [INFO] Truck: Time:<76.5351111111111> Truck:[CLTruck15] Finish loading at shovel NorthPitMine-LoadSite4-Shovel-3
2025-09-11 21:06:25,963 [INFO] Truck: Time:<76.5351111111111> Truck:[CLTruck13] Finish loading at shovel NorthPitMine-LoadSite4-Shovel-5
2025-09-11 21:06:25,964 [DEBUG] Truck: Time:<76.5351111111111> Truck:[CLTruck15] Start moving to ORDER(1): NorthPitMine-DumpSite2, move distance is 1.17, speed: 25
2025-09-11 21:06:25,964 [INFO] Truck: Time:<54> Truck:[CLTruck15] breakdown for 12.10845997540695 minutes at 54
2025-09-11 21:06:25,964 [DEBUG] Truck: Time:<76.5351111111111> Truck:[CLTruck13] Start moving to ORDER(1): NorthPitMine-DumpSite2, move distance is 1.17, speed: 25
2025-09-11 21:06:25,964 [INFO] Truck: Time:<69> Truck:[CLTruck13] breakdown for 7.892901282166415 minutes at 69
2025-09-11 21:06:25,965 [INFO] Truck: Time:<76.5351111111111> Truck:[XHTruck4] Start loading at shovel NorthPitMine-LoadSite4-Shovel-3, load time is 24.444444444444443
2025-09-11 21:06:25,965 [INFO] Truck: Time:<76.5351111111111> Truck:[XHTruck25] Start loading at shovel NorthPitMine-LoadSite4-Shovel-5, load time is 24.444444444444443
2025-09-11 21:06:25,965 [INFO] Truck: Time:<76.64413410886583> Truck:[XHTruck10] Arrived at NorthPitMine-LoadSite3 at 76.64413410886583
2025-09-11 21:06:25,967 [INFO] Truck: Time:<77.08092066973018> Truck:[CLTruck10] is facing 12.66344057680714 mins delay caused by 1 pre-existing jam events on Road from NorthPitMine-LoadSite4 to NorthPitMine-DumpSite2
2025-09-11 21:06:25,967 [DEBUG] Truck: Time:<77.20844411954772> Truck:[CLTruck29] Arrived at NorthPitMine-DumpSite2 at 77.20844411954772
2025-09-11 21:06:25,967 [INFO] Truck: Time:<77.2644610206845> Truck:[CLTruck1] Finish unloading at dumper NorthPitMine-DumpSite2-点位0, dumper tons is 592.5389577062896
2025-09-11 21:06:25,968 [DEBUG] Truck: Time:<77.2644610206845> Truck:[CLTruck1] Start moving to ORDER(4):NorthPitMine-LoadSite5, move distance is 7.01099190300447, speed: 25
2025-09-11 21:06:25,968 [INFO] Truck: Time:<77.2644610206845> Truck:[CLTruck1] is facing 2.907925977307326 mins delay caused by 1 pre-existing jam events on Road from NorthPitMine-DumpSite2 to NorthPitMine-LoadSite5
2025-09-11 21:06:25,968 [DEBUG] Truck: Time:<77.4765543009547> Truck:[XHTruck28] Arrived at NorthPitMine-DumpSite1 at 77.4765543009547
2025-09-11 21:06:25,968 [DEBUG] Truck: Time:<77.6201412334908> Truck:[XHTruck12] Arrived at NorthPitMine-DumpSite2 at 77.6201412334908
2025-09-11 21:06:25,968 [DEBUG] Truck: Time:<77.85551165813722> Truck:[XHTruck26] Arrived at NorthPitMine-DumpSite1 at 77.85551165813722
2025-09-11 21:06:25,968 [INFO] Truck: Time:<77.96389963053053> Truck:[OfficalTruck1] Finish loading at shovel NorthPitMine-LoadSite3-Shovel-1
2025-09-11 21:06:25,969 [DEBUG] Truck: Time:<77.96389963053053> Truck:[OfficalTruck1] Start moving to ORDER(4): NorthPitMine-DumpSite5, move distance is 2.881351108688748, speed: 25
2025-09-11 21:06:25,969 [INFO] Truck: Time:<64> Truck:[OfficalTruck1] breakdown for 3.671026375035577 minutes at 64
2025-09-11 21:06:25,969 [INFO] Truck: Time:<77.96389963053053> Truck:[XHTruck2] Start loading at shovel NorthPitMine-LoadSite3-Shovel-1, load time is 4.060039370078741
2025-09-11 21:06:25,972 [INFO] Truck: Time:<78.20844411954772> Truck:[CLTruck29] Finish unloading at dumper NorthPitMine-DumpSite2-点位1, dumper tons is 190.18446343903406
2025-09-11 21:06:25,973 [DEBUG] Truck: Time:<78.20844411954772> Truck:[CLTruck29] Start moving to ORDER(4):NorthPitMine-LoadSite5, move distance is 7.55527750969713, speed: 25
2025-09-11 21:06:25,973 [INFO] Truck: Time:<78.20844411954772> Truck:[CLTruck29] is facing 1.699809082523576 mins delay caused by 1 pre-existing jam events on Road from NorthPitMine-DumpSite2 to NorthPitMine-LoadSite5
2025-09-11 21:06:25,973 [INFO] Truck: Time:<78.2407650144063> Truck:[XHTruck6] is facing 0 mins delay caused by 1 pre-existing jam events on Road from NorthPitMine-DumpSite1 to NorthPitMine-LoadSite3
2025-09-11 21:06:25,974 [INFO] Truck: Time:<78.32911206399083> Truck:[OfficalTruck4] is facing 0 mins delay caused by 7 pre-existing jam events on Road from NorthPitMine-DumpSite5 to NorthPitMine-LoadSite4
2025-09-11 21:06:25,974 [INFO] Truck: Time:<78.4765543009547> Truck:[XHTruck28] Finish unloading at dumper NorthPitMine-DumpSite1-点位0, dumper tons is 736.7433909586696
2025-09-11 21:06:25,975 [DEBUG] Truck: Time:<78.4765543009547> Truck:[XHTruck28] Start moving to ORDER(3):NorthPitMine-LoadSite4, move distance is 4.7541515713066165, speed: 25
2025-09-11 21:06:25,975 [INFO] Truck: Time:<78.6201412334908> Truck:[XHTruck12] Finish unloading at dumper NorthPitMine-DumpSite2-点位0, dumper tons is 642.3336814188433
2025-09-11 21:06:25,976 [DEBUG] Truck: Time:<78.6201412334908> Truck:[XHTruck12] Start moving to ORDER(4):NorthPitMine-LoadSite5, move distance is 7.448924617835518, speed: 25
2025-09-11 21:06:25,976 [INFO] Truck: Time:<76> Truck:[XHTruck12] breakdown for 10.381760541540896 minutes at 76
2025-09-11 21:06:25,976 [INFO] Truck: Time:<78.70778513792001> Truck:[XHTruck32] Finish loading at shovel NorthPitMine-LoadSite5-Shovel-1
2025-09-11 21:06:25,977 [DEBUG] Truck: Time:<78.70778513792001> Truck:[XHTruck32] Start moving to ORDER(0): NorthPitMine-DumpSite1, move distance is 5.15, speed: 25
2025-09-11 21:06:25,977 [INFO] Truck: Time:<71> Truck:[XHTruck32] breakdown for 17.43250792457373 minutes at 71
2025-09-11 21:06:25,977 [INFO] Truck: Time:<78.78306485693378> Truck:[XHTruck14] Arrived at NorthPitMine-LoadSite4 at 78.78306485693378
2025-09-11 21:06:25,977 [INFO] Truck: Time:<78.85551165813722> Truck:[XHTruck26] Finish unloading at dumper NorthPitMine-DumpSite1-点位1, dumper tons is 248.34318854532387
2025-09-11 21:06:25,978 [DEBUG] Truck: Time:<78.85551165813722> Truck:[XHTruck26] Start moving to ORDER(3):NorthPitMine-LoadSite4, move distance is 4.58224450760011, speed: 25
2025-09-11 21:06:25,978 [INFO] Truck: Time:<78.9384674073346> Shovel LoadSite1-Shovel-5 maintenance completed
2025-09-11 21:06:25,979 [INFO] Road: [RoadEvent] Road from LoadSite1 to NorthPitMine-DumpSite5 is in repair，the repair will last for 48.87 mins, and will end at 127.81, vehicle on this road will have to suffer punish_distance.
2025-09-11 21:06:25,979 [DEBUG] Truck: Time:<78.9384674073346> Truck:[XHTruck23] Start moving to ORDER(4): NorthPitMine-DumpSite5, move distance is 4.888632868576997, speed: 25
2025-09-11 21:06:25,979 [INFO] Truck: Time:<43> Truck:[XHTruck23] breakdown for 9.029219603515479 minutes at 43
2025-09-11 21:06:25,981 [INFO] Truck: Time:<79.82405950424754> Truck:[XHTruck5] Arrived at NorthPitMine-LoadSite5 at 79.82405950424754
2025-09-11 21:06:25,981 [INFO] Truck: Time:<79.82405950424754> Truck:[XHTruck5] Start loading at shovel NorthPitMine-LoadSite5-Shovel-1, load time is 4.060039370078741
2025-09-11 21:06:25,986 [INFO] Truck: Time:<80.91439760238097> Truck:[CLTruck2] is facing 0 mins delay caused by 4 pre-existing jam events on Road from NorthPitMine-DumpSite5 to NorthPitMine-LoadSite4
2025-09-11 21:06:25,989 [INFO] Truck: Time:<81.22829301248191> Shovel NorthPitMine-LoadSite4-Shovel-4 maintenance completed
2025-09-11 21:06:25,990 [DEBUG] Truck: Time:<81.22829301248191> Truck:[CLTruck20] Start moving to ORDER(1): NorthPitMine-DumpSite2, move distance is 1.17, speed: 25
2025-09-11 21:06:25,990 [INFO] Truck: Time:<72> Truck:[CLTruck20] breakdown for 8.50254796967007 minutes at 72
2025-09-11 21:06:25,990 [INFO] Truck: Time:<81.22829301248191> Truck:[XHTruck17] Start loading at shovel NorthPitMine-LoadSite4-Shovel-4, load time is 24.444444444444443
2025-09-11 21:06:25,991 [INFO] Truck: Time:<81.628550967232> Truck:[CLTruck5] Arrived at NorthPitMine-LoadSite4 at 81.628550967232
2025-09-11 21:06:25,991 [DEBUG] Truck: Time:<81.65503820140087> Truck:[CLTruck22] Arrived at NorthPitMine-DumpSite5 at 81.65503820140087
2025-09-11 21:06:25,991 [DEBUG] Truck: Time:<81.66438713427016> Truck:[CLTruck21] Arrived at NorthPitMine-DumpSite5 at 81.66438713427016
2025-09-11 21:06:25,991 [DEBUG] Truck: Time:<81.6709590244259> Truck:[CLTruck18] Arrived at NorthPitMine-DumpSite5 at 81.6709590244259
2025-09-11 21:06:25,992 [INFO] Truck: Time:<81.75822222222223> Truck:[XHTruck9] Finish loading at shovel NorthPitMine-LoadSite3-Shovel-2
2025-09-11 21:06:25,992 [INFO] Truck: Time:<81.75822222222223> Truck:[XHTruck15] Finish loading at shovel NorthPitMine-LoadSite3-Shovel-3
2025-09-11 21:06:25,993 [DEBUG] Truck: Time:<81.75822222222223> Truck:[XHTruck9] Start moving to ORDER(4): NorthPitMine-DumpSite5, move distance is 2.648324623584788, speed: 25
2025-09-11 21:06:25,993 [INFO] Truck: Time:<52> Truck:[XHTruck9] breakdown for 7.791384633396216 minutes at 52
2025-09-11 21:06:25,993 [DEBUG] Truck: Time:<81.75822222222223> Truck:[XHTruck15] Start moving to ORDER(4): NorthPitMine-DumpSite5, move distance is 2.313859185659692, speed: 25
2025-09-11 21:06:25,993 [INFO] Truck: Time:<64> Truck:[XHTruck15] breakdown for 8.452854719298838 minutes at 64
2025-09-11 21:06:25,993 [INFO] Truck: Time:<81.75822222222223> Truck:[XHTruck27] Start loading at shovel NorthPitMine-LoadSite3-Shovel-2, load time is 24.444444444444443
2025-09-11 21:06:25,993 [INFO] Truck: Time:<81.75822222222223> Truck:[XHTruck31] Start loading at shovel NorthPitMine-LoadSite3-Shovel-3, load time is 24.444444444444443
2025-09-11 21:06:25,993 [INFO] Truck: Time:<81.90344692020429> Truck:[CLTruck8] is facing 0 mins delay caused by 1 pre-existing jam events on Road from NorthPitMine-DumpSite2 to NorthPitMine-LoadSite5
2025-09-11 21:06:25,998 [INFO] Truck: Time:<82.02393900060927> Truck:[XHTruck2] Finish loading at shovel NorthPitMine-LoadSite3-Shovel-1
2025-09-11 21:06:25,999 [DEBUG] Truck: Time:<82.02393900060927> Truck:[XHTruck2] Start moving to ORDER(4): NorthPitMine-DumpSite5, move distance is 2.390326581686931, speed: 25
2025-09-11 21:06:25,999 [INFO] Truck: Time:<75> Truck:[XHTruck2] breakdown for 12.611275105574812 minutes at 75
2025-09-11 21:06:26,000 [INFO] Truck: Time:<82.02393900060927> Truck:[OfficalTruck5] Start loading at shovel NorthPitMine-LoadSite3-Shovel-1, load time is 5.684055118110236
2025-09-11 21:06:26,000 [INFO] Truck: Time:<82.49050018241772> Truck:[CLTruck12] Arrived at NorthPitMine-LoadSite4 at 82.49050018241772
2025-09-11 21:06:26,000 [INFO] Truck: Time:<82.65503820140087> Truck:[CLTruck22] Finish unloading at dumper NorthPitMine-DumpSite5-点位0, dumper tons is 1055.0109304995444
2025-09-11 21:06:26,001 [DEBUG] Truck: Time:<82.65503820140087> Truck:[CLTruck22] Start moving to ORDER(3):NorthPitMine-LoadSite4, move distance is 5.34, speed: 25
2025-09-11 21:06:26,001 [INFO] Truck: Time:<77> Truck:[CLTruck22] breakdown for 11.304666917014599 minutes at 77
2025-09-11 21:06:26,001 [INFO] Truck: Time:<82.66438713427016> Truck:[CLTruck21] Finish unloading at dumper NorthPitMine-DumpSite5-点位1, dumper tons is 455.70398802720973
2025-09-11 21:06:26,002 [DEBUG] Truck: Time:<82.66438713427016> Truck:[CLTruck21] Start moving to ORDER(3):NorthPitMine-LoadSite4, move distance is 5.34, speed: 25
2025-09-11 21:06:26,002 [INFO] Truck: Time:<71> Truck:[CLTruck21] breakdown for 12.782225785421538 minutes at 71
2025-09-11 21:06:26,003 [INFO] Truck: Time:<82.6709590244259> Truck:[CLTruck18] Finish unloading at dumper NorthPitMine-DumpSite5-点位2, dumper tons is 70.1151001225411
2025-09-11 21:06:26,003 [DEBUG] Truck: Time:<82.6709590244259> Truck:[CLTruck18] Start moving to ORDER(3):NorthPitMine-LoadSite4, move distance is 5.34, speed: 25
2025-09-11 21:06:26,004 [INFO] Truck: Time:<76> Truck:[CLTruck18] breakdown for 9.586903471597822 minutes at 76
2025-09-11 21:06:26,004 [INFO] Truck: Time:<82.78269374608196> Truck:[OfficalTruck9] Arrived at NorthPitMine-LoadSite4 at 82.78269374608196
2025-09-11 21:06:26,008 [INFO] Truck: Time:<83.78580648366066> Truck:[XHTruck20] Arrived at NorthPitMine-LoadSite4 at 83.78580648366066
2025-09-11 21:06:26,009 [INFO] Truck: Time:<83.88409887432628> Truck:[XHTruck5] Finish loading at shovel NorthPitMine-LoadSite5-Shovel-1
2025-09-11 21:06:26,010 [DEBUG] Truck: Time:<83.88409887432628> Truck:[XHTruck5] Start moving to ORDER(0): NorthPitMine-DumpSite1, move distance is 5.15, speed: 25
2025-09-11 21:06:26,010 [INFO] Truck: Time:<69> Truck:[XHTruck5] breakdown for 10.379802652558416 minutes at 69
2025-09-11 21:06:26,013 [DEBUG] Truck: Time:<84.18481976935966> Truck:[XHTruck16] Arrived at NorthPitMine-DumpSite5 at 84.18481976935966
2025-09-11 21:06:26,013 [INFO] Truck: Time:<84.42801239327753> Truck:[CLTruck13] is facing 6.3877377473694255 mins delay caused by 1 pre-existing jam events on Road from NorthPitMine-LoadSite4 to NorthPitMine-DumpSite2
2025-09-11 21:06:26,013 [INFO] Truck: Time:<84.83982262803445> Truck:[CLTruck28] Arrived at NorthPitMine-LoadSite4 at 84.83982262803445
2025-09-11 21:06:26,015 [INFO] Truck: Time:<85.07705556669194> Truck:[XHTruck8] is facing 0 mins delay caused by 3 pre-existing jam events on Road from NorthPitMine-DumpSite2 to NorthPitMine-LoadSite5
2025-09-11 21:06:26,015 [INFO] Truck: Time:<85.18481976935966> Truck:[XHTruck16] Finish unloading at dumper NorthPitMine-DumpSite5-点位0, dumper tons is 1107.7779601046764
2025-09-11 21:06:26,016 [DEBUG] Truck: Time:<85.18481976935966> Truck:[XHTruck16] Start moving to ORDER(3):NorthPitMine-LoadSite4, move distance is 5.34, speed: 25
2025-09-11 21:06:26,016 [INFO] Truck: Time:<81> Truck:[XHTruck16] breakdown for 12.477916310620914 minutes at 81
2025-09-11 21:06:26,017 [INFO] Truck: Time:<85.424> Truck:[XHTruck30] Finish loading at shovel NorthPitMine-LoadSite4-Shovel-2
2025-09-11 21:06:26,017 [DEBUG] Truck: Time:<85.424> Truck:[XHTruck30] Start moving to ORDER(1): NorthPitMine-DumpSite2, move distance is 1.17, speed: 25
2025-09-11 21:06:26,017 [INFO] Truck: Time:<76> Truck:[XHTruck30] breakdown for 8.419576104930139 minutes at 76
2025-09-11 21:06:26,017 [INFO] Truck: Time:<85.424> Truck:[XHTruck3] Start loading at shovel NorthPitMine-LoadSite4-Shovel-2, load time is 24.444444444444443
2025-09-11 21:06:26,022 [DEBUG] Truck: Time:<86.40134625273659> Truck:[XHTruck21] Arrived at NorthPitMine-DumpSite5 at 86.40134625273659
2025-09-11 21:06:26,022 [DEBUG] Truck: Time:<86.67097456360945> Truck:[CLTruck4] Arrived at NorthPitMine-DumpSite1 at 86.67097456360945
2025-09-11 21:06:26,026 [INFO] Truck: Time:<87.26481218747564> Truck:[XHTruck6] Arrived at NorthPitMine-LoadSite3 at 87.26481218747564
2025-09-11 21:06:26,027 [INFO] Truck: Time:<87.40134625273659> Truck:[XHTruck21] Finish unloading at dumper NorthPitMine-DumpSite5-点位0, dumper tons is 1157.8185458388223
2025-09-11 21:06:26,028 [DEBUG] Truck: Time:<87.40134625273659> Truck:[XHTruck21] Start moving to ORDER(3):NorthPitMine-LoadSite4, move distance is 5.34, speed: 25
2025-09-11 21:06:26,028 [INFO] Truck: Time:<86> Truck:[XHTruck21] breakdown for 15.059484278022273 minutes at 86
2025-09-11 21:06:26,029 [INFO] Truck: Time:<87.62635408439783> Truck:[OfficalTruck7] Arrived at NorthPitMine-LoadSite5 at 87.62635408439783
2025-09-11 21:06:26,029 [INFO] Truck: Time:<87.62635408439783> Truck:[OfficalTruck7] Start loading at shovel NorthPitMine-LoadSite5-Shovel-1, load time is 5.684055118110236
2025-09-11 21:06:26,029 [INFO] Truck: Time:<87.67097456360945> Truck:[CLTruck4] Finish unloading at dumper NorthPitMine-DumpSite1-点位0, dumper tons is 771.9023474612404
2025-09-11 21:06:26,030 [INFO] Road: [RoadEvent] Road from NorthPitMine-DumpSite1 to NorthPitMine-LoadSite3 is in repair，the repair will last for 43.46 mins, and will end at 131.13, vehicle on this road will have to suffer punish_distance.
2025-09-11 21:06:26,030 [DEBUG] Truck: Time:<87.67097456360945> Truck:[CLTruck4] Start moving to ORDER(2):NorthPitMine-LoadSite3, move distance is 4.1432859688485735, speed: 25
2025-09-11 21:06:26,030 [INFO] Truck: Time:<87.70799411871951> Truck:[OfficalTruck5] Finish loading at shovel NorthPitMine-LoadSite3-Shovel-1
2025-09-11 21:06:26,031 [DEBUG] Truck: Time:<87.70799411871951> Truck:[OfficalTruck5] Start moving to ORDER(4): NorthPitMine-DumpSite5, move distance is 2.560396752520266, speed: 25
2025-09-11 21:06:26,031 [INFO] Truck: Time:<77> Truck:[OfficalTruck5] breakdown for 12.698642976037915 minutes at 77
2025-09-11 21:06:26,031 [INFO] Truck: Time:<87.70799411871951> Truck:[XHTruck10] Start loading at shovel NorthPitMine-LoadSite3-Shovel-1, load time is 4.060039370078741
2025-09-11 21:06:26,031 [DEBUG] Truck: Time:<87.90930520668618> Truck:[XHTruck11] Arrived at NorthPitMine-DumpSite5 at 87.90930520668618
2025-09-11 21:06:26,034 [DEBUG] Truck: Time:<88.46169297348209> Truck:[XHTruck7] Arrived at NorthPitMine-DumpSite5 at 88.46169297348209
2025-09-11 21:06:26,034 [DEBUG] Truck: Time:<88.55016866641911> Truck:[OfficalTruck1] Arrived at NorthPitMine-DumpSite5 at 88.55016866641911
2025-09-11 21:06:26,034 [INFO] Truck: Time:<88.64357108651805> Truck:[CLTruck15] is facing 2.172179054128901 mins delay caused by 1 pre-existing jam events on Road from NorthPitMine-LoadSite4 to NorthPitMine-DumpSite2
2025-09-11 21:06:26,035 [INFO] Truck: Time:<88.90930520668618> Truck:[XHTruck11] Finish unloading at dumper NorthPitMine-DumpSite5-点位0, dumper tons is 1209.9802787968729
2025-09-11 21:06:26,035 [DEBUG] Truck: Time:<88.90930520668618> Truck:[XHTruck11] Start moving to ORDER(3):NorthPitMine-LoadSite4, move distance is 5.34, speed: 25
2025-09-11 21:06:26,035 [INFO] Truck: Time:<86> Truck:[XHTruck11] breakdown for 10.315366689362024 minutes at 86
2025-09-11 21:06:26,038 [INFO] Truck: Time:<89.0019017750317> Truck:[XHTruck12] is facing 8.053469090962492 mins delay caused by 5 pre-existing jam events on Road from NorthPitMine-DumpSite2 to NorthPitMine-LoadSite5
2025-09-11 21:06:26,038 [INFO] Truck: Time:<89.46169297348209> Truck:[XHTruck7] Finish unloading at dumper NorthPitMine-DumpSite5-点位1, dumper tons is 507.52766480378335
2025-09-11 21:06:26,039 [DEBUG] Truck: Time:<89.46169297348209> Truck:[XHTruck7] Start moving to ORDER(3):NorthPitMine-LoadSite4, move distance is 5.34, speed: 25
2025-09-11 21:06:26,039 [INFO] Truck: Time:<89.46169297348209> Truck:[XHTruck7] is facing 3.970170757200222 mins delay caused by 4 pre-existing jam events on Road from NorthPitMine-DumpSite5 to NorthPitMine-LoadSite4
2025-09-11 21:06:26,039 [INFO] Truck: Time:<89.55016866641911> Truck:[OfficalTruck1] Finish unloading at dumper NorthPitMine-DumpSite5-点位2, dumper tons is 147.76940832902957
2025-09-11 21:06:26,040 [DEBUG] Truck: Time:<89.55016866641911> Truck:[OfficalTruck1] Start moving to ORDER(3):NorthPitMine-LoadSite4, move distance is 5.34, speed: 25
2025-09-11 21:06:26,040 [INFO] Truck: Time:<89.55016866641911> Truck:[OfficalTruck1] is facing 3.881695064263198 mins delay caused by 4 pre-existing jam events on Road from NorthPitMine-DumpSite5 to NorthPitMine-LoadSite4
2025-09-11 21:06:26,040 [INFO] Truck: Time:<89.73084098215199> Truck:[CLTruck20] is facing 1.0849091584949635 mins delay caused by 1 pre-existing jam events on Road from NorthPitMine-LoadSite4 to NorthPitMine-DumpSite2
2025-09-11 21:06:26,041 [INFO] Truck: Time:<89.85289847637748> Truck:[XHTruck26] Arrived at NorthPitMine-LoadSite4 at 89.85289847637748
2025-09-11 21:06:26,041 [INFO] Truck: Time:<89.88651807209058> Truck:[XHTruck28] Arrived at NorthPitMine-LoadSite4 at 89.88651807209058
2025-09-11 21:06:26,041 [DEBUG] Truck: Time:<89.8960696285698> Truck:[OfficalTruck3] Arrived at NorthPitMine-DumpSite5 at 89.8960696285698
2025-09-11 21:06:26,042 [INFO] Truck: Time:<90.32> Truck:[XHTruck29] Finish loading at shovel NorthPitMine-LoadSite2-Shovel-2
2025-09-11 21:06:26,043 [DEBUG] Truck: Time:<90.32> Truck:[XHTruck29] Start moving to ORDER(4): NorthPitMine-DumpSite5, move distance is 3.18, speed: 25
2025-09-11 21:06:26,043 [INFO] Truck: Time:<85> Truck:[XHTruck29] breakdown for 9.015941947525246 minutes at 85
2025-09-11 21:06:26,043 [INFO] Truck: Time:<90.72072395917444> Truck:[CLTruck23] Arrived at NorthPitMine-LoadSite4 at 90.72072395917444
2025-09-11 21:06:26,044 [INFO] Truck: Time:<90.8960696285698> Truck:[OfficalTruck3] Finish unloading at dumper NorthPitMine-DumpSite5-点位0, dumper tons is 1279.8755926435056
2025-09-11 21:06:26,044 [DEBUG] Truck: Time:<90.8960696285698> Truck:[OfficalTruck3] Start moving to ORDER(3):NorthPitMine-LoadSite4, move distance is 5.34, speed: 25
2025-09-11 21:06:26,044 [INFO] Truck: Time:<90.8960696285698> Truck:[OfficalTruck3] is facing 2.5357941021125043 mins delay caused by 4 pre-existing jam events on Road from NorthPitMine-DumpSite5 to NorthPitMine-LoadSite4
2025-09-11 21:06:26,047 [INFO] Truck: Time:<91.13365234720288> Truck:[CLTruck3] Arrived at NorthPitMine-LoadSite4 at 91.13365234720288
2025-09-11 21:06:26,048 [INFO] Truck: Time:<91.55687640668366> Truck:[CLTruck14] Arrived at NorthPitMine-LoadSite4 at 91.55687640668366
2025-09-11 21:06:26,048 [INFO] Truck: Time:<91.702718046782> Truck:[XHTruck33] Arrived at NorthPitMine-LoadSite4 at 91.702718046782
2025-09-11 21:06:26,048 [INFO] Truck: Time:<91.76803348879825> Truck:[XHTruck10] Finish loading at shovel NorthPitMine-LoadSite3-Shovel-1
2025-09-11 21:06:26,049 [DEBUG] Truck: Time:<91.76803348879825> Truck:[XHTruck10] Start moving to ORDER(4): NorthPitMine-DumpSite5, move distance is 2.573496803735439, speed: 25
2025-09-11 21:06:26,049 [INFO] Truck: Time:<81> Truck:[XHTruck10] breakdown for 13.34787714870673 minutes at 81
2025-09-11 21:06:26,049 [INFO] Truck: Time:<91.76803348879825> Truck:[XHTruck6] Start loading at shovel NorthPitMine-LoadSite3-Shovel-1, load time is 4.060039370078741
2025-09-11 21:06:26,049 [INFO] Truck: Time:<91.7793439000093> Truck:[XHTruck19] Arrived at NorthPitMine-LoadSite5 at 91.7793439000093
2025-09-11 21:06:26,051 [INFO] Truck: Time:<92.25786249602372> Truck:[CLTruck18] is facing 1.17400123465859 mins delay caused by 2 pre-existing jam events on Road from NorthPitMine-DumpSite5 to NorthPitMine-LoadSite4
2025-09-11 21:06:26,055 [INFO] Truck: Time:<93.31040920250807> Truck:[OfficalTruck7] Finish loading at shovel NorthPitMine-LoadSite5-Shovel-1
2025-09-11 21:06:26,055 [DEBUG] Truck: Time:<93.31040920250807> Truck:[OfficalTruck7] Start moving to ORDER(0): NorthPitMine-DumpSite1, move distance is 5.15, speed: 25
2025-09-11 21:06:26,055 [INFO] Truck: Time:<93.31040920250807> Truck:[XHTruck19] Start loading at shovel NorthPitMine-LoadSite5-Shovel-1, load time is 4.060039370078741
2025-09-11 21:06:26,056 [DEBUG] Truck: Time:<93.62375014064695> Truck:[CLTruck13] Arrived at NorthPitMine-DumpSite2 at 93.62375014064695
2025-09-11 21:06:26,056 [DEBUG] Truck: Time:<93.62375014064695> Truck:[CLTruck15] Arrived at NorthPitMine-DumpSite2 at 93.62375014064695
2025-09-11 21:06:26,056 [DEBUG] Truck: Time:<93.62375014064695> Truck:[CLTruck20] Arrived at NorthPitMine-DumpSite2 at 93.62375014064695
2025-09-11 21:06:26,056 [INFO] Truck: Time:<93.73962528088347> Truck:[XHTruck22] Arrived at NorthPitMine-LoadSite5 at 93.73962528088347
2025-09-11 21:06:26,056 [DEBUG] Truck: Time:<93.74028300593301> Truck:[CLTruck10] Arrived at NorthPitMine-DumpSite2 at 93.74028300593301
2025-09-11 21:06:26,057 [INFO] Truck: Time:<93.86065665182866> Truck:[CLTruck9] Arrived at NorthPitMine-LoadSite4 at 93.86065665182866
2025-09-11 21:06:26,057 [INFO] Truck: Time:<93.95970511841547> Truck:[CLTruck22] is facing 6.449878215186773 mins delay caused by 3 pre-existing jam events on Road from NorthPitMine-DumpSite5 to NorthPitMine-LoadSite4
2025-09-11 21:06:26,060 [INFO] Truck: Time:<94.62375014064695> Truck:[CLTruck13] Finish unloading at dumper NorthPitMine-DumpSite2-点位0, dumper tons is 673.8612351444976
2025-09-11 21:06:26,060 [INFO] Truck: Time:<94.62375014064695> Truck:[CLTruck15] Finish unloading at dumper NorthPitMine-DumpSite2-点位1, dumper tons is 224.93704990636752
2025-09-11 21:06:26,060 [INFO] Truck: Time:<94.62375014064695> Truck:[CLTruck20] Finish unloading at dumper NorthPitMine-DumpSite2-点位2, dumper tons is 130.71559789176757
2025-09-11 21:06:26,061 [INFO] Road: [RoadEvent] Road from NorthPitMine-DumpSite2 to NorthPitMine-LoadSite3 is in repair，the repair will last for 56.53 mins, and will end at 151.15, vehicle on this road will have to suffer punish_distance.
2025-09-11 21:06:26,061 [DEBUG] Truck: Time:<94.62375014064695> Truck:[CLTruck13] Start moving to ORDER(2):NorthPitMine-LoadSite3, move distance is 4.672112979823683, speed: 25
2025-09-11 21:06:26,061 [DEBUG] Truck: Time:<94.62375014064695> Truck:[CLTruck15] Start moving to ORDER(2):NorthPitMine-LoadSite3, move distance is 4.148220705339356, speed: 25
2025-09-11 21:06:26,062 [DEBUG] Truck: Time:<94.62375014064695> Truck:[CLTruck20] Start moving to ORDER(2):NorthPitMine-LoadSite3, move distance is 5.184384919732436, speed: 25
2025-09-11 21:06:26,062 [INFO] Truck: Time:<91> Truck:[CLTruck20] breakdown for 12.090257166327463 minutes at 91
2025-09-11 21:06:26,062 [INFO] Truck: Time:<94.74028300593301> Truck:[CLTruck10] Finish unloading at dumper NorthPitMine-DumpSite2-点位3, dumper tons is 38.12090411718381
2025-09-11 21:06:26,062 [DEBUG] Truck: Time:<94.74028300593301> Truck:[CLTruck10] Start moving to ORDER(2):NorthPitMine-LoadSite3, move distance is 4.047620053600869, speed: 25
2025-09-11 21:06:26,063 [INFO] Truck: Time:<88> Truck:[CLTruck10] breakdown for 11.86946170268048 minutes at 88
2025-09-11 21:06:26,067 [INFO] Truck: Time:<95.44661291969169> Truck:[CLTruck21] is facing 4.962970413910556 mins delay caused by 3 pre-existing jam events on Road from NorthPitMine-DumpSite5 to NorthPitMine-LoadSite4
2025-09-11 21:06:26,068 [INFO] Truck: Time:<95.48129691946019> Truck:[CLTruck6] Arrived at NorthPitMine-LoadSite5 at 95.48129691946019
2025-09-11 21:06:26,068 [DEBUG] Truck: Time:<95.76433898710434> Truck:[XHTruck15] Arrived at NorthPitMine-DumpSite5 at 95.76433898710434
2025-09-11 21:06:26,068 [INFO] Truck: Time:<95.81065756483041> Truck:[CLTruck26] Arrived at NorthPitMine-LoadSite4 at 95.81065756483041
2025-09-11 21:06:26,068 [INFO] Truck: Time:<95.828072858877> Truck:[XHTruck6] Finish loading at shovel NorthPitMine-LoadSite3-Shovel-1
2025-09-11 21:06:26,069 [DEBUG] Truck: Time:<95.828072858877> Truck:[XHTruck6] Start moving to ORDER(4): NorthPitMine-DumpSite5, move distance is 2.519014200830016, speed: 25
2025-09-11 21:06:26,069 [INFO] Truck: Time:<93> Truck:[XHTruck6] breakdown for 6.091275632776229 minutes at 93
2025-09-11 21:06:26,069 [INFO] Truck: Time:<95.8961459460582> Truck:[XHTruck18] Arrived at NorthPitMine-LoadSite4 at 95.8961459460582
2025-09-11 21:06:26,069 [DEBUG] Truck: Time:<95.90558595222194> Truck:[XHTruck9] Arrived at NorthPitMine-DumpSite5 at 95.90558595222194
2025-09-11 21:06:26,073 [INFO] Truck: Time:<96.14029306249374> Truck:[XHTruck32] is facing 8.824412850618849 mins delay caused by 1 pre-existing jam events on Road from NorthPitMine-LoadSite5 to NorthPitMine-DumpSite1
2025-09-11 21:06:26,073 [INFO] Truck: Time:<96.15305511744802> Truck:[OfficalTruck4] Arrived at NorthPitMine-LoadSite4 at 96.15305511744802
2025-09-11 21:06:26,074 [DEBUG] Truck: Time:<96.65157610493014> Truck:[XHTruck30] Arrived at NorthPitMine-DumpSite2 at 96.65157610493014
2025-09-11 21:06:26,074 [INFO] Truck: Time:<96.76433898710434> Truck:[XHTruck15] Finish unloading at dumper NorthPitMine-DumpSite5-点位0, dumper tons is 1338.9109933567374
2025-09-11 21:06:26,075 [DEBUG] Truck: Time:<96.76433898710434> Truck:[XHTruck15] Start moving to ORDER(3):NorthPitMine-LoadSite4, move distance is 5.34, speed: 25
2025-09-11 21:06:26,075 [INFO] Truck: Time:<96.76433898710434> Truck:[XHTruck15] is facing 10.747666821842284 mins delay caused by 4 pre-existing jam events on Road from NorthPitMine-DumpSite5 to NorthPitMine-LoadSite4
2025-09-11 21:06:26,075 [INFO] Truck: Time:<96.90558595222194> Truck:[XHTruck9] Finish unloading at dumper NorthPitMine-DumpSite5-点位1, dumper tons is 562.5016694488546
2025-09-11 21:06:26,076 [DEBUG] Truck: Time:<96.90558595222194> Truck:[XHTruck9] Start moving to ORDER(3):NorthPitMine-LoadSite4, move distance is 5.34, speed: 25
2025-09-11 21:06:26,076 [INFO] Truck: Time:<96.90558595222194> Truck:[XHTruck9] is facing 10.465172891607079 mins delay caused by 4 pre-existing jam events on Road from NorthPitMine-DumpSite5 to NorthPitMine-LoadSite4
2025-09-11 21:06:26,076 [INFO] Truck: Time:<96.99876756520254> Truck:[CLTruck1] Arrived at NorthPitMine-LoadSite5 at 96.99876756520254
2025-09-11 21:06:26,077 [INFO] Truck: Time:<97.37044857258681> Truck:[XHTruck19] Finish loading at shovel NorthPitMine-LoadSite5-Shovel-1
2025-09-11 21:06:26,077 [DEBUG] Truck: Time:<97.37044857258681> Truck:[XHTruck19] Start moving to ORDER(0): NorthPitMine-DumpSite1, move distance is 5.15, speed: 25
2025-09-11 21:06:26,077 [INFO] Truck: Time:<76> Truck:[XHTruck19] breakdown for 8.745860134271515 minutes at 76
2025-09-11 21:06:26,081 [INFO] Truck: Time:<97.37044857258681> Truck:[XHTruck22] Start loading at shovel NorthPitMine-LoadSite5-Shovel-1, load time is 4.060039370078741
2025-09-11 21:06:26,081 [INFO] Truck: Time:<97.61486088884602> Truck:[CLTruck4] Arrived at NorthPitMine-LoadSite3 at 97.61486088884602
2025-09-11 21:06:26,081 [INFO] Truck: Time:<97.61486088884602> Truck:[CLTruck4] Start loading at shovel NorthPitMine-LoadSite3-Shovel-1, load time is 2.5836614173228347
2025-09-11 21:06:26,082 [INFO] Truck: Time:<97.65157610493014> Truck:[XHTruck30] Finish unloading at dumper NorthPitMine-DumpSite2-点位0, dumper tons is 729.6143416195094
2025-09-11 21:06:26,082 [DEBUG] Truck: Time:<97.65157610493014> Truck:[XHTruck30] Start moving to ORDER(2):NorthPitMine-LoadSite3, move distance is 4.688385292470194, speed: 25
2025-09-11 21:06:26,083 [INFO] Truck: Time:<97.66273607998058> Truck:[XHTruck16] is facing 8.997401831448846 mins delay caused by 5 pre-existing jam events on Road from NorthPitMine-DumpSite5 to NorthPitMine-LoadSite4
2025-09-11 21:06:26,083 [INFO] Truck: Time:<97.68111799313193> Truck:[CLTruck16] Arrived at NorthPitMine-LoadSite4 at 97.68111799313193
2025-09-11 21:06:26,083 [INFO] Truck: Time:<97.85566867003396> Truck:[CLTruck2] Arrived at NorthPitMine-LoadSite4 at 97.85566867003396
2025-09-11 21:06:26,083 [INFO] Truck: Time:<97.88007149929854> Truck:[CLTruck8] Arrived at NorthPitMine-LoadSite5 at 97.88007149929854
2025-09-11 21:06:26,086 [INFO] Truck: Time:<98.04091922534441> Truck:[CLTruck29] Arrived at NorthPitMine-LoadSite5 at 98.04091922534441
2025-09-11 21:06:26,086 [INFO] Truck: Time:<98.42429706724907> Truck:[CLTruck24] Arrived at NorthPitMine-LoadSite4 at 98.42429706724907
2025-09-11 21:06:26,086 [INFO] Truck: Time:<98.61785867690637> Truck:[CLTruck11] Arrived at NorthPitMine-LoadSite4 at 98.61785867690637
2025-09-11 21:06:26,089 [DEBUG] Truck: Time:<99.03969017130717> Truck:[XHTruck24] Arrived at NorthPitMine-DumpSite1 at 99.03969017130717
2025-09-11 21:06:26,089 [INFO] Truck: Time:<99.2246718960482> Truck:[XHTruck11] is facing 5.827001003954546 mins delay caused by 5 pre-existing jam events on Road from NorthPitMine-DumpSite5 to NorthPitMine-LoadSite4
2025-09-11 21:06:26,089 [DEBUG] Truck: Time:<99.70040589543488> Truck:[XHTruck23] Arrived at NorthPitMine-DumpSite5 at 99.70040589543488
2025-09-11 21:06:26,090 [INFO] Truck: Time:<99.78054383052003> Truck:[OfficalTruck8] Arrived at NorthPitMine-LoadSite4 at 99.78054383052003
2025-09-11 21:06:26,093 [INFO] Truck: Time:<100.03969017130717> Truck:[XHTruck24] Finish unloading at dumper NorthPitMine-DumpSite1-点位0, dumper tons is 831.8345142066509
2025-09-11 21:06:26,094 [DEBUG] Truck: Time:<100.03969017130717> Truck:[XHTruck24] Start moving to ORDER(2):NorthPitMine-LoadSite3, move distance is 4.1679849495007195, speed: 25
2025-09-11 21:06:26,094 [INFO] Truck: Time:<89> Truck:[XHTruck24] breakdown for 8.802660280000435 minutes at 89
2025-09-11 21:06:26,094 [INFO] Truck: Time:<100.19852230616885> Truck:[CLTruck4] Finish loading at shovel NorthPitMine-LoadSite3-Shovel-1
2025-09-11 21:06:26,095 [DEBUG] Truck: Time:<100.19852230616885> Truck:[CLTruck4] Start moving to ORDER(4): NorthPitMine-DumpSite5, move distance is 1.86, speed: 25
2025-09-11 21:06:26,095 [INFO] Truck: Time:<94> Truck:[CLTruck4] breakdown for 8.511507989134383 minutes at 94
2025-09-11 21:06:26,096 [DEBUG] Truck: Time:<100.37199790223274> Truck:[XHTruck2] Arrived at NorthPitMine-DumpSite5 at 100.37199790223274
2025-09-11 21:06:26,096 [INFO] Truck: Time:<100.39044605209389> Truck:[CLTruck19] Arrived at NorthPitMine-LoadSite4 at 100.39044605209389
2025-09-11 21:06:26,096 [INFO] Truck: Time:<100.40663709475743> Truck:[OfficalTruck5] is facing 3.2927923676009385 mins delay caused by 1 pre-existing jam events on Road from NorthPitMine-LoadSite3 to NorthPitMine-DumpSite5
2025-09-11 21:06:26,096 [INFO] Truck: Time:<100.70040589543488> Truck:[XHTruck23] Finish unloading at dumper NorthPitMine-DumpSite5-点位0, dumper tons is 1398.201296944032
2025-09-11 21:06:26,097 [DEBUG] Truck: Time:<100.70040589543488> Truck:[XHTruck23] Start moving to ORDER(3):NorthPitMine-LoadSite4, move distance is 5.34, speed: 25
2025-09-11 21:06:26,097 [INFO] Truck: Time:<93> Truck:[XHTruck23] breakdown for 6.95007639513321 minutes at 93
2025-09-11 21:06:26,097 [INFO] Truck: Time:<100.97955555555555> Truck:[XHTruck4] Finish loading at shovel NorthPitMine-LoadSite4-Shovel-3
2025-09-11 21:06:26,097 [INFO] Truck: Time:<100.97955555555555> Truck:[XHTruck25] Finish loading at shovel NorthPitMine-LoadSite4-Shovel-5
2025-09-11 21:06:26,098 [DEBUG] Truck: Time:<100.97955555555555> Truck:[XHTruck4] Start moving to ORDER(1): NorthPitMine-DumpSite2, move distance is 1.17, speed: 25
2025-09-11 21:06:26,098 [INFO] Truck: Time:<65> Truck:[XHTruck4] breakdown for 10.167853188565815 minutes at 65
2025-09-11 21:06:26,098 [DEBUG] Truck: Time:<100.97955555555555> Truck:[XHTruck25] Start moving to ORDER(1): NorthPitMine-DumpSite2, move distance is 1.17, speed: 25
2025-09-11 21:06:26,098 [INFO] Truck: Time:<80> Truck:[XHTruck25] breakdown for 11.81022808404706 minutes at 80
2025-09-11 21:06:26,098 [INFO] Truck: Time:<100.97955555555555> Truck:[XHTruck14] Start loading at shovel NorthPitMine-LoadSite4-Shovel-3, load time is 24.444444444444443
2025-09-11 21:06:26,099 [INFO] Truck: Time:<100.97955555555555> Truck:[CLTruck12] Start loading at shovel NorthPitMine-LoadSite4-Shovel-5, load time is 15.555555555555555
2025-09-11 21:06:26,102 [INFO] Truck: Time:<101.08830585902666> Truck:[OfficalTruck2] Arrived at NorthPitMine-LoadSite4 at 101.08830585902666
2025-09-11 21:06:26,102 [INFO] Truck: Time:<101.37199790223274> Truck:[XHTruck2] Finish unloading at dumper NorthPitMine-DumpSite5-点位1, dumper tons is 612.315798301196
2025-09-11 21:06:26,104 [DEBUG] Truck: Time:<101.37199790223274> Truck:[XHTruck2] Start moving to ORDER(3):NorthPitMine-LoadSite4, move distance is 5.34, speed: 25
2025-09-11 21:06:26,104 [INFO] Truck: Time:<100> Truck:[XHTruck2] breakdown for 12.18932663330795 minutes at 100
2025-09-11 21:06:26,104 [INFO] Truck: Time:<101.43048794266555> Truck:[XHTruck22] Finish loading at shovel NorthPitMine-LoadSite5-Shovel-1
2025-09-11 21:06:26,104 [DEBUG] Truck: Time:<101.43048794266555> Truck:[XHTruck22] Start moving to ORDER(0): NorthPitMine-DumpSite1, move distance is 5.15, speed: 25
2025-09-11 21:06:26,106 [INFO] Truck: Time:<81> Truck:[XHTruck22] breakdown for 12.974851715539337 minutes at 81
2025-09-11 21:06:26,106 [INFO] Truck: Time:<101.43048794266555> Truck:[CLTruck1] Start loading at shovel NorthPitMine-LoadSite5-Shovel-1, load time is 2.5836614173228347
2025-09-11 21:06:26,106 [INFO] Truck: Time:<101.91934849165322> Truck:[XHTruck6] is facing 1.8682643301027442 mins delay caused by 1 pre-existing jam events on Road from NorthPitMine-LoadSite3 to NorthPitMine-DumpSite5
2025-09-11 21:06:26,109 [INFO] Truck: Time:<102.46083053075886> Truck:[XHTruck21] is facing 3.099001936399447 mins delay caused by 5 pre-existing jam events on Road from NorthPitMine-DumpSite5 to NorthPitMine-LoadSite4
2025-09-11 21:06:26,112 [INFO] Truck: Time:<104.01414935998838> Truck:[CLTruck1] Finish loading at shovel NorthPitMine-LoadSite5-Shovel-1
2025-09-11 21:06:26,112 [DEBUG] Truck: Time:<104.01414935998838> Truck:[CLTruck1] Start moving to ORDER(0): NorthPitMine-DumpSite1, move distance is 5.15, speed: 25
2025-09-11 21:06:26,112 [INFO] Truck: Time:<86> Truck:[CLTruck1] breakdown for 4.635800645634322 minutes at 86
2025-09-11 21:06:26,112 [INFO] Truck: Time:<104.01414935998838> Truck:[CLTruck8] Start loading at shovel NorthPitMine-LoadSite5-Shovel-1, load time is 2.5836614173228347
2025-09-11 21:06:26,116 [INFO] Truck: Time:<104.5794798334614> Truck:[CLTruck15] Arrived at NorthPitMine-LoadSite3 at 104.5794798334614
2025-09-11 21:06:26,116 [INFO] Truck: Time:<104.5794798334614> Truck:[CLTruck15] Start loading at shovel NorthPitMine-LoadSite3-Shovel-1, load time is 2.5836614173228347
2025-09-11 21:06:26,118 [INFO] Truck: Time:<105.11582683966277> Truck:[XHTruck8] Arrived at NorthPitMine-LoadSite5 at 105.11582683966277
2025-09-11 21:06:26,119 [INFO] Truck: Time:<105.11591063750498> Truck:[XHTruck10] is facing 0 mins delay caused by 1 pre-existing jam events on Road from NorthPitMine-LoadSite3 to NorthPitMine-DumpSite5
2025-09-11 21:06:26,119 [DEBUG] Truck: Time:<105.67040920250807> Truck:[OfficalTruck7] Arrived at NorthPitMine-DumpSite1 at 105.67040920250807
2025-09-11 21:06:26,119 [INFO] Truck: Time:<105.67273745692636> Truck:[XHTruck17] Finish loading at shovel NorthPitMine-LoadSite4-Shovel-4
2025-09-11 21:06:26,120 [DEBUG] Truck: Time:<105.67273745692636> Truck:[XHTruck17] Start moving to ORDER(1): NorthPitMine-DumpSite2, move distance is 1.17, speed: 25
2025-09-11 21:06:26,121 [INFO] Truck: Time:<87> Truck:[XHTruck17] breakdown for 13.30692724472114 minutes at 87
2025-09-11 21:06:26,121 [INFO] Truck: Time:<105.67273745692636> Truck:[CLTruck5] Start loading at shovel NorthPitMine-LoadSite4-Shovel-4, load time is 15.555555555555555
2025-09-11 21:06:26,121 [INFO] Truck: Time:<105.83682129222379> Truck:[CLTruck13] Arrived at NorthPitMine-LoadSite3 at 105.83682129222379
2025-09-11 21:06:26,123 [INFO] Truck: Time:<106.11630870685832> Truck:[XHTruck19] is facing 0 mins delay caused by 1 pre-existing jam events on Road from NorthPitMine-LoadSite5 to NorthPitMine-DumpSite1
2025-09-11 21:06:26,123 [INFO] Truck: Time:<106.20266666666667> Truck:[XHTruck27] Finish loading at shovel NorthPitMine-LoadSite3-Shovel-2
2025-09-11 21:06:26,124 [INFO] Truck: Time:<106.20266666666667> Truck:[XHTruck31] Finish loading at shovel NorthPitMine-LoadSite3-Shovel-3
2025-09-11 21:06:26,125 [DEBUG] Truck: Time:<106.20266666666667> Truck:[XHTruck27] Start moving to ORDER(4): NorthPitMine-DumpSite5, move distance is 1.86, speed: 25
2025-09-11 21:06:26,125 [INFO] Truck: Time:<93> Truck:[XHTruck27] breakdown for 14.407367825994104 minutes at 93
2025-09-11 21:06:26,125 [INFO] Road: [RoadEvent] Road from NorthPitMine-LoadSite3 to NorthPitMine-DumpSite5 is in repair，the repair will last for 40.71 mins, and will end at 146.92, vehicle on this road will have to suffer punish_distance.
2025-09-11 21:06:26,125 [DEBUG] Truck: Time:<106.20266666666667> Truck:[XHTruck31] Start moving to ORDER(4): NorthPitMine-DumpSite5, move distance is 2.5017802940739524, speed: 25
2025-09-11 21:06:26,126 [INFO] Truck: Time:<99> Truck:[XHTruck31] breakdown for 9.36720163397865 minutes at 99
2025-09-11 21:06:26,126 [INFO] Truck: Time:<106.20266666666667> Truck:[OfficalTruck6] Start loading at shovel NorthPitMine-LoadSite3-Shovel-2, load time is 34.22222222222222
2025-09-11 21:06:26,126 [INFO] Truck: Time:<106.20266666666667> Truck:[CLTruck7] Start loading at shovel NorthPitMine-LoadSite3-Shovel-3, load time is 15.555555555555555
2025-09-11 21:06:26,126 [INFO] Truck: Time:<106.24786373068231> Truck:[XHTruck7] Arrived at NorthPitMine-LoadSite4 at 106.24786373068231
2025-09-11 21:06:26,126 [INFO] Truck: Time:<106.24786373068231> Truck:[OfficalTruck1] Arrived at NorthPitMine-LoadSite4 at 106.24786373068231
2025-09-11 21:06:26,126 [INFO] Truck: Time:<106.24786373068231> Truck:[OfficalTruck3] Arrived at NorthPitMine-LoadSite4 at 106.24786373068231
2025-09-11 21:06:26,126 [INFO] Truck: Time:<106.24786373068231> Truck:[CLTruck18] Arrived at NorthPitMine-LoadSite4 at 106.24786373068231
2025-09-11 21:06:26,126 [INFO] Truck: Time:<106.59781077731121> Truck:[CLTruck8] Finish loading at shovel NorthPitMine-LoadSite5-Shovel-1
2025-09-11 21:06:26,126 [DEBUG] Truck: Time:<106.59781077731121> Truck:[CLTruck8] Start moving to ORDER(0): NorthPitMine-DumpSite1, move distance is 5.15, speed: 25
2025-09-11 21:06:26,126 [INFO] Truck: Time:<83> Truck:[CLTruck8] breakdown for 12.492180520342409 minutes at 83
2025-09-11 21:06:26,126 [INFO] Truck: Time:<106.59781077731121> Truck:[XHTruck8] Start loading at shovel NorthPitMine-LoadSite5-Shovel-1, load time is 4.060039370078741
2025-09-11 21:06:26,126 [INFO] Truck: Time:<106.60974470861349> Truck:[CLTruck10] is facing 0 mins delay caused by 1 pre-existing jam events on Road from NorthPitMine-DumpSite2 to NorthPitMine-LoadSite3
2025-09-11 21:06:26,126 [DEBUG] Truck: Time:<106.6239015268847> Truck:[XHTruck5] Arrived at NorthPitMine-DumpSite1 at 106.6239015268847
2025-09-11 21:06:26,126 [INFO] Truck: Time:<106.67040920250807> Truck:[OfficalTruck7] Finish unloading at dumper NorthPitMine-DumpSite1-点位0, dumper tons is 910.3270840817065
2025-09-11 21:06:26,126 [DEBUG] Truck: Time:<106.67040920250807> Truck:[OfficalTruck7] Start moving to ORDER(2):NorthPitMine-LoadSite3, move distance is 3.9587830842675333, speed: 25
2025-09-11 21:06:26,130 [INFO] Truck: Time:<106.71400730697441> Truck:[CLTruck20] is facing 0 mins delay caused by 1 pre-existing jam events on Road from NorthPitMine-DumpSite2 to NorthPitMine-LoadSite3
2025-09-11 21:06:26,130 [DEBUG] Truck: Time:<106.96794194752525> Truck:[XHTruck29] Arrived at NorthPitMine-DumpSite5 at 106.96794194752525
2025-09-11 21:06:26,132 [INFO] Truck: Time:<107.16314125078424> Truck:[CLTruck15] Finish loading at shovel NorthPitMine-LoadSite3-Shovel-1
2025-09-11 21:06:26,133 [DEBUG] Truck: Time:<107.16314125078424> Truck:[CLTruck15] Start moving to ORDER(4): NorthPitMine-DumpSite5, move distance is 2.460859733388192, speed: 25
2025-09-11 21:06:26,133 [INFO] Truck: Time:<95> Truck:[CLTruck15] breakdown for 7.971883632622403 minutes at 95
2025-09-11 21:06:26,133 [INFO] Truck: Time:<107.16314125078424> Truck:[CLTruck13] Start loading at shovel NorthPitMine-LoadSite3-Shovel-1, load time is 2.5836614173228347
2025-09-11 21:06:26,133 [INFO] Truck: Time:<107.6239015268847> Truck:[XHTruck5] Finish unloading at dumper NorthPitMine-DumpSite1-点位1, dumper tons is 303.21993403798615
2025-09-11 21:06:26,134 [DEBUG] Truck: Time:<107.6239015268847> Truck:[XHTruck5] Start moving to ORDER(2):NorthPitMine-LoadSite3, move distance is 4.358008490984841, speed: 25
2025-09-11 21:06:26,134 [INFO] Truck: Time:<99> Truck:[XHTruck5] breakdown for 11.732849962384142 minutes at 99
2025-09-11 21:06:26,134 [INFO] Truck: Time:<107.65048229056809> Truck:[XHTruck23] is facing 3.7767922549742865 mins delay caused by 5 pre-existing jam events on Road from NorthPitMine-DumpSite5 to NorthPitMine-LoadSite4
2025-09-11 21:06:26,134 [INFO] Truck: Time:<107.96794194752525> Truck:[XHTruck29] Finish unloading at dumper NorthPitMine-DumpSite5-点位0, dumper tons is 1453.9882632494164
2025-09-11 21:06:26,135 [DEBUG] Truck: Time:<107.96794194752525> Truck:[XHTruck29] Start moving to ORDER(3):NorthPitMine-LoadSite4, move distance is 5.34, speed: 25
2025-09-11 21:06:26,135 [INFO] Truck: Time:<107.96794194752525> Truck:[XHTruck29] is facing 3.4593325980171317 mins delay caused by 5 pre-existing jam events on Road from NorthPitMine-DumpSite5 to NorthPitMine-LoadSite4
2025-09-11 21:06:26,138 [INFO] Truck: Time:<108.6499500056227> Truck:[CLTruck1] is facing 0 mins delay caused by 1 pre-existing jam events on Road from NorthPitMine-LoadSite5 to NorthPitMine-DumpSite1
2025-09-11 21:06:26,138 [INFO] Truck: Time:<108.71003029530324> Truck:[CLTruck4] is facing 0 mins delay caused by 2 pre-existing jam events on Road from NorthPitMine-LoadSite3 to NorthPitMine-DumpSite5
2025-09-11 21:06:26,138 [INFO] Truck: Time:<108.90370080685861> Truck:[XHTruck30] Arrived at NorthPitMine-LoadSite3 at 108.90370080685861
2025-09-11 21:06:26,141 [INFO] Truck: Time:<109.74680266810707> Truck:[CLTruck13] Finish loading at shovel NorthPitMine-LoadSite3-Shovel-1
2025-09-11 21:06:26,142 [DEBUG] Truck: Time:<109.74680266810707> Truck:[CLTruck13] Start moving to ORDER(4): NorthPitMine-DumpSite5, move distance is 2.6088549703541477, speed: 25
2025-09-11 21:06:26,142 [INFO] Truck: Time:<104> Truck:[CLTruck13] breakdown for 11.516625116066724 minutes at 104
2025-09-11 21:06:26,142 [INFO] Truck: Time:<109.74680266810707> Truck:[XHTruck30] Start loading at shovel NorthPitMine-LoadSite3-Shovel-1, load time is 4.060039370078741
2025-09-11 21:06:26,142 [DEBUG] Truck: Time:<109.833246903748> Truck:[XHTruck6] Arrived at NorthPitMine-DumpSite5 at 109.833246903748
2025-09-11 21:06:26,143 [DEBUG] Truck: Time:<109.84438166840701> Truck:[OfficalTruck5] Arrived at NorthPitMine-DumpSite5 at 109.84438166840701
2025-09-11 21:06:26,143 [INFO] Truck: Time:<109.86844444444445> Truck:[XHTruck3] Finish loading at shovel NorthPitMine-LoadSite4-Shovel-2
2025-09-11 21:06:26,143 [DEBUG] Truck: Time:<109.86844444444445> Truck:[XHTruck3] Start moving to ORDER(1): NorthPitMine-DumpSite2, move distance is 1.17, speed: 25
2025-09-11 21:06:26,143 [INFO] Truck: Time:<83> Truck:[XHTruck3] breakdown for 14.389066425062193 minutes at 83
2025-09-11 21:06:26,144 [INFO] Truck: Time:<109.86844444444445> Truck:[OfficalTruck9] Start loading at shovel NorthPitMine-LoadSite4-Shovel-2, load time is 34.22222222222222
2025-09-11 21:06:26,145 [INFO] Truck: Time:<110.65785014738995> Truck:[XHTruck8] Finish loading at shovel NorthPitMine-LoadSite5-Shovel-1
2025-09-11 21:06:26,146 [INFO] Road: [RoadEvent] Road from NorthPitMine-LoadSite5 to NorthPitMine-DumpSite1 is in repair，the repair will last for 33.35 mins, and will end at 144.01, vehicle on this road will have to suffer punish_distance.
2025-09-11 21:06:26,146 [DEBUG] Truck: Time:<110.65785014738995> Truck:[XHTruck8] Start moving to ORDER(0): NorthPitMine-DumpSite1, move distance is 6.659875429179614, speed: 25
2025-09-11 21:06:26,146 [INFO] Truck: Time:<110.833246903748> Truck:[XHTruck6] Finish unloading at dumper NorthPitMine-DumpSite5-点位0, dumper tons is 1511.6022929779363
2025-09-11 21:06:26,147 [DEBUG] Truck: Time:<110.833246903748> Truck:[XHTruck6] Start moving to ORDER(3):NorthPitMine-LoadSite4, move distance is 5.34, speed: 25
2025-09-11 21:06:26,147 [INFO] Truck: Time:<110.833246903748> Truck:[XHTruck6] is facing 3.4596640989442315 mins delay caused by 2 pre-existing jam events on Road from NorthPitMine-DumpSite5 to NorthPitMine-LoadSite4
2025-09-11 21:06:26,147 [INFO] Truck: Time:<110.84438166840701> Truck:[OfficalTruck5] Finish unloading at dumper NorthPitMine-DumpSite5-点位1, dumper tons is 687.9835857500814
2025-09-11 21:06:26,147 [DEBUG] Truck: Time:<110.84438166840701> Truck:[OfficalTruck5] Start moving to ORDER(3):NorthPitMine-LoadSite4, move distance is 5.34, speed: 25
2025-09-11 21:06:26,147 [INFO] Truck: Time:<110.84438166840701> Truck:[OfficalTruck5] is facing 3.437394569626222 mins delay caused by 2 pre-existing jam events on Road from NorthPitMine-DumpSite5 to NorthPitMine-LoadSite4
2025-09-11 21:06:26,151 [DEBUG] Truck: Time:<111.29230296647003> Truck:[XHTruck10] Arrived at NorthPitMine-DumpSite5 at 111.29230296647003
2025-09-11 21:06:26,153 [INFO] Truck: Time:<112.29230296647003> Truck:[XHTruck10] Finish unloading at dumper NorthPitMine-DumpSite5-点位0, dumper tons is 1568.6028762779558
2025-09-11 21:06:26,153 [INFO] Road: [RoadEvent] Road from NorthPitMine-DumpSite5 to NorthPitMine-LoadSite4 is in repair，the repair will last for 41.26 mins, and will end at 153.56, vehicle on this road will have to suffer punish_distance.
2025-09-11 21:06:26,153 [DEBUG] Truck: Time:<112.29230296647003> Truck:[XHTruck10] Start moving to ORDER(3):NorthPitMine-LoadSite4, move distance is 7.951477424721067, speed: 25
2025-09-11 21:06:26,154 [INFO] Truck: Time:<112.29230296647003> Truck:[XHTruck10] is facing 1.2472478470811934 mins delay caused by 3 pre-existing jam events on Road from NorthPitMine-DumpSite5 to NorthPitMine-LoadSite4
2025-09-11 21:06:26,155 [DEBUG] Truck: Time:<113.17403029530324> Truck:[CLTruck4] Arrived at NorthPitMine-DumpSite5 at 113.17403029530324
2025-09-11 21:06:26,155 [INFO] Truck: Time:<113.22558333360224> Truck:[CLTruck22] Arrived at NorthPitMine-LoadSite4 at 113.22558333360224
2025-09-11 21:06:26,156 [INFO] Truck: Time:<113.22558333360224> Truck:[CLTruck21] Arrived at NorthPitMine-LoadSite4 at 113.22558333360224
2025-09-11 21:06:26,156 [INFO] Truck: Time:<113.56132453554068> Truck:[XHTruck2] is facing 1.6716923738321778 mins delay caused by 2 pre-existing jam events on Road from NorthPitMine-DumpSite5 to NorthPitMine-LoadSite4
2025-09-11 21:06:26,156 [INFO] Truck: Time:<113.8068420381858> Truck:[XHTruck30] Finish loading at shovel NorthPitMine-LoadSite3-Shovel-1
2025-09-11 21:06:26,157 [DEBUG] Truck: Time:<113.8068420381858> Truck:[XHTruck30] Start moving to ORDER(4): NorthPitMine-DumpSite5, move distance is 2.6836674163925145, speed: 25
2025-09-11 21:06:26,157 [INFO] Truck: Time:<103> Truck:[XHTruck30] breakdown for 12.385207983900358 minutes at 103
2025-09-11 21:06:26,157 [DEBUG] Truck: Time:<113.95540874412137> Truck:[XHTruck4] Arrived at NorthPitMine-DumpSite2 at 113.95540874412137
2025-09-11 21:06:26,159 [INFO] Truck: Time:<114.17403029530324> Truck:[CLTruck4] Finish unloading at dumper NorthPitMine-DumpSite5-点位0, dumper tons is 1600.8337668868135
2025-09-11 21:06:26,161 [DEBUG] Truck: Time:<114.17403029530324> Truck:[CLTruck4] Start moving to ORDER(3):NorthPitMine-LoadSite4, move distance is 7.03987310738652, speed: 25
2025-09-11 21:06:26,161 [INFO] Truck: Time:<114.17403029530324> Truck:[CLTruck4] is facing 0 mins delay caused by 3 pre-existing jam events on Road from NorthPitMine-DumpSite5 to NorthPitMine-LoadSite4
2025-09-11 21:06:26,161 [INFO] Truck: Time:<114.93278994879944> Truck:[XHTruck12] Arrived at NorthPitMine-LoadSite5 at 114.93278994879944
2025-09-11 21:06:26,161 [INFO] Truck: Time:<114.93278994879944> Truck:[XHTruck12] Start loading at shovel NorthPitMine-LoadSite5-Shovel-1, load time is 4.060039370078741
2025-09-11 21:06:26,162 [INFO] Truck: Time:<114.95540874412137> Truck:[XHTruck4] Finish unloading at dumper NorthPitMine-DumpSite2-点位0, dumper tons is 789.633787162041
2025-09-11 21:06:26,162 [DEBUG] Truck: Time:<114.95540874412137> Truck:[XHTruck4] Start moving to ORDER(2):NorthPitMine-LoadSite3, move distance is 4.9097526499864355, speed: 25
2025-09-11 21:06:26,163 [INFO] Truck: Time:<114.95540874412137> Truck:[XHTruck4] is facing 2.226770964684892 mins delay caused by 2 pre-existing jam events on Road from NorthPitMine-DumpSite2 to NorthPitMine-LoadSite3
2025-09-11 21:06:26,164 [DEBUG] Truck: Time:<115.5977836396026> Truck:[XHTruck25] Arrived at NorthPitMine-DumpSite2 at 115.5977836396026
2025-09-11 21:06:26,167 [INFO] Truck: Time:<116.17148860475015> Truck:[OfficalTruck7] Arrived at NorthPitMine-LoadSite3 at 116.17148860475015
2025-09-11 21:06:26,168 [INFO] Truck: Time:<116.17148860475015> Truck:[OfficalTruck7] Start loading at shovel NorthPitMine-LoadSite3-Shovel-1, load time is 5.684055118110236
2025-09-11 21:06:26,168 [INFO] Truck: Time:<116.32403283725557> Truck:[CLTruck10] Arrived at NorthPitMine-LoadSite3 at 116.32403283725557
2025-09-11 21:06:26,168 [INFO] Truck: Time:<116.5351111111111> Truck:[CLTruck12] Finish loading at shovel NorthPitMine-LoadSite4-Shovel-5
2025-09-11 21:06:26,169 [INFO] Road: [RoadEvent] Road from NorthPitMine-LoadSite4 to NorthPitMine-DumpSite2 is in repair，the repair will last for 31.23 mins, and will end at 147.76, vehicle on this road will have to suffer punish_distance.
2025-09-11 21:06:26,169 [DEBUG] Truck: Time:<116.5351111111111> Truck:[CLTruck12] Start moving to ORDER(1): NorthPitMine-DumpSite2, move distance is 1.818037776883596, speed: 25
2025-09-11 21:06:26,169 [INFO] Truck: Time:<113> Truck:[CLTruck12] breakdown for 9.008678617224826 minutes at 113
2025-09-11 21:06:26,169 [INFO] Truck: Time:<116.5351111111111> Truck:[XHTruck28] Start loading at shovel NorthPitMine-LoadSite4-Shovel-5, load time is 24.444444444444443
2025-09-11 21:06:26,169 [INFO] Truck: Time:<116.5977836396026> Truck:[XHTruck25] Finish unloading at dumper NorthPitMine-DumpSite2-点位0, dumper tons is 840.3395330109423
2025-09-11 21:06:26,170 [DEBUG] Truck: Time:<116.5977836396026> Truck:[XHTruck25] Start moving to ORDER(2):NorthPitMine-LoadSite3, move distance is 4.454903024692202, speed: 25
2025-09-11 21:06:26,170 [INFO] Truck: Time:<116.5977836396026> Truck:[XHTruck25] is facing 1.4356341667513135 mins delay caused by 1 pre-existing jam events on Road from NorthPitMine-DumpSite2 to NorthPitMine-LoadSite3
2025-09-11 21:06:26,172 [DEBUG] Truck: Time:<117.32470591311258> Truck:[XHTruck32] Arrived at NorthPitMine-DumpSite1 at 117.32470591311258
2025-09-11 21:06:26,172 [INFO] Truck: Time:<117.43469396031978> Shovel NorthPitMine-LoadSite5-Shovel-2 maintenance completed
2025-09-11 21:06:26,173 [DEBUG] Truck: Time:<117.43469396031978> Truck:[CLTruck17] Start moving to ORDER(0): NorthPitMine-DumpSite1, move distance is 7.4508521482498615, speed: 25
2025-09-11 21:06:26,173 [INFO] Truck: Time:<108> Truck:[CLTruck17] breakdown for 12.288839466401958 minutes at 108
2025-09-11 21:06:26,173 [INFO] Truck: Time:<117.43469396031978> Truck:[CLTruck6] Start loading at shovel NorthPitMine-LoadSite5-Shovel-2, load time is 2.5836614173228347
2025-09-11 21:06:26,173 [INFO] Truck: Time:<117.51535883442708> Shovel NorthPitMine-LoadSite4-Shovel-1 maintenance completed
2025-09-11 21:06:26,173 [DEBUG] Truck: Time:<117.51535883442708> Truck:[CLTruck27] Start moving to ORDER(1): NorthPitMine-DumpSite2, move distance is 1.540592845697074, speed: 25
2025-09-11 21:06:26,173 [INFO] Truck: Time:<117.51535883442708> Truck:[XHTruck1] Start loading at shovel NorthPitMine-LoadSite4-Shovel-1, load time is 4.060039370078741
2025-09-11 21:06:26,175 [INFO] Truck: Time:<117.86767290000276> Truck:[XHTruck11] Arrived at NorthPitMine-LoadSite4 at 117.86767290000276
2025-09-11 21:06:26,178 [INFO] Truck: Time:<118.32470591311258> Truck:[XHTruck32] Finish unloading at dumper NorthPitMine-DumpSite1-点位0, dumper tons is 968.4781282616124
2025-09-11 21:06:26,179 [DEBUG] Truck: Time:<118.32470591311258> Truck:[XHTruck32] Start moving to ORDER(2):NorthPitMine-LoadSite3, move distance is 3.8570166624510365, speed: 25
2025-09-11 21:06:26,179 [INFO] Truck: Time:<111> Truck:[XHTruck32] breakdown for 8.493550923507483 minutes at 111
2025-09-11 21:06:26,179 [INFO] Truck: Time:<118.3758324671583> Truck:[XHTruck21] Arrived at NorthPitMine-LoadSite4 at 118.3758324671583
2025-09-11 21:06:26,179 [DEBUG] Truck: Time:<118.47630870685832> Truck:[XHTruck19] Arrived at NorthPitMine-DumpSite1 at 118.47630870685832
2025-09-11 21:06:26,179 [INFO] Truck: Time:<118.84551433010934> Truck:[XHTruck24] Arrived at NorthPitMine-LoadSite3 at 118.84551433010934
2025-09-11 21:06:26,180 [INFO] Truck: Time:<118.99282931887818> Truck:[XHTruck12] Finish loading at shovel NorthPitMine-LoadSite5-Shovel-1
2025-09-11 21:06:26,181 [DEBUG] Truck: Time:<118.99282931887818> Truck:[XHTruck12] Start moving to ORDER(0): NorthPitMine-DumpSite1, move distance is 7.4826820105342415, speed: 25
2025-09-11 21:06:26,181 [INFO] Truck: Time:<100> Truck:[XHTruck12] breakdown for 14.66879797232866 minutes at 100
2025-09-11 21:06:26,182 [INFO] Truck: Time:<119.15653111433225> Truck:[CLTruck20] Arrived at NorthPitMine-LoadSite3 at 119.15653111433225
2025-09-11 21:06:26,183 [INFO] Truck: Time:<119.35675148926883> Truck:[XHTruck5] is facing 0 mins delay caused by 1 pre-existing jam events on Road from NorthPitMine-DumpSite1 to NorthPitMine-LoadSite3
2025-09-11 21:06:26,183 [INFO] Truck: Time:<119.47613791142942> Truck:[XHTruck16] Arrived at NorthPitMine-LoadSite4 at 119.47613791142942
2025-09-11 21:06:26,183 [INFO] Truck: Time:<119.47630870685832> Truck:[XHTruck19] Finish unloading at dumper NorthPitMine-DumpSite1-点位0, dumper tons is 1024.7057666255996
2025-09-11 21:06:26,184 [DEBUG] Truck: Time:<119.47630870685832> Truck:[XHTruck19] Start moving to ORDER(2):NorthPitMine-LoadSite3, move distance is 3.98699041816992, speed: 25
2025-09-11 21:06:26,184 [INFO] Truck: Time:<113> Truck:[XHTruck19] breakdown for 11.303213944885282 minutes at 113
2025-09-11 21:06:26,185 [INFO] Truck: Time:<120.0183553776426> Truck:[CLTruck6] Finish loading at shovel NorthPitMine-LoadSite5-Shovel-2
2025-09-11 21:06:26,185 [DEBUG] Truck: Time:<120.0183553776426> Truck:[CLTruck6] Start moving to ORDER(0): NorthPitMine-DumpSite1, move distance is 7.1520736827782345, speed: 25
2025-09-11 21:06:26,185 [INFO] Truck: Time:<94> Truck:[CLTruck6] breakdown for 11.167318477246146 minutes at 94
2025-09-11 21:06:26,185 [INFO] Truck: Time:<120.0183553776426> Truck:[CLTruck29] Start loading at shovel NorthPitMine-LoadSite5-Shovel-2, load time is 2.5836614173228347
2025-09-11 21:06:26,185 [INFO] Truck: Time:<120.18675884382901> Truck:[XHTruck9] Arrived at NorthPitMine-LoadSite4 at 120.18675884382901
2025-09-11 21:06:26,185 [INFO] Truck: Time:<120.32800580894661> Truck:[XHTruck15] Arrived at NorthPitMine-LoadSite4 at 120.32800580894661
2025-09-11 21:06:26,188 [DEBUG] Truck: Time:<121.0099500056227> Truck:[CLTruck1] Arrived at NorthPitMine-DumpSite1 at 121.0099500056227
2025-09-11 21:06:26,189 [DEBUG] Truck: Time:<121.0410882435383> Truck:[CLTruck15] Arrived at NorthPitMine-DumpSite5 at 121.0410882435383
2025-09-11 21:06:26,189 [DEBUG] Truck: Time:<121.21278166410005> Truck:[CLTruck27] Arrived at NorthPitMine-DumpSite2 at 121.21278166410005
2025-09-11 21:06:26,189 [INFO] Truck: Time:<121.22829301248191> Truck:[CLTruck5] Finish loading at shovel NorthPitMine-LoadSite4-Shovel-4
2025-09-11 21:06:26,189 [DEBUG] Truck: Time:<121.22829301248191> Truck:[CLTruck5] Start moving to ORDER(1): NorthPitMine-DumpSite2, move distance is 1.7943723954606476, speed: 25
2025-09-11 21:06:26,189 [INFO] Truck: Time:<73> Truck:[CLTruck5] breakdown for 8.805564638610942 minutes at 73
2025-09-11 21:06:26,190 [INFO] Truck: Time:<121.22829301248191> Truck:[CLTruck28] Start loading at shovel NorthPitMine-LoadSite4-Shovel-4, load time is 15.555555555555555
2025-09-11 21:06:26,190 [DEBUG] Truck: Time:<121.5741410064228> Truck:[XHTruck31] Arrived at NorthPitMine-DumpSite5 at 121.5741410064228
2025-09-11 21:06:26,190 [INFO] Truck: Time:<121.57539820450582> Truck:[XHTruck1] Finish loading at shovel NorthPitMine-LoadSite4-Shovel-1
2025-09-11 21:06:26,191 [DEBUG] Truck: Time:<121.57539820450582> Truck:[XHTruck1] Start moving to ORDER(1): NorthPitMine-DumpSite2, move distance is 1.7199445402538864, speed: 25
2025-09-11 21:06:26,191 [INFO] Truck: Time:<105> Truck:[XHTruck1] breakdown for 10.713584597449671 minutes at 105
2025-09-11 21:06:26,191 [INFO] Truck: Time:<121.57539820450582> Truck:[XHTruck13] Start loading at shovel NorthPitMine-LoadSite4-Shovel-1, load time is 4.060039370078741
2025-09-11 21:06:26,192 [INFO] Truck: Time:<121.75822222222223> Truck:[CLTruck7] Finish loading at shovel NorthPitMine-LoadSite3-Shovel-3
2025-09-11 21:06:26,192 [DEBUG] Truck: Time:<121.75822222222223> Truck:[CLTruck7] Start moving to ORDER(4): NorthPitMine-DumpSite5, move distance is 2.67561299176364, speed: 25
2025-09-11 21:06:26,193 [INFO] Truck: Time:<118> Truck:[CLTruck7] breakdown for 10.337990412932541 minutes at 118
2025-09-11 21:06:26,193 [INFO] Truck: Time:<121.75822222222223> Truck:[XHTruck24] Start loading at shovel NorthPitMine-LoadSite3-Shovel-3, load time is 24.444444444444443
2025-09-11 21:06:26,193 [DEBUG] Truck: Time:<121.78766470164749> Truck:[XHTruck17] Arrived at NorthPitMine-DumpSite2 at 121.78766470164749
2025-09-11 21:06:26,193 [INFO] Truck: Time:<121.85554372286039> Truck:[OfficalTruck7] Finish loading at shovel NorthPitMine-LoadSite3-Shovel-1
2025-09-11 21:06:26,194 [INFO] Truck: Time:<121.85554372286039> Shovel NorthPitMine-LoadSite3-Shovel-1 under maintenance for 43.42 minutes
2025-09-11 21:06:26,196 [INFO] Truck: Time:<122.0099500056227> Truck:[CLTruck1] Finish unloading at dumper NorthPitMine-DumpSite1-点位0, dumper tons is 1057.0856610851386
2025-09-11 21:06:26,196 [DEBUG] Truck: Time:<122.0099500056227> Truck:[CLTruck1] Start moving to ORDER(2):NorthPitMine-LoadSite3, move distance is 4.405430542421916, speed: 25
2025-09-11 21:06:26,197 [INFO] Truck: Time:<120> Truck:[CLTruck1] breakdown for 10.844311489896036 minutes at 120
2025-09-11 21:06:26,197 [INFO] Truck: Time:<122.0410882435383> Truck:[CLTruck15] Finish unloading at dumper NorthPitMine-DumpSite5-点位0, dumper tons is 1633.6026712049484
2025-09-11 21:06:26,197 [DEBUG] Truck: Time:<122.0410882435383> Truck:[CLTruck15] Start moving to ORDER(3):NorthPitMine-LoadSite4, move distance is 7.922303148351735, speed: 25
2025-09-11 21:06:26,197 [INFO] Truck: Time:<122.0410882435383> Truck:[CLTruck15] is facing 0 mins delay caused by 2 pre-existing jam events on Road from NorthPitMine-DumpSite5 to NorthPitMine-LoadSite4
2025-09-11 21:06:26,197 [INFO] Truck: Time:<122.21278166410005> Truck:[CLTruck27] Finish unloading at dumper NorthPitMine-DumpSite2-点位0, dumper tons is 871.8971575756167
2025-09-11 21:06:26,198 [DEBUG] Truck: Time:<122.21278166410005> Truck:[CLTruck27] Start moving to ORDER(4):NorthPitMine-LoadSite5, move distance is 5.59, speed: 25
2025-09-11 21:06:26,198 [INFO] Truck: Time:<122.5741410064228> Truck:[XHTruck31] Finish unloading at dumper NorthPitMine-DumpSite5-点位1, dumper tons is 738.0358742904416
2025-09-11 21:06:26,200 [DEBUG] Truck: Time:<122.5741410064228> Truck:[XHTruck31] Start moving to ORDER(3):NorthPitMine-LoadSite4, move distance is 7.852597291052979, speed: 25
2025-09-11 21:06:26,200 [INFO] Truck: Time:<122.5741410064228> Truck:[XHTruck31] is facing 0 mins delay caused by 2 pre-existing jam events on Road from NorthPitMine-DumpSite5 to NorthPitMine-LoadSite4
2025-09-11 21:06:26,200 [INFO] Truck: Time:<122.60201679496544> Truck:[CLTruck29] Finish loading at shovel NorthPitMine-LoadSite5-Shovel-2
2025-09-11 21:06:26,201 [DEBUG] Truck: Time:<122.60201679496544> Truck:[CLTruck29] Start moving to ORDER(0): NorthPitMine-DumpSite1, move distance is 7.617844250042775, speed: 25
2025-09-11 21:06:26,201 [INFO] Truck: Time:<99> Truck:[CLTruck29] breakdown for 5.48332618360954 minutes at 99
2025-09-11 21:06:26,201 [INFO] Truck: Time:<122.78766470164749> Truck:[XHTruck17] Finish unloading at dumper NorthPitMine-DumpSite2-点位1, dumper tons is 275.71405779958707
2025-09-11 21:06:26,201 [DEBUG] Truck: Time:<122.78766470164749> Truck:[XHTruck17] Start moving to ORDER(4):NorthPitMine-LoadSite5, move distance is 5.59, speed: 25
2025-09-11 21:06:26,206 [INFO] Truck: Time:<124.24327454554238> Truck:[XHTruck23] Arrived at NorthPitMine-LoadSite4 at 124.24327454554238
2025-09-11 21:06:26,207 [INFO] Truck: Time:<124.24327454554238> Truck:[XHTruck29] Arrived at NorthPitMine-LoadSite4 at 124.24327454554238
2025-09-11 21:06:26,209 [DEBUG] Truck: Time:<125.07403449266077> Truck:[XHTruck27] Arrived at NorthPitMine-DumpSite5 at 125.07403449266077
2025-09-11 21:06:26,209 [INFO] Truck: Time:<125.42399999999999> Truck:[XHTruck14] Finish loading at shovel NorthPitMine-LoadSite4-Shovel-3
2025-09-11 21:06:26,210 [DEBUG] Truck: Time:<125.42399999999999> Truck:[XHTruck14] Start moving to ORDER(1): NorthPitMine-DumpSite2, move distance is 1.5201831288461711, speed: 25
2025-09-11 21:06:26,210 [INFO] Truck: Time:<108> Truck:[XHTruck14] breakdown for 9.275254517765514 minutes at 108
2025-09-11 21:06:26,210 [INFO] Truck: Time:<125.42399999999999> Truck:[XHTruck20] Start loading at shovel NorthPitMine-LoadSite4-Shovel-3, load time is 24.444444444444443
2025-09-11 21:06:26,211 [INFO] Truck: Time:<125.63543757458456> Truck:[XHTruck13] Finish loading at shovel NorthPitMine-LoadSite4-Shovel-1
2025-09-11 21:06:26,211 [DEBUG] Truck: Time:<125.63543757458456> Truck:[XHTruck13] Start moving to ORDER(1): NorthPitMine-DumpSite2, move distance is 1.6698677656709415, speed: 25
2025-09-11 21:06:26,212 [INFO] Truck: Time:<96> Truck:[XHTruck13] breakdown for 13.08460022136477 minutes at 96
2025-09-11 21:06:26,212 [INFO] Truck: Time:<125.63543757458456> Truck:[CLTruck23] Start loading at shovel NorthPitMine-LoadSite4-Shovel-1, load time is 2.5836614173228347
2025-09-11 21:06:26,213 [INFO] Truck: Time:<126.07403449266077> Truck:[XHTruck27] Finish unloading at dumper NorthPitMine-DumpSite5-点位0, dumper tons is 1689.7131534258283
2025-09-11 21:06:26,214 [DEBUG] Truck: Time:<126.07403449266077> Truck:[XHTruck27] Start moving to ORDER(3):NorthPitMine-LoadSite4, move distance is 6.6902499477042205, speed: 25
2025-09-11 21:06:26,214 [INFO] Truck: Time:<126.07403449266077> Truck:[XHTruck27] is facing 0 mins delay caused by 2 pre-existing jam events on Road from NorthPitMine-DumpSite5 to NorthPitMine-LoadSite4
2025-09-11 21:06:26,215 [DEBUG] Truck: Time:<126.64155117742102> Truck:[XHTruck8] Arrived at NorthPitMine-DumpSite1 at 126.64155117742102
2025-09-11 21:06:26,215 [DEBUG] Truck: Time:<126.7653396582049> Truck:[XHTruck22] Arrived at NorthPitMine-DumpSite1 at 126.7653396582049
2025-09-11 21:06:26,217 [DEBUG] Truck: Time:<127.06551086950665> Truck:[XHTruck3] Arrived at NorthPitMine-DumpSite2 at 127.06551086950665
2025-09-11 21:06:26,218 [INFO] Truck: Time:<127.09777623803323> Truck:[OfficalTruck5] Arrived at NorthPitMine-LoadSite4 at 127.09777623803323
2025-09-11 21:06:26,218 [INFO] Truck: Time:<127.10891100269224> Truck:[XHTruck6] Arrived at NorthPitMine-LoadSite4 at 127.10891100269224
2025-09-11 21:06:26,218 [DEBUG] Truck: Time:<127.52467971302374> Truck:[CLTruck13] Arrived at NorthPitMine-DumpSite5 at 127.52467971302374
2025-09-11 21:06:26,218 [INFO] Truck: Time:<127.64155117742102> Truck:[XHTruck8] Finish unloading at dumper NorthPitMine-DumpSite1-点位0, dumper tons is 1111.4632320657968
2025-09-11 21:06:26,219 [DEBUG] Truck: Time:<127.64155117742102> Truck:[XHTruck8] Start moving to ORDER(2):NorthPitMine-LoadSite3, move distance is 4.107848248629041, speed: 25
2025-09-11 21:06:26,219 [INFO] Truck: Time:<122> Truck:[XHTruck8] breakdown for 11.411323884196243 minutes at 122
2025-09-11 21:06:26,219 [INFO] Truck: Time:<127.7653396582049> Truck:[XHTruck22] Finish unloading at dumper NorthPitMine-DumpSite1-点位1, dumper tons is 355.1897540288187
2025-09-11 21:06:26,220 [DEBUG] Truck: Time:<127.7653396582049> Truck:[XHTruck22] Start moving to ORDER(2):NorthPitMine-LoadSite3, move distance is 3.9264863596942585, speed: 25
2025-09-11 21:06:26,220 [INFO] Truck: Time:<119> Truck:[XHTruck22] breakdown for 15.143010147292408 minutes at 119
2025-09-11 21:06:26,223 [INFO] Truck: Time:<128.04901690937285> Truck:[XHTruck2] Arrived at NorthPitMine-LoadSite4 at 128.04901690937285
2025-09-11 21:06:26,223 [INFO] Truck: Time:<128.06551086950665> Truck:[XHTruck3] Finish unloading at dumper NorthPitMine-DumpSite2-点位0, dumper tons is 931.0297415073642
2025-09-11 21:06:26,224 [DEBUG] Truck: Time:<128.06551086950665> Truck:[XHTruck3] Start moving to ORDER(2):NorthPitMine-LoadSite3, move distance is 4.001618524011785, speed: 25
2025-09-11 21:06:26,224 [INFO] Truck: Time:<128.08534297857497> Truck:[CLTruck29] is facing 0 mins delay caused by 1 pre-existing jam events on Road from NorthPitMine-LoadSite5 to NorthPitMine-DumpSite1
2025-09-11 21:06:26,225 [INFO] Truck: Time:<128.2190989919074> Truck:[CLTruck23] Finish loading at shovel NorthPitMine-LoadSite4-Shovel-1
2025-09-11 21:06:26,225 [DEBUG] Truck: Time:<128.2190989919074> Truck:[CLTruck23] Start moving to ORDER(1): NorthPitMine-DumpSite2, move distance is 1.6170647190012841, speed: 25
2025-09-11 21:06:26,225 [INFO] Truck: Time:<118> Truck:[CLTruck23] breakdown for 15.193430536331892 minutes at 118
2025-09-11 21:06:26,225 [INFO] Truck: Time:<128.2190989919074> Truck:[CLTruck26] Start loading at shovel NorthPitMine-LoadSite4-Shovel-1, load time is 2.5836614173228347
2025-09-11 21:06:26,226 [INFO] Truck: Time:<128.52467971302374> Truck:[CLTruck13] Finish unloading at dumper NorthPitMine-DumpSite5-点位0, dumper tons is 1727.1145268657058
2025-09-11 21:06:26,226 [DEBUG] Truck: Time:<128.52467971302374> Truck:[CLTruck13] Start moving to ORDER(3):NorthPitMine-LoadSite4, move distance is 7.7429784333953355, speed: 25
2025-09-11 21:06:26,226 [INFO] Truck: Time:<128.52467971302374> Truck:[CLTruck13] is facing 0 mins delay caused by 4 pre-existing jam events on Road from NorthPitMine-DumpSite5 to NorthPitMine-LoadSite4
2025-09-11 21:06:26,227 [INFO] Truck: Time:<128.7251850656152> Truck:[XHTruck25] Arrived at NorthPitMine-LoadSite3 at 128.7251850656152
2025-09-11 21:06:26,227 [INFO] Truck: Time:<128.96558606877372> Truck:[XHTruck4] Arrived at NorthPitMine-LoadSite3 at 128.96558606877372
2025-09-11 21:06:26,229 [INFO] Truck: Time:<129.81597186763244> Truck:[XHTruck5] Arrived at NorthPitMine-LoadSite3 at 129.81597186763244
2025-09-11 21:06:26,229 [DEBUG] Truck: Time:<129.90708039285656> Truck:[CLTruck12] Arrived at NorthPitMine-DumpSite2 at 129.90708039285656
2025-09-11 21:06:26,230 [INFO] Truck: Time:<130.80276040923025> Truck:[CLTruck26] Finish loading at shovel NorthPitMine-LoadSite4-Shovel-1
2025-09-11 21:06:26,231 [DEBUG] Truck: Time:<130.80276040923025> Truck:[CLTruck26] Start moving to ORDER(1): NorthPitMine-DumpSite2, move distance is 1.8523963333580886, speed: 25
2025-09-11 21:06:26,231 [INFO] Truck: Time:<126> Truck:[CLTruck26] breakdown for 10.398937199263173 minutes at 126
2025-09-11 21:06:26,231 [INFO] Truck: Time:<130.80276040923025> Truck:[CLTruck24] Start loading at shovel NorthPitMine-LoadSite4-Shovel-1, load time is 2.5836614173228347
2025-09-11 21:06:26,232 [INFO] Truck: Time:<130.90708039285656> Truck:[CLTruck12] Finish unloading at dumper NorthPitMine-DumpSite2-点位0, dumper tons is 964.0833624482935
2025-09-11 21:06:26,232 [DEBUG] Truck: Time:<130.90708039285656> Truck:[CLTruck12] Start moving to ORDER(2):NorthPitMine-LoadSite3, move distance is 5.109877279878395, speed: 25
2025-09-11 21:06:26,234 [INFO] Truck: Time:<131.0697257530309> Truck:[CLTruck4] Arrived at NorthPitMine-LoadSite4 at 131.0697257530309
2025-09-11 21:06:26,234 [DEBUG] Truck: Time:<131.44999129765364> Truck:[CLTruck8] Arrived at NorthPitMine-DumpSite1 at 131.44999129765364
2025-09-11 21:06:26,235 [INFO] Truck: Time:<132.44999129765364> Truck:[CLTruck8] Finish unloading at dumper NorthPitMine-DumpSite1-点位0, dumper tons is 1144.5328036323815
2025-09-11 21:06:26,236 [DEBUG] Truck: Time:<132.44999129765364> Truck:[CLTruck8] Start moving to ORDER(2):NorthPitMine-LoadSite3, move distance is 2.98, speed: 25
2025-09-11 21:06:26,236 [INFO] Truck: Time:<129> Truck:[CLTruck8] breakdown for 11.23050321127842 minutes at 129
2025-09-11 21:06:26,237 [INFO] Truck: Time:<132.62309663288178> Truck:[XHTruck10] Arrived at NorthPitMine-LoadSite4 at 132.62309663288178
2025-09-11 21:06:26,237 [DEBUG] Truck: Time:<132.6328518214282> Truck:[XHTruck30] Arrived at NorthPitMine-DumpSite5 at 132.6328518214282
2025-09-11 21:06:26,239 [INFO] Truck: Time:<133.3864218265531> Truck:[CLTruck24] Finish loading at shovel NorthPitMine-LoadSite4-Shovel-1
2025-09-11 21:06:26,240 [DEBUG] Truck: Time:<133.3864218265531> Truck:[CLTruck24] Start moving to ORDER(1): NorthPitMine-DumpSite2, move distance is 1.6325323279773345, speed: 25
2025-09-11 21:06:26,240 [INFO] Truck: Time:<112> Truck:[CLTruck24] breakdown for 7.515538764862486 minutes at 112
2025-09-11 21:06:26,240 [INFO] Truck: Time:<133.3864218265531> Truck:[CLTruck18] Start loading at shovel NorthPitMine-LoadSite4-Shovel-1, load time is 2.5836614173228347
2025-09-11 21:06:26,240 [INFO] Truck: Time:<133.6328518214282> Truck:[XHTruck30] Finish unloading at dumper NorthPitMine-DumpSite5-点位0, dumper tons is 1781.5122228563896
2025-09-11 21:06:26,241 [DEBUG] Truck: Time:<133.6328518214282> Truck:[XHTruck30] Start moving to ORDER(3):NorthPitMine-LoadSite4, move distance is 7.705076146785193, speed: 25
2025-09-11 21:06:26,241 [INFO] Truck: Time:<129> Truck:[XHTruck30] breakdown for 12.021944128524787 minutes at 129
2025-09-11 21:06:26,243 [DEBUG] Truck: Time:<134.34035140019841> Truck:[CLTruck5] Arrived at NorthPitMine-DumpSite2 at 134.34035140019841
2025-09-11 21:06:26,244 [INFO] Truck: Time:<135.34035140019841> Truck:[CLTruck5] Finish unloading at dumper NorthPitMine-DumpSite2-点位0, dumper tons is 999.5221811414663
2025-09-11 21:06:26,245 [DEBUG] Truck: Time:<135.34035140019841> Truck:[CLTruck5] Start moving to ORDER(2):NorthPitMine-LoadSite3, move distance is 4.925472900319497, speed: 25
2025-09-11 21:06:26,245 [INFO] Truck: Time:<135.34035140019841> Truck:[CLTruck5] is facing 1.1573799990417655 mins delay caused by 1 pre-existing jam events on Road from NorthPitMine-DumpSite2 to NorthPitMine-LoadSite3
2025-09-11 21:06:26,245 [INFO] Truck: Time:<135.62878166410005> Truck:[CLTruck27] Arrived at NorthPitMine-LoadSite5 at 135.62878166410005
2025-09-11 21:06:26,245 [INFO] Truck: Time:<135.62878166410005> Truck:[CLTruck27] Start loading at shovel NorthPitMine-LoadSite5-Shovel-1, load time is 2.5836614173228347
2025-09-11 21:06:26,246 [INFO] Truck: Time:<135.97008324387593> Truck:[CLTruck18] Finish loading at shovel NorthPitMine-LoadSite4-Shovel-1
2025-09-11 21:06:26,246 [DEBUG] Truck: Time:<135.97008324387593> Truck:[CLTruck18] Start moving to ORDER(1): NorthPitMine-DumpSite2, move distance is 1.6757983897735842, speed: 25
2025-09-11 21:06:26,246 [INFO] Truck: Time:<132> Truck:[CLTruck18] breakdown for 12.862459926318275 minutes at 132
2025-09-11 21:06:26,246 [INFO] Truck: Time:<135.97008324387593> Truck:[XHTruck21] Start loading at shovel NorthPitMine-LoadSite4-Shovel-1, load time is 4.060039370078741
2025-09-11 21:06:26,247 [INFO] Truck: Time:<136.07509682650254> Truck:[XHTruck32] Arrived at NorthPitMine-LoadSite3 at 136.07509682650254
2025-09-11 21:06:26,247 [INFO] Truck: Time:<136.20366470164748> Truck:[XHTruck17] Arrived at NorthPitMine-LoadSite5 at 136.20366470164748
2025-09-11 21:06:26,247 [INFO] Truck: Time:<136.20366470164748> Truck:[XHTruck17] Start loading at shovel NorthPitMine-LoadSite5-Shovel-2, load time is 4.060039370078741
2025-09-11 21:06:26,247 [DEBUG] Truck: Time:<136.41684969856482> Truck:[XHTruck1] Arrived at NorthPitMine-DumpSite2 at 136.41684969856482
2025-09-11 21:06:26,247 [INFO] Truck: Time:<136.78384856803746> Truck:[CLTruck28] Finish loading at shovel NorthPitMine-LoadSite4-Shovel-4
2025-09-11 21:06:26,251 [DEBUG] Truck: Time:<136.78384856803746> Truck:[CLTruck28] Start moving to ORDER(1): NorthPitMine-DumpSite2, move distance is 1.4782789273860897, speed: 25
2025-09-11 21:06:26,251 [INFO] Truck: Time:<130> Truck:[CLTruck28] breakdown for 11.745689078659534 minutes at 130
2025-09-11 21:06:26,251 [INFO] Truck: Time:<136.78384856803746> Truck:[XHTruck33] Start loading at shovel NorthPitMine-LoadSite4-Shovel-4, load time is 24.444444444444443
2025-09-11 21:06:26,253 [INFO] Truck: Time:<137.41684969856482> Truck:[XHTruck1] Finish unloading at dumper NorthPitMine-DumpSite2-点位0, dumper tons is 1059.496594315979
2025-09-11 21:06:26,254 [DEBUG] Truck: Time:<137.41684969856482> Truck:[XHTruck1] Start moving to ORDER(2):NorthPitMine-LoadSite3, move distance is 4.707614418761505, speed: 25
2025-09-11 21:06:26,254 [INFO] Truck: Time:<137.41684969856482> Truck:[XHTruck1] is facing 0 mins delay caused by 1 pre-existing jam events on Road from NorthPitMine-DumpSite2 to NorthPitMine-LoadSite3
2025-09-11 21:06:26,254 [INFO] Truck: Time:<137.66939532713494> Truck:[XHTruck3] Arrived at NorthPitMine-LoadSite3 at 137.66939532713494
2025-09-11 21:06:26,256 [INFO] Truck: Time:<138.2124430814229> Truck:[CLTruck27] Finish loading at shovel NorthPitMine-LoadSite5-Shovel-1
2025-09-11 21:06:26,256 [DEBUG] Truck: Time:<138.2124430814229> Truck:[CLTruck27] Start moving to ORDER(0): NorthPitMine-DumpSite1, move distance is 7.081405833988508, speed: 25
2025-09-11 21:06:26,256 [INFO] Truck: Time:<126> Truck:[CLTruck27] breakdown for 9.942582056893983 minutes at 126
2025-09-11 21:06:26,256 [DEBUG] Truck: Time:<138.3476940269963> Truck:[XHTruck14] Arrived at NorthPitMine-DumpSite2 at 138.3476940269963
2025-09-11 21:06:26,257 [DEBUG] Truck: Time:<138.5176838153875> Truck:[CLTruck7] Arrived at NorthPitMine-DumpSite5 at 138.5176838153875
2025-09-11 21:06:26,260 [INFO] Truck: Time:<139.05287506161727> Truck:[XHTruck8] is facing 0 mins delay caused by 1 pre-existing jam events on Road from NorthPitMine-DumpSite1 to NorthPitMine-LoadSite3
2025-09-11 21:06:26,261 [INFO] Truck: Time:<139.3476940269963> Truck:[XHTruck14] Finish unloading at dumper NorthPitMine-DumpSite2-点位0, dumper tons is 1109.559152594518
2025-09-11 21:06:26,261 [DEBUG] Truck: Time:<139.3476940269963> Truck:[XHTruck14] Start moving to ORDER(2):NorthPitMine-LoadSite3, move distance is 5.062693926537625, speed: 25
2025-09-11 21:06:26,262 [INFO] Truck: Time:<138> Truck:[XHTruck14] breakdown for 12.23011522588264 minutes at 138
2025-09-11 21:06:26,262 [INFO] Truck: Time:<139.5176838153875> Truck:[CLTruck7] Finish unloading at dumper NorthPitMine-DumpSite5-点位0, dumper tons is 1817.23595413424
2025-09-11 21:06:26,263 [DEBUG] Truck: Time:<139.5176838153875> Truck:[CLTruck7] Start moving to ORDER(3):NorthPitMine-LoadSite4, move distance is 8.363318363175681, speed: 25
2025-09-11 21:06:26,263 [INFO] Truck: Time:<139.5176838153875> Truck:[CLTruck7] is facing 0 mins delay caused by 1 pre-existing jam events on Road from NorthPitMine-DumpSite5 to NorthPitMine-LoadSite4
2025-09-11 21:06:26,265 [INFO] Truck: Time:<140.0301226139547> Truck:[XHTruck21] Finish loading at shovel NorthPitMine-LoadSite4-Shovel-1
2025-09-11 21:06:26,265 [DEBUG] Truck: Time:<140.0301226139547> Truck:[XHTruck21] Start moving to ORDER(1): NorthPitMine-DumpSite2, move distance is 1.615748623073673, speed: 25
2025-09-11 21:06:26,266 [INFO] Truck: Time:<138> Truck:[XHTruck21] breakdown for 10.355567262547604 minutes at 138
2025-09-11 21:06:26,266 [INFO] Truck: Time:<140.0301226139547> Truck:[XHTruck23] Start loading at shovel NorthPitMine-LoadSite4-Shovel-1, load time is 4.060039370078741
2025-09-11 21:06:26,266 [INFO] Truck: Time:<140.26370407172624> Truck:[XHTruck17] Finish loading at shovel NorthPitMine-LoadSite5-Shovel-2
2025-09-11 21:06:26,267 [DEBUG] Truck: Time:<140.26370407172624> Truck:[XHTruck17] Start moving to ORDER(0): NorthPitMine-DumpSite1, move distance is 7.533137881925053, speed: 25
2025-09-11 21:06:26,267 [INFO] Truck: Time:<134> Truck:[XHTruck17] breakdown for 10.377762587442378 minutes at 134
2025-09-11 21:06:26,267 [INFO] Truck: Time:<140.3482996553514> Truck:[XHTruck19] Arrived at NorthPitMine-LoadSite3 at 140.3482996553514
2025-09-11 21:06:26,267 [INFO] Truck: Time:<140.4248888888889> Truck:[OfficalTruck6] Finish loading at shovel NorthPitMine-LoadSite3-Shovel-2
2025-09-11 21:06:26,269 [DEBUG] Truck: Time:<140.4248888888889> Truck:[OfficalTruck6] Start moving to ORDER(4): NorthPitMine-DumpSite5, move distance is 2.509777569041106, speed: 25
2025-09-11 21:06:26,269 [INFO] Truck: Time:<128> Truck:[OfficalTruck6] breakdown for 8.398919691218643 minutes at 128
2025-09-11 21:06:26,269 [INFO] Truck: Time:<140.4248888888889> Truck:[CLTruck25] Start loading at shovel NorthPitMine-LoadSite3-Shovel-2, load time is 15.555555555555555
2025-09-11 21:06:26,269 [INFO] Truck: Time:<140.97955555555555> Truck:[XHTruck28] Finish loading at shovel NorthPitMine-LoadSite4-Shovel-5
2025-09-11 21:06:26,270 [DEBUG] Truck: Time:<140.97955555555555> Truck:[XHTruck28] Start moving to ORDER(1): NorthPitMine-DumpSite2, move distance is 1.6812158492459968, speed: 25
2025-09-11 21:06:26,271 [INFO] Truck: Time:<140> Truck:[XHTruck28] breakdown for 11.88955513109262 minutes at 140
2025-09-11 21:06:26,271 [INFO] Truck: Time:<140.97955555555555> Truck:[CLTruck9] Start loading at shovel NorthPitMine-LoadSite4-Shovel-5, load time is 15.555555555555555
2025-09-11 21:06:26,272 [INFO] Truck: Time:<141.05461579958245> Truck:[CLTruck15] Arrived at NorthPitMine-LoadSite4 at 141.05461579958245
2025-09-11 21:06:26,273 [INFO] Truck: Time:<141.42037450494996> Truck:[XHTruck31] Arrived at NorthPitMine-LoadSite4 at 141.42037450494996
2025-09-11 21:06:26,275 [INFO] Truck: Time:<142.1306343671509> Truck:[XHTruck27] Arrived at NorthPitMine-LoadSite4 at 142.1306343671509
2025-09-11 21:06:26,276 [DEBUG] Truck: Time:<142.7277204335596> Truck:[XHTruck13] Arrived at NorthPitMine-DumpSite2 at 142.7277204335596
2025-09-11 21:06:26,276 [INFO] Truck: Time:<142.9083498054973> Truck:[XHTruck22] is facing 0 mins delay caused by 2 pre-existing jam events on Road from NorthPitMine-DumpSite1 to NorthPitMine-LoadSite3
2025-09-11 21:06:26,278 [INFO] Truck: Time:<143.1707858645647> Truck:[CLTruck12] Arrived at NorthPitMine-LoadSite3 at 143.1707858645647
2025-09-11 21:06:26,278 [INFO] Truck: Time:<143.4272947973313> Truck:[CLTruck1] Arrived at NorthPitMine-LoadSite3 at 143.4272947973313
2025-09-11 21:06:26,279 [INFO] Truck: Time:<143.68049450893207> Truck:[CLTruck8] is facing 0.14201744383511272 mins delay caused by 2 pre-existing jam events on Road from NorthPitMine-DumpSite1 to NorthPitMine-LoadSite3
2025-09-11 21:06:26,279 [INFO] Truck: Time:<143.7277204335596> Truck:[XHTruck13] Finish unloading at dumper NorthPitMine-DumpSite2-点位0, dumper tons is 1160.9327766639901
2025-09-11 21:06:26,280 [DEBUG] Truck: Time:<143.7277204335596> Truck:[XHTruck13] Start moving to ORDER(2):NorthPitMine-LoadSite3, move distance is 5.163018993708918, speed: 25
2025-09-11 21:06:26,280 [INFO] Truck: Time:<139> Truck:[XHTruck13] breakdown for 5.9183554217776475 minutes at 139
2025-09-11 21:06:26,282 [INFO] Truck: Time:<144.09016198403344> Truck:[XHTruck23] Finish loading at shovel NorthPitMine-LoadSite4-Shovel-1
2025-09-11 21:06:26,283 [DEBUG] Truck: Time:<144.09016198403344> Truck:[XHTruck23] Start moving to ORDER(1): NorthPitMine-DumpSite2, move distance is 1.5620044944535179, speed: 25
2025-09-11 21:06:26,283 [INFO] Truck: Time:<113> Truck:[XHTruck23] breakdown for 8.979447246032862 minutes at 113
2025-09-11 21:06:26,284 [INFO] Truck: Time:<144.09016198403344> Truck:[OfficalTruck5] Start loading at shovel NorthPitMine-LoadSite4-Shovel-1, load time is 5.684055118110236
2025-09-11 21:06:26,284 [INFO] Truck: Time:<144.09066666666666> Truck:[OfficalTruck9] Finish loading at shovel NorthPitMine-LoadSite4-Shovel-2
2025-09-11 21:06:26,284 [DEBUG] Truck: Time:<144.09066666666666> Truck:[OfficalTruck9] Start moving to ORDER(1): NorthPitMine-DumpSite2, move distance is 1.7299612373863464, speed: 25
2025-09-11 21:06:26,284 [INFO] Truck: Time:<144> Truck:[OfficalTruck9] breakdown for 9.834841633435499 minutes at 144
2025-09-11 21:06:26,284 [INFO] Truck: Time:<144.09066666666666> Truck:[XHTruck26] Start loading at shovel NorthPitMine-LoadSite4-Shovel-2, load time is 24.444444444444443
2025-09-11 21:06:26,284 [DEBUG] Truck: Time:<144.8200381785612> Truck:[CLTruck24] Arrived at NorthPitMine-DumpSite2 at 144.8200381785612
2025-09-11 21:06:26,284 [DEBUG] Truck: Time:<145.64744880855284> Truck:[CLTruck26] Arrived at NorthPitMine-DumpSite2 at 145.64744880855284
2025-09-11 21:06:26,288 [INFO] Truck: Time:<145.8200381785612> Truck:[CLTruck24] Finish unloading at dumper NorthPitMine-DumpSite2-点位0, dumper tons is 1197.5121405223645
2025-09-11 21:06:26,288 [DEBUG] Truck: Time:<145.8200381785612> Truck:[CLTruck24] Start moving to ORDER(2):NorthPitMine-LoadSite3, move distance is 4.703354125315445, speed: 25
2025-09-11 21:06:26,288 [INFO] Truck: Time:<142> Truck:[CLTruck24] breakdown for 15.290628212984227 minutes at 142
2025-09-11 21:06:26,290 [INFO] Truck: Time:<146.2026666666667> Truck:[XHTruck24] Finish loading at shovel NorthPitMine-LoadSite3-Shovel-3
2025-09-11 21:06:26,291 [DEBUG] Truck: Time:<146.2026666666667> Truck:[XHTruck24] Start moving to ORDER(4): NorthPitMine-DumpSite5, move distance is 2.493708683354438, speed: 25
2025-09-11 21:06:26,291 [INFO] Truck: Time:<146.2026666666667> Truck:[XHTruck25] Start loading at shovel NorthPitMine-LoadSite3-Shovel-3, load time is 24.444444444444443
2025-09-11 21:06:26,291 [DEBUG] Truck: Time:<146.36816917867765> Truck:[CLTruck29] Arrived at NorthPitMine-DumpSite1 at 146.36816917867765
2025-09-11 21:06:26,292 [INFO] Truck: Time:<146.64744880855284> Truck:[CLTruck26] Finish unloading at dumper NorthPitMine-DumpSite2-点位1, dumper tons is 313.32031264058827
2025-09-11 21:06:26,292 [DEBUG] Truck: Time:<146.64744880855284> Truck:[CLTruck26] Start moving to ORDER(2):NorthPitMine-LoadSite3, move distance is 5.2326993589142035, speed: 25
2025-09-11 21:06:26,292 [INFO] Truck: Time:<146.64744880855284> Truck:[CLTruck26] is facing 0 mins delay caused by 2 pre-existing jam events on Road from NorthPitMine-DumpSite2 to NorthPitMine-LoadSite3
2025-09-11 21:06:26,294 [INFO] Truck: Time:<147.10782795317255> Truck:[CLTruck13] Arrived at NorthPitMine-LoadSite4 at 147.10782795317255
2025-09-11 21:06:26,294 [DEBUG] Truck: Time:<147.2934848538424> Truck:[CLTruck23] Arrived at NorthPitMine-DumpSite2 at 147.2934848538424
2025-09-11 21:06:26,294 [INFO] Truck: Time:<147.36816917867765> Truck:[CLTruck29] Finish unloading at dumper NorthPitMine-DumpSite1-点位0, dumper tons is 1178.4310822854839
2025-09-11 21:06:26,295 [DEBUG] Truck: Time:<147.36816917867765> Truck:[CLTruck29] Start moving to ORDER(2):NorthPitMine-LoadSite3, move distance is 2.98, speed: 25
2025-09-11 21:06:26,295 [INFO] Truck: Time:<147> Truck:[CLTruck29] breakdown for 8.118364978210602 minutes at 147
2025-09-11 21:06:26,295 [DEBUG] Truck: Time:<147.6055785825214> Truck:[CLTruck17] Arrived at NorthPitMine-DumpSite1 at 147.6055785825214
2025-09-11 21:06:26,296 [INFO] Truck: Time:<148.1550251383169> Truck:[CLTruck27] is facing 0 mins delay caused by 1 pre-existing jam events on Road from NorthPitMine-LoadSite5 to NorthPitMine-DumpSite1
2025-09-11 21:06:26,296 [INFO] Truck: Time:<148.2934848538424> Truck:[CLTruck23] Finish unloading at dumper NorthPitMine-DumpSite2-点位0, dumper tons is 1235.6852830351613
2025-09-11 21:06:26,296 [DEBUG] Truck: Time:<148.2934848538424> Truck:[CLTruck23] Start moving to ORDER(2):NorthPitMine-LoadSite3, move distance is 5.001095099225312, speed: 25
2025-09-11 21:06:26,296 [INFO] Truck: Time:<147> Truck:[CLTruck23] breakdown for 11.575607286558123 minutes at 147
2025-09-11 21:06:26,298 [INFO] Truck: Time:<148.31886636000698> Truck:[CLTruck5] Arrived at NorthPitMine-LoadSite3 at 148.31886636000698
2025-09-11 21:06:26,298 [DEBUG] Truck: Time:<148.35065069355653> Truck:[CLTruck6] Arrived at NorthPitMine-DumpSite1 at 148.35065069355653
2025-09-11 21:06:26,298 [INFO] Truck: Time:<148.6055785825214> Truck:[CLTruck17] Finish unloading at dumper NorthPitMine-DumpSite1-点位0, dumper tons is 1213.4106845618287
2025-09-11 21:06:26,298 [DEBUG] Truck: Time:<148.6055785825214> Truck:[CLTruck17] Start moving to ORDER(2):NorthPitMine-LoadSite3, move distance is 2.98, speed: 25
2025-09-11 21:06:26,298 [INFO] Truck: Time:<137> Truck:[CLTruck17] breakdown for 11.688094547799208 minutes at 137
2025-09-11 21:06:26,299 [INFO] Truck: Time:<148.71512430359243> Truck:[XHTruck1] Arrived at NorthPitMine-LoadSite3 at 148.71512430359243
2025-09-11 21:06:26,299 [INFO] Truck: Time:<148.91171085832696> Truck:[XHTruck8] Arrived at NorthPitMine-LoadSite3 at 148.91171085832696
2025-09-11 21:06:26,300 [INFO] Truck: Time:<149.35065069355653> Truck:[CLTruck6] Finish unloading at dumper NorthPitMine-DumpSite1-点位1, dumper tons is 387.85026264061264
2025-09-11 21:06:26,301 [DEBUG] Truck: Time:<149.35065069355653> Truck:[CLTruck6] Start moving to ORDER(2):NorthPitMine-LoadSite3, move distance is 2.98, speed: 25
2025-09-11 21:06:26,301 [INFO] Truck: Time:<148> Truck:[CLTruck6] breakdown for 8.066394545585434 minutes at 148
2025-09-11 21:06:26,301 [INFO] Truck: Time:<149.64607585533724> Truck:[XHTruck13] is facing 0 mins delay caused by 1 pre-existing jam events on Road from NorthPitMine-DumpSite2 to NorthPitMine-LoadSite3
2025-09-11 21:06:26,302 [INFO] Truck: Time:<149.77421710214367> Truck:[OfficalTruck5] Finish loading at shovel NorthPitMine-LoadSite4-Shovel-1
2025-09-11 21:06:26,302 [DEBUG] Truck: Time:<149.77421710214367> Truck:[OfficalTruck5] Start moving to ORDER(1): NorthPitMine-DumpSite2, move distance is 1.17, speed: 25
2025-09-11 21:06:26,303 [INFO] Truck: Time:<145> Truck:[OfficalTruck5] breakdown for 6.706731625570611 minutes at 145
2025-09-11 21:06:26,303 [INFO] Truck: Time:<149.77421710214367> Truck:[XHTruck2] Start loading at shovel NorthPitMine-LoadSite4-Shovel-1, load time is 4.060039370078741
2025-09-11 21:06:26,303 [INFO] Truck: Time:<149.86844444444444> Truck:[XHTruck20] Finish loading at shovel NorthPitMine-LoadSite4-Shovel-3
2025-09-11 21:06:26,304 [DEBUG] Truck: Time:<149.86844444444444> Truck:[XHTruck20] Start moving to ORDER(1): NorthPitMine-DumpSite2, move distance is 1.17, speed: 25
2025-09-11 21:06:26,304 [INFO] Truck: Time:<142> Truck:[XHTruck20] breakdown for 14.448009496445735 minutes at 142
2025-09-11 21:06:26,304 [INFO] Truck: Time:<149.86844444444444> Truck:[CLTruck14] Start loading at shovel NorthPitMine-LoadSite4-Shovel-3, load time is 15.555555555555555
2025-09-11 21:06:26,306 [INFO] Truck: Time:<150.9745119527672> Truck:[CLTruck8] Arrived at NorthPitMine-LoadSite3 at 150.9745119527672
2025-09-11 21:06:26,308 [INFO] Truck: Time:<151.57780925287892> Truck:[XHTruck14] is facing 0 mins delay caused by 1 pre-existing jam events on Road from NorthPitMine-DumpSite2 to NorthPitMine-LoadSite3
2025-09-11 21:06:26,309 [DEBUG] Truck: Time:<151.620064116489> Truck:[XHTruck12] Arrived at NorthPitMine-DumpSite1 at 151.620064116489
2025-09-11 21:06:26,310 [DEBUG] Truck: Time:<152.0774070724236> Truck:[CLTruck28] Arrived at NorthPitMine-DumpSite2 at 152.0774070724236
2025-09-11 21:06:26,310 [DEBUG] Truck: Time:<152.18756750671733> Truck:[XHTruck24] Arrived at NorthPitMine-DumpSite5 at 152.18756750671733
2025-09-11 21:06:26,310 [INFO] Truck: Time:<152.33191706876352> Truck:[XHTruck22] Arrived at NorthPitMine-LoadSite3 at 152.33191706876352
2025-09-11 21:06:26,311 [INFO] Truck: Time:<152.620064116489> Truck:[XHTruck12] Finish unloading at dumper NorthPitMine-DumpSite1-点位0, dumper tons is 1273.0820886353533
2025-09-11 21:06:26,311 [DEBUG] Truck: Time:<152.620064116489> Truck:[XHTruck12] Start moving to ORDER(2):NorthPitMine-LoadSite3, move distance is 2.98, speed: 25
2025-09-11 21:06:26,311 [INFO] Truck: Time:<142> Truck:[XHTruck12] breakdown for 11.65856257126283 minutes at 142
2025-09-11 21:06:26,312 [DEBUG] Truck: Time:<152.8544593056508> Truck:[CLTruck18] Arrived at NorthPitMine-DumpSite2 at 152.8544593056508
2025-09-11 21:06:26,312 [INFO] Truck: Time:<152.86911068664818> Truck:[XHTruck28] is facing 16.366785804514763 mins delay caused by 1 pre-existing jam events on Road from NorthPitMine-LoadSite4 to NorthPitMine-DumpSite2
2025-09-11 21:06:26,314 [INFO] Truck: Time:<153.0696092300663> Truck:[XHTruck23] is facing 16.43750204305094 mins delay caused by 1 pre-existing jam events on Road from NorthPitMine-LoadSite4 to NorthPitMine-DumpSite2
2025-09-11 21:06:26,314 [INFO] Truck: Time:<153.0774070724236> Truck:[CLTruck28] Finish unloading at dumper NorthPitMine-DumpSite2-点位0, dumper tons is 1273.0414860005535
2025-09-11 21:06:26,315 [DEBUG] Truck: Time:<153.0774070724236> Truck:[CLTruck28] Start moving to ORDER(2):NorthPitMine-LoadSite3, move distance is 3.41, speed: 25
2025-09-11 21:06:26,315 [INFO] Truck: Time:<153> Truck:[CLTruck28] breakdown for 5.517827979720435 minutes at 153
2025-09-11 21:06:26,315 [INFO] Truck: Time:<153.18756750671733> Truck:[XHTruck24] Finish unloading at dumper NorthPitMine-DumpSite5-点位0, dumper tons is 1872.9955191540146
2025-09-11 21:06:26,316 [DEBUG] Truck: Time:<153.18756750671733> Truck:[XHTruck24] Start moving to ORDER(3):NorthPitMine-LoadSite4, move distance is 7.258545674379293, speed: 25
2025-09-11 21:06:26,316 [INFO] Truck: Time:<150> Truck:[XHTruck24] breakdown for 14.259925322578141 minutes at 150
2025-09-11 21:06:26,316 [INFO] Truck: Time:<153.83425647222242> Truck:[XHTruck2] Finish loading at shovel NorthPitMine-LoadSite4-Shovel-1
2025-09-11 21:06:26,317 [DEBUG] Truck: Time:<153.83425647222242> Truck:[XHTruck2] Start moving to ORDER(1): NorthPitMine-DumpSite2, move distance is 1.17, speed: 25
2025-09-11 21:06:26,317 [INFO] Truck: Time:<141> Truck:[XHTruck2] breakdown for 12.435904724904752 minutes at 141
2025-09-11 21:06:26,317 [INFO] Truck: Time:<153.83425647222242> Truck:[CLTruck4] Start loading at shovel NorthPitMine-LoadSite4-Shovel-1, load time is 2.5836614173228347
2025-09-11 21:06:26,317 [INFO] Truck: Time:<153.8544593056508> Truck:[CLTruck18] Finish unloading at dumper NorthPitMine-DumpSite2-点位1, dumper tons is 350.48507859375206
2025-09-11 21:06:26,318 [DEBUG] Truck: Time:<153.8544593056508> Truck:[CLTruck18] Start moving to ORDER(2):NorthPitMine-LoadSite3, move distance is 3.41, speed: 25
2025-09-11 21:06:26,318 [INFO] Truck: Time:<153.8544593056508> Truck:[CLTruck18] is facing 0 mins delay caused by 1 pre-existing jam events on Road from NorthPitMine-DumpSite2 to NorthPitMine-LoadSite3
2025-09-11 21:06:26,319 [INFO] Truck: Time:<153.92550830010217> Truck:[OfficalTruck9] is facing 15.199488773477812 mins delay caused by 1 pre-existing jam events on Road from NorthPitMine-LoadSite4 to NorthPitMine-DumpSite2
2025-09-11 21:06:26,321 [DEBUG] Truck: Time:<154.2634865718791> Truck:[XHTruck21] Arrived at NorthPitMine-DumpSite2 at 154.2634865718791
2025-09-11 21:06:26,322 [DEBUG] Truck: Time:<154.8472747458062> Truck:[OfficalTruck6] Arrived at NorthPitMine-DumpSite5 at 154.8472747458062
2025-09-11 21:06:26,323 [INFO] Truck: Time:<155.2634865718791> Truck:[XHTruck21] Finish unloading at dumper NorthPitMine-DumpSite2-点位0, dumper tons is 1330.6087929063779
2025-09-11 21:06:26,324 [DEBUG] Truck: Time:<155.2634865718791> Truck:[XHTruck21] Start moving to ORDER(2):NorthPitMine-LoadSite3, move distance is 3.41, speed: 25
2025-09-11 21:06:26,324 [INFO] Truck: Time:<155.2634865718791> Truck:[XHTruck21] is facing 1.8916085427813956 mins delay caused by 2 pre-existing jam events on Road from NorthPitMine-DumpSite2 to NorthPitMine-LoadSite3
2025-09-11 21:06:26,325 [INFO] Truck: Time:<155.8472747458062> Truck:[OfficalTruck6] Finish unloading at dumper NorthPitMine-DumpSite5-点位0, dumper tons is 1949.83468480615
2025-09-11 21:06:26,325 [DEBUG] Truck: Time:<155.8472747458062> Truck:[OfficalTruck6] Start moving to ORDER(3):NorthPitMine-LoadSite4, move distance is 5.34, speed: 25
2025-09-11 21:06:26,326 [INFO] Truck: Time:<151> Truck:[OfficalTruck6] breakdown for 12.371672788064625 minutes at 151
2025-09-11 21:06:26,326 [INFO] Truck: Time:<155.98044444444443> Truck:[CLTruck25] Finish loading at shovel NorthPitMine-LoadSite3-Shovel-2
2025-09-11 21:06:26,326 [DEBUG] Truck: Time:<155.98044444444443> Truck:[CLTruck25] Start moving to ORDER(4): NorthPitMine-DumpSite5, move distance is 1.86, speed: 25
2025-09-11 21:06:26,327 [INFO] Truck: Time:<138> Truck:[CLTruck25] breakdown for 7.931694921470828 minutes at 138
2025-09-11 21:06:26,327 [INFO] Truck: Time:<155.98044444444443> Truck:[XHTruck4] Start loading at shovel NorthPitMine-LoadSite3-Shovel-2, load time is 24.444444444444443
2025-09-11 21:06:26,330 [INFO] Truck: Time:<156.41791788954527> Truck:[CLTruck4] Finish loading at shovel NorthPitMine-LoadSite4-Shovel-1
2025-09-11 21:06:26,331 [DEBUG] Truck: Time:<156.41791788954527> Truck:[CLTruck4] Start moving to ORDER(1): NorthPitMine-DumpSite2, move distance is 1.17, speed: 25
2025-09-11 21:06:26,331 [INFO] Truck: Time:<132> Truck:[CLTruck4] breakdown for 6.5922746858522405 minutes at 132
2025-09-11 21:06:26,331 [INFO] Truck: Time:<156.41791788954527> Truck:[XHTruck10] Start loading at shovel NorthPitMine-LoadSite4-Shovel-1, load time is 4.060039370078741
2025-09-11 21:06:26,331 [INFO] Truck: Time:<156.48094872771426> Truck:[OfficalTruck5] is facing 13.918002200051589 mins delay caused by 1 pre-existing jam events on Road from NorthPitMine-LoadSite4 to NorthPitMine-DumpSite2
2025-09-11 21:06:26,332 [INFO] Truck: Time:<156.5351111111111> Truck:[CLTruck9] Finish loading at shovel NorthPitMine-LoadSite4-Shovel-5
2025-09-11 21:06:26,332 [DEBUG] Truck: Time:<156.5351111111111> Truck:[CLTruck9] Start moving to ORDER(1): NorthPitMine-DumpSite2, move distance is 1.17, speed: 25
2025-09-11 21:06:26,333 [INFO] Truck: Time:<134> Truck:[CLTruck9] breakdown for 9.568625220148203 minutes at 134
2025-09-11 21:06:26,333 [INFO] Truck: Time:<156.5351111111111> Truck:[CLTruck2] Start loading at shovel NorthPitMine-LoadSite4-Shovel-5, load time is 15.555555555555555
2025-09-11 21:06:26,336 [INFO] Truck: Time:<158.59523505214403> Truck:[CLTruck28] is facing 9.511427887578563 mins delay caused by 2 pre-existing jam events on Road from NorthPitMine-DumpSite2 to NorthPitMine-LoadSite3
2025-09-11 21:06:26,337 [INFO] Truck: Time:<159.20592726994693> Truck:[CLTruck26] Arrived at NorthPitMine-LoadSite3 at 159.20592726994693
2025-09-11 21:06:26,339 [INFO] Truck: Time:<159.58964788700914> Truck:[CLTruck7] Arrived at NorthPitMine-LoadSite4 at 159.58964788700914
2025-09-11 21:06:26,339 [INFO] Truck: Time:<159.8690921404005> Truck:[CLTruck23] is facing 8.073205419702413 mins delay caused by 2 pre-existing jam events on Road from NorthPitMine-DumpSite2 to NorthPitMine-LoadSite3
2025-09-11 21:06:26,341 [INFO] Truck: Time:<160.47795725962402> Truck:[XHTruck10] Finish loading at shovel NorthPitMine-LoadSite4-Shovel-1
2025-09-11 21:06:26,341 [DEBUG] Truck: Time:<160.47795725962402> Truck:[XHTruck10] Start moving to ORDER(1): NorthPitMine-DumpSite2, move distance is 1.17, speed: 25
2025-09-11 21:06:26,341 [INFO] Truck: Time:<122> Truck:[XHTruck10] breakdown for 2.4174317553882645 minutes at 122
2025-09-11 21:06:26,342 [INFO] Truck: Time:<160.47795725962402> Truck:[CLTruck15] Start loading at shovel NorthPitMine-LoadSite4-Shovel-1, load time is 2.5836614173228347
2025-09-11 21:06:26,343 [INFO] Truck: Time:<161.1106663915454> Truck:[CLTruck24] is facing 6.862388794691149 mins delay caused by 2 pre-existing jam events on Road from NorthPitMine-DumpSite2 to NorthPitMine-LoadSite3
2025-09-11 21:06:26,344 [INFO] Truck: Time:<161.2282930124819> Truck:[XHTruck33] Finish loading at shovel NorthPitMine-LoadSite4-Shovel-4
2025-09-11 21:06:26,344 [DEBUG] Truck: Time:<161.2282930124819> Truck:[XHTruck33] Start moving to ORDER(1): NorthPitMine-DumpSite2, move distance is 1.17, speed: 25
2025-09-11 21:06:26,345 [INFO] Truck: Time:<147> Truck:[XHTruck33] breakdown for 6.869327917546064 minutes at 147
2025-09-11 21:06:26,345 [INFO] Truck: Time:<161.2282930124819> Truck:[CLTruck16] Start loading at shovel NorthPitMine-LoadSite4-Shovel-4, load time is 15.555555555555555
2025-09-11 21:06:26,346 [INFO] Truck: Time:<162.03732144023866> Truck:[XHTruck13] Arrived at NorthPitMine-LoadSite3 at 162.03732144023866
2025-09-11 21:06:26,347 [INFO] Truck: Time:<162.0384593056508> Truck:[CLTruck18] Arrived at NorthPitMine-LoadSite3 at 162.0384593056508
2025-09-11 21:06:26,347 [INFO] Truck: Time:<162.63853415688823> Truck:[CLTruck29] Arrived at NorthPitMine-LoadSite3 at 162.63853415688823
2025-09-11 21:06:26,347 [INFO] Truck: Time:<162.89538901501228> Truck:[XHTruck10] is facing 7.503561912753567 mins delay caused by 1 pre-existing jam events on Road from NorthPitMine-LoadSite4 to NorthPitMine-DumpSite2
2025-09-11 21:06:26,349 [INFO] Truck: Time:<163.0101925753975> Truck:[CLTruck4] is facing 13.519432770427319 mins delay caused by 2 pre-existing jam events on Road from NorthPitMine-LoadSite4 to NorthPitMine-DumpSite2
2025-09-11 21:06:26,349 [INFO] Truck: Time:<163.06161867694686> Truck:[CLTruck15] Finish loading at shovel NorthPitMine-LoadSite4-Shovel-1
2025-09-11 21:06:26,350 [DEBUG] Truck: Time:<163.06161867694686> Truck:[CLTruck15] Start moving to ORDER(1): NorthPitMine-DumpSite2, move distance is 1.17, speed: 25
2025-09-11 21:06:26,350 [INFO] Truck: Time:<154> Truck:[CLTruck15] breakdown for 9.736653417994487 minutes at 154
2025-09-11 21:06:26,350 [INFO] Truck: Time:<163.06161867694686> Truck:[XHTruck31] Start loading at shovel NorthPitMine-LoadSite4-Shovel-1, load time is 4.060039370078741
2025-09-11 21:06:26,352 [INFO] Truck: Time:<163.7282746765692> Truck:[XHTruck14] Arrived at NorthPitMine-LoadSite3 at 163.7282746765692
2025-09-11 21:06:26,354 [INFO] Truck: Time:<164.14697870223745> Truck:[XHTruck30] Arrived at NorthPitMine-LoadSite4 at 164.14697870223745
2025-09-11 21:06:26,354 [INFO] Truck: Time:<164.27862668775182> Truck:[XHTruck12] is facing 0 mins delay caused by 1 pre-existing jam events on Road from NorthPitMine-DumpSite1 to NorthPitMine-LoadSite3
2025-09-11 21:06:26,355 [INFO] Truck: Time:<164.31645394089017> Truck:[XHTruck20] is facing 17.674572233436685 mins delay caused by 3 pre-existing jam events on Road from NorthPitMine-LoadSite4 to NorthPitMine-DumpSite2
2025-09-11 21:06:26,355 [INFO] Truck: Time:<164.56904523914196> Truck:[CLTruck6] Arrived at NorthPitMine-LoadSite3 at 164.56904523914196
2025-09-11 21:06:26,357 [DEBUG] Truck: Time:<165.15039913988932> Truck:[CLTruck27] Arrived at NorthPitMine-DumpSite1 at 165.15039913988932
2025-09-11 21:06:26,357 [INFO] Truck: Time:<165.27539166637584> Shovel NorthPitMine-LoadSite3-Shovel-1 maintenance completed
2025-09-11 21:06:26,358 [DEBUG] Truck: Time:<165.27539166637584> Truck:[OfficalTruck7] Start moving to ORDER(4): NorthPitMine-DumpSite5, move distance is 1.86, speed: 25
2025-09-11 21:06:26,358 [INFO] Truck: Time:<150> Truck:[OfficalTruck7] breakdown for 12.4810392910555 minutes at 150
2025-09-11 21:06:26,359 [INFO] Truck: Time:<165.27539166637584> Truck:[CLTruck10] Start loading at shovel NorthPitMine-LoadSite3-Shovel-1, load time is 2.5836614173228347
2025-09-11 21:06:26,359 [INFO] Truck: Time:<165.3390951146605> Truck:[XHTruck21] Arrived at NorthPitMine-LoadSite3 at 165.3390951146605
2025-09-11 21:06:26,359 [INFO] Truck: Time:<165.42399999999998> Truck:[CLTruck14] Finish loading at shovel NorthPitMine-LoadSite4-Shovel-3
2025-09-11 21:06:26,359 [INFO] Truck: Time:<165.42399999999998> Shovel NorthPitMine-LoadSite4-Shovel-3 under maintenance for 43.23 minutes
2025-09-11 21:06:26,363 [INFO] Truck: Time:<166.10373633125928> Truck:[CLTruck9] is facing 16.09347514513927 mins delay caused by 4 pre-existing jam events on Road from NorthPitMine-LoadSite4 to NorthPitMine-DumpSite2
2025-09-11 21:06:26,363 [INFO] Truck: Time:<166.15039913988932> Truck:[CLTruck27] Finish unloading at dumper NorthPitMine-DumpSite1-点位0, dumper tons is 1308.6752472889646
2025-09-11 21:06:26,364 [INFO] Road: [RoadEvent] Road from NorthPitMine-DumpSite1 to NorthPitMine-LoadSite4 is in repair，the repair will last for 39.65 mins, and will end at 205.80, vehicle on this road will have to suffer punish_distance.
2025-09-11 21:06:26,364 [DEBUG] Truck: Time:<166.15039913988932> Truck:[CLTruck27] Start moving to ORDER(3):NorthPitMine-LoadSite4, move distance is 4.971118492246362, speed: 25
2025-09-11 21:06:26,365 [INFO] Truck: Time:<153> Truck:[CLTruck27] breakdown for 13.994781603743988 minutes at 153
2025-09-11 21:06:26,365 [INFO] Truck: Time:<166.27016119712718> Truck:[XHTruck2] is facing 15.427775681667686 mins delay caused by 4 pre-existing jam events on Road from NorthPitMine-LoadSite4 to NorthPitMine-DumpSite2
2025-09-11 21:06:26,366 [INFO] Truck: Time:<167.12165804702562> Truck:[XHTruck31] Finish loading at shovel NorthPitMine-LoadSite4-Shovel-1
2025-09-11 21:06:26,367 [DEBUG] Truck: Time:<167.12165804702562> Truck:[XHTruck31] Start moving to ORDER(1): NorthPitMine-DumpSite2, move distance is 1.17, speed: 25
2025-09-11 21:06:26,367 [INFO] Truck: Time:<139> Truck:[XHTruck31] breakdown for 7.277708861039967 minutes at 139
2025-09-11 21:06:26,368 [INFO] Truck: Time:<167.12165804702562> Truck:[CLTruck13] Start loading at shovel NorthPitMine-LoadSite4-Shovel-1, load time is 2.5836614173228347
2025-09-11 21:06:26,368 [INFO] Truck: Time:<167.44567313032059> Truck:[CLTruck17] Arrived at NorthPitMine-LoadSite3 at 167.44567313032059
2025-09-11 21:06:26,368 [INFO] Truck: Time:<167.44749282929547> Truck:[XHTruck24] is facing 0 mins delay caused by 1 pre-existing jam events on Road from NorthPitMine-DumpSite5 to NorthPitMine-LoadSite4
2025-09-11 21:06:26,368 [INFO] Truck: Time:<167.85905308369868> Truck:[CLTruck10] Finish loading at shovel NorthPitMine-LoadSite3-Shovel-1
2025-09-11 21:06:26,369 [DEBUG] Truck: Time:<167.85905308369868> Truck:[CLTruck10] Start moving to ORDER(4): NorthPitMine-DumpSite5, move distance is 1.86, speed: 25
2025-09-11 21:06:26,369 [INFO] Truck: Time:<159> Truck:[CLTruck10] breakdown for 6.9876856108713525 minutes at 159
2025-09-11 21:06:26,369 [INFO] Truck: Time:<167.85905308369868> Truck:[CLTruck20] Start loading at shovel NorthPitMine-LoadSite3-Shovel-1, load time is 2.5836614173228347
2025-09-11 21:06:26,371 [INFO] Truck: Time:<168.09762093002797> Truck:[XHTruck33] is facing 8.11793675006452 mins delay caused by 4 pre-existing jam events on Road from NorthPitMine-LoadSite4 to NorthPitMine-DumpSite2
2025-09-11 21:06:26,371 [INFO] Truck: Time:<168.21894753387082> Truck:[OfficalTruck6] is facing 0 mins delay caused by 1 pre-existing jam events on Road from NorthPitMine-DumpSite5 to NorthPitMine-LoadSite4
2025-09-11 21:06:26,371 [DEBUG] Truck: Time:<168.37613936591526> Truck:[CLTruck25] Arrived at NorthPitMine-DumpSite5 at 168.37613936591526
2025-09-11 21:06:26,371 [INFO] Truck: Time:<168.53511111111112> Truck:[XHTruck26] Finish loading at shovel NorthPitMine-LoadSite4-Shovel-2
2025-09-11 21:06:26,372 [DEBUG] Truck: Time:<168.53511111111112> Truck:[XHTruck26] Start moving to ORDER(1): NorthPitMine-DumpSite2, move distance is 1.17, speed: 25
2025-09-11 21:06:26,372 [INFO] Truck: Time:<127> Truck:[XHTruck26] breakdown for 14.59953130694286 minutes at 127
2025-09-11 21:06:26,373 [INFO] Truck: Time:<168.53511111111112> Truck:[CLTruck3] Start loading at shovel NorthPitMine-LoadSite4-Shovel-2, load time is 15.555555555555555
2025-09-11 21:06:26,374 [DEBUG] Truck: Time:<168.72099757578877> Truck:[XHTruck17] Arrived at NorthPitMine-DumpSite1 at 168.72099757578877
2025-09-11 21:06:26,376 [INFO] Truck: Time:<169.37613936591526> Truck:[CLTruck25] Finish unloading at dumper NorthPitMine-DumpSite5-点位0, dumper tons is 1982.5474991525705
2025-09-11 21:06:26,377 [DEBUG] Truck: Time:<169.37613936591526> Truck:[CLTruck25] Start moving to ORDER(3):NorthPitMine-LoadSite4, move distance is 5.34, speed: 25
2025-09-11 21:06:26,377 [INFO] Truck: Time:<169.37613936591526> Truck:[CLTruck25] is facing 0 mins delay caused by 1 pre-existing jam events on Road from NorthPitMine-DumpSite5 to NorthPitMine-LoadSite4
2025-09-11 21:06:26,377 [INFO] Truck: Time:<169.70531946434846> Truck:[CLTruck13] Finish loading at shovel NorthPitMine-LoadSite4-Shovel-1
2025-09-11 21:06:26,378 [DEBUG] Truck: Time:<169.70531946434846> Truck:[CLTruck13] Start moving to ORDER(1): NorthPitMine-DumpSite2, move distance is 1.17, speed: 25
2025-09-11 21:06:26,378 [INFO] Truck: Time:<129> Truck:[CLTruck13] breakdown for 10.519897996196168 minutes at 129
2025-09-11 21:06:26,378 [INFO] Truck: Time:<169.70531946434846> Truck:[CLTruck7] Start loading at shovel NorthPitMine-LoadSite4-Shovel-1, load time is 2.5836614173228347
2025-09-11 21:06:26,379 [INFO] Truck: Time:<169.72099757578877> Truck:[XHTruck17] Finish unloading at dumper NorthPitMine-DumpSite1-点位0, dumper tons is 1364.6455941703457
2025-09-11 21:06:26,379 [DEBUG] Truck: Time:<169.72099757578877> Truck:[XHTruck17] Start moving to ORDER(3):NorthPitMine-LoadSite4, move distance is 4.45831127759973, speed: 25
2025-09-11 21:06:26,382 [INFO] Truck: Time:<170.44271450102153> Truck:[CLTruck20] Finish loading at shovel NorthPitMine-LoadSite3-Shovel-1
2025-09-11 21:06:26,383 [INFO] Road: [RoadEvent] Road from NorthPitMine-LoadSite3 to NorthPitMine-DumpSite5 is in repair，the repair will last for 49.95 mins, and will end at 220.39, vehicle on this road will have to suffer punish_distance.
2025-09-11 21:06:26,383 [DEBUG] Truck: Time:<170.44271450102153> Truck:[CLTruck20] Start moving to ORDER(4): NorthPitMine-DumpSite5, move distance is 2.815235836083137, speed: 25
2025-09-11 21:06:26,383 [INFO] Truck: Time:<163> Truck:[CLTruck20] breakdown for 8.112036092408074 minutes at 163
2025-09-11 21:06:26,383 [INFO] Truck: Time:<170.44271450102153> Truck:[XHTruck32] Start loading at shovel NorthPitMine-LoadSite3-Shovel-1, load time is 4.060039370078741
2025-09-11 21:06:26,384 [INFO] Truck: Time:<170.64711111111114> Truck:[XHTruck25] Finish loading at shovel NorthPitMine-LoadSite3-Shovel-3
2025-09-11 21:06:26,384 [DEBUG] Truck: Time:<170.64711111111114> Truck:[XHTruck25] Start moving to ORDER(4): NorthPitMine-DumpSite5, move distance is 2.4684526052700058, speed: 25
2025-09-11 21:06:26,384 [INFO] Truck: Time:<131> Truck:[XHTruck25] breakdown for 6.816557342418968 minutes at 131
2025-09-11 21:06:26,385 [INFO] Truck: Time:<170.64711111111114> Truck:[XHTruck5] Start loading at shovel NorthPitMine-LoadSite3-Shovel-3, load time is 24.444444444444443
2025-09-11 21:06:26,387 [INFO] Truck: Time:<171.4306266877518> Truck:[XHTruck12] Arrived at NorthPitMine-LoadSite3 at 171.4306266877518
2025-09-11 21:06:26,389 [INFO] Truck: Time:<172.09066666666664> Truck:[CLTruck2] Finish loading at shovel NorthPitMine-LoadSite4-Shovel-5
2025-09-11 21:06:26,390 [DEBUG] Truck: Time:<172.09066666666664> Truck:[CLTruck2] Start moving to ORDER(1): NorthPitMine-DumpSite2, move distance is 1.17, speed: 25
2025-09-11 21:06:26,390 [INFO] Truck: Time:<168> Truck:[CLTruck2] breakdown for 9.826022871872247 minutes at 168
2025-09-11 21:06:26,391 [INFO] Truck: Time:<172.09066666666664> Truck:[OfficalTruck2] Start loading at shovel NorthPitMine-LoadSite4-Shovel-5, load time is 34.22222222222222
2025-09-11 21:06:26,391 [INFO] Truck: Time:<172.2889808816713> Truck:[CLTruck7] Finish loading at shovel NorthPitMine-LoadSite4-Shovel-1
2025-09-11 21:06:26,392 [DEBUG] Truck: Time:<172.2889808816713> Truck:[CLTruck7] Start moving to ORDER(1): NorthPitMine-DumpSite2, move distance is 1.17, speed: 25
2025-09-11 21:06:26,392 [INFO] Truck: Time:<156> Truck:[CLTruck7] breakdown for 7.003888937570366 minutes at 156
2025-09-11 21:06:26,392 [INFO] Truck: Time:<172.2889808816713> Truck:[XHTruck30] Start loading at shovel NorthPitMine-LoadSite4-Shovel-1, load time is 4.060039370078741
2025-09-11 21:06:26,393 [INFO] Truck: Time:<172.79827209494135> Truck:[CLTruck15] is facing 0 mins delay caused by 3 pre-existing jam events on Road from NorthPitMine-LoadSite4 to NorthPitMine-DumpSite2
2025-09-11 21:06:26,395 [DEBUG] Truck: Time:<173.20695092776586> Truck:[OfficalTruck5] Arrived at NorthPitMine-DumpSite2 at 173.20695092776586
2025-09-11 21:06:26,395 [DEBUG] Truck: Time:<173.20695092776586> Truck:[XHTruck10] Arrived at NorthPitMine-DumpSite2 at 173.20695092776586
2025-09-11 21:06:26,395 [DEBUG] Truck: Time:<173.2559220598057> Truck:[XHTruck23] Arrived at NorthPitMine-DumpSite2 at 173.2559220598057
2025-09-11 21:06:26,395 [DEBUG] Truck: Time:<173.27081452935334> Truck:[XHTruck28] Arrived at NorthPitMine-DumpSite2 at 173.27081452935334
2025-09-11 21:06:26,395 [DEBUG] Truck: Time:<173.2769040433072> Truck:[OfficalTruck9] Arrived at NorthPitMine-DumpSite2 at 173.2769040433072
2025-09-11 21:06:26,397 [INFO] Truck: Time:<174.20695092776586> Truck:[OfficalTruck5] Finish unloading at dumper NorthPitMine-DumpSite2-点位0, dumper tons is 1404.964313643454
2025-09-11 21:06:26,397 [INFO] Truck: Time:<174.20695092776586> Truck:[XHTruck10] Finish unloading at dumper NorthPitMine-DumpSite2-点位1, dumper tons is 406.47110115845305
2025-09-11 21:06:26,398 [INFO] Road: [RoadEvent] Road from NorthPitMine-DumpSite2 to NorthPitMine-LoadSite5 is in repair，the repair will last for 70.65 mins, and will end at 244.85, vehicle on this road will have to suffer punish_distance.
2025-09-11 21:06:26,399 [DEBUG] Truck: Time:<174.20695092776586> Truck:[OfficalTruck5] Start moving to ORDER(4):NorthPitMine-LoadSite5, move distance is 8.313345331205914, speed: 25
2025-09-11 21:06:26,399 [INFO] Truck: Time:<168> Truck:[OfficalTruck5] breakdown for 6.8834534676267225 minutes at 168
2025-09-11 21:06:26,399 [DEBUG] Truck: Time:<174.20695092776586> Truck:[XHTruck10] Start moving to ORDER(4):NorthPitMine-LoadSite5, move distance is 8.311178785484744, speed: 25
2025-09-11 21:06:26,399 [INFO] Truck: Time:<174.2559220598057> Truck:[XHTruck23] Finish unloading at dumper NorthPitMine-DumpSite2-点位2, dumper tons is 187.9694141524355
2025-09-11 21:06:26,400 [DEBUG] Truck: Time:<174.2559220598057> Truck:[XHTruck23] Start moving to ORDER(4):NorthPitMine-LoadSite5, move distance is 7.862728585309896, speed: 25
2025-09-11 21:06:26,400 [INFO] Truck: Time:<161> Truck:[XHTruck23] breakdown for 7.462123034838688 minutes at 161
2025-09-11 21:06:26,400 [INFO] Truck: Time:<174.27081452935334> Truck:[XHTruck28] Finish unloading at dumper NorthPitMine-DumpSite2-点位3, dumper tons is 88.04853587493176
2025-09-11 21:06:26,401 [DEBUG] Truck: Time:<174.27081452935334> Truck:[XHTruck28] Start moving to ORDER(4):NorthPitMine-LoadSite5, move distance is 7.749720040390038, speed: 25
2025-09-11 21:06:26,401 [INFO] Truck: Time:<154> Truck:[XHTruck28] breakdown for 12.44053792034553 minutes at 154
2025-09-11 21:06:26,401 [INFO] Truck: Time:<174.2769040433072> Truck:[OfficalTruck9] Finish unloading at dumper NorthPitMine-DumpSite2-点位4, dumper tons is 71.8283864846275
2025-09-11 21:06:26,402 [DEBUG] Truck: Time:<174.2769040433072> Truck:[OfficalTruck9] Start moving to ORDER(4):NorthPitMine-LoadSite5, move distance is 7.925308872864018, speed: 25
2025-09-11 21:06:26,402 [INFO] Truck: Time:<156> Truck:[OfficalTruck9] breakdown for 9.045384918474646 minutes at 156
2025-09-11 21:06:26,402 [INFO] Truck: Time:<174.3993669080656> Truck:[XHTruck31] is facing 9.323476681521834 mins delay caused by 2 pre-existing jam events on Road from NorthPitMine-LoadSite4 to NorthPitMine-DumpSite2
2025-09-11 21:06:26,403 [INFO] Truck: Time:<174.50275387110025> Truck:[XHTruck32] Finish loading at shovel NorthPitMine-LoadSite3-Shovel-1
2025-09-11 21:06:26,404 [DEBUG] Truck: Time:<174.50275387110025> Truck:[XHTruck32] Start moving to ORDER(4): NorthPitMine-DumpSite5, move distance is 2.696323664468586, speed: 25
2025-09-11 21:06:26,404 [INFO] Truck: Time:<171> Truck:[XHTruck32] breakdown for 11.532798750329944 minutes at 171
2025-09-11 21:06:26,404 [INFO] Truck: Time:<174.50275387110025> Truck:[CLTruck1] Start loading at shovel NorthPitMine-LoadSite3-Shovel-1, load time is 2.5836614173228347
2025-09-11 21:06:26,407 [DEBUG] Truck: Time:<175.60627209494135> Truck:[CLTruck15] Arrived at NorthPitMine-DumpSite2 at 175.60627209494135
2025-09-11 21:06:26,409 [INFO] Truck: Time:<176.2906629397226> Truck:[CLTruck28] Arrived at NorthPitMine-LoadSite3 at 176.2906629397226
2025-09-11 21:06:26,410 [INFO] Truck: Time:<176.34902025175006> Truck:[XHTruck30] Finish loading at shovel NorthPitMine-LoadSite4-Shovel-1
2025-09-11 21:06:26,411 [DEBUG] Truck: Time:<176.34902025175006> Truck:[XHTruck30] Start moving to ORDER(1): NorthPitMine-DumpSite2, move distance is 1.17, speed: 25
2025-09-11 21:06:26,411 [INFO] Truck: Time:<158> Truck:[XHTruck30] breakdown for 10.918982239612866 minutes at 158
2025-09-11 21:06:26,411 [INFO] Truck: Time:<176.60627209494135> Truck:[CLTruck15] Finish unloading at dumper NorthPitMine-DumpSite2-点位0, dumper tons is 1441.3424025060085
2025-09-11 21:06:26,412 [DEBUG] Truck: Time:<176.60627209494135> Truck:[CLTruck15] Start moving to ORDER(4):NorthPitMine-LoadSite5, move distance is 8.127662419791232, speed: 25
2025-09-11 21:06:26,412 [INFO] Truck: Time:<176.78384856803746> Truck:[CLTruck16] Finish loading at shovel NorthPitMine-LoadSite4-Shovel-4
2025-09-11 21:06:26,413 [DEBUG] Truck: Time:<176.78384856803746> Truck:[CLTruck16] Start moving to ORDER(1): NorthPitMine-DumpSite2, move distance is 1.17, speed: 25
2025-09-11 21:06:26,413 [INFO] Truck: Time:<174> Truck:[CLTruck16] breakdown for 14.32530230303199 minutes at 174
2025-09-11 21:06:26,413 [INFO] Truck: Time:<176.78384856803746> Truck:[CLTruck19] Start loading at shovel NorthPitMine-LoadSite4-Shovel-4, load time is 15.555555555555555
2025-09-11 21:06:26,416 [INFO] Truck: Time:<177.0864152884231> Truck:[CLTruck1] Finish loading at shovel NorthPitMine-LoadSite3-Shovel-1
2025-09-11 21:06:26,416 [DEBUG] Truck: Time:<177.0864152884231> Truck:[CLTruck1] Start moving to ORDER(4): NorthPitMine-DumpSite5, move distance is 2.1426372221953556, speed: 25
2025-09-11 21:06:26,417 [INFO] Truck: Time:<157> Truck:[CLTruck1] breakdown for 8.133264235721281 minutes at 157
2025-09-11 21:06:26,417 [INFO] Truck: Time:<177.0864152884231> Truck:[CLTruck8] Start loading at shovel NorthPitMine-LoadSite3-Shovel-1, load time is 2.5836614173228347
2025-09-11 21:06:26,421 [DEBUG] Truck: Time:<179.0235576800925> Truck:[XHTruck33] Arrived at NorthPitMine-DumpSite2 at 179.0235576800925
2025-09-11 21:06:26,421 [INFO] Truck: Time:<179.26110508699364> Truck:[CLTruck24] Arrived at NorthPitMine-LoadSite3 at 179.26110508699364
2025-09-11 21:06:26,422 [INFO] Truck: Time:<179.29286981924167> Truck:[CLTruck7] is facing 7.573485812770231 mins delay caused by 3 pre-existing jam events on Road from NorthPitMine-LoadSite4 to NorthPitMine-DumpSite2
2025-09-11 21:06:26,422 [DEBUG] Truck: Time:<179.31073869457003> Truck:[CLTruck10] Arrived at NorthPitMine-DumpSite5 at 179.31073869457003
2025-09-11 21:06:26,422 [DEBUG] Truck: Time:<179.33762534582482> Truck:[CLTruck4] Arrived at NorthPitMine-DumpSite2 at 179.33762534582482
2025-09-11 21:06:26,422 [INFO] Truck: Time:<179.67007670574594> Truck:[CLTruck8] Finish loading at shovel NorthPitMine-LoadSite3-Shovel-1
2025-09-11 21:06:26,423 [DEBUG] Truck: Time:<179.67007670574594> Truck:[CLTruck8] Start moving to ORDER(4): NorthPitMine-DumpSite5, move distance is 2.4666850936986284, speed: 25
2025-09-11 21:06:26,423 [INFO] Truck: Time:<161> Truck:[CLTruck8] breakdown for 10.845474199127603 minutes at 161
2025-09-11 21:06:26,424 [INFO] Truck: Time:<179.67007670574594> Truck:[CLTruck18] Start loading at shovel NorthPitMine-LoadSite3-Shovel-1, load time is 2.5836614173228347
2025-09-11 21:06:26,424 [INFO] Truck: Time:<179.94492579824367> Truck:[CLTruck23] Arrived at NorthPitMine-LoadSite3 at 179.94492579824367
2025-09-11 21:06:26,425 [INFO] Truck: Time:<180.0235576800925> Truck:[XHTruck33] Finish unloading at dumper NorthPitMine-DumpSite2-点位0, dumper tons is 1497.1777456235784
2025-09-11 21:06:26,426 [DEBUG] Truck: Time:<180.0235576800925> Truck:[XHTruck33] Start moving to ORDER(4):NorthPitMine-LoadSite5, move distance is 6.872486482094977, speed: 25
2025-09-11 21:06:26,426 [INFO] Truck: Time:<177> Truck:[XHTruck33] breakdown for 9.516123090705964 minutes at 177
2025-09-11 21:06:26,426 [INFO] Truck: Time:<180.22521746054463> Truck:[CLTruck13] is facing 5.261638101231983 mins delay caused by 3 pre-existing jam events on Road from NorthPitMine-LoadSite4 to NorthPitMine-DumpSite2
2025-09-11 21:06:26,426 [INFO] Truck: Time:<180.31073869457003> Truck:[CLTruck10] Finish unloading at dumper NorthPitMine-DumpSite5-点位0, dumper tons is 2019.9035090025366
2025-09-11 21:06:26,426 [INFO] Road: [RoadEvent] Road from NorthPitMine-DumpSite5 to NorthPitMine-LoadSite4 is in repair，the repair will last for 46.23 mins, and will end at 226.54, vehicle on this road will have to suffer punish_distance.
2025-09-11 21:06:26,427 [DEBUG] Truck: Time:<180.31073869457003> Truck:[CLTruck10] Start moving to ORDER(3):NorthPitMine-LoadSite4, move distance is 7.7709910735412375, speed: 25
2025-09-11 21:06:26,427 [INFO] Truck: Time:<180> Truck:[CLTruck10] breakdown for 10.30217380180816 minutes at 180
2025-09-11 21:06:26,427 [INFO] Truck: Time:<180.33762534582482> Truck:[CLTruck4] Finish unloading at dumper NorthPitMine-DumpSite2-点位1, dumper tons is 443.40552271716905
2025-09-11 21:06:26,427 [DEBUG] Truck: Time:<180.33762534582482> Truck:[CLTruck4] Start moving to ORDER(4):NorthPitMine-LoadSite5, move distance is 7.631113990870871, speed: 25
2025-09-11 21:06:26,427 [INFO] Truck: Time:<176> Truck:[CLTruck4] breakdown for 12.81339491981145 minutes at 176
2025-09-11 21:06:26,427 [INFO] Truck: Time:<180.42094464202813> Truck:[XHTruck17] Arrived at NorthPitMine-LoadSite4 at 180.42094464202813
2025-09-11 21:06:26,427 [INFO] Truck: Time:<180.42094464202813> Truck:[XHTruck17] Start loading at shovel NorthPitMine-LoadSite4-Shovel-1, load time is 4.060039370078741
2025-09-11 21:06:26,427 [INFO] Truck: Time:<180.42488888888886> Truck:[XHTruck4] Finish loading at shovel NorthPitMine-LoadSite3-Shovel-2
2025-09-11 21:06:26,429 [INFO] Truck: Time:<180.42488888888886> Shovel NorthPitMine-LoadSite3-Shovel-2 under maintenance for 43.60 minutes
2025-09-11 21:06:26,431 [INFO] Truck: Time:<181.03494753387082> Truck:[OfficalTruck6] Arrived at NorthPitMine-LoadSite4 at 181.03494753387082
2025-09-11 21:06:26,432 [INFO] Truck: Time:<181.9166895385389> Truck:[CLTruck2] is facing 1.878693945243458 mins delay caused by 4 pre-existing jam events on Road from NorthPitMine-LoadSite4 to NorthPitMine-DumpSite2
2025-09-11 21:06:26,433 [INFO] Truck: Time:<182.19213936591527> Truck:[CLTruck25] Arrived at NorthPitMine-LoadSite4 at 182.19213936591527
2025-09-11 21:06:26,434 [DEBUG] Truck: Time:<182.22043095743135> Truck:[OfficalTruck7] Arrived at NorthPitMine-DumpSite5 at 182.22043095743135
2025-09-11 21:06:26,434 [INFO] Truck: Time:<182.25373812306879> Truck:[CLTruck18] Finish loading at shovel NorthPitMine-LoadSite3-Shovel-1
2025-09-11 21:06:26,435 [DEBUG] Truck: Time:<182.25373812306879> Truck:[CLTruck18] Start moving to ORDER(4): NorthPitMine-DumpSite5, move distance is 2.4875645901395598, speed: 25
2025-09-11 21:06:26,435 [INFO] Truck: Time:<172> Truck:[CLTruck18] breakdown for 3.459807471629926 minutes at 172
2025-09-11 21:06:26,435 [INFO] Truck: Time:<182.25373812306879> Truck:[CLTruck6] Start loading at shovel NorthPitMine-LoadSite3-Shovel-1, load time is 2.5836614173228347
2025-09-11 21:06:26,437 [INFO] Truck: Time:<183.13464241805397> Truck:[XHTruck26] is facing 0.5882011715334503 mins delay caused by 4 pre-existing jam events on Road from NorthPitMine-LoadSite4 to NorthPitMine-DumpSite2
2025-09-11 21:06:26,437 [INFO] Truck: Time:<183.22043095743135> Truck:[OfficalTruck7] Finish unloading at dumper NorthPitMine-DumpSite5-点位0, dumper tons is 2095.6273864983477
2025-09-11 21:06:26,439 [DEBUG] Truck: Time:<183.22043095743135> Truck:[OfficalTruck7] Start moving to ORDER(3):NorthPitMine-LoadSite4, move distance is 7.197938657898609, speed: 25
2025-09-11 21:06:26,439 [INFO] Truck: Time:<178> Truck:[OfficalTruck7] breakdown for 12.695621876816126 minutes at 178
2025-09-11 21:06:26,439 [DEBUG] Truck: Time:<183.38795470617814> Truck:[XHTruck25] Arrived at NorthPitMine-DumpSite5 at 183.38795470617814
2025-09-11 21:06:26,441 [INFO] Truck: Time:<184.09066666666666> Truck:[CLTruck3] Finish loading at shovel NorthPitMine-LoadSite4-Shovel-2
2025-09-11 21:06:26,442 [DEBUG] Truck: Time:<184.09066666666666> Truck:[CLTruck3] Start moving to ORDER(1): NorthPitMine-DumpSite2, move distance is 1.17, speed: 25
2025-09-11 21:06:26,442 [INFO] Truck: Time:<173> Truck:[CLTruck3] breakdown for 8.765555235560624 minutes at 173
2025-09-11 21:06:26,442 [INFO] Truck: Time:<184.09066666666666> Truck:[XHTruck18] Start loading at shovel NorthPitMine-LoadSite4-Shovel-2, load time is 24.444444444444443
2025-09-11 21:06:26,442 [INFO] Truck: Time:<184.38795470617814> Truck:[XHTruck25] Finish unloading at dumper NorthPitMine-DumpSite5-点位0, dumper tons is 2150.7656719731385
2025-09-11 21:06:26,443 [DEBUG] Truck: Time:<184.38795470617814> Truck:[XHTruck25] Start moving to ORDER(3):NorthPitMine-LoadSite4, move distance is 7.2510443005098, speed: 25
2025-09-11 21:06:26,443 [INFO] Truck: Time:<184.38795470617814> Truck:[XHTruck25] is facing 0 mins delay caused by 1 pre-existing jam events on Road from NorthPitMine-DumpSite5 to NorthPitMine-LoadSite4
2025-09-11 21:06:26,443 [INFO] Truck: Time:<184.4809840121069> Truck:[XHTruck17] Finish loading at shovel NorthPitMine-LoadSite4-Shovel-1
2025-09-11 21:06:26,444 [DEBUG] Truck: Time:<184.4809840121069> Truck:[XHTruck17] Start moving to ORDER(1): NorthPitMine-DumpSite2, move distance is 1.17, speed: 25
2025-09-11 21:06:26,444 [INFO] Truck: Time:<175> Truck:[XHTruck17] breakdown for 4.7685090606244955 minutes at 175
2025-09-11 21:06:26,445 [INFO] Truck: Time:<184.4809840121069> Truck:[OfficalTruck6] Start loading at shovel NorthPitMine-LoadSite4-Shovel-1, load time is 5.684055118110236
2025-09-11 21:06:26,445 [DEBUG] Truck: Time:<184.50593687879487> Truck:[XHTruck2] Arrived at NorthPitMine-DumpSite2 at 184.50593687879487
2025-09-11 21:06:26,445 [DEBUG] Truck: Time:<184.79902617432685> Truck:[XHTruck20] Arrived at NorthPitMine-DumpSite2 at 184.79902617432685
2025-09-11 21:06:26,446 [INFO] Truck: Time:<184.83739954039163> Truck:[CLTruck6] Finish loading at shovel NorthPitMine-LoadSite3-Shovel-1
2025-09-11 21:06:26,447 [DEBUG] Truck: Time:<184.83739954039163> Truck:[CLTruck6] Start moving to ORDER(4): NorthPitMine-DumpSite5, move distance is 2.8263118959391007, speed: 25
2025-09-11 21:06:26,447 [INFO] Truck: Time:<167> Truck:[CLTruck6] breakdown for 11.198438067455275 minutes at 167
2025-09-11 21:06:26,448 [INFO] Truck: Time:<184.83739954039163> Truck:[XHTruck21] Start loading at shovel NorthPitMine-LoadSite3-Shovel-1, load time is 4.060039370078741
2025-09-11 21:06:26,448 [INFO] Truck: Time:<184.86800244780576> Truck:[XHTruck24] Arrived at NorthPitMine-LoadSite4 at 184.86800244780576
2025-09-11 21:06:26,448 [DEBUG] Truck: Time:<185.00521147639856> Truck:[CLTruck9] Arrived at NorthPitMine-DumpSite2 at 185.00521147639856
2025-09-11 21:06:26,451 [DEBUG] Truck: Time:<185.31131660002913> Truck:[CLTruck20] Arrived at NorthPitMine-DumpSite5 at 185.31131660002913
2025-09-11 21:06:26,451 [INFO] Truck: Time:<185.50593687879487> Truck:[XHTruck2] Finish unloading at dumper NorthPitMine-DumpSite2-点位0, dumper tons is 1548.2827915511566
2025-09-11 21:06:26,452 [DEBUG] Truck: Time:<185.50593687879487> Truck:[XHTruck2] Start moving to ORDER(4):NorthPitMine-LoadSite5, move distance is 7.273754288959547, speed: 25
2025-09-11 21:06:26,452 [INFO] Truck: Time:<174> Truck:[XHTruck2] breakdown for 11.841083451523179 minutes at 174
2025-09-11 21:06:26,452 [INFO] Truck: Time:<185.79902617432685> Truck:[XHTruck20] Finish unloading at dumper NorthPitMine-DumpSite2-点位1, dumper tons is 498.85518870054085
2025-09-11 21:06:26,453 [DEBUG] Truck: Time:<185.79902617432685> Truck:[XHTruck20] Start moving to ORDER(4):NorthPitMine-LoadSite5, move distance is 7.0198941898087215, speed: 25
2025-09-11 21:06:26,453 [INFO] Truck: Time:<175> Truck:[XHTruck20] breakdown for 9.21557877280935 minutes at 175
2025-09-11 21:06:26,454 [INFO] Truck: Time:<186.00521147639856> Truck:[CLTruck9] Finish unloading at dumper NorthPitMine-DumpSite2-点位2, dumper tons is 224.20408694718384
2025-09-11 21:06:26,455 [DEBUG] Truck: Time:<186.00521147639856> Truck:[CLTruck9] Start moving to ORDER(4):NorthPitMine-LoadSite5, move distance is 9.253534130284727, speed: 25
2025-09-11 21:06:26,455 [INFO] Truck: Time:<186.00521147639856> Truck:[CLTruck9] is facing 0 mins delay caused by 1 pre-existing jam events on Road from NorthPitMine-DumpSite2 to NorthPitMine-LoadSite5
2025-09-11 21:06:26,455 [INFO] Truck: Time:<186.31131660002913> Truck:[CLTruck20] Finish unloading at dumper NorthPitMine-DumpSite5-点位0, dumper tons is 2186.918608573451
2025-09-11 21:06:26,456 [DEBUG] Truck: Time:<186.31131660002913> Truck:[CLTruck20] Start moving to ORDER(3):NorthPitMine-LoadSite4, move distance is 7.226202606496067, speed: 25
2025-09-11 21:06:26,456 [INFO] Truck: Time:<186.31131660002913> Truck:[CLTruck20] is facing 0 mins delay caused by 1 pre-existing jam events on Road from NorthPitMine-DumpSite5 to NorthPitMine-LoadSite4
2025-09-11 21:06:26,456 [DEBUG] Truck: Time:<186.53084358958742> Truck:[XHTruck31] Arrived at NorthPitMine-DumpSite2 at 186.53084358958742
2025-09-11 21:06:26,456 [DEBUG] Truck: Time:<186.53084358958742> Truck:[XHTruck26] Arrived at NorthPitMine-DumpSite2 at 186.53084358958742
2025-09-11 21:06:26,456 [DEBUG] Truck: Time:<186.60338348378235> Truck:[CLTruck2] Arrived at NorthPitMine-DumpSite2 at 186.60338348378235
2025-09-11 21:06:26,456 [INFO] Truck: Time:<186.71135244969886> Truck:[XHTruck28] is facing 0 mins delay caused by 1 pre-existing jam events on Road from NorthPitMine-DumpSite2 to NorthPitMine-LoadSite5
2025-09-11 21:06:26,459 [INFO] Truck: Time:<187.26800249136292> Truck:[XHTruck30] is facing 2.171733081699401 mins delay caused by 1 pre-existing jam events on Road from NorthPitMine-LoadSite4 to NorthPitMine-DumpSite2
2025-09-11 21:06:26,461 [INFO] Truck: Time:<187.53084358958742> Truck:[XHTruck31] Finish unloading at dumper NorthPitMine-DumpSite2-点位0, dumper tons is 1608.2560021592976
2025-09-11 21:06:26,461 [INFO] Truck: Time:<187.53084358958742> Truck:[XHTruck26] Finish unloading at dumper NorthPitMine-DumpSite2-点位1, dumper tons is 558.3029656215491
2025-09-11 21:06:26,461 [DEBUG] Truck: Time:<187.53084358958742> Truck:[XHTruck31] Start moving to ORDER(4):NorthPitMine-LoadSite5, move distance is 7.7448321211814575, speed: 25
2025-09-11 21:06:26,462 [INFO] Truck: Time:<187.53084358958742> Truck:[XHTruck31] is facing 0 mins delay caused by 2 pre-existing jam events on Road from NorthPitMine-DumpSite2 to NorthPitMine-LoadSite5
2025-09-11 21:06:26,462 [DEBUG] Truck: Time:<187.53084358958742> Truck:[XHTruck26] Start moving to ORDER(4):NorthPitMine-LoadSite5, move distance is 8.339496407772794, speed: 25
2025-09-11 21:06:26,462 [INFO] Truck: Time:<187.53084358958742> Truck:[XHTruck26] is facing 0 mins delay caused by 2 pre-existing jam events on Road from NorthPitMine-DumpSite2 to NorthPitMine-LoadSite5
2025-09-11 21:06:26,463 [INFO] Truck: Time:<187.60338348378235> Truck:[CLTruck2] Finish unloading at dumper NorthPitMine-DumpSite2-点位2, dumper tons is 259.0654500572063
2025-09-11 21:06:26,463 [DEBUG] Truck: Time:<187.60338348378235> Truck:[CLTruck2] Start moving to ORDER(4):NorthPitMine-LoadSite5, move distance is 6.653399887498642, speed: 25
2025-09-11 21:06:26,464 [INFO] Truck: Time:<187.60338348378235> Truck:[CLTruck2] is facing 0 mins delay caused by 2 pre-existing jam events on Road from NorthPitMine-DumpSite2 to NorthPitMine-LoadSite5
2025-09-11 21:06:26,466 [DEBUG] Truck: Time:<188.29485556177661> Truck:[CLTruck13] Arrived at NorthPitMine-DumpSite2 at 188.29485556177661
2025-09-11 21:06:26,466 [INFO] Truck: Time:<188.89743891047038> Truck:[XHTruck21] Finish loading at shovel NorthPitMine-LoadSite3-Shovel-1
2025-09-11 21:06:26,467 [DEBUG] Truck: Time:<188.89743891047038> Truck:[XHTruck21] Start moving to ORDER(4): NorthPitMine-DumpSite5, move distance is 2.772114328458071, speed: 25
2025-09-11 21:06:26,467 [INFO] Truck: Time:<164> Truck:[XHTruck21] breakdown for 8.513441689507017 minutes at 164
2025-09-11 21:06:26,467 [INFO] Truck: Time:<188.89743891047038> Truck:[XHTruck12] Start loading at shovel NorthPitMine-LoadSite3-Shovel-1, load time is 4.060039370078741
2025-09-11 21:06:26,470 [INFO] Truck: Time:<189.24949307273138> Truck:[XHTruck17] is facing 0.19024250033093937 mins delay caused by 1 pre-existing jam events on Road from NorthPitMine-LoadSite4 to NorthPitMine-DumpSite2
2025-09-11 21:06:26,470 [INFO] Truck: Time:<189.29485556177661> Truck:[CLTruck13] Finish unloading at dumper NorthPitMine-DumpSite2-点位0, dumper tons is 1642.929270450869
2025-09-11 21:06:26,471 [DEBUG] Truck: Time:<189.29485556177661> Truck:[CLTruck13] Start moving to ORDER(4):NorthPitMine-LoadSite5, move distance is 8.505933984824948, speed: 25
2025-09-11 21:06:26,471 [INFO] Truck: Time:<189.29485556177661> Truck:[CLTruck13] is facing 19.113397311601958 mins delay caused by 4 pre-existing jam events on Road from NorthPitMine-DumpSite2 to NorthPitMine-LoadSite5
2025-09-11 21:06:26,471 [INFO] Truck: Time:<189.53968077079847> Truck:[XHTruck33] is facing 20.593694392346105 mins delay caused by 4 pre-existing jam events on Road from NorthPitMine-DumpSite2 to NorthPitMine-LoadSite5
2025-09-11 21:06:26,471 [DEBUG] Truck: Time:<189.6743556320119> Truck:[CLTruck7] Arrived at NorthPitMine-DumpSite2 at 189.6743556320119
2025-09-11 21:06:26,473 [INFO] Truck: Time:<190.1650391302171> Truck:[OfficalTruck6] Finish loading at shovel NorthPitMine-LoadSite4-Shovel-1
2025-09-11 21:06:26,473 [INFO] Road: [RoadEvent] Road from NorthPitMine-LoadSite4 to NorthPitMine-DumpSite2 is in repair，the repair will last for 48.32 mins, and will end at 238.48, vehicle on this road will have to suffer punish_distance.
2025-09-11 21:06:26,473 [DEBUG] Truck: Time:<190.1650391302171> Truck:[OfficalTruck6] Start moving to ORDER(1): NorthPitMine-DumpSite2, move distance is 1.6199009024110733, speed: 25
2025-09-11 21:06:26,475 [INFO] Truck: Time:<190.1650391302171> Truck:[OfficalTruck6] is facing 0 mins delay caused by 1 pre-existing jam events on Road from NorthPitMine-LoadSite4 to NorthPitMine-DumpSite2
2025-09-11 21:06:26,475 [INFO] Truck: Time:<190.1650391302171> Truck:[CLTruck25] Start loading at shovel NorthPitMine-LoadSite4-Shovel-1, load time is 2.5836614173228347
2025-09-11 21:06:26,475 [DEBUG] Truck: Time:<190.36200885741323> Truck:[CLTruck1] Arrived at NorthPitMine-DumpSite5 at 190.36200885741323
2025-09-11 21:06:26,475 [INFO] Truck: Time:<190.6743556320119> Truck:[CLTruck7] Finish unloading at dumper NorthPitMine-DumpSite2-点位0, dumper tons is 1679.818944873057
2025-09-11 21:06:26,476 [INFO] Road: [RoadEvent] Road from NorthPitMine-DumpSite2 to NorthPitMine-LoadSite3 is in repair，the repair will last for 48.36 mins, and will end at 239.04, vehicle on this road will have to suffer punish_distance.
2025-09-11 21:06:26,476 [DEBUG] Truck: Time:<190.6743556320119> Truck:[CLTruck7] Start moving to ORDER(2):NorthPitMine-LoadSite3, move distance is 4.744612634234544, speed: 25
2025-09-11 21:06:26,477 [INFO] Truck: Time:<190.6743556320119> Truck:[CLTruck7] is facing 0 mins delay caused by 1 pre-existing jam events on Road from NorthPitMine-DumpSite2 to NorthPitMine-LoadSite3
2025-09-11 21:06:26,480 [INFO] Truck: Time:<191.10915087106946> Truck:[CLTruck16] is facing 0 mins delay caused by 1 pre-existing jam events on Road from NorthPitMine-LoadSite4 to NorthPitMine-DumpSite2
2025-09-11 21:06:26,480 [INFO] Truck: Time:<191.36200885741323> Truck:[CLTruck1] Finish unloading at dumper NorthPitMine-DumpSite5-点位0, dumper tons is 2219.9320078042606
2025-09-11 21:06:26,482 [DEBUG] Truck: Time:<191.36200885741323> Truck:[CLTruck1] Start moving to ORDER(3):NorthPitMine-LoadSite4, move distance is 6.731973434508327, speed: 25
2025-09-11 21:06:26,482 [DEBUG] Truck: Time:<191.68370061103366> Truck:[CLTruck18] Arrived at NorthPitMine-DumpSite5 at 191.68370061103366
2025-09-11 21:06:26,483 [INFO] Truck: Time:<192.0758651250246> Truck:[CLTruck27] Arrived at NorthPitMine-LoadSite4 at 192.0758651250246
2025-09-11 21:06:26,484 [DEBUG] Truck: Time:<192.24773557306233> Truck:[XHTruck30] Arrived at NorthPitMine-DumpSite2 at 192.24773557306233
2025-09-11 21:06:26,484 [DEBUG] Truck: Time:<192.24773557306233> Truck:[XHTruck17] Arrived at NorthPitMine-DumpSite2 at 192.24773557306233
2025-09-11 21:06:26,484 [INFO] Truck: Time:<192.339404123593> Truck:[CLTruck19] Finish loading at shovel NorthPitMine-LoadSite4-Shovel-4
2025-09-11 21:06:26,485 [DEBUG] Truck: Time:<192.339404123593> Truck:[CLTruck19] Start moving to ORDER(1): NorthPitMine-DumpSite2, move distance is 1.5185439336304523, speed: 25
2025-09-11 21:06:26,485 [INFO] Truck: Time:<149> Truck:[CLTruck19] breakdown for 9.072830930647104 minutes at 149
2025-09-11 21:06:26,485 [INFO] Truck: Time:<192.339404123593> Truck:[OfficalTruck1] Start loading at shovel NorthPitMine-LoadSite4-Shovel-4, load time is 34.22222222222222
2025-09-11 21:06:26,485 [DEBUG] Truck: Time:<192.5067294161548> Truck:[XHTruck32] Arrived at NorthPitMine-DumpSite5 at 192.5067294161548
2025-09-11 21:06:26,486 [INFO] Truck: Time:<192.68370061103366> Truck:[CLTruck18] Finish unloading at dumper NorthPitMine-DumpSite5-点位0, dumper tons is 2251.6285212783914
2025-09-11 21:06:26,486 [DEBUG] Truck: Time:<192.68370061103366> Truck:[CLTruck18] Start moving to ORDER(3):NorthPitMine-LoadSite4, move distance is 7.414637473734182, speed: 25
2025-09-11 21:06:26,486 [INFO] Truck: Time:<192.74870054753995> Truck:[CLTruck25] Finish loading at shovel NorthPitMine-LoadSite4-Shovel-1
2025-09-11 21:06:26,487 [DEBUG] Truck: Time:<192.74870054753995> Truck:[CLTruck25] Start moving to ORDER(1): NorthPitMine-DumpSite2, move distance is 1.917000201210076, speed: 25
2025-09-11 21:06:26,487 [INFO] Truck: Time:<174> Truck:[CLTruck25] breakdown for 8.897021050464302 minutes at 174
2025-09-11 21:06:26,487 [INFO] Truck: Time:<192.74870054753995> Truck:[XHTruck24] Start loading at shovel NorthPitMine-LoadSite4-Shovel-1, load time is 4.060039370078741
2025-09-11 21:06:26,487 [INFO] Truck: Time:<192.95747828054914> Truck:[XHTruck12] Finish loading at shovel NorthPitMine-LoadSite3-Shovel-1
2025-09-11 21:06:26,488 [DEBUG] Truck: Time:<192.95747828054914> Truck:[XHTruck12] Start moving to ORDER(4): NorthPitMine-DumpSite5, move distance is 2.6324361410663006, speed: 25
2025-09-11 21:06:26,488 [INFO] Truck: Time:<165> Truck:[XHTruck12] breakdown for 9.591043496896564 minutes at 165
2025-09-11 21:06:26,489 [INFO] Truck: Time:<192.95747828054914> Truck:[CLTruck28] Start loading at shovel NorthPitMine-LoadSite3-Shovel-1, load time is 2.5836614173228347
2025-09-11 21:06:26,491 [INFO] Truck: Time:<193.15102026563628> Truck:[CLTruck4] is facing 12.815200842130633 mins delay caused by 4 pre-existing jam events on Road from NorthPitMine-DumpSite2 to NorthPitMine-LoadSite5
2025-09-11 21:06:26,492 [INFO] Truck: Time:<193.24773557306233> Truck:[XHTruck30] Finish unloading at dumper NorthPitMine-DumpSite2-点位0, dumper tons is 1738.2167687718822
2025-09-11 21:06:26,492 [INFO] Truck: Time:<193.24773557306233> Truck:[XHTruck17] Finish unloading at dumper NorthPitMine-DumpSite2-点位1, dumper tons is 612.9200938778208
2025-09-11 21:06:26,493 [DEBUG] Truck: Time:<193.24773557306233> Truck:[XHTruck30] Start moving to ORDER(2):NorthPitMine-LoadSite3, move distance is 5.200853342848056, speed: 25
2025-09-11 21:06:26,493 [INFO] Truck: Time:<193.24773557306233> Truck:[XHTruck30] is facing 0 mins delay caused by 1 pre-existing jam events on Road from NorthPitMine-DumpSite2 to NorthPitMine-LoadSite3
2025-09-11 21:06:26,494 [DEBUG] Truck: Time:<193.24773557306233> Truck:[XHTruck17] Start moving to ORDER(2):NorthPitMine-LoadSite3, move distance is 4.876333501988849, speed: 25
2025-09-11 21:06:26,494 [INFO] Truck: Time:<193.24773557306233> Truck:[XHTruck17] is facing 0 mins delay caused by 1 pre-existing jam events on Road from NorthPitMine-DumpSite2 to NorthPitMine-LoadSite3
2025-09-11 21:06:26,494 [INFO] Truck: Time:<193.5067294161548> Truck:[XHTruck32] Finish unloading at dumper NorthPitMine-DumpSite5-点位1, dumper tons is 792.7117588252177
2025-09-11 21:06:26,495 [DEBUG] Truck: Time:<193.5067294161548> Truck:[XHTruck32] Start moving to ORDER(3):NorthPitMine-LoadSite4, move distance is 7.350531479762164, speed: 25
2025-09-11 21:06:26,495 [INFO] Truck: Time:<193.5067294161548> Truck:[XHTruck32] is facing 1.1720719588502515 mins delay caused by 1 pre-existing jam events on Road from NorthPitMine-DumpSite5 to NorthPitMine-LoadSite4
2025-09-11 21:06:26,496 [DEBUG] Truck: Time:<193.91715087106945> Truck:[CLTruck16] Arrived at NorthPitMine-DumpSite2 at 193.91715087106945
2025-09-11 21:06:26,498 [DEBUG] Truck: Time:<194.05280129600368> Truck:[OfficalTruck6] Arrived at NorthPitMine-DumpSite2 at 194.05280129600368
2025-09-11 21:06:26,498 [INFO] Truck: Time:<194.15378001292925> Truck:[XHTruck10] Arrived at NorthPitMine-LoadSite5 at 194.15378001292925
2025-09-11 21:06:26,499 [INFO] Truck: Time:<194.15378001292925> Truck:[XHTruck10] Start loading at shovel NorthPitMine-LoadSite5-Shovel-1, load time is 4.060039370078741
2025-09-11 21:06:26,499 [INFO] Truck: Time:<194.91715087106945> Truck:[CLTruck16] Finish unloading at dumper NorthPitMine-DumpSite2-点位0, dumper tons is 1775.9637331068927
2025-09-11 21:06:26,500 [DEBUG] Truck: Time:<194.91715087106945> Truck:[CLTruck16] Start moving to ORDER(2):NorthPitMine-LoadSite3, move distance is 5.109125599259096, speed: 25
2025-09-11 21:06:26,502 [INFO] Truck: Time:<195.0146049471362> Truck:[XHTruck20] is facing 9.466071458836277 mins delay caused by 3 pre-existing jam events on Road from NorthPitMine-DumpSite2 to NorthPitMine-LoadSite5
2025-09-11 21:06:26,503 [INFO] Truck: Time:<195.05280129600368> Truck:[OfficalTruck6] Finish unloading at dumper NorthPitMine-DumpSite2-点位1, dumper tons is 689.5943428356672
2025-09-11 21:06:26,503 [DEBUG] Truck: Time:<195.05280129600368> Truck:[OfficalTruck6] Start moving to ORDER(4):NorthPitMine-LoadSite5, move distance is 7.434780357874492, speed: 25
2025-09-11 21:06:26,504 [INFO] Truck: Time:<195.05280129600368> Truck:[OfficalTruck6] is facing 8.889323550605194 mins delay caused by 3 pre-existing jam events on Road from NorthPitMine-DumpSite2 to NorthPitMine-LoadSite5
2025-09-11 21:06:26,504 [INFO] Truck: Time:<195.0915555555556> Truck:[XHTruck5] Finish loading at shovel NorthPitMine-LoadSite3-Shovel-3
2025-09-11 21:06:26,504 [DEBUG] Truck: Time:<195.0915555555556> Truck:[XHTruck5] Start moving to ORDER(4): NorthPitMine-DumpSite5, move distance is 2.5697119338138967, speed: 25
2025-09-11 21:06:26,505 [INFO] Truck: Time:<163> Truck:[XHTruck5] breakdown for 7.93704048509526 minutes at 163
2025-09-11 21:06:26,505 [INFO] Truck: Time:<195.0915555555556> Truck:[XHTruck19] Start loading at shovel NorthPitMine-LoadSite3-Shovel-3, load time is 24.444444444444443
2025-09-11 21:06:26,505 [INFO] Truck: Time:<195.54113969787198> Truck:[CLTruck28] Finish loading at shovel NorthPitMine-LoadSite3-Shovel-1
2025-09-11 21:06:26,506 [DEBUG] Truck: Time:<195.54113969787198> Truck:[CLTruck28] Start moving to ORDER(4): NorthPitMine-DumpSite5, move distance is 2.3131718261660414, speed: 25
2025-09-11 21:06:26,506 [INFO] Truck: Time:<180> Truck:[CLTruck28] breakdown for 15.823286588615176 minutes at 180
2025-09-11 21:06:26,506 [INFO] Truck: Time:<195.54113969787198> Truck:[CLTruck24] Start loading at shovel NorthPitMine-LoadSite3-Shovel-1, load time is 2.5836614173228347
2025-09-11 21:06:26,506 [DEBUG] Truck: Time:<195.66422190222727> Truck:[CLTruck3] Arrived at NorthPitMine-DumpSite2 at 195.66422190222727
2025-09-11 21:06:26,506 [INFO] Truck: Time:<195.91605283424747> Truck:[OfficalTruck7] is facing 2.9406124168207173 mins delay caused by 2 pre-existing jam events on Road from NorthPitMine-DumpSite5 to NorthPitMine-LoadSite4
2025-09-11 21:06:26,508 [INFO] Truck: Time:<196.1126619024403> Truck:[CLTruck15] Arrived at NorthPitMine-LoadSite5 at 196.1126619024403
2025-09-11 21:06:26,508 [INFO] Truck: Time:<196.1126619024403> Truck:[CLTruck15] Start loading at shovel NorthPitMine-LoadSite5-Shovel-2, load time is 2.5836614173228347
2025-09-11 21:06:26,508 [DEBUG] Truck: Time:<196.43559512975025> Truck:[CLTruck8] Arrived at NorthPitMine-DumpSite5 at 196.43559512975025
2025-09-11 21:06:26,508 [INFO] Truck: Time:<196.66422190222727> Truck:[CLTruck3] Finish unloading at dumper NorthPitMine-DumpSite2-点位0, dumper tons is 1807.6969269227639
2025-09-11 21:06:26,512 [DEBUG] Truck: Time:<196.66422190222727> Truck:[CLTruck3] Start moving to ORDER(2):NorthPitMine-LoadSite3, move distance is 4.632005551414601, speed: 25
2025-09-11 21:06:26,512 [INFO] Truck: Time:<196.8087399176187> Truck:[XHTruck24] Finish loading at shovel NorthPitMine-LoadSite4-Shovel-1
2025-09-11 21:06:26,513 [DEBUG] Truck: Time:<196.8087399176187> Truck:[XHTruck24] Start moving to ORDER(1): NorthPitMine-DumpSite2, move distance is 1.6837572079252203, speed: 25
2025-09-11 21:06:26,513 [INFO] Truck: Time:<196.8087399176187> Truck:[CLTruck27] Start loading at shovel NorthPitMine-LoadSite4-Shovel-1, load time is 2.5836614173228347
2025-09-11 21:06:26,517 [INFO] Truck: Time:<197.34702033031806> Truck:[XHTruck2] is facing 4.680303838128732 mins delay caused by 5 pre-existing jam events on Road from NorthPitMine-DumpSite2 to NorthPitMine-LoadSite5
2025-09-11 21:06:26,517 [INFO] Truck: Time:<197.43559512975025> Truck:[CLTruck8] Finish unloading at dumper NorthPitMine-DumpSite5-点位0, dumper tons is 2285.836176149527
2025-09-11 21:06:26,518 [DEBUG] Truck: Time:<197.43559512975025> Truck:[CLTruck8] Start moving to ORDER(3):NorthPitMine-LoadSite4, move distance is 8.541193115867319, speed: 25
2025-09-11 21:06:26,518 [INFO] Truck: Time:<197.43559512975025> Truck:[CLTruck8] is facing 0.3626017436272697 mins delay caused by 2 pre-existing jam events on Road from NorthPitMine-DumpSite5 to NorthPitMine-LoadSite4
2025-09-11 21:06:26,521 [INFO] Truck: Time:<198.12480111519483> Truck:[CLTruck24] Finish loading at shovel NorthPitMine-LoadSite3-Shovel-1
2025-09-11 21:06:26,522 [DEBUG] Truck: Time:<198.12480111519483> Truck:[CLTruck24] Start moving to ORDER(4): NorthPitMine-DumpSite5, move distance is 2.790873339154454, speed: 25
2025-09-11 21:06:26,522 [INFO] Truck: Time:<197> Truck:[CLTruck24] breakdown for 9.88343819432875 minutes at 197
2025-09-11 21:06:26,522 [INFO] Truck: Time:<198.12480111519483> Truck:[CLTruck23] Start loading at shovel NorthPitMine-LoadSite3-Shovel-1, load time is 2.5836614173228347
2025-09-11 21:06:26,522 [INFO] Truck: Time:<198.213819383008> Truck:[XHTruck10] Finish loading at shovel NorthPitMine-LoadSite5-Shovel-1
2025-09-11 21:06:26,522 [DEBUG] Truck: Time:<198.213819383008> Truck:[XHTruck10] Start moving to ORDER(0): NorthPitMine-DumpSite1, move distance is 5.15, speed: 25
2025-09-11 21:06:26,522 [INFO] Truck: Time:<175> Truck:[XHTruck10] breakdown for 12.506425414989302 minutes at 175
2025-09-11 21:06:26,524 [INFO] Truck: Time:<198.69632331976314> Truck:[CLTruck15] Finish loading at shovel NorthPitMine-LoadSite5-Shovel-2
2025-09-11 21:06:26,525 [DEBUG] Truck: Time:<198.69632331976314> Truck:[CLTruck15] Start moving to ORDER(0): NorthPitMine-DumpSite1, move distance is 5.15, speed: 25
2025-09-11 21:06:26,525 [INFO] Truck: Time:<192> Truck:[CLTruck15] breakdown for 12.65160779567249 minutes at 192
2025-09-11 21:06:26,528 [INFO] Truck: Time:<199.39240133494155> Truck:[CLTruck27] Finish loading at shovel NorthPitMine-LoadSite4-Shovel-1
2025-09-11 21:06:26,529 [INFO] Truck: Time:<199.39240133494155> Shovel NorthPitMine-LoadSite4-Shovel-1 under maintenance for 58.73 minutes
2025-09-11 21:06:26,532 [INFO] Truck: Time:<200.58859369938816> Truck:[XHTruck23] Arrived at NorthPitMine-LoadSite5 at 200.58859369938816
2025-09-11 21:06:26,532 [INFO] Truck: Time:<200.58859369938816> Truck:[XHTruck23] Start loading at shovel NorthPitMine-LoadSite5-Shovel-1, load time is 4.060039370078741
2025-09-11 21:06:26,533 [INFO] Truck: Time:<200.70846253251767> Truck:[CLTruck23] Finish loading at shovel NorthPitMine-LoadSite3-Shovel-1
2025-09-11 21:06:26,533 [DEBUG] Truck: Time:<200.70846253251767> Truck:[CLTruck23] Start moving to ORDER(4): NorthPitMine-DumpSite5, move distance is 2.819799006241545, speed: 25
2025-09-11 21:06:26,533 [INFO] Truck: Time:<194> Truck:[CLTruck23] breakdown for 13.54868603722314 minutes at 194
2025-09-11 21:06:26,534 [DEBUG] Truck: Time:<200.84975721663923> Truck:[XHTruck24] Arrived at NorthPitMine-DumpSite2 at 200.84975721663923
2025-09-11 21:06:26,536 [INFO] Truck: Time:<201.04243319028677> Truck:[OfficalTruck5] Arrived at NorthPitMine-LoadSite5 at 201.04243319028677
2025-09-11 21:06:26,536 [INFO] Truck: Time:<201.04243319028677> Truck:[OfficalTruck5] Start loading at shovel NorthPitMine-LoadSite5-Shovel-2, load time is 5.684055118110236
2025-09-11 21:06:26,536 [INFO] Truck: Time:<201.79046102740165> Truck:[XHTruck25] Arrived at NorthPitMine-LoadSite4 at 201.79046102740165
2025-09-11 21:06:26,536 [INFO] Truck: Time:<201.84975721663923> Truck:[XHTruck24] Finish unloading at dumper NorthPitMine-DumpSite2-点位0, dumper tons is 1867.270478404444
2025-09-11 21:06:26,537 [DEBUG] Truck: Time:<201.84975721663923> Truck:[XHTruck24] Start moving to ORDER(2):NorthPitMine-LoadSite3, move distance is 4.8218218960603565, speed: 25
2025-09-11 21:06:26,538 [INFO] Truck: Time:<199> Truck:[XHTruck24] breakdown for 9.174680286266703 minutes at 199
2025-09-11 21:06:26,540 [INFO] Truck: Time:<202.0614259541748> Truck:[CLTruck7] Arrived at NorthPitMine-LoadSite3 at 202.0614259541748
2025-09-11 21:06:26,540 [INFO] Truck: Time:<202.0614259541748> Truck:[CLTruck7] Start loading at shovel NorthPitMine-LoadSite3-Shovel-1, load time is 2.5836614173228347
2025-09-11 21:06:26,540 [INFO] Truck: Time:<202.34303025665548> Truck:[OfficalTruck9] Arrived at NorthPitMine-LoadSite5 at 202.34303025665548
2025-09-11 21:06:26,540 [INFO] Truck: Time:<202.5485217774457> Truck:[XHTruck12] is facing 3.87886928155734 mins delay caused by 1 pre-existing jam events on Road from NorthPitMine-LoadSite3 to NorthPitMine-DumpSite5
2025-09-11 21:06:26,540 [DEBUG] Truck: Time:<202.81898615810076> Truck:[CLTruck6] Arrived at NorthPitMine-DumpSite5 at 202.81898615810076
2025-09-11 21:06:26,544 [INFO] Truck: Time:<203.02859604065085> Truck:[XHTruck5] is facing 3.516784337940492 mins delay caused by 1 pre-existing jam events on Road from NorthPitMine-LoadSite3 to NorthPitMine-DumpSite5
2025-09-11 21:06:26,544 [INFO] Truck: Time:<203.57154321377908> Truck:[CLTruck2] Arrived at NorthPitMine-LoadSite5 at 203.57154321377908
2025-09-11 21:06:26,545 [INFO] Truck: Time:<203.6542028556197> Truck:[CLTruck20] Arrived at NorthPitMine-LoadSite4 at 203.6542028556197
2025-09-11 21:06:26,545 [INFO] Truck: Time:<203.81898615810076> Truck:[CLTruck6] Finish unloading at dumper NorthPitMine-DumpSite5-点位0, dumper tons is 2322.109730721523
2025-09-11 21:06:26,545 [DEBUG] Truck: Time:<203.81898615810076> Truck:[CLTruck6] Start moving to ORDER(3):NorthPitMine-LoadSite4, move distance is 7.236698757143998, speed: 25
2025-09-11 21:06:26,546 [INFO] Truck: Time:<203.81898615810076> Truck:[CLTruck6] is facing 0 mins delay caused by 3 pre-existing jam events on Road from NorthPitMine-DumpSite5 to NorthPitMine-LoadSite4
2025-09-11 21:06:26,548 [DEBUG] Truck: Time:<204.06395498827675> Truck:[XHTruck21] Arrived at NorthPitMine-DumpSite5 at 204.06395498827675
2025-09-11 21:06:26,548 [INFO] Truck: Time:<204.64508737149765> Truck:[CLTruck7] Finish loading at shovel NorthPitMine-LoadSite3-Shovel-1
2025-09-11 21:06:26,550 [DEBUG] Truck: Time:<204.64508737149765> Truck:[CLTruck7] Start moving to ORDER(4): NorthPitMine-DumpSite5, move distance is 2.720734119027908, speed: 25
2025-09-11 21:06:26,550 [INFO] Truck: Time:<204.64508737149765> Truck:[CLTruck7] is facing 1.6162080316640939 mins delay caused by 1 pre-existing jam events on Road from NorthPitMine-LoadSite3 to NorthPitMine-DumpSite5
2025-09-11 21:06:26,550 [INFO] Truck: Time:<204.64863306946688> Truck:[XHTruck23] Finish loading at shovel NorthPitMine-LoadSite5-Shovel-1
2025-09-11 21:06:26,551 [INFO] Road: [RoadEvent] Road from NorthPitMine-LoadSite5 to NorthPitMine-DumpSite1 is in repair，the repair will last for 45.30 mins, and will end at 249.94, vehicle on this road will have to suffer punish_distance.
2025-09-11 21:06:26,551 [DEBUG] Truck: Time:<204.64863306946688> Truck:[XHTruck23] Start moving to ORDER(0): NorthPitMine-DumpSite1, move distance is 7.156862639750747, speed: 25
2025-09-11 21:06:26,551 [INFO] Truck: Time:<197> Truck:[XHTruck23] breakdown for 10.399858369596295 minutes at 197
2025-09-11 21:06:26,551 [INFO] Truck: Time:<204.64863306946688> Truck:[OfficalTruck9] Start loading at shovel NorthPitMine-LoadSite5-Shovel-1, load time is 5.684055118110236
2025-09-11 21:06:26,551 [INFO] Truck: Time:<204.95093597783557> Truck:[XHTruck17] Arrived at NorthPitMine-LoadSite3 at 204.95093597783557
2025-09-11 21:06:26,551 [INFO] Truck: Time:<204.95093597783557> Truck:[XHTruck17] Start loading at shovel NorthPitMine-LoadSite3-Shovel-1, load time is 4.060039370078741
2025-09-11 21:06:26,554 [DEBUG] Truck: Time:<205.0567404949532> Truck:[CLTruck19] Arrived at NorthPitMine-DumpSite2 at 205.0567404949532
2025-09-11 21:06:26,554 [INFO] Truck: Time:<205.06395498827675> Truck:[XHTruck21] Finish unloading at dumper NorthPitMine-DumpSite5-点位0, dumper tons is 2376.916023141076
2025-09-11 21:06:26,554 [DEBUG] Truck: Time:<205.06395498827675> Truck:[XHTruck21] Start moving to ORDER(3):NorthPitMine-LoadSite4, move distance is 7.443175632284593, speed: 25
2025-09-11 21:06:26,554 [INFO] Truck: Time:<204> Truck:[XHTruck21] breakdown for 13.994605719563666 minutes at 204
2025-09-11 21:06:26,556 [INFO] Truck: Time:<205.31068054663496> Truck:[XHTruck28] Arrived at NorthPitMine-LoadSite5 at 205.31068054663496
2025-09-11 21:06:26,556 [INFO] Truck: Time:<205.72978359589766> Truck:[XHTruck30] Arrived at NorthPitMine-LoadSite3 at 205.72978359589766
2025-09-11 21:06:26,558 [INFO] Truck: Time:<206.0567404949532> Truck:[CLTruck19] Finish unloading at dumper NorthPitMine-DumpSite2-点位0, dumper tons is 1904.8707093621879
2025-09-11 21:06:26,560 [DEBUG] Truck: Time:<206.0567404949532> Truck:[CLTruck19] Start moving to ORDER(2):NorthPitMine-LoadSite3, move distance is 4.571542768738489, speed: 25
2025-09-11 21:06:26,560 [INFO] Truck: Time:<206.0567404949532> Truck:[CLTruck19] is facing 0 mins delay caused by 1 pre-existing jam events on Road from NorthPitMine-DumpSite2 to NorthPitMine-LoadSite3
2025-09-11 21:06:26,560 [INFO] Truck: Time:<206.1184406804229> Truck:[XHTruck31] Arrived at NorthPitMine-LoadSite5 at 206.1184406804229
2025-09-11 21:06:26,560 [DEBUG] Truck: Time:<206.24652208090845> Truck:[CLTruck25] Arrived at NorthPitMine-DumpSite2 at 206.24652208090845
2025-09-11 21:06:26,560 [INFO] Truck: Time:<206.31288888888886> Truck:[OfficalTruck2] Finish loading at shovel NorthPitMine-LoadSite4-Shovel-5
2025-09-11 21:06:26,561 [DEBUG] Truck: Time:<206.31288888888886> Truck:[OfficalTruck2] Start moving to ORDER(1): NorthPitMine-DumpSite2, move distance is 1.53963199490768, speed: 25
2025-09-11 21:06:26,561 [INFO] Truck: Time:<169> Truck:[OfficalTruck2] breakdown for 14.257757290580413 minutes at 169
2025-09-11 21:06:26,561 [INFO] Truck: Time:<206.31288888888886> Truck:[OfficalTruck3] Start loading at shovel NorthPitMine-LoadSite4-Shovel-5, load time is 34.22222222222222
2025-09-11 21:06:26,561 [INFO] Truck: Time:<206.726488308397> Truck:[OfficalTruck5] Finish loading at shovel NorthPitMine-LoadSite5-Shovel-2
2025-09-11 21:06:26,561 [DEBUG] Truck: Time:<206.726488308397> Truck:[OfficalTruck5] Start moving to ORDER(0): NorthPitMine-DumpSite1, move distance is 6.927533066016446, speed: 25
2025-09-11 21:06:26,561 [INFO] Truck: Time:<199> Truck:[OfficalTruck5] breakdown for 10.238761288356951 minutes at 199
2025-09-11 21:06:26,561 [INFO] Truck: Time:<206.726488308397> Truck:[CLTruck2] Start loading at shovel NorthPitMine-LoadSite5-Shovel-2, load time is 2.5836614173228347
2025-09-11 21:06:26,564 [INFO] Truck: Time:<207.17905230929128> Truck:[CLTruck16] Arrived at NorthPitMine-LoadSite3 at 207.17905230929128
2025-09-11 21:06:26,564 [INFO] Truck: Time:<207.24652208090845> Truck:[CLTruck25] Finish unloading at dumper NorthPitMine-DumpSite2-点位0, dumper tons is 1937.6226552188532
2025-09-11 21:06:26,565 [DEBUG] Truck: Time:<207.24652208090845> Truck:[CLTruck25] Start moving to ORDER(2):NorthPitMine-LoadSite3, move distance is 5.165006741026414, speed: 25
2025-09-11 21:06:26,565 [INFO] Truck: Time:<207.51874510023322> Truck:[CLTruck1] Arrived at NorthPitMine-LoadSite4 at 207.51874510023322
2025-09-11 21:06:26,565 [INFO] Truck: Time:<207.54563496824213> Truck:[XHTruck26] Arrived at NorthPitMine-LoadSite5 at 207.54563496824213
2025-09-11 21:06:26,565 [INFO] Truck: Time:<207.7810352256223> Truck:[CLTruck3] Arrived at NorthPitMine-LoadSite3 at 207.7810352256223
2025-09-11 21:06:26,569 [INFO] Truck: Time:<208.0082393095236> Truck:[CLTruck24] is facing 26.32893159077478 mins delay caused by 3 pre-existing jam events on Road from NorthPitMine-LoadSite3 to NorthPitMine-DumpSite5
2025-09-11 21:06:26,569 [INFO] Truck: Time:<208.2136933890819> Truck:[CLTruck9] Arrived at NorthPitMine-LoadSite5 at 208.2136933890819
2025-09-11 21:06:26,569 [INFO] Truck: Time:<208.53511111111112> Truck:[XHTruck18] Finish loading at shovel NorthPitMine-LoadSite4-Shovel-2
2025-09-11 21:06:26,570 [DEBUG] Truck: Time:<208.53511111111112> Truck:[XHTruck18] Start moving to ORDER(1): NorthPitMine-DumpSite2, move distance is 1.6705465612867925, speed: 25
2025-09-11 21:06:26,570 [INFO] Truck: Time:<208> Truck:[XHTruck18] breakdown for 7.038794800858829 minutes at 208
2025-09-11 21:06:26,570 [INFO] Truck: Time:<208.53511111111112> Truck:[CLTruck11] Start loading at shovel NorthPitMine-LoadSite4-Shovel-2, load time is 15.555555555555555
2025-09-11 21:06:26,571 [INFO] Truck: Time:<208.6566207555648> Shovel NorthPitMine-LoadSite4-Shovel-3 maintenance completed
2025-09-11 21:06:26,571 [DEBUG] Truck: Time:<208.6566207555648> Truck:[CLTruck14] Start moving to ORDER(1): NorthPitMine-DumpSite2, move distance is 1.7830132333073905, speed: 25
2025-09-11 21:06:26,571 [INFO] Truck: Time:<192> Truck:[CLTruck14] breakdown for 12.595404481003536 minutes at 192
2025-09-11 21:06:26,572 [INFO] Truck: Time:<208.6566207555648> Truck:[OfficalTruck4] Start loading at shovel NorthPitMine-LoadSite4-Shovel-3, load time is 34.22222222222222
2025-09-11 21:06:26,574 [INFO] Truck: Time:<209.01097534791433> Truck:[XHTruck17] Finish loading at shovel NorthPitMine-LoadSite3-Shovel-1
2025-09-11 21:06:26,575 [DEBUG] Truck: Time:<209.01097534791433> Truck:[XHTruck17] Start moving to ORDER(4): NorthPitMine-DumpSite5, move distance is 2.668762116915118, speed: 25
2025-09-11 21:06:26,575 [INFO] Truck: Time:<209.01097534791433> Truck:[XHTruck17] is facing 24.362769793344828 mins delay caused by 3 pre-existing jam events on Road from NorthPitMine-LoadSite3 to NorthPitMine-DumpSite5
2025-09-11 21:06:26,575 [INFO] Truck: Time:<209.01097534791433> Truck:[XHTruck30] Start loading at shovel NorthPitMine-LoadSite3-Shovel-1, load time is 4.060039370078741
2025-09-11 21:06:26,576 [INFO] Truck: Time:<209.26329107287717> Truck:[CLTruck10] Arrived at NorthPitMine-LoadSite4 at 209.26329107287717
2025-09-11 21:06:26,576 [INFO] Truck: Time:<209.31014972571984> Truck:[CLTruck2] Finish loading at shovel NorthPitMine-LoadSite5-Shovel-2
2025-09-11 21:06:26,577 [DEBUG] Truck: Time:<209.31014972571984> Truck:[CLTruck2] Start moving to ORDER(0): NorthPitMine-DumpSite1, move distance is 6.8502533156391126, speed: 25
2025-09-11 21:06:26,577 [INFO] Truck: Time:<194> Truck:[CLTruck2] breakdown for 7.937067454143685 minutes at 194
2025-09-11 21:06:26,577 [INFO] Truck: Time:<209.31014972571984> Truck:[XHTruck26] Start loading at shovel NorthPitMine-LoadSite5-Shovel-2, load time is 4.060039370078741
2025-09-11 21:06:26,580 [INFO] Truck: Time:<210.3326881875771> Truck:[OfficalTruck9] Finish loading at shovel NorthPitMine-LoadSite5-Shovel-1
2025-09-11 21:06:26,581 [INFO] Truck: Time:<210.3326881875771> Shovel NorthPitMine-LoadSite5-Shovel-1 under maintenance for 36.81 minutes
2025-09-11 21:06:26,581 [INFO] Truck: Time:<210.4788305479957> Truck:[CLTruck18] Arrived at NorthPitMine-LoadSite4 at 210.4788305479957
2025-09-11 21:06:26,585 [INFO] Truck: Time:<211.36442628648717> Truck:[CLTruck28] is facing 29.62880951510767 mins delay caused by 4 pre-existing jam events on Road from NorthPitMine-LoadSite3 to NorthPitMine-DumpSite5
2025-09-11 21:06:26,588 [INFO] Truck: Time:<212.32007692643424> Truck:[XHTruck32] Arrived at NorthPitMine-LoadSite4 at 212.32007692643424
2025-09-11 21:06:26,588 [DEBUG] Truck: Time:<212.7126890197447> Truck:[XHTruck5] Arrived at NorthPitMine-DumpSite5 at 212.7126890197447
2025-09-11 21:06:26,588 [DEBUG] Truck: Time:<212.74523779756217> Truck:[XHTruck12] Arrived at NorthPitMine-DumpSite5 at 212.74523779756217
2025-09-11 21:06:26,588 [DEBUG] Truck: Time:<212.7910572888287> Truck:[CLTruck7] Arrived at NorthPitMine-DumpSite5 at 212.7910572888287
2025-09-11 21:06:26,590 [INFO] Truck: Time:<213.07101471799308> Truck:[XHTruck30] Finish loading at shovel NorthPitMine-LoadSite3-Shovel-1
2025-09-11 21:06:26,590 [DEBUG] Truck: Time:<213.07101471799308> Truck:[XHTruck30] Start moving to ORDER(4): NorthPitMine-DumpSite5, move distance is 2.911032574294352, speed: 25
2025-09-11 21:06:26,590 [INFO] Truck: Time:<212> Truck:[XHTruck30] breakdown for 10.703724765193481 minutes at 212
2025-09-11 21:06:26,591 [INFO] Truck: Time:<213.07101471799308> Truck:[CLTruck16] Start loading at shovel NorthPitMine-LoadSite3-Shovel-1, load time is 2.5836614173228347
2025-09-11 21:06:26,591 [INFO] Truck: Time:<213.3701890957986> Truck:[XHTruck26] Finish loading at shovel NorthPitMine-LoadSite5-Shovel-2
2025-09-11 21:06:26,592 [DEBUG] Truck: Time:<213.3701890957986> Truck:[XHTruck26] Start moving to ORDER(0): NorthPitMine-DumpSite1, move distance is 7.113483502432153, speed: 25
2025-09-11 21:06:26,593 [INFO] Truck: Time:<188> Truck:[XHTruck26] breakdown for 8.594238766805413 minutes at 188
2025-09-11 21:06:26,593 [INFO] Truck: Time:<213.3701890957986> Truck:[CLTruck9] Start loading at shovel NorthPitMine-LoadSite5-Shovel-2, load time is 2.5836614173228347
2025-09-11 21:06:26,593 [INFO] Truck: Time:<213.7126890197447> Truck:[XHTruck5] Finish unloading at dumper NorthPitMine-DumpSite5-点位0, dumper tons is 2434.9117199110306
2025-09-11 21:06:26,593 [DEBUG] Truck: Time:<213.7126890197447> Truck:[XHTruck5] Start moving to ORDER(3):NorthPitMine-LoadSite4, move distance is 7.557449044818874, speed: 25
2025-09-11 21:06:26,594 [INFO] Truck: Time:<213.74523779756217> Truck:[XHTruck12] Finish unloading at dumper NorthPitMine-DumpSite5-点位1, dumper tons is 851.2903601495154
2025-09-11 21:06:26,594 [DEBUG] Truck: Time:<213.74523779756217> Truck:[XHTruck12] Start moving to ORDER(3):NorthPitMine-LoadSite4, move distance is 7.659227001342151, speed: 25
2025-09-11 21:06:26,594 [INFO] Truck: Time:<213.7910572888287> Truck:[CLTruck7] Finish unloading at dumper NorthPitMine-DumpSite5-点位2, dumper tons is 186.0741773726026
2025-09-11 21:06:26,595 [DEBUG] Truck: Time:<213.7910572888287> Truck:[CLTruck7] Start moving to ORDER(3):NorthPitMine-LoadSite4, move distance is 7.307857674057855, speed: 25
2025-09-11 21:06:26,595 [INFO] Truck: Time:<208> Truck:[CLTruck7] breakdown for 13.275546451613842 minutes at 208
2025-09-11 21:06:26,597 [INFO] Truck: Time:<214.25714856974082> Truck:[CLTruck23] is facing 20.776317560376363 mins delay caused by 4 pre-existing jam events on Road from NorthPitMine-LoadSite3 to NorthPitMine-DumpSite5
2025-09-11 21:06:26,599 [INFO] Truck: Time:<215.65467613531592> Truck:[CLTruck16] Finish loading at shovel NorthPitMine-LoadSite3-Shovel-1
2025-09-11 21:06:26,600 [DEBUG] Truck: Time:<215.65467613531592> Truck:[CLTruck16] Start moving to ORDER(4): NorthPitMine-DumpSite5, move distance is 2.7837947429089307, speed: 25
2025-09-11 21:06:26,601 [INFO] Truck: Time:<208> Truck:[CLTruck16] breakdown for 10.826549561063853 minutes at 208
2025-09-11 21:06:26,601 [INFO] Truck: Time:<215.65467613531592> Truck:[CLTruck3] Start loading at shovel NorthPitMine-LoadSite3-Shovel-1, load time is 2.5836614173228347
2025-09-11 21:06:26,601 [INFO] Truck: Time:<215.95385051312144> Truck:[CLTruck9] Finish loading at shovel NorthPitMine-LoadSite5-Shovel-2
2025-09-11 21:06:26,602 [DEBUG] Truck: Time:<215.95385051312144> Truck:[CLTruck9] Start moving to ORDER(0): NorthPitMine-DumpSite1, move distance is 6.692360939262914, speed: 25
2025-09-11 21:06:26,603 [INFO] Truck: Time:<202> Truck:[CLTruck9] breakdown for 7.681194126568748 minutes at 202
2025-09-11 21:06:26,605 [INFO] Truck: Time:<216.13171803002484> Truck:[OfficalTruck7] Arrived at NorthPitMine-LoadSite4 at 216.13171803002484
2025-09-11 21:06:26,606 [INFO] Truck: Time:<217.02844313992557> Truck:[CLTruck19] Arrived at NorthPitMine-LoadSite3 at 217.02844313992557
2025-09-11 21:06:26,608 [INFO] Truck: Time:<218.23833755263877> Truck:[CLTruck3] Finish loading at shovel NorthPitMine-LoadSite3-Shovel-1
2025-09-11 21:06:26,609 [DEBUG] Truck: Time:<218.23833755263877> Truck:[CLTruck3] Start moving to ORDER(4): NorthPitMine-DumpSite5, move distance is 2.9384505089617763, speed: 25
2025-09-11 21:06:26,609 [INFO] Truck: Time:<200> Truck:[CLTruck3] breakdown for 10.189441665467754 minutes at 200
2025-09-11 21:06:26,609 [INFO] Truck: Time:<218.23833755263877> Truck:[CLTruck19] Start loading at shovel NorthPitMine-LoadSite3-Shovel-1, load time is 2.5836614173228347
2025-09-11 21:06:26,609 [INFO] Truck: Time:<218.2970603514591> Truck:[CLTruck8] Arrived at NorthPitMine-LoadSite4 at 218.2970603514591
2025-09-11 21:06:26,612 [INFO] Truck: Time:<219.48433446194971> Truck:[XHTruck2] Arrived at NorthPitMine-LoadSite5 at 219.48433446194971
2025-09-11 21:06:26,613 [INFO] Truck: Time:<219.48433446194971> Truck:[XHTruck2] Start loading at shovel NorthPitMine-LoadSite5-Shovel-2, load time is 4.060039370078741
2025-09-11 21:06:26,613 [INFO] Truck: Time:<219.53600000000006> Truck:[XHTruck19] Finish loading at shovel NorthPitMine-LoadSite3-Shovel-3
2025-09-11 21:06:26,614 [DEBUG] Truck: Time:<219.53600000000006> Truck:[XHTruck19] Start moving to ORDER(4): NorthPitMine-DumpSite5, move distance is 2.6175804750674447, speed: 25
2025-09-11 21:06:26,614 [INFO] Truck: Time:<219> Truck:[XHTruck19] breakdown for 4.453556893440981 minutes at 219
2025-09-11 21:06:26,615 [INFO] Truck: Time:<219.53600000000006> Truck:[CLTruck5] Start loading at shovel NorthPitMine-LoadSite3-Shovel-3, load time is 15.555555555555555
2025-09-11 21:06:26,615 [DEBUG] Truck: Time:<219.58321765905825> Truck:[XHTruck18] Arrived at NorthPitMine-DumpSite2 at 219.58321765905825
2025-09-11 21:06:26,615 [INFO] Truck: Time:<219.64253825937183> Truck:[CLTruck25] Arrived at NorthPitMine-LoadSite3 at 219.64253825937183
2025-09-11 21:06:26,617 [INFO] Truck: Time:<220.58321765905825> Truck:[XHTruck18] Finish unloading at dumper NorthPitMine-DumpSite2-点位0, dumper tons is 1993.886659908612
2025-09-11 21:06:26,618 [DEBUG] Truck: Time:<220.58321765905825> Truck:[XHTruck18] Start moving to ORDER(2):NorthPitMine-LoadSite3, move distance is 4.467585354485124, speed: 25
2025-09-11 21:06:26,618 [INFO] Truck: Time:<220.8219989699616> Truck:[CLTruck19] Finish loading at shovel NorthPitMine-LoadSite3-Shovel-1
2025-09-11 21:06:26,618 [DEBUG] Truck: Time:<220.8219989699616> Truck:[CLTruck19] Start moving to ORDER(4): NorthPitMine-DumpSite5, move distance is 1.86, speed: 25
2025-09-11 21:06:26,618 [INFO] Truck: Time:<208> Truck:[CLTruck19] breakdown for 5.015855073906952 minutes at 208
2025-09-11 21:06:26,619 [INFO] Truck: Time:<220.8219989699616> Truck:[CLTruck25] Start loading at shovel NorthPitMine-LoadSite3-Shovel-1, load time is 2.5836614173228347
2025-09-11 21:06:26,620 [INFO] Truck: Time:<221.18706317524635> Truck:[CLTruck6] Arrived at NorthPitMine-LoadSite4 at 221.18706317524635
2025-09-11 21:06:26,621 [INFO] Truck: Time:<221.3284224615134> Truck:[XHTruck20] Arrived at NorthPitMine-LoadSite5 at 221.3284224615134
2025-09-11 21:06:26,621 [INFO] Truck: Time:<221.78559770550766> Truck:[OfficalTruck6] Arrived at NorthPitMine-LoadSite5 at 221.78559770550766
2025-09-11 21:06:26,621 [INFO] Truck: Time:<221.964427862604> Truck:[XHTruck26] is facing 0 mins delay caused by 1 pre-existing jam events on Road from NorthPitMine-LoadSite5 to NorthPitMine-DumpSite1
2025-09-11 21:06:26,623 [INFO] Truck: Time:<222.59681005345078> Truck:[XHTruck24] Arrived at NorthPitMine-LoadSite3 at 222.59681005345078
2025-09-11 21:06:26,625 [DEBUG] Truck: Time:<223.08024479799732> Truck:[XHTruck10] Arrived at NorthPitMine-DumpSite1 at 223.08024479799732
2025-09-11 21:06:26,625 [INFO] Truck: Time:<223.40566038728446> Truck:[CLTruck25] Finish loading at shovel NorthPitMine-LoadSite3-Shovel-1
2025-09-11 21:06:26,626 [DEBUG] Truck: Time:<223.40566038728446> Truck:[CLTruck25] Start moving to ORDER(4): NorthPitMine-DumpSite5, move distance is 1.86, speed: 25
2025-09-11 21:06:26,626 [INFO] Truck: Time:<222> Truck:[CLTruck25] breakdown for 8.829101338811741 minutes at 222
2025-09-11 21:06:26,626 [INFO] Truck: Time:<223.40566038728446> Truck:[XHTruck24] Start loading at shovel NorthPitMine-LoadSite3-Shovel-1, load time is 4.060039370078741
2025-09-11 21:06:26,626 [INFO] Truck: Time:<223.54437383202844> Truck:[XHTruck2] Finish loading at shovel NorthPitMine-LoadSite5-Shovel-2
2025-09-11 21:06:26,627 [DEBUG] Truck: Time:<223.54437383202844> Truck:[XHTruck2] Start moving to ORDER(0): NorthPitMine-DumpSite1, move distance is 6.638632992021323, speed: 25
2025-09-11 21:06:26,627 [INFO] Truck: Time:<213> Truck:[XHTruck2] breakdown for 13.91668699073492 minutes at 213
2025-09-11 21:06:26,627 [INFO] Truck: Time:<223.54437383202844> Truck:[XHTruck20] Start loading at shovel NorthPitMine-LoadSite5-Shovel-2, load time is 4.060039370078741
2025-09-11 21:06:26,628 [INFO] Truck: Time:<223.6350446396902> Truck:[CLTruck9] is facing 0 mins delay caused by 1 pre-existing jam events on Road from NorthPitMine-LoadSite5 to NorthPitMine-DumpSite1
2025-09-11 21:06:26,628 [DEBUG] Truck: Time:<223.70793111543566> Truck:[CLTruck15] Arrived at NorthPitMine-DumpSite1 at 223.70793111543566
2025-09-11 21:06:26,628 [INFO] Truck: Time:<223.77473948318655> Truck:[XHTruck30] is facing 3.5618545882230936 mins delay caused by 1 pre-existing jam events on Road from NorthPitMine-LoadSite3 to NorthPitMine-DumpSite5
2025-09-11 21:06:26,628 [INFO] Truck: Time:<223.98955689344103> Truck:[XHTruck19] is facing 3.433045961405686 mins delay caused by 1 pre-existing jam events on Road from NorthPitMine-LoadSite3 to NorthPitMine-DumpSite5
2025-09-11 21:06:26,631 [INFO] Truck: Time:<224.02961155459917> Shovel NorthPitMine-LoadSite3-Shovel-2 maintenance completed
2025-09-11 21:06:26,632 [DEBUG] Truck: Time:<224.02961155459917> Truck:[XHTruck4] Start moving to ORDER(4): NorthPitMine-DumpSite5, move distance is 1.86, speed: 25
2025-09-11 21:06:26,632 [INFO] Truck: Time:<204> Truck:[XHTruck4] breakdown for 12.408058605760818 minutes at 204
2025-09-11 21:06:26,632 [INFO] Truck: Time:<224.02961155459917> Truck:[XHTruck3] Start loading at shovel NorthPitMine-LoadSite3-Shovel-2, load time is 24.444444444444443
2025-09-11 21:06:26,632 [INFO] Truck: Time:<224.08024479799732> Truck:[XHTruck10] Finish unloading at dumper NorthPitMine-DumpSite1-点位0, dumper tons is 1424.904268128877
2025-09-11 21:06:26,634 [DEBUG] Truck: Time:<224.08024479799732> Truck:[XHTruck10] Start moving to ORDER(2):NorthPitMine-LoadSite3, move distance is 2.98, speed: 25
2025-09-11 21:06:26,634 [INFO] Truck: Time:<221> Truck:[XHTruck10] breakdown for 6.819704671991418 minutes at 221
2025-09-11 21:06:26,634 [INFO] Truck: Time:<224.09066666666666> Truck:[CLTruck11] Finish loading at shovel NorthPitMine-LoadSite4-Shovel-2
2025-09-11 21:06:26,635 [INFO] Truck: Time:<224.09066666666666> Shovel NorthPitMine-LoadSite4-Shovel-2 under maintenance for 49.92 minutes
2025-09-11 21:06:26,635 [DEBUG] Truck: Time:<224.2657629672477> Truck:[OfficalTruck2] Arrived at NorthPitMine-DumpSite2 at 224.2657629672477
2025-09-11 21:06:26,635 [INFO] Truck: Time:<224.280894685857> Truck:[CLTruck4] Arrived at NorthPitMine-LoadSite5 at 224.280894685857
2025-09-11 21:06:26,635 [INFO] Truck: Time:<224.70793111543566> Truck:[CLTruck15] Finish unloading at dumper NorthPitMine-DumpSite1-点位1, dumper tons is 426.0068731290568
2025-09-11 21:06:26,636 [DEBUG] Truck: Time:<224.70793111543566> Truck:[CLTruck15] Start moving to ORDER(2):NorthPitMine-LoadSite3, move distance is 2.98, speed: 25
2025-09-11 21:06:26,639 [INFO] Truck: Time:<225.2657629672477> Truck:[OfficalTruck2] Finish unloading at dumper NorthPitMine-DumpSite2-点位0, dumper tons is 2074.0734839498627
2025-09-11 21:06:26,640 [DEBUG] Truck: Time:<225.2657629672477> Truck:[OfficalTruck2] Start moving to ORDER(4):NorthPitMine-LoadSite5, move distance is 8.333702847690502, speed: 25
2025-09-11 21:06:26,642 [DEBUG] Truck: Time:<225.53125699650607> Truck:[CLTruck14] Arrived at NorthPitMine-DumpSite2 at 225.53125699650607
2025-09-11 21:06:26,642 [INFO] Truck: Time:<225.83785404386856> Truck:[CLTruck19] is facing 7.638687211691035 mins delay caused by 2 pre-existing jam events on Road from NorthPitMine-LoadSite3 to NorthPitMine-DumpSite5
2025-09-11 21:06:26,642 [INFO] Truck: Time:<226.48122569637977> Truck:[CLTruck16] is facing 5.220087284726149 mins delay caused by 2 pre-existing jam events on Road from NorthPitMine-LoadSite3 to NorthPitMine-DumpSite5
2025-09-11 21:06:26,644 [INFO] Truck: Time:<226.53125699650607> Truck:[CLTruck14] Finish unloading at dumper NorthPitMine-DumpSite2-点位0, dumper tons is 2109.3180509267154
2025-09-11 21:06:26,644 [DEBUG] Truck: Time:<226.53125699650607> Truck:[CLTruck14] Start moving to ORDER(2):NorthPitMine-LoadSite3, move distance is 4.745901713471277, speed: 25
2025-09-11 21:06:26,644 [INFO] Truck: Time:<226.56162634581523> Truck:[OfficalTruck1] Finish loading at shovel NorthPitMine-LoadSite4-Shovel-4
2025-09-11 21:06:26,645 [DEBUG] Truck: Time:<226.56162634581523> Truck:[OfficalTruck1] Start moving to ORDER(1): NorthPitMine-DumpSite2, move distance is 1.6778480487521166, speed: 25
2025-09-11 21:06:26,645 [INFO] Truck: Time:<221> Truck:[OfficalTruck1] breakdown for 7.992233909935429 minutes at 221
2025-09-11 21:06:26,645 [INFO] Truck: Time:<226.56162634581523> Truck:[XHTruck9] Start loading at shovel NorthPitMine-LoadSite4-Shovel-4, load time is 24.444444444444443
2025-09-11 21:06:26,645 [INFO] Truck: Time:<226.62734272017252> Truck:[XHTruck33] Arrived at NorthPitMine-LoadSite5 at 226.62734272017252
2025-09-11 21:06:26,647 [INFO] Truck: Time:<227.4656997573632> Truck:[XHTruck24] Finish loading at shovel NorthPitMine-LoadSite3-Shovel-1
2025-09-11 21:06:26,648 [DEBUG] Truck: Time:<227.4656997573632> Truck:[XHTruck24] Start moving to ORDER(4): NorthPitMine-DumpSite5, move distance is 1.86, speed: 25
2025-09-11 21:06:26,648 [INFO] Truck: Time:<227.4656997573632> Truck:[XHTruck24] is facing 4.382995784701734 mins delay caused by 2 pre-existing jam events on Road from NorthPitMine-LoadSite3 to NorthPitMine-DumpSite5
2025-09-11 21:06:26,648 [INFO] Truck: Time:<227.6044132021072> Truck:[XHTruck20] Finish loading at shovel NorthPitMine-LoadSite5-Shovel-2
2025-09-11 21:06:26,649 [DEBUG] Truck: Time:<227.6044132021072> Truck:[XHTruck20] Start moving to ORDER(0): NorthPitMine-DumpSite1, move distance is 6.96910172092989, speed: 25
2025-09-11 21:06:26,649 [INFO] Truck: Time:<227.6044132021072> Truck:[XHTruck20] is facing 0 mins delay caused by 1 pre-existing jam events on Road from NorthPitMine-LoadSite5 to NorthPitMine-DumpSite1
2025-09-11 21:06:26,649 [INFO] Truck: Time:<227.6044132021072> Truck:[OfficalTruck6] Start loading at shovel NorthPitMine-LoadSite5-Shovel-2, load time is 5.684055118110236
2025-09-11 21:06:26,651 [INFO] Truck: Time:<228.42777921810654> Truck:[CLTruck3] is facing 2.236713249452924 mins delay caused by 1 pre-existing jam events on Road from NorthPitMine-LoadSite3 to NorthPitMine-DumpSite5
2025-09-11 21:06:26,652 [INFO] Truck: Time:<228.82249443695844> Truck:[CLTruck13] Arrived at NorthPitMine-LoadSite5 at 228.82249443695844
2025-09-11 21:06:26,657 [INFO] Truck: Time:<231.30542250982253> Truck:[XHTruck18] Arrived at NorthPitMine-LoadSite3 at 231.30542250982253
2025-09-11 21:06:26,658 [INFO] Truck: Time:<231.30542250982253> Truck:[XHTruck18] Start loading at shovel NorthPitMine-LoadSite3-Shovel-1, load time is 4.060039370078741
2025-09-11 21:06:26,658 [INFO] Truck: Time:<231.85056672731> Truck:[XHTruck5] Arrived at NorthPitMine-LoadSite4 at 231.85056672731
2025-09-11 21:06:26,658 [INFO] Truck: Time:<231.85993111543564> Truck:[CLTruck15] Arrived at NorthPitMine-LoadSite3 at 231.85993111543564
2025-09-11 21:06:26,660 [INFO] Truck: Time:<232.12738260078333> Truck:[XHTruck12] Arrived at NorthPitMine-LoadSite4 at 232.12738260078333
2025-09-11 21:06:26,661 [DEBUG] Truck: Time:<232.224961774465> Truck:[XHTruck23] Arrived at NorthPitMine-DumpSite1 at 232.224961774465
2025-09-11 21:06:26,661 [INFO] Truck: Time:<232.2347617260962> Truck:[CLTruck25] is facing 0 mins delay caused by 2 pre-existing jam events on Road from NorthPitMine-LoadSite3 to NorthPitMine-DumpSite5
2025-09-11 21:06:26,662 [INFO] Truck: Time:<233.224961774465> Truck:[XHTruck23] Finish unloading at dumper NorthPitMine-DumpSite1-点位0, dumper tons is 1480.6030472948744
2025-09-11 21:06:26,663 [INFO] Road: [RoadEvent] Road from NorthPitMine-DumpSite1 to NorthPitMine-LoadSite3 is in repair，the repair will last for 59.92 mins, and will end at 293.15, vehicle on this road will have to suffer punish_distance.
2025-09-11 21:06:26,663 [DEBUG] Truck: Time:<233.224961774465> Truck:[XHTruck23] Start moving to ORDER(2):NorthPitMine-LoadSite3, move distance is 4.591997066099842, speed: 25
2025-09-11 21:06:26,664 [INFO] Truck: Time:<233.28846832021742> Truck:[OfficalTruck6] Finish loading at shovel NorthPitMine-LoadSite5-Shovel-2
2025-09-11 21:06:26,664 [DEBUG] Truck: Time:<233.28846832021742> Truck:[OfficalTruck6] Start moving to ORDER(0): NorthPitMine-DumpSite1, move distance is 6.953386684415991, speed: 25
2025-09-11 21:06:26,664 [INFO] Truck: Time:<216> Truck:[OfficalTruck6] breakdown for 12.174940545665295 minutes at 216
2025-09-11 21:06:26,666 [INFO] Truck: Time:<233.28846832021742> Truck:[CLTruck4] Start loading at shovel NorthPitMine-LoadSite5-Shovel-2, load time is 2.5836614173228347
2025-09-11 21:06:26,666 [DEBUG] Truck: Time:<233.59132895519343> Truck:[OfficalTruck5] Arrived at NorthPitMine-DumpSite1 at 233.59132895519343
2025-09-11 21:06:26,666 [DEBUG] Truck: Time:<233.6878251373974> Truck:[CLTruck2] Arrived at NorthPitMine-DumpSite1 at 233.6878251373974
2025-09-11 21:06:26,666 [DEBUG] Truck: Time:<233.7047959950086> Truck:[XHTruck19] Arrived at NorthPitMine-DumpSite5 at 233.7047959950086
2025-09-11 21:06:26,669 [DEBUG] Truck: Time:<234.3230722497161> Truck:[XHTruck30] Arrived at NorthPitMine-DumpSite5 at 234.3230722497161
2025-09-11 21:06:26,669 [INFO] Truck: Time:<234.59132895519343> Truck:[OfficalTruck5] Finish unloading at dumper NorthPitMine-DumpSite1-点位0, dumper tons is 1565.0355620476432
2025-09-11 21:06:26,671 [DEBUG] Truck: Time:<234.59132895519343> Truck:[OfficalTruck5] Start moving to ORDER(2):NorthPitMine-LoadSite3, move distance is 4.584428986165148, speed: 25
2025-09-11 21:06:26,671 [INFO] Truck: Time:<234.6878251373974> Truck:[CLTruck2] Finish unloading at dumper NorthPitMine-DumpSite1-点位1, dumper tons is 463.0040496571181
2025-09-11 21:06:26,672 [DEBUG] Truck: Time:<234.6878251373974> Truck:[CLTruck2] Start moving to ORDER(2):NorthPitMine-LoadSite3, move distance is 3.951165107429145, speed: 25
2025-09-11 21:06:26,672 [INFO] Truck: Time:<234.7047959950086> Truck:[XHTruck19] Finish unloading at dumper NorthPitMine-DumpSite5-点位0, dumper tons is 2486.0028082560993
2025-09-11 21:06:26,672 [INFO] Road: [RoadEvent] Road from NorthPitMine-DumpSite5 to NorthPitMine-LoadSite4 is in repair，the repair will last for 67.36 mins, and will end at 302.06, vehicle on this road will have to suffer punish_distance.
2025-09-11 21:06:26,673 [DEBUG] Truck: Time:<234.7047959950086> Truck:[XHTruck19] Start moving to ORDER(3):NorthPitMine-LoadSite4, move distance is 6.9229780359262385, speed: 25
2025-09-11 21:06:26,673 [INFO] Truck: Time:<234.7047959950086> Truck:[XHTruck19] is facing 0 mins delay caused by 2 pre-existing jam events on Road from NorthPitMine-DumpSite5 to NorthPitMine-LoadSite4
2025-09-11 21:06:26,674 [INFO] Truck: Time:<235.0915555555556> Truck:[CLTruck5] Finish loading at shovel NorthPitMine-LoadSite3-Shovel-3
2025-09-11 21:06:26,674 [INFO] Truck: Time:<235.0915555555556> Shovel NorthPitMine-LoadSite3-Shovel-3 under maintenance for 42.24 minutes
2025-09-11 21:06:26,674 [INFO] Truck: Time:<235.3230722497161> Truck:[XHTruck30] Finish unloading at dumper NorthPitMine-DumpSite5-点位1, dumper tons is 911.6035991456665
2025-09-11 21:06:26,675 [DEBUG] Truck: Time:<235.3230722497161> Truck:[XHTruck30] Start moving to ORDER(3):NorthPitMine-LoadSite4, move distance is 7.425465724291993, speed: 25
2025-09-11 21:06:26,675 [INFO] Truck: Time:<235.3230722497161> Truck:[XHTruck30] is facing 0 mins delay caused by 2 pre-existing jam events on Road from NorthPitMine-DumpSite5 to NorthPitMine-LoadSite4
2025-09-11 21:06:26,675 [INFO] Truck: Time:<235.36546187990126> Truck:[XHTruck18] Finish loading at shovel NorthPitMine-LoadSite3-Shovel-1
2025-09-11 21:06:26,676 [INFO] Road: [RoadEvent] Road from NorthPitMine-LoadSite3 to NorthPitMine-DumpSite5 is in repair，the repair will last for 45.11 mins, and will end at 280.48, vehicle on this road will have to suffer punish_distance.
2025-09-11 21:06:26,676 [DEBUG] Truck: Time:<235.36546187990126> Truck:[XHTruck18] Start moving to ORDER(4): NorthPitMine-DumpSite5, move distance is 2.677736102917711, speed: 25
2025-09-11 21:06:26,676 [INFO] Truck: Time:<229> Truck:[XHTruck18] breakdown for 13.842537546526493 minutes at 229
2025-09-11 21:06:26,676 [INFO] Truck: Time:<235.36546187990126> Truck:[CLTruck15] Start loading at shovel NorthPitMine-LoadSite3-Shovel-1, load time is 2.5836614173228347
2025-09-11 21:06:26,676 [INFO] Truck: Time:<235.87212973754026> Truck:[CLTruck4] Finish loading at shovel NorthPitMine-LoadSite5-Shovel-2
2025-09-11 21:06:26,676 [INFO] Truck: Time:<235.87212973754026> Shovel NorthPitMine-LoadSite5-Shovel-2 under maintenance for 39.74 minutes
2025-09-11 21:06:26,680 [DEBUG] Truck: Time:<236.31269554206494> Truck:[XHTruck24] Arrived at NorthPitMine-DumpSite5 at 236.31269554206494
2025-09-11 21:06:26,680 [INFO] Truck: Time:<236.43767016036> Truck:[XHTruck4] is facing 1.7070361017290483 mins delay caused by 2 pre-existing jam events on Road from NorthPitMine-LoadSite3 to NorthPitMine-DumpSite5
2025-09-11 21:06:26,680 [DEBUG] Truck: Time:<236.6987617260962> Truck:[CLTruck25] Arrived at NorthPitMine-DumpSite5 at 236.6987617260962
2025-09-11 21:06:26,680 [INFO] Truck: Time:<236.9221822253234> Truck:[XHTruck21] Arrived at NorthPitMine-LoadSite4 at 236.9221822253234
2025-09-11 21:06:26,683 [INFO] Truck: Time:<237.31269554206494> Truck:[XHTruck24] Finish unloading at dumper NorthPitMine-DumpSite5-点位0, dumper tons is 2536.9199435336855
2025-09-11 21:06:26,684 [DEBUG] Truck: Time:<237.31269554206494> Truck:[XHTruck24] Start moving to ORDER(3):NorthPitMine-LoadSite4, move distance is 7.000595161306464, speed: 25
2025-09-11 21:06:26,684 [INFO] Truck: Time:<237.31269554206494> Truck:[XHTruck24] is facing 0 mins delay caused by 2 pre-existing jam events on Road from NorthPitMine-DumpSite5 to NorthPitMine-LoadSite4
2025-09-11 21:06:26,684 [INFO] Truck: Time:<237.46106082276336> Truck:[XHTruck2] is facing 1.0989744432140642 mins delay caused by 2 pre-existing jam events on Road from NorthPitMine-LoadSite5 to NorthPitMine-DumpSite1
2025-09-11 21:06:26,685 [INFO] Truck: Time:<237.6987617260962> Truck:[CLTruck25] Finish unloading at dumper NorthPitMine-DumpSite5-点位1, dumper tons is 947.9093496602128
2025-09-11 21:06:26,685 [DEBUG] Truck: Time:<237.6987617260962> Truck:[CLTruck25] Start moving to ORDER(3):NorthPitMine-LoadSite4, move distance is 8.35439639908676, speed: 25
2025-09-11 21:06:26,685 [INFO] Truck: Time:<237.6987617260962> Truck:[CLTruck25] is facing 0 mins delay caused by 2 pre-existing jam events on Road from NorthPitMine-DumpSite5 to NorthPitMine-LoadSite4
2025-09-11 21:06:26,686 [DEBUG] Truck: Time:<237.71677368906774> Truck:[CLTruck3] Arrived at NorthPitMine-DumpSite5 at 237.71677368906774
2025-09-11 21:06:26,686 [INFO] Truck: Time:<237.92142110883714> Truck:[CLTruck14] Arrived at NorthPitMine-LoadSite3 at 237.92142110883714
2025-09-11 21:06:26,686 [DEBUG] Truck: Time:<237.9405412555596> Truck:[CLTruck19] Arrived at NorthPitMine-DumpSite5 at 237.9405412555596
2025-09-11 21:06:26,686 [INFO] Truck: Time:<237.9491232972241> Truck:[CLTruck15] Finish loading at shovel NorthPitMine-LoadSite3-Shovel-1
2025-09-11 21:06:26,687 [DEBUG] Truck: Time:<237.9491232972241> Truck:[CLTruck15] Start moving to ORDER(4): NorthPitMine-DumpSite5, move distance is 2.441205699811818, speed: 25
2025-09-11 21:06:26,687 [INFO] Truck: Time:<237> Truck:[CLTruck15] breakdown for 7.168192377509017 minutes at 237
2025-09-11 21:06:26,687 [INFO] Truck: Time:<237.9491232972241> Truck:[CLTruck14] Start loading at shovel NorthPitMine-LoadSite3-Shovel-1, load time is 2.5836614173228347
2025-09-11 21:06:26,690 [INFO] Truck: Time:<238.05194946998873> Truck:[XHTruck10] Arrived at NorthPitMine-LoadSite3 at 238.05194946998873
2025-09-11 21:06:26,690 [DEBUG] Truck: Time:<238.38242036408735> Truck:[CLTruck16] Arrived at NorthPitMine-DumpSite5 at 238.38242036408735
2025-09-11 21:06:26,690 [DEBUG] Truck: Time:<238.58069557275573> Truck:[OfficalTruck1] Arrived at NorthPitMine-DumpSite2 at 238.58069557275573
2025-09-11 21:06:26,690 [INFO] Truck: Time:<238.71677368906774> Truck:[CLTruck3] Finish unloading at dumper NorthPitMine-DumpSite5-点位0, dumper tons is 2574.4943261564417
2025-09-11 21:06:26,690 [DEBUG] Truck: Time:<238.71677368906774> Truck:[CLTruck3] Start moving to ORDER(3):NorthPitMine-LoadSite4, move distance is 7.742515529230726, speed: 25
2025-09-11 21:06:26,690 [INFO] Truck: Time:<230> Truck:[CLTruck3] breakdown for 12.94307257396316 minutes at 230
2025-09-11 21:06:26,692 [INFO] Truck: Time:<238.9405412555596> Truck:[CLTruck19] Finish unloading at dumper NorthPitMine-DumpSite5-点位1, dumper tons is 984.1198208487599
2025-09-11 21:06:26,692 [DEBUG] Truck: Time:<238.9405412555596> Truck:[CLTruck19] Start moving to ORDER(3):NorthPitMine-LoadSite4, move distance is 8.443159699930744, speed: 25
2025-09-11 21:06:26,693 [INFO] Truck: Time:<238.9405412555596> Truck:[CLTruck19] is facing 0 mins delay caused by 2 pre-existing jam events on Road from NorthPitMine-DumpSite5 to NorthPitMine-LoadSite4
2025-09-11 21:06:26,695 [DEBUG] Truck: Time:<239.03678826844117> Truck:[XHTruck26] Arrived at NorthPitMine-DumpSite1 at 239.03678826844117
2025-09-11 21:06:26,695 [INFO] Truck: Time:<239.38242036408735> Truck:[CLTruck16] Finish unloading at dumper NorthPitMine-DumpSite5-点位2, dumper tons is 221.01100526643023
2025-09-11 21:06:26,696 [DEBUG] Truck: Time:<239.38242036408735> Truck:[CLTruck16] Start moving to ORDER(3):NorthPitMine-LoadSite4, move distance is 8.21759842321453, speed: 25
2025-09-11 21:06:26,696 [INFO] Truck: Time:<233> Truck:[CLTruck16] breakdown for 10.107623247966645 minutes at 233
2025-09-11 21:06:26,697 [INFO] Truck: Time:<239.58069557275573> Truck:[OfficalTruck1] Finish unloading at dumper NorthPitMine-DumpSite2-点位0, dumper tons is 2193.4563903692833
2025-09-11 21:06:26,697 [DEBUG] Truck: Time:<239.58069557275573> Truck:[OfficalTruck1] Start moving to ORDER(4):NorthPitMine-LoadSite5, move distance is 8.450305061352456, speed: 25
2025-09-11 21:06:26,697 [DEBUG] Truck: Time:<239.6967108939212> Truck:[CLTruck9] Arrived at NorthPitMine-DumpSite1 at 239.6967108939212
2025-09-11 21:06:26,698 [DEBUG] Truck: Time:<239.77877422185543> Truck:[XHTruck17] Arrived at NorthPitMine-DumpSite5 at 239.77877422185543
2025-09-11 21:06:26,698 [INFO] NorthPitMine: simulation finished with dispatcher ShortestTripDispatcher
2025-09-11 21:06:27,536 [INFO] NorthPitMine: simulation started with dispatcher PPODispatcher
