2025-09-11 21:11:20,615 [INFO] NorthPitMine: simulation started with dispatcher ShortestTripDispatcher
2025-09-11 21:11:20,619 [INFO] Truck: Time:<0> Truck:[OfficalTruck1] Activated at 0, Target load site is ORDER(4):NorthPitMine-LoadSite5, move distance is 2.1
2025-09-11 21:11:20,619 [INFO] Truck: Time:<0> Truck:[OfficalTruck2] Activated at 0, Target load site is ORDER(4):NorthPitMine-LoadSite5, move distance is 2.1
2025-09-11 21:11:20,619 [INFO] Truck: Time:<0> Truck:[OfficalTruck3] Activated at 0, Target load site is ORDER(4):NorthPitMine-LoadSite5, move distance is 2.1
2025-09-11 21:11:20,619 [INFO] Truck: Time:<0> Truck:[OfficalTruck4] Activated at 0, Target load site is ORDER(4):NorthPitMine-LoadSite5, move distance is 2.1
2025-09-11 21:11:20,619 [INFO] Truck: Time:<0> Truck:[OfficalTruck5] Activated at 0, Target load site is ORDER(4):NorthPitMine-LoadSite5, move distance is 2.1
2025-09-11 21:11:20,635 [INFO] Truck: Time:<0> Truck:[OfficalTruck6] Activated at 0, Target load site is ORDER(4):NorthPitMine-LoadSite5, move distance is 2.1
2025-09-11 21:11:20,636 [INFO] Truck: Time:<0> Truck:[OfficalTruck7] Activated at 0, Target load site is ORDER(2):NorthPitMine-LoadSite3, move distance is 3.14
2025-09-11 21:11:20,638 [INFO] Truck: Time:<0> Truck:[OfficalTruck8] Activated at 0, Target load site is ORDER(2):NorthPitMine-LoadSite3, move distance is 3.14
2025-09-11 21:11:20,640 [INFO] Truck: Time:<0> Truck:[OfficalTruck9] Activated at 0, Target load site is ORDER(2):NorthPitMine-LoadSite3, move distance is 3.14
2025-09-11 21:11:20,642 [INFO] Truck: Time:<0> Truck:[CLTruck1] Activated at 0, Target load site is ORDER(3):NorthPitMine-LoadSite4, move distance is 2.26
2025-09-11 21:11:20,642 [INFO] Truck: Time:<0> Truck:[CLTruck2] Activated at 0, Target load site is ORDER(3):NorthPitMine-LoadSite4, move distance is 2.26
2025-09-11 21:11:20,644 [INFO] Truck: Time:<0> Truck:[CLTruck3] Activated at 0, Target load site is ORDER(3):NorthPitMine-LoadSite4, move distance is 2.26
2025-09-11 21:11:20,646 [INFO] Truck: Time:<0> Truck:[CLTruck4] Activated at 0, Target load site is ORDER(3):NorthPitMine-LoadSite4, move distance is 2.26
2025-09-11 21:11:20,646 [INFO] Truck: Time:<0> Truck:[CLTruck5] Activated at 0, Target load site is ORDER(3):NorthPitMine-LoadSite4, move distance is 2.26
2025-09-11 21:11:20,646 [INFO] Truck: Time:<0> Truck:[CLTruck6] Activated at 0, Target load site is ORDER(3):NorthPitMine-LoadSite4, move distance is 2.26
2025-09-11 21:11:20,651 [INFO] Truck: Time:<0> Truck:[CLTruck7] Activated at 0, Target load site is ORDER(3):NorthPitMine-LoadSite4, move distance is 2.26
2025-09-11 21:11:20,651 [INFO] Truck: Time:<0> Truck:[CLTruck8] Activated at 0, Target load site is ORDER(1):NorthPitMine-LoadSite2, move distance is 4.3
2025-09-11 21:11:20,651 [INFO] Truck: Time:<0> Truck:[CLTruck9] Activated at 0, Target load site is ORDER(1):NorthPitMine-LoadSite2, move distance is 4.3
2025-09-11 21:11:20,651 [INFO] Truck: Time:<0> Truck:[CLTruck10] Activated at 0, Target load site is ORDER(1):NorthPitMine-LoadSite2, move distance is 4.3
2025-09-11 21:11:20,651 [INFO] Truck: Time:<0> Truck:[CLTruck11] Activated at 0, Target load site is ORDER(1):NorthPitMine-LoadSite2, move distance is 4.3
2025-09-11 21:11:20,651 [INFO] Truck: Time:<0> Truck:[CLTruck12] Activated at 0, Target load site is ORDER(1):NorthPitMine-LoadSite2, move distance is 4.3
2025-09-11 21:11:20,651 [INFO] Truck: Time:<0> Truck:[CLTruck13] Activated at 0, Target load site is ORDER(1):NorthPitMine-LoadSite2, move distance is 4.3
2025-09-11 21:11:20,651 [INFO] Truck: Time:<0> Truck:[CLTruck14] Activated at 0, Target load site is ORDER(1):NorthPitMine-LoadSite2, move distance is 4.3
2025-09-11 21:11:20,667 [INFO] Truck: Time:<0> Truck:[CLTruck15] Activated at 0, Target load site is ORDER(2):NorthPitMine-LoadSite3, move distance is 3.14
2025-09-11 21:11:20,667 [INFO] Truck: Time:<0> Truck:[CLTruck16] Activated at 0, Target load site is ORDER(1):NorthPitMine-LoadSite2, move distance is 4.3
2025-09-11 21:11:20,667 [INFO] Truck: Time:<0> Truck:[CLTruck17] Activated at 0, Target load site is ORDER(3):NorthPitMine-LoadSite4, move distance is 2.26
2025-09-11 21:11:20,667 [INFO] Truck: Time:<0> Truck:[CLTruck18] Activated at 0, Target load site is ORDER(4):NorthPitMine-LoadSite5, move distance is 2.1
2025-09-11 21:11:20,667 [INFO] Truck: Time:<0> Truck:[CLTruck19] Activated at 0, Target load site is ORDER(1):NorthPitMine-LoadSite2, move distance is 4.3
2025-09-11 21:11:20,667 [INFO] Truck: Time:<0> Truck:[CLTruck20] Activated at 0, Target load site is ORDER(3):NorthPitMine-LoadSite4, move distance is 2.26
2025-09-11 21:11:20,667 [INFO] Truck: Time:<0> Truck:[CLTruck21] Activated at 0, Target load site is ORDER(2):NorthPitMine-LoadSite3, move distance is 3.14
2025-09-11 21:11:20,667 [INFO] Truck: Time:<0> Truck:[CLTruck22] Activated at 0, Target load site is ORDER(4):NorthPitMine-LoadSite5, move distance is 2.1
2025-09-11 21:11:20,683 [INFO] Truck: Time:<0> Truck:[CLTruck23] Activated at 0, Target load site is ORDER(1):NorthPitMine-LoadSite2, move distance is 4.3
2025-09-11 21:11:20,683 [INFO] Truck: Time:<0> Truck:[CLTruck24] Activated at 0, Target load site is ORDER(3):NorthPitMine-LoadSite4, move distance is 2.26
2025-09-11 21:11:20,683 [INFO] Truck: Time:<0> Truck:[CLTruck25] Activated at 0, Target load site is ORDER(4):NorthPitMine-LoadSite5, move distance is 2.1
2025-09-11 21:11:20,683 [INFO] Truck: Time:<0> Truck:[CLTruck26] Activated at 0, Target load site is ORDER(2):NorthPitMine-LoadSite3, move distance is 3.14
2025-09-11 21:11:20,683 [INFO] Truck: Time:<0> Truck:[CLTruck27] Activated at 0, Target load site is ORDER(0):LoadSite1, move distance is 3.0
2025-09-11 21:11:20,683 [INFO] Truck: Time:<0> Truck:[CLTruck28] Activated at 0, Target load site is ORDER(0):LoadSite1, move distance is 3.0
2025-09-11 21:11:20,683 [INFO] Truck: Time:<0> Truck:[CLTruck29] Activated at 0, Target load site is ORDER(0):LoadSite1, move distance is 3.0
2025-09-11 21:11:20,683 [INFO] Truck: Time:<0> Truck:[XHTruck1] Activated at 0, Target load site is ORDER(4):NorthPitMine-LoadSite5, move distance is 2.1
2025-09-11 21:11:20,683 [INFO] Truck: Time:<0> Truck:[XHTruck2] Activated at 0, Target load site is ORDER(4):NorthPitMine-LoadSite5, move distance is 2.1
2025-09-11 21:11:20,699 [INFO] Truck: Time:<0> Truck:[XHTruck3] Activated at 0, Target load site is ORDER(1):NorthPitMine-LoadSite2, move distance is 4.3
2025-09-11 21:11:20,699 [INFO] Truck: Time:<0> Truck:[XHTruck4] Activated at 0, Target load site is ORDER(3):NorthPitMine-LoadSite4, move distance is 2.26
2025-09-11 21:11:20,699 [INFO] Truck: Time:<0> Truck:[XHTruck5] Activated at 0, Target load site is ORDER(2):NorthPitMine-LoadSite3, move distance is 3.14
2025-09-11 21:11:20,699 [INFO] Truck: Time:<0> Truck:[XHTruck6] Activated at 0, Target load site is ORDER(4):NorthPitMine-LoadSite5, move distance is 2.1
2025-09-11 21:11:20,699 [INFO] Truck: Time:<0> Truck:[XHTruck7] Activated at 0, Target load site is ORDER(1):NorthPitMine-LoadSite2, move distance is 4.3
2025-09-11 21:11:20,699 [INFO] Truck: Time:<0> Truck:[XHTruck8] Activated at 0, Target load site is ORDER(3):NorthPitMine-LoadSite4, move distance is 2.26
2025-09-11 21:11:20,699 [INFO] Truck: Time:<0> Truck:[XHTruck9] Activated at 0, Target load site is ORDER(2):NorthPitMine-LoadSite3, move distance is 3.14
2025-09-11 21:11:20,699 [INFO] Truck: Time:<0> Truck:[XHTruck10] Activated at 0, Target load site is ORDER(4):NorthPitMine-LoadSite5, move distance is 2.1
2025-09-11 21:11:20,715 [INFO] Truck: Time:<0> Truck:[XHTruck11] Activated at 0, Target load site is ORDER(1):NorthPitMine-LoadSite2, move distance is 4.3
2025-09-11 21:11:20,715 [INFO] Truck: Time:<0> Truck:[XHTruck12] Activated at 0, Target load site is ORDER(3):NorthPitMine-LoadSite4, move distance is 2.26
2025-09-11 21:11:20,715 [INFO] Truck: Time:<0> Truck:[XHTruck13] Activated at 0, Target load site is ORDER(4):NorthPitMine-LoadSite5, move distance is 2.1
2025-09-11 21:11:20,715 [INFO] Truck: Time:<0> Truck:[XHTruck14] Activated at 0, Target load site is ORDER(0):LoadSite1, move distance is 3.0
2025-09-11 21:11:20,731 [INFO] Truck: Time:<0> Truck:[XHTruck15] Activated at 0, Target load site is ORDER(2):NorthPitMine-LoadSite3, move distance is 3.14
2025-09-11 21:11:20,736 [INFO] Truck: Time:<0> Truck:[XHTruck16] Activated at 0, Target load site is ORDER(1):NorthPitMine-LoadSite2, move distance is 4.3
2025-09-11 21:11:20,736 [INFO] Truck: Time:<0> Truck:[XHTruck17] Activated at 0, Target load site is ORDER(3):NorthPitMine-LoadSite4, move distance is 2.26
2025-09-11 21:11:20,736 [INFO] Truck: Time:<0> Truck:[XHTruck18] Activated at 0, Target load site is ORDER(4):NorthPitMine-LoadSite5, move distance is 2.1
2025-09-11 21:11:20,747 [INFO] Truck: Time:<0> Truck:[XHTruck19] Activated at 0, Target load site is ORDER(2):NorthPitMine-LoadSite3, move distance is 3.14
2025-09-11 21:11:20,751 [INFO] Truck: Time:<0> Truck:[XHTruck20] Activated at 0, Target load site is ORDER(4):NorthPitMine-LoadSite5, move distance is 2.1
2025-09-11 21:11:20,753 [INFO] Truck: Time:<0> Truck:[XHTruck21] Activated at 0, Target load site is ORDER(1):NorthPitMine-LoadSite2, move distance is 4.3
2025-09-11 21:11:20,757 [INFO] Truck: Time:<0> Truck:[XHTruck22] Activated at 0, Target load site is ORDER(3):NorthPitMine-LoadSite4, move distance is 2.26
2025-09-11 21:11:20,760 [INFO] Truck: Time:<0> Truck:[XHTruck23] Activated at 0, Target load site is ORDER(0):LoadSite1, move distance is 3.0
2025-09-11 21:11:20,761 [INFO] Truck: Time:<0> Truck:[XHTruck24] Activated at 0, Target load site is ORDER(4):NorthPitMine-LoadSite5, move distance is 2.1
2025-09-11 21:11:20,763 [INFO] Truck: Time:<0> Truck:[XHTruck25] Activated at 0, Target load site is ORDER(1):NorthPitMine-LoadSite2, move distance is 4.3
2025-09-11 21:11:20,768 [INFO] Truck: Time:<0> Truck:[XHTruck26] Activated at 0, Target load site is ORDER(3):NorthPitMine-LoadSite4, move distance is 2.26
2025-09-11 21:11:20,774 [INFO] Truck: Time:<0> Truck:[XHTruck27] Activated at 0, Target load site is ORDER(2):NorthPitMine-LoadSite3, move distance is 3.14
2025-09-11 21:11:20,777 [INFO] Truck: Time:<0> Truck:[XHTruck28] Activated at 0, Target load site is ORDER(4):NorthPitMine-LoadSite5, move distance is 2.1
2025-09-11 21:11:20,781 [INFO] Truck: Time:<0> Truck:[XHTruck29] Activated at 0, Target load site is ORDER(1):NorthPitMine-LoadSite2, move distance is 4.3
2025-09-11 21:11:20,784 [INFO] Truck: Time:<0> Truck:[XHTruck30] Activated at 0, Target load site is ORDER(3):NorthPitMine-LoadSite4, move distance is 2.26
2025-09-11 21:11:20,788 [INFO] Truck: Time:<0> Truck:[XHTruck31] Activated at 0, Target load site is ORDER(2):NorthPitMine-LoadSite3, move distance is 3.14
2025-09-11 21:11:20,792 [INFO] Truck: Time:<0> Truck:[XHTruck32] Activated at 0, Target load site is ORDER(4):NorthPitMine-LoadSite5, move distance is 2.1
2025-09-11 21:11:20,793 [INFO] Truck: Time:<0> Truck:[XHTruck33] Activated at 0, Target load site is ORDER(0):LoadSite1, move distance is 3.0
2025-09-11 21:11:20,843 [INFO] Truck: Time:<5.04> Truck:[OfficalTruck1] Arrived at NorthPitMine-LoadSite5 at 5.04
2025-09-11 21:11:20,843 [INFO] Truck: Time:<5.04> Truck:[OfficalTruck2] Arrived at NorthPitMine-LoadSite5 at 5.04
2025-09-11 21:11:20,843 [INFO] Truck: Time:<5.04> Truck:[OfficalTruck3] Arrived at NorthPitMine-LoadSite5 at 5.04
2025-09-11 21:11:20,859 [INFO] Truck: Time:<5.04> Truck:[OfficalTruck4] Arrived at NorthPitMine-LoadSite5 at 5.04
2025-09-11 21:11:20,860 [INFO] Truck: Time:<5.04> Truck:[OfficalTruck5] Arrived at NorthPitMine-LoadSite5 at 5.04
2025-09-11 21:11:20,861 [INFO] Truck: Time:<5.04> Truck:[OfficalTruck6] Arrived at NorthPitMine-LoadSite5 at 5.04
2025-09-11 21:11:20,861 [INFO] Truck: Time:<5.04> Truck:[CLTruck18] Arrived at NorthPitMine-LoadSite5 at 5.04
2025-09-11 21:11:20,863 [INFO] Truck: Time:<5.04> Truck:[CLTruck22] Arrived at NorthPitMine-LoadSite5 at 5.04
2025-09-11 21:11:20,864 [INFO] Truck: Time:<5.04> Truck:[CLTruck25] Arrived at NorthPitMine-LoadSite5 at 5.04
2025-09-11 21:11:20,866 [INFO] Truck: Time:<5.04> Truck:[XHTruck1] Arrived at NorthPitMine-LoadSite5 at 5.04
2025-09-11 21:11:20,867 [INFO] Truck: Time:<5.04> Truck:[XHTruck2] Arrived at NorthPitMine-LoadSite5 at 5.04
2025-09-11 21:11:20,867 [INFO] Truck: Time:<5.04> Truck:[XHTruck6] Arrived at NorthPitMine-LoadSite5 at 5.04
2025-09-11 21:11:20,870 [INFO] Truck: Time:<5.04> Truck:[XHTruck10] Arrived at NorthPitMine-LoadSite5 at 5.04
2025-09-11 21:11:20,871 [INFO] Truck: Time:<5.04> Truck:[XHTruck13] Arrived at NorthPitMine-LoadSite5 at 5.04
2025-09-11 21:11:20,872 [INFO] Truck: Time:<5.04> Truck:[XHTruck18] Arrived at NorthPitMine-LoadSite5 at 5.04
2025-09-11 21:11:20,873 [INFO] Truck: Time:<5.04> Truck:[XHTruck20] Arrived at NorthPitMine-LoadSite5 at 5.04
2025-09-11 21:11:20,873 [INFO] Truck: Time:<5.04> Truck:[XHTruck24] Arrived at NorthPitMine-LoadSite5 at 5.04
2025-09-11 21:11:20,874 [INFO] Truck: Time:<5.04> Truck:[XHTruck28] Arrived at NorthPitMine-LoadSite5 at 5.04
2025-09-11 21:11:20,875 [INFO] Truck: Time:<5.04> Truck:[XHTruck32] Arrived at NorthPitMine-LoadSite5 at 5.04
2025-09-11 21:11:20,876 [INFO] Truck: Time:<5.04> Truck:[OfficalTruck1] Start loading at shovel NorthPitMine-LoadSite5-Shovel-1, load time is 5.684055118110236
2025-09-11 21:11:20,877 [INFO] Truck: Time:<5.04> Truck:[OfficalTruck2] Start loading at shovel NorthPitMine-LoadSite5-Shovel-2, load time is 5.684055118110236
2025-09-11 21:11:20,878 [INFO] Truck: Time:<5.4239999999999995> Truck:[CLTruck1] Arrived at NorthPitMine-LoadSite4 at 5.4239999999999995
2025-09-11 21:11:20,878 [INFO] Truck: Time:<5.4239999999999995> Truck:[CLTruck2] Arrived at NorthPitMine-LoadSite4 at 5.4239999999999995
2025-09-11 21:11:20,878 [INFO] Truck: Time:<5.4239999999999995> Truck:[CLTruck3] Arrived at NorthPitMine-LoadSite4 at 5.4239999999999995
2025-09-11 21:11:20,878 [INFO] Truck: Time:<5.4239999999999995> Truck:[CLTruck4] Arrived at NorthPitMine-LoadSite4 at 5.4239999999999995
2025-09-11 21:11:20,878 [INFO] Truck: Time:<5.4239999999999995> Truck:[CLTruck5] Arrived at NorthPitMine-LoadSite4 at 5.4239999999999995
2025-09-11 21:11:20,878 [INFO] Truck: Time:<5.4239999999999995> Truck:[CLTruck6] Arrived at NorthPitMine-LoadSite4 at 5.4239999999999995
2025-09-11 21:11:20,878 [INFO] Truck: Time:<5.4239999999999995> Truck:[CLTruck7] Arrived at NorthPitMine-LoadSite4 at 5.4239999999999995
2025-09-11 21:11:20,878 [INFO] Truck: Time:<5.4239999999999995> Truck:[CLTruck17] Arrived at NorthPitMine-LoadSite4 at 5.4239999999999995
2025-09-11 21:11:20,878 [INFO] Truck: Time:<5.4239999999999995> Truck:[CLTruck20] Arrived at NorthPitMine-LoadSite4 at 5.4239999999999995
2025-09-11 21:11:20,878 [INFO] Truck: Time:<5.4239999999999995> Truck:[CLTruck24] Arrived at NorthPitMine-LoadSite4 at 5.4239999999999995
2025-09-11 21:11:20,878 [INFO] Truck: Time:<5.4239999999999995> Truck:[XHTruck4] Arrived at NorthPitMine-LoadSite4 at 5.4239999999999995
2025-09-11 21:11:20,878 [INFO] Truck: Time:<5.4239999999999995> Truck:[XHTruck8] Arrived at NorthPitMine-LoadSite4 at 5.4239999999999995
2025-09-11 21:11:20,878 [INFO] Truck: Time:<5.4239999999999995> Truck:[XHTruck12] Arrived at NorthPitMine-LoadSite4 at 5.4239999999999995
2025-09-11 21:11:20,878 [INFO] Truck: Time:<5.4239999999999995> Truck:[XHTruck17] Arrived at NorthPitMine-LoadSite4 at 5.4239999999999995
2025-09-11 21:11:20,878 [INFO] Truck: Time:<5.4239999999999995> Truck:[XHTruck22] Arrived at NorthPitMine-LoadSite4 at 5.4239999999999995
2025-09-11 21:11:20,878 [INFO] Truck: Time:<5.4239999999999995> Truck:[XHTruck26] Arrived at NorthPitMine-LoadSite4 at 5.4239999999999995
2025-09-11 21:11:20,878 [INFO] Truck: Time:<5.4239999999999995> Truck:[XHTruck30] Arrived at NorthPitMine-LoadSite4 at 5.4239999999999995
2025-09-11 21:11:20,878 [INFO] Truck: Time:<5.4239999999999995> Truck:[CLTruck1] Start loading at shovel NorthPitMine-LoadSite4-Shovel-1, load time is 2.5836614173228347
2025-09-11 21:11:20,878 [INFO] Truck: Time:<5.4239999999999995> Truck:[CLTruck2] Start loading at shovel NorthPitMine-LoadSite4-Shovel-2, load time is 15.555555555555555
2025-09-11 21:11:20,894 [INFO] Truck: Time:<5.4239999999999995> Truck:[CLTruck3] Start loading at shovel NorthPitMine-LoadSite4-Shovel-3, load time is 15.555555555555555
2025-09-11 21:11:20,894 [INFO] Truck: Time:<5.4239999999999995> Truck:[CLTruck4] Start loading at shovel NorthPitMine-LoadSite4-Shovel-4, load time is 15.555555555555555
2025-09-11 21:11:20,894 [INFO] Truck: Time:<5.4239999999999995> Truck:[CLTruck5] Start loading at shovel NorthPitMine-LoadSite4-Shovel-5, load time is 15.555555555555555
2025-09-11 21:11:20,920 [INFO] Truck: Time:<7.199999999999999> Truck:[CLTruck27] Arrived at LoadSite1 at 7.199999999999999
2025-09-11 21:11:20,920 [INFO] Truck: Time:<7.199999999999999> Truck:[CLTruck28] Arrived at LoadSite1 at 7.199999999999999
2025-09-11 21:11:20,922 [INFO] Truck: Time:<7.199999999999999> Truck:[CLTruck29] Arrived at LoadSite1 at 7.199999999999999
2025-09-11 21:11:20,922 [INFO] Truck: Time:<7.199999999999999> Truck:[XHTruck14] Arrived at LoadSite1 at 7.199999999999999
2025-09-11 21:11:20,924 [INFO] Truck: Time:<7.199999999999999> Truck:[XHTruck23] Arrived at LoadSite1 at 7.199999999999999
2025-09-11 21:11:20,924 [INFO] Truck: Time:<7.199999999999999> Truck:[XHTruck33] Arrived at LoadSite1 at 7.199999999999999
2025-09-11 21:11:20,926 [INFO] Truck: Time:<7.199999999999999> Truck:[CLTruck27] Start loading at shovel LoadSite1-Shovel-1, load time is 15.555555555555555
2025-09-11 21:11:20,926 [INFO] Truck: Time:<7.199999999999999> Truck:[CLTruck28] Start loading at shovel LoadSite1-Shovel-2, load time is 15.555555555555555
2025-09-11 21:11:20,926 [INFO] Truck: Time:<7.199999999999999> Truck:[CLTruck29] Start loading at shovel LoadSite1-Shovel-3, load time is 15.555555555555555
2025-09-11 21:11:20,926 [INFO] Truck: Time:<7.199999999999999> Truck:[XHTruck14] Start loading at shovel LoadSite1-Shovel-4, load time is 24.444444444444443
2025-09-11 21:11:20,926 [INFO] Truck: Time:<7.199999999999999> Truck:[XHTruck23] Start loading at shovel LoadSite1-Shovel-5, load time is 24.444444444444443
2025-09-11 21:11:20,934 [INFO] Truck: Time:<7.536000000000001> Truck:[OfficalTruck7] Arrived at NorthPitMine-LoadSite3 at 7.536000000000001
2025-09-11 21:11:20,934 [INFO] Truck: Time:<7.536000000000001> Truck:[OfficalTruck8] Arrived at NorthPitMine-LoadSite3 at 7.536000000000001
2025-09-11 21:11:20,935 [INFO] Truck: Time:<7.536000000000001> Truck:[OfficalTruck9] Arrived at NorthPitMine-LoadSite3 at 7.536000000000001
2025-09-11 21:11:20,938 [INFO] Truck: Time:<7.536000000000001> Truck:[CLTruck15] Arrived at NorthPitMine-LoadSite3 at 7.536000000000001
2025-09-11 21:11:20,939 [INFO] Truck: Time:<7.536000000000001> Truck:[CLTruck21] Arrived at NorthPitMine-LoadSite3 at 7.536000000000001
2025-09-11 21:11:20,940 [INFO] Truck: Time:<7.536000000000001> Truck:[CLTruck26] Arrived at NorthPitMine-LoadSite3 at 7.536000000000001
2025-09-11 21:11:20,940 [INFO] Truck: Time:<7.536000000000001> Truck:[XHTruck5] Arrived at NorthPitMine-LoadSite3 at 7.536000000000001
2025-09-11 21:11:20,943 [INFO] Truck: Time:<7.536000000000001> Truck:[XHTruck9] Arrived at NorthPitMine-LoadSite3 at 7.536000000000001
2025-09-11 21:11:20,944 [INFO] Truck: Time:<7.536000000000001> Truck:[XHTruck15] Arrived at NorthPitMine-LoadSite3 at 7.536000000000001
2025-09-11 21:11:20,946 [INFO] Truck: Time:<7.536000000000001> Truck:[XHTruck19] Arrived at NorthPitMine-LoadSite3 at 7.536000000000001
2025-09-11 21:11:20,947 [INFO] Truck: Time:<7.536000000000001> Truck:[XHTruck27] Arrived at NorthPitMine-LoadSite3 at 7.536000000000001
2025-09-11 21:11:20,948 [INFO] Truck: Time:<7.536000000000001> Truck:[XHTruck31] Arrived at NorthPitMine-LoadSite3 at 7.536000000000001
2025-09-11 21:11:20,952 [INFO] Truck: Time:<7.536000000000001> Truck:[OfficalTruck7] Start loading at shovel NorthPitMine-LoadSite3-Shovel-1, load time is 5.684055118110236
2025-09-11 21:11:20,953 [INFO] Truck: Time:<7.536000000000001> Truck:[OfficalTruck8] Start loading at shovel NorthPitMine-LoadSite3-Shovel-2, load time is 34.22222222222222
2025-09-11 21:11:20,954 [INFO] Truck: Time:<7.536000000000001> Truck:[OfficalTruck9] Start loading at shovel NorthPitMine-LoadSite3-Shovel-3, load time is 34.22222222222222
2025-09-11 21:11:20,962 [INFO] Truck: Time:<8.007661417322835> Truck:[CLTruck1] Finish loading at shovel NorthPitMine-LoadSite4-Shovel-1
2025-09-11 21:11:20,964 [DEBUG] Truck: Time:<8.007661417322835> Truck:[CLTruck1] Start moving to ORDER(1): NorthPitMine-DumpSite2, move distance is 1.17, speed: 25
2025-09-11 21:11:20,964 [INFO] Truck: Time:<8> Truck:[CLTruck1] breakdown for 13.761471584829657 minutes at 8
2025-09-11 21:11:20,966 [INFO] Truck: Time:<8.007661417322835> Truck:[CLTruck6] Start loading at shovel NorthPitMine-LoadSite4-Shovel-1, load time is 2.5836614173228347
2025-09-11 21:11:21,000 [INFO] Truck: Time:<10.319999999999999> Truck:[CLTruck8] Arrived at NorthPitMine-LoadSite2 at 10.319999999999999
2025-09-11 21:11:21,001 [INFO] Truck: Time:<10.319999999999999> Truck:[CLTruck9] Arrived at NorthPitMine-LoadSite2 at 10.319999999999999
2025-09-11 21:11:21,001 [INFO] Truck: Time:<10.319999999999999> Truck:[CLTruck10] Arrived at NorthPitMine-LoadSite2 at 10.319999999999999
2025-09-11 21:11:21,002 [INFO] Truck: Time:<10.319999999999999> Truck:[CLTruck11] Arrived at NorthPitMine-LoadSite2 at 10.319999999999999
2025-09-11 21:11:21,002 [INFO] Truck: Time:<10.319999999999999> Truck:[CLTruck12] Arrived at NorthPitMine-LoadSite2 at 10.319999999999999
2025-09-11 21:11:21,003 [INFO] Truck: Time:<10.319999999999999> Truck:[CLTruck13] Arrived at NorthPitMine-LoadSite2 at 10.319999999999999
2025-09-11 21:11:21,004 [INFO] Truck: Time:<10.319999999999999> Truck:[CLTruck14] Arrived at NorthPitMine-LoadSite2 at 10.319999999999999
2025-09-11 21:11:21,004 [INFO] Truck: Time:<10.319999999999999> Truck:[CLTruck16] Arrived at NorthPitMine-LoadSite2 at 10.319999999999999
2025-09-11 21:11:21,006 [INFO] Truck: Time:<10.319999999999999> Truck:[CLTruck19] Arrived at NorthPitMine-LoadSite2 at 10.319999999999999
2025-09-11 21:11:21,007 [INFO] Truck: Time:<10.319999999999999> Truck:[CLTruck23] Arrived at NorthPitMine-LoadSite2 at 10.319999999999999
2025-09-11 21:11:21,007 [INFO] Truck: Time:<10.319999999999999> Truck:[XHTruck3] Arrived at NorthPitMine-LoadSite2 at 10.319999999999999
2025-09-11 21:11:21,008 [INFO] Truck: Time:<10.319999999999999> Truck:[XHTruck7] Arrived at NorthPitMine-LoadSite2 at 10.319999999999999
2025-09-11 21:11:21,009 [INFO] Truck: Time:<10.319999999999999> Truck:[XHTruck11] Arrived at NorthPitMine-LoadSite2 at 10.319999999999999
2025-09-11 21:11:21,010 [INFO] Truck: Time:<10.319999999999999> Truck:[XHTruck16] Arrived at NorthPitMine-LoadSite2 at 10.319999999999999
2025-09-11 21:11:21,011 [INFO] Truck: Time:<10.319999999999999> Truck:[XHTruck21] Arrived at NorthPitMine-LoadSite2 at 10.319999999999999
2025-09-11 21:11:21,011 [INFO] Truck: Time:<10.319999999999999> Truck:[XHTruck25] Arrived at NorthPitMine-LoadSite2 at 10.319999999999999
2025-09-11 21:11:21,013 [INFO] Truck: Time:<10.319999999999999> Truck:[XHTruck29] Arrived at NorthPitMine-LoadSite2 at 10.319999999999999
2025-09-11 21:11:21,015 [INFO] Truck: Time:<10.319999999999999> Truck:[CLTruck8] Start loading at shovel NorthPitMine-LoadSite2-Shovel-1, load time is 2.5836614173228347
2025-09-11 21:11:21,015 [INFO] Truck: Time:<10.319999999999999> Truck:[CLTruck9] Start loading at shovel NorthPitMine-LoadSite2-Shovel-2, load time is 15.555555555555555
2025-09-11 21:11:21,016 [INFO] Truck: Time:<10.319999999999999> Truck:[CLTruck10] Start loading at shovel NorthPitMine-LoadSite2-Shovel-3, load time is 15.555555555555555
2025-09-11 21:11:21,017 [INFO] Truck: Time:<10.319999999999999> Truck:[CLTruck11] Start loading at shovel NorthPitMine-LoadSite2-Shovel-4, load time is 15.555555555555555
2025-09-11 21:11:21,018 [INFO] Truck: Time:<10.319999999999999> Truck:[CLTruck12] Start loading at shovel NorthPitMine-LoadSite2-Shovel-5, load time is 15.555555555555555
2025-09-11 21:11:21,018 [INFO] Truck: Time:<10.59132283464567> Truck:[CLTruck6] Finish loading at shovel NorthPitMine-LoadSite4-Shovel-1
2025-09-11 21:11:21,022 [DEBUG] Truck: Time:<10.59132283464567> Truck:[CLTruck6] Start moving to ORDER(1): NorthPitMine-DumpSite2, move distance is 1.17, speed: 25
2025-09-11 21:11:21,023 [INFO] Truck: Time:<10.59132283464567> Truck:[XHTruck4] Start loading at shovel NorthPitMine-LoadSite4-Shovel-1, load time is 4.060039370078741
2025-09-11 21:11:21,024 [INFO] Truck: Time:<10.724055118110236> Truck:[OfficalTruck1] Finish loading at shovel NorthPitMine-LoadSite5-Shovel-1
2025-09-11 21:11:21,024 [INFO] Truck: Time:<10.724055118110236> Truck:[OfficalTruck2] Finish loading at shovel NorthPitMine-LoadSite5-Shovel-2
2025-09-11 21:11:21,026 [DEBUG] Truck: Time:<10.724055118110236> Truck:[OfficalTruck1] Start moving to ORDER(0): NorthPitMine-DumpSite1, move distance is 5.15, speed: 25
2025-09-11 21:11:21,029 [DEBUG] Truck: Time:<10.724055118110236> Truck:[OfficalTruck2] Start moving to ORDER(0): NorthPitMine-DumpSite1, move distance is 5.15, speed: 25
2025-09-11 21:11:21,029 [INFO] Truck: Time:<10.724055118110236> Truck:[OfficalTruck3] Start loading at shovel NorthPitMine-LoadSite5-Shovel-1, load time is 5.684055118110236
2025-09-11 21:11:21,031 [INFO] Truck: Time:<10.724055118110236> Truck:[OfficalTruck4] Start loading at shovel NorthPitMine-LoadSite5-Shovel-2, load time is 5.684055118110236
2025-09-11 21:11:21,038 [INFO] Truck: Time:<12.903661417322834> Truck:[CLTruck8] Finish loading at shovel NorthPitMine-LoadSite2-Shovel-1
2025-09-11 21:11:21,042 [DEBUG] Truck: Time:<12.903661417322834> Truck:[CLTruck8] Start moving to ORDER(4): NorthPitMine-DumpSite5, move distance is 3.18, speed: 25
2025-09-11 21:11:21,043 [INFO] Truck: Time:<12.903661417322834> Truck:[CLTruck13] Start loading at shovel NorthPitMine-LoadSite2-Shovel-1, load time is 2.5836614173228347
2025-09-11 21:11:21,046 [INFO] Truck: Time:<13.220055118110238> Truck:[OfficalTruck7] Finish loading at shovel NorthPitMine-LoadSite3-Shovel-1
2025-09-11 21:11:21,047 [DEBUG] Truck: Time:<13.220055118110238> Truck:[OfficalTruck7] Start moving to ORDER(4): NorthPitMine-DumpSite5, move distance is 1.86, speed: 25
2025-09-11 21:11:21,048 [INFO] Truck: Time:<13.220055118110238> Truck:[CLTruck15] Start loading at shovel NorthPitMine-LoadSite3-Shovel-1, load time is 2.5836614173228347
2025-09-11 21:11:21,048 [DEBUG] Truck: Time:<13.39932283464567> Truck:[CLTruck6] Arrived at NorthPitMine-DumpSite2 at 13.39932283464567
2025-09-11 21:11:21,051 [INFO] Truck: Time:<14.39932283464567> Truck:[CLTruck6] Finish unloading at dumper NorthPitMine-DumpSite2-点位0, dumper tons is 32.72341898322482
2025-09-11 21:11:21,053 [DEBUG] Truck: Time:<14.39932283464567> Truck:[CLTruck6] Start moving to ORDER(2):NorthPitMine-LoadSite3, move distance is 3.41, speed: 25
2025-09-11 21:11:21,053 [INFO] Truck: Time:<14.65136220472441> Truck:[XHTruck4] Finish loading at shovel NorthPitMine-LoadSite4-Shovel-1
2025-09-11 21:11:21,055 [DEBUG] Truck: Time:<14.65136220472441> Truck:[XHTruck4] Start moving to ORDER(1): NorthPitMine-DumpSite2, move distance is 1.17, speed: 25
2025-09-11 21:11:21,055 [INFO] Truck: Time:<10> Truck:[XHTruck4] breakdown for 10.137453002082548 minutes at 10
2025-09-11 21:11:21,055 [INFO] Truck: Time:<14.65136220472441> Truck:[XHTruck26] Start loading at shovel NorthPitMine-LoadSite4-Shovel-1, load time is 4.060039370078741
2025-09-11 21:11:21,059 [INFO] Truck: Time:<15.487322834645669> Truck:[CLTruck13] Finish loading at shovel NorthPitMine-LoadSite2-Shovel-1
2025-09-11 21:11:21,061 [DEBUG] Truck: Time:<15.487322834645669> Truck:[CLTruck13] Start moving to ORDER(4): NorthPitMine-DumpSite5, move distance is 3.18, speed: 25
2025-09-11 21:11:21,061 [INFO] Truck: Time:<15.487322834645669> Truck:[XHTruck3] Start loading at shovel NorthPitMine-LoadSite2-Shovel-1, load time is 4.060039370078741
2025-09-11 21:11:21,062 [INFO] Truck: Time:<15.803716535433074> Truck:[CLTruck15] Finish loading at shovel NorthPitMine-LoadSite3-Shovel-1
2025-09-11 21:11:21,064 [DEBUG] Truck: Time:<15.803716535433074> Truck:[CLTruck15] Start moving to ORDER(4): NorthPitMine-DumpSite5, move distance is 1.86, speed: 25
2025-09-11 21:11:21,064 [INFO] Truck: Time:<8> Truck:[CLTruck15] breakdown for 9.325185653380236 minutes at 8
2025-09-11 21:11:21,065 [INFO] Truck: Time:<15.803716535433074> Truck:[XHTruck5] Start loading at shovel NorthPitMine-LoadSite3-Shovel-1, load time is 4.060039370078741
2025-09-11 21:11:21,065 [INFO] Truck: Time:<16.408110236220473> Truck:[OfficalTruck3] Finish loading at shovel NorthPitMine-LoadSite5-Shovel-1
2025-09-11 21:11:21,065 [INFO] Truck: Time:<16.408110236220473> Truck:[OfficalTruck4] Finish loading at shovel NorthPitMine-LoadSite5-Shovel-2
2025-09-11 21:11:21,065 [DEBUG] Truck: Time:<16.408110236220473> Truck:[OfficalTruck3] Start moving to ORDER(0): NorthPitMine-DumpSite1, move distance is 5.15, speed: 25
2025-09-11 21:11:21,065 [INFO] Road: [RoadEvent] Road from NorthPitMine-LoadSite5 to NorthPitMine-DumpSite1 is in repair，the repair will last for 67.44 mins, and will end at 83.85, vehicle on this road will have to suffer punish_distance.
2025-09-11 21:11:21,065 [DEBUG] Truck: Time:<16.408110236220473> Truck:[OfficalTruck4] Start moving to ORDER(0): NorthPitMine-DumpSite1, move distance is 7.129874632351803, speed: 25
2025-09-11 21:11:21,065 [INFO] Truck: Time:<16.408110236220473> Truck:[OfficalTruck5] Start loading at shovel NorthPitMine-LoadSite5-Shovel-1, load time is 5.684055118110236
2025-09-11 21:11:21,065 [INFO] Truck: Time:<16.408110236220473> Truck:[OfficalTruck6] Start loading at shovel NorthPitMine-LoadSite5-Shovel-2, load time is 5.684055118110236
2025-09-11 21:11:21,081 [DEBUG] Truck: Time:<17.684055118110237> Truck:[OfficalTruck7] Arrived at NorthPitMine-DumpSite5 at 17.684055118110237
2025-09-11 21:11:21,081 [INFO] Truck: Time:<18.684055118110237> Truck:[OfficalTruck7] Finish unloading at dumper NorthPitMine-DumpSite5-点位0, dumper tons is 83.86623085251088
2025-09-11 21:11:21,081 [DEBUG] Truck: Time:<18.684055118110237> Truck:[OfficalTruck7] Start moving to ORDER(3):NorthPitMine-LoadSite4, move distance is 5.34, speed: 25
2025-09-11 21:11:21,081 [INFO] Truck: Time:<17> Truck:[OfficalTruck7] breakdown for 12.789857803455163 minutes at 17
2025-09-11 21:11:21,081 [INFO] Truck: Time:<18.71140157480315> Truck:[XHTruck26] Finish loading at shovel NorthPitMine-LoadSite4-Shovel-1
2025-09-11 21:11:21,081 [DEBUG] Truck: Time:<18.71140157480315> Truck:[XHTruck26] Start moving to ORDER(1): NorthPitMine-DumpSite2, move distance is 1.17, speed: 25
2025-09-11 21:11:21,081 [INFO] Truck: Time:<19.547362204724408> Truck:[XHTruck3] Finish loading at shovel NorthPitMine-LoadSite2-Shovel-1
2025-09-11 21:11:21,097 [INFO] Road: [RoadEvent] Road from NorthPitMine-LoadSite2 to NorthPitMine-DumpSite5 is in repair，the repair will last for 32.95 mins, and will end at 52.50, vehicle on this road will have to suffer punish_distance.
2025-09-11 21:11:21,097 [DEBUG] Truck: Time:<19.547362204724408> Truck:[XHTruck3] Start moving to ORDER(4): NorthPitMine-DumpSite5, move distance is 4.7171799711578215, speed: 25
2025-09-11 21:11:21,097 [INFO] Truck: Time:<9> Truck:[XHTruck3] breakdown for 11.760916489030784 minutes at 9
2025-09-11 21:11:21,097 [INFO] Truck: Time:<19.547362204724408> Truck:[XHTruck25] Start loading at shovel NorthPitMine-LoadSite2-Shovel-1, load time is 4.060039370078741
2025-09-11 21:11:21,097 [INFO] Truck: Time:<19.863755905511816> Truck:[XHTruck5] Finish loading at shovel NorthPitMine-LoadSite3-Shovel-1
2025-09-11 21:11:21,097 [DEBUG] Truck: Time:<19.863755905511816> Truck:[XHTruck5] Start moving to ORDER(4): NorthPitMine-DumpSite5, move distance is 1.86, speed: 25
2025-09-11 21:11:21,097 [INFO] Truck: Time:<10> Truck:[XHTruck5] breakdown for 10.856360461328617 minutes at 10
2025-09-11 21:11:21,097 [INFO] Truck: Time:<19.863755905511816> Truck:[XHTruck19] Start loading at shovel NorthPitMine-LoadSite3-Shovel-1, load time is 4.060039370078741
2025-09-11 21:11:21,097 [DEBUG] Truck: Time:<20.535661417322835> Truck:[CLTruck8] Arrived at NorthPitMine-DumpSite5 at 20.535661417322835
2025-09-11 21:11:21,097 [INFO] Truck: Time:<20.979555555555557> Truck:[CLTruck2] Finish loading at shovel NorthPitMine-LoadSite4-Shovel-2
2025-09-11 21:11:21,097 [INFO] Truck: Time:<20.979555555555557> Truck:[CLTruck3] Finish loading at shovel NorthPitMine-LoadSite4-Shovel-3
2025-09-11 21:11:21,097 [INFO] Truck: Time:<20.979555555555557> Truck:[CLTruck4] Finish loading at shovel NorthPitMine-LoadSite4-Shovel-4
2025-09-11 21:11:21,097 [INFO] Truck: Time:<20.979555555555557> Truck:[CLTruck5] Finish loading at shovel NorthPitMine-LoadSite4-Shovel-5
2025-09-11 21:11:21,113 [DEBUG] Truck: Time:<20.979555555555557> Truck:[CLTruck2] Start moving to ORDER(1): NorthPitMine-DumpSite2, move distance is 1.17, speed: 25
2025-09-11 21:11:21,113 [DEBUG] Truck: Time:<20.979555555555557> Truck:[CLTruck3] Start moving to ORDER(1): NorthPitMine-DumpSite2, move distance is 1.17, speed: 25
2025-09-11 21:11:21,113 [INFO] Truck: Time:<9> Truck:[CLTruck3] breakdown for 15.287493689957305 minutes at 9
2025-09-11 21:11:21,113 [DEBUG] Truck: Time:<20.979555555555557> Truck:[CLTruck4] Start moving to ORDER(1): NorthPitMine-DumpSite2, move distance is 1.17, speed: 25
2025-09-11 21:11:21,113 [DEBUG] Truck: Time:<20.979555555555557> Truck:[CLTruck5] Start moving to ORDER(1): NorthPitMine-DumpSite2, move distance is 1.17, speed: 25
2025-09-11 21:11:21,113 [INFO] Truck: Time:<17> Truck:[CLTruck5] breakdown for 13.862077389187313 minutes at 17
2025-09-11 21:11:21,113 [INFO] Truck: Time:<20.979555555555557> Truck:[CLTruck7] Start loading at shovel NorthPitMine-LoadSite4-Shovel-2, load time is 15.555555555555555
2025-09-11 21:11:21,113 [INFO] Truck: Time:<20.979555555555557> Truck:[CLTruck17] Start loading at shovel NorthPitMine-LoadSite4-Shovel-3, load time is 15.555555555555555
2025-09-11 21:11:21,113 [INFO] Truck: Time:<20.979555555555557> Truck:[CLTruck20] Start loading at shovel NorthPitMine-LoadSite4-Shovel-4, load time is 15.555555555555555
2025-09-11 21:11:21,113 [INFO] Truck: Time:<20.979555555555557> Truck:[CLTruck24] Start loading at shovel NorthPitMine-LoadSite4-Shovel-5, load time is 15.555555555555555
2025-09-11 21:11:21,113 [DEBUG] Truck: Time:<21.51940157480315> Truck:[XHTruck26] Arrived at NorthPitMine-DumpSite2 at 21.51940157480315
2025-09-11 21:11:21,113 [INFO] Truck: Time:<21.535661417322835> Truck:[CLTruck8] Finish unloading at dumper NorthPitMine-DumpSite5-点位0, dumper tons is 118.2482973211645
2025-09-11 21:11:21,129 [DEBUG] Truck: Time:<21.535661417322835> Truck:[CLTruck8] Start moving to ORDER(3):NorthPitMine-LoadSite4, move distance is 5.34, speed: 25
2025-09-11 21:11:21,137 [INFO] Truck: Time:<22.09216535433071> Truck:[OfficalTruck5] Finish loading at shovel NorthPitMine-LoadSite5-Shovel-1
2025-09-11 21:11:21,137 [INFO] Truck: Time:<22.09216535433071> Truck:[OfficalTruck6] Finish loading at shovel NorthPitMine-LoadSite5-Shovel-2
2025-09-11 21:11:21,137 [DEBUG] Truck: Time:<22.09216535433071> Truck:[OfficalTruck5] Start moving to ORDER(0): NorthPitMine-DumpSite1, move distance is 7.90032925176117, speed: 25
2025-09-11 21:11:21,137 [INFO] Truck: Time:<6> Truck:[OfficalTruck5] breakdown for 9.79543591586969 minutes at 6
2025-09-11 21:11:21,137 [DEBUG] Truck: Time:<22.09216535433071> Truck:[OfficalTruck6] Start moving to ORDER(0): NorthPitMine-DumpSite1, move distance is 7.393990617839204, speed: 25
2025-09-11 21:11:21,137 [INFO] Truck: Time:<6> Truck:[OfficalTruck6] breakdown for 8.240753289221406 minutes at 6
2025-09-11 21:11:21,145 [INFO] Truck: Time:<22.09216535433071> Truck:[CLTruck18] Start loading at shovel NorthPitMine-LoadSite5-Shovel-1, load time is 2.5836614173228347
2025-09-11 21:11:21,145 [INFO] Truck: Time:<22.09216535433071> Truck:[CLTruck22] Start loading at shovel NorthPitMine-LoadSite5-Shovel-2, load time is 2.5836614173228347
2025-09-11 21:11:21,145 [INFO] Truck: Time:<22.51940157480315> Truck:[XHTruck26] Finish unloading at dumper NorthPitMine-DumpSite2-点位0, dumper tons is 92.62346842360954
2025-09-11 21:11:21,145 [INFO] Road: [RoadEvent] Road from NorthPitMine-DumpSite2 to NorthPitMine-LoadSite3 is in repair，the repair will last for 45.27 mins, and will end at 67.79, vehicle on this road will have to suffer punish_distance.
2025-09-11 21:11:21,145 [DEBUG] Truck: Time:<22.51940157480315> Truck:[XHTruck26] Start moving to ORDER(2):NorthPitMine-LoadSite3, move distance is 4.726177643769286, speed: 25
2025-09-11 21:11:21,145 [INFO] Truck: Time:<22.58332283464567> Truck:[CLTruck6] Arrived at NorthPitMine-LoadSite3 at 22.58332283464567
2025-09-11 21:11:21,145 [INFO] Truck: Time:<22.755555555555553> Truck:[CLTruck27] Finish loading at shovel LoadSite1-Shovel-1
2025-09-11 21:11:21,145 [INFO] Truck: Time:<22.755555555555553> Truck:[CLTruck28] Finish loading at shovel LoadSite1-Shovel-2
2025-09-11 21:11:21,145 [INFO] Truck: Time:<22.755555555555553> Truck:[CLTruck29] Finish loading at shovel LoadSite1-Shovel-3
2025-09-11 21:11:21,161 [DEBUG] Truck: Time:<22.755555555555553> Truck:[CLTruck27] Start moving to ORDER(4): NorthPitMine-DumpSite5, move distance is 3.26, speed: 25
2025-09-11 21:11:21,161 [INFO] Road: [RoadEvent] Road from LoadSite1 to NorthPitMine-DumpSite5 is in repair，the repair will last for 55.03 mins, and will end at 77.78, vehicle on this road will have to suffer punish_distance.
2025-09-11 21:11:21,164 [DEBUG] Truck: Time:<22.755555555555553> Truck:[CLTruck28] Start moving to ORDER(4): NorthPitMine-DumpSite5, move distance is 4.939237674440557, speed: 25
2025-09-11 21:11:21,164 [INFO] Truck: Time:<20> Truck:[CLTruck28] breakdown for 5.4863168080625755 minutes at 20
2025-09-11 21:11:21,164 [DEBUG] Truck: Time:<22.755555555555553> Truck:[CLTruck29] Start moving to ORDER(4): NorthPitMine-DumpSite5, move distance is 4.502428930607716, speed: 25
2025-09-11 21:11:21,164 [INFO] Truck: Time:<22.755555555555553> Truck:[XHTruck33] Start loading at shovel LoadSite1-Shovel-1, load time is 24.444444444444443
2025-09-11 21:11:21,171 [DEBUG] Truck: Time:<23.084055118110236> Truck:[OfficalTruck1] Arrived at NorthPitMine-DumpSite1 at 23.084055118110236
2025-09-11 21:11:21,171 [DEBUG] Truck: Time:<23.084055118110236> Truck:[OfficalTruck2] Arrived at NorthPitMine-DumpSite1 at 23.084055118110236
2025-09-11 21:11:21,171 [DEBUG] Truck: Time:<23.11932283464567> Truck:[CLTruck13] Arrived at NorthPitMine-DumpSite5 at 23.11932283464567
2025-09-11 21:11:21,171 [INFO] Truck: Time:<23.60740157480315> Truck:[XHTruck25] Finish loading at shovel NorthPitMine-LoadSite2-Shovel-1
2025-09-11 21:11:21,171 [DEBUG] Truck: Time:<23.60740157480315> Truck:[XHTruck25] Start moving to ORDER(4): NorthPitMine-DumpSite5, move distance is 4.798653139806572, speed: 25
2025-09-11 21:11:21,171 [DEBUG] Truck: Time:<23.787555555555556> Truck:[CLTruck2] Arrived at NorthPitMine-DumpSite2 at 23.787555555555556
2025-09-11 21:11:21,171 [DEBUG] Truck: Time:<23.787555555555556> Truck:[CLTruck4] Arrived at NorthPitMine-DumpSite2 at 23.787555555555556
2025-09-11 21:11:21,171 [INFO] Truck: Time:<23.923795275590557> Truck:[XHTruck19] Finish loading at shovel NorthPitMine-LoadSite3-Shovel-1
2025-09-11 21:11:21,182 [DEBUG] Truck: Time:<23.923795275590557> Truck:[XHTruck19] Start moving to ORDER(4): NorthPitMine-DumpSite5, move distance is 1.86, speed: 25
2025-09-11 21:11:21,182 [INFO] Truck: Time:<23.923795275590557> Truck:[CLTruck6] Start loading at shovel NorthPitMine-LoadSite3-Shovel-1, load time is 2.5836614173228347
2025-09-11 21:11:21,182 [INFO] Truck: Time:<24.084055118110236> Truck:[OfficalTruck1] Finish unloading at dumper NorthPitMine-DumpSite1-点位0, dumper tons is 77.4460193837473
2025-09-11 21:11:21,192 [INFO] Truck: Time:<24.084055118110236> Truck:[OfficalTruck2] Finish unloading at dumper NorthPitMine-DumpSite1-点位1, dumper tons is 70.82125304894267
2025-09-11 21:11:21,192 [DEBUG] Truck: Time:<24.084055118110236> Truck:[OfficalTruck1] Start moving to ORDER(2):NorthPitMine-LoadSite3, move distance is 2.98, speed: 25
2025-09-11 21:11:21,192 [DEBUG] Truck: Time:<24.084055118110236> Truck:[OfficalTruck2] Start moving to ORDER(2):NorthPitMine-LoadSite3, move distance is 2.98, speed: 25
2025-09-11 21:11:21,192 [INFO] Truck: Time:<24.11932283464567> Truck:[CLTruck13] Finish unloading at dumper NorthPitMine-DumpSite5-点位0, dumper tons is 156.1753821573562
2025-09-11 21:11:21,192 [DEBUG] Truck: Time:<24.11932283464567> Truck:[CLTruck13] Start moving to ORDER(3):NorthPitMine-LoadSite4, move distance is 5.34, speed: 25
2025-09-11 21:11:21,192 [DEBUG] Truck: Time:<24.577133002152493> Truck:[CLTruck1] Arrived at NorthPitMine-DumpSite2 at 24.577133002152493
2025-09-11 21:11:21,192 [INFO] Truck: Time:<24.675826771653544> Truck:[CLTruck18] Finish loading at shovel NorthPitMine-LoadSite5-Shovel-1
2025-09-11 21:11:21,192 [INFO] Truck: Time:<24.675826771653544> Truck:[CLTruck22] Finish loading at shovel NorthPitMine-LoadSite5-Shovel-2
2025-09-11 21:11:21,203 [DEBUG] Truck: Time:<24.675826771653544> Truck:[CLTruck18] Start moving to ORDER(0): NorthPitMine-DumpSite1, move distance is 6.136119851969519, speed: 25
2025-09-11 21:11:21,204 [INFO] Truck: Time:<14> Truck:[CLTruck18] breakdown for 14.703784523070583 minutes at 14
2025-09-11 21:11:21,207 [DEBUG] Truck: Time:<24.675826771653544> Truck:[CLTruck22] Start moving to ORDER(0): NorthPitMine-DumpSite1, move distance is 7.912688121371803, speed: 25
2025-09-11 21:11:21,207 [INFO] Truck: Time:<8> Truck:[CLTruck22] breakdown for 16.159916943065415 minutes at 8
2025-09-11 21:11:21,209 [INFO] Truck: Time:<24.675826771653544> Truck:[CLTruck25] Start loading at shovel NorthPitMine-LoadSite5-Shovel-1, load time is 2.5836614173228347
2025-09-11 21:11:21,211 [INFO] Truck: Time:<24.675826771653544> Truck:[XHTruck1] Start loading at shovel NorthPitMine-LoadSite5-Shovel-2, load time is 4.060039370078741
2025-09-11 21:11:21,211 [INFO] Truck: Time:<24.787555555555556> Truck:[CLTruck2] Finish unloading at dumper NorthPitMine-DumpSite2-点位0, dumper tons is 128.99145338641532
2025-09-11 21:11:21,211 [INFO] Truck: Time:<24.787555555555556> Truck:[CLTruck4] Finish unloading at dumper NorthPitMine-DumpSite2-点位1, dumper tons is 36.385448214609625
2025-09-11 21:11:21,211 [DEBUG] Truck: Time:<24.787555555555556> Truck:[CLTruck2] Start moving to ORDER(2):NorthPitMine-LoadSite3, move distance is 4.150035801027184, speed: 25
2025-09-11 21:11:21,211 [DEBUG] Truck: Time:<24.787555555555556> Truck:[CLTruck4] Start moving to ORDER(2):NorthPitMine-LoadSite3, move distance is 4.172741839166653, speed: 25
2025-09-11 21:11:21,225 [INFO] Truck: Time:<25.577133002152493> Truck:[CLTruck1] Finish unloading at dumper NorthPitMine-DumpSite2-点位2, dumper tons is 34.99345942450936
2025-09-11 21:11:21,228 [DEBUG] Truck: Time:<25.577133002152493> Truck:[CLTruck1] Start moving to ORDER(2):NorthPitMine-LoadSite3, move distance is 4.394957903418368, speed: 25
2025-09-11 21:11:21,228 [INFO] Truck: Time:<25.875555555555554> Truck:[CLTruck9] Finish loading at shovel NorthPitMine-LoadSite2-Shovel-2
2025-09-11 21:11:21,228 [INFO] Truck: Time:<25.875555555555554> Truck:[CLTruck10] Finish loading at shovel NorthPitMine-LoadSite2-Shovel-3
2025-09-11 21:11:21,228 [INFO] Truck: Time:<25.875555555555554> Truck:[CLTruck11] Finish loading at shovel NorthPitMine-LoadSite2-Shovel-4
2025-09-11 21:11:21,231 [INFO] Truck: Time:<25.875555555555554> Truck:[CLTruck12] Finish loading at shovel NorthPitMine-LoadSite2-Shovel-5
2025-09-11 21:11:21,235 [DEBUG] Truck: Time:<25.875555555555554> Truck:[CLTruck9] Start moving to ORDER(4): NorthPitMine-DumpSite5, move distance is 4.180374835168258, speed: 25
2025-09-11 21:11:21,237 [DEBUG] Truck: Time:<25.875555555555554> Truck:[CLTruck10] Start moving to ORDER(4): NorthPitMine-DumpSite5, move distance is 4.323129535436931, speed: 25
2025-09-11 21:11:21,238 [INFO] Truck: Time:<5> Truck:[CLTruck10] breakdown for 9.832382846948546 minutes at 5
2025-09-11 21:11:21,241 [DEBUG] Truck: Time:<25.875555555555554> Truck:[CLTruck11] Start moving to ORDER(4): NorthPitMine-DumpSite5, move distance is 4.215335814862721, speed: 25
2025-09-11 21:11:21,242 [INFO] Truck: Time:<9> Truck:[CLTruck11] breakdown for 12.599676031124226 minutes at 9
2025-09-11 21:11:21,245 [DEBUG] Truck: Time:<25.875555555555554> Truck:[CLTruck12] Start moving to ORDER(4): NorthPitMine-DumpSite5, move distance is 4.263828395689032, speed: 25
2025-09-11 21:11:21,245 [INFO] Truck: Time:<25.875555555555554> Truck:[CLTruck14] Start loading at shovel NorthPitMine-LoadSite2-Shovel-2, load time is 15.555555555555555
2025-09-11 21:11:21,246 [INFO] Truck: Time:<25.875555555555554> Truck:[CLTruck16] Start loading at shovel NorthPitMine-LoadSite2-Shovel-3, load time is 15.555555555555555
2025-09-11 21:11:21,247 [INFO] Truck: Time:<25.875555555555554> Truck:[CLTruck19] Start loading at shovel NorthPitMine-LoadSite2-Shovel-4, load time is 15.555555555555555
2025-09-11 21:11:21,248 [INFO] Truck: Time:<25.875555555555554> Truck:[CLTruck23] Start loading at shovel NorthPitMine-LoadSite2-Shovel-5, load time is 15.555555555555555
2025-09-11 21:11:21,256 [INFO] Truck: Time:<26.50745669291339> Truck:[CLTruck6] Finish loading at shovel NorthPitMine-LoadSite3-Shovel-1
2025-09-11 21:11:21,259 [DEBUG] Truck: Time:<26.50745669291339> Truck:[CLTruck6] Start moving to ORDER(4): NorthPitMine-DumpSite5, move distance is 1.86, speed: 25
2025-09-11 21:11:21,259 [INFO] Truck: Time:<24> Truck:[CLTruck6] breakdown for 9.33503404770301 minutes at 24
2025-09-11 21:11:21,265 [INFO] Truck: Time:<27.259488188976377> Truck:[CLTruck25] Finish loading at shovel NorthPitMine-LoadSite5-Shovel-1
2025-09-11 21:11:21,265 [DEBUG] Truck: Time:<27.259488188976377> Truck:[CLTruck25] Start moving to ORDER(0): NorthPitMine-DumpSite1, move distance is 7.932860376915687, speed: 25
2025-09-11 21:11:21,265 [INFO] Truck: Time:<27.259488188976377> Truck:[CLTruck25] is facing 0 mins delay caused by 1 pre-existing jam events on Road from NorthPitMine-LoadSite5 to NorthPitMine-DumpSite1
2025-09-11 21:11:21,265 [INFO] Truck: Time:<27.259488188976377> Truck:[XHTruck2] Start loading at shovel NorthPitMine-LoadSite5-Shovel-1, load time is 4.060039370078741
2025-09-11 21:11:21,265 [DEBUG] Truck: Time:<27.59681520680696> Truck:[XHTruck4] Arrived at NorthPitMine-DumpSite2 at 27.59681520680696
2025-09-11 21:11:21,275 [INFO] Truck: Time:<28.24187236361813> Truck:[CLTruck28] is facing 5.615700115820707 mins delay caused by 2 pre-existing jam events on Road from LoadSite1 to NorthPitMine-DumpSite5
2025-09-11 21:11:21,275 [DEBUG] Truck: Time:<28.387795275590555> Truck:[XHTruck19] Arrived at NorthPitMine-DumpSite5 at 28.387795275590555
2025-09-11 21:11:21,275 [INFO] Truck: Time:<28.59681520680696> Truck:[XHTruck4] Finish unloading at dumper NorthPitMine-DumpSite2-点位0, dumper tons is 178.5087810473294
2025-09-11 21:11:21,283 [DEBUG] Truck: Time:<28.59681520680696> Truck:[XHTruck4] Start moving to ORDER(2):NorthPitMine-LoadSite3, move distance is 4.749358249090218, speed: 25
2025-09-11 21:11:21,283 [INFO] Truck: Time:<28.59681520680696> Truck:[XHTruck4] is facing 0.2618138404886313 mins delay caused by 1 pre-existing jam events on Road from NorthPitMine-DumpSite2 to NorthPitMine-LoadSite3
2025-09-11 21:11:21,283 [INFO] Truck: Time:<28.735866141732284> Truck:[XHTruck1] Finish loading at shovel NorthPitMine-LoadSite5-Shovel-2
2025-09-11 21:11:21,283 [DEBUG] Truck: Time:<28.735866141732284> Truck:[XHTruck1] Start moving to ORDER(0): NorthPitMine-DumpSite1, move distance is 7.320011893139015, speed: 25
2025-09-11 21:11:21,283 [INFO] Truck: Time:<28.735866141732284> Truck:[XHTruck1] is facing 0 mins delay caused by 1 pre-existing jam events on Road from NorthPitMine-LoadSite5 to NorthPitMine-DumpSite1
2025-09-11 21:11:21,283 [INFO] Truck: Time:<28.735866141732284> Truck:[XHTruck6] Start loading at shovel NorthPitMine-LoadSite5-Shovel-2, load time is 4.060039370078741
2025-09-11 21:11:21,283 [DEBUG] Truck: Time:<28.768110236220473> Truck:[OfficalTruck3] Arrived at NorthPitMine-DumpSite1 at 28.768110236220473
2025-09-11 21:11:21,293 [INFO] Truck: Time:<29.387795275590555> Truck:[XHTruck19] Finish unloading at dumper NorthPitMine-DumpSite5-点位0, dumper tons is 209.7748212985707
2025-09-11 21:11:21,296 [DEBUG] Truck: Time:<29.387795275590555> Truck:[XHTruck19] Start moving to ORDER(3):NorthPitMine-LoadSite4, move distance is 5.34, speed: 25
2025-09-11 21:11:21,296 [INFO] Truck: Time:<26> Truck:[XHTruck19] breakdown for 14.169594020049312 minutes at 26
2025-09-11 21:11:21,296 [DEBUG] Truck: Time:<29.592902188813312> Truck:[CLTruck15] Arrived at NorthPitMine-DumpSite5 at 29.592902188813312
2025-09-11 21:11:21,297 [INFO] Truck: Time:<29.768110236220473> Truck:[OfficalTruck3] Finish unloading at dumper NorthPitMine-DumpSite1-点位0, dumper tons is 148.8303862889578
2025-09-11 21:11:21,299 [DEBUG] Truck: Time:<29.768110236220473> Truck:[OfficalTruck3] Start moving to ORDER(2):NorthPitMine-LoadSite3, move distance is 2.98, speed: 25
2025-09-11 21:11:21,299 [INFO] Truck: Time:<23> Truck:[OfficalTruck3] breakdown for 9.989403192298429 minutes at 23
2025-09-11 21:11:21,307 [INFO] Truck: Time:<30.332918643552116> Truck:[OfficalTruck6] is facing 7.204169056859767 mins delay caused by 1 pre-existing jam events on Road from NorthPitMine-LoadSite5 to NorthPitMine-DumpSite1
2025-09-11 21:11:21,307 [DEBUG] Truck: Time:<30.57955555555555> Truck:[CLTruck27] Arrived at NorthPitMine-DumpSite5 at 30.57955555555555
2025-09-11 21:11:21,308 [INFO] Truck: Time:<30.592902188813312> Truck:[CLTruck15] Finish unloading at dumper NorthPitMine-DumpSite5-点位0, dumper tons is 247.83573551357676
2025-09-11 21:11:21,309 [DEBUG] Truck: Time:<30.592902188813312> Truck:[CLTruck15] Start moving to ORDER(3):NorthPitMine-LoadSite4, move distance is 5.34, speed: 25
2025-09-11 21:11:21,313 [INFO] Truck: Time:<31.236055118110237> Truck:[OfficalTruck1] Arrived at NorthPitMine-LoadSite3 at 31.236055118110237
2025-09-11 21:11:21,313 [INFO] Truck: Time:<31.236055118110237> Truck:[OfficalTruck2] Arrived at NorthPitMine-LoadSite3 at 31.236055118110237
2025-09-11 21:11:21,314 [INFO] Truck: Time:<31.236055118110237> Truck:[OfficalTruck1] Start loading at shovel NorthPitMine-LoadSite3-Shovel-1, load time is 5.684055118110236
2025-09-11 21:11:21,315 [INFO] Truck: Time:<31.319527559055118> Truck:[XHTruck2] Finish loading at shovel NorthPitMine-LoadSite5-Shovel-1
2025-09-11 21:11:21,317 [DEBUG] Truck: Time:<31.319527559055118> Truck:[XHTruck2] Start moving to ORDER(0): NorthPitMine-DumpSite1, move distance is 7.316566505887825, speed: 25
2025-09-11 21:11:21,317 [INFO] Truck: Time:<27> Truck:[XHTruck2] breakdown for 8.689059915439884 minutes at 27
2025-09-11 21:11:21,317 [INFO] Truck: Time:<31.319527559055118> Truck:[XHTruck10] Start loading at shovel NorthPitMine-LoadSite5-Shovel-1, load time is 4.060039370078741
2025-09-11 21:11:21,317 [INFO] Truck: Time:<31.57955555555555> Truck:[CLTruck27] Finish unloading at dumper NorthPitMine-DumpSite5-点位1, dumper tons is 32.87381181331835
2025-09-11 21:11:21,317 [INFO] Road: [RoadEvent] Road from NorthPitMine-DumpSite5 to NorthPitMine-LoadSite4 is in repair，the repair will last for 46.71 mins, and will end at 78.29, vehicle on this road will have to suffer punish_distance.
2025-09-11 21:11:21,317 [DEBUG] Truck: Time:<31.57955555555555> Truck:[CLTruck27] Start moving to ORDER(3):NorthPitMine-LoadSite4, move distance is 7.1426780761074165, speed: 25
2025-09-11 21:11:21,317 [INFO] Truck: Time:<31.644444444444442> Truck:[XHTruck14] Finish loading at shovel LoadSite1-Shovel-4
2025-09-11 21:11:21,317 [INFO] Truck: Time:<31.644444444444442> Truck:[XHTruck23] Finish loading at shovel LoadSite1-Shovel-5
2025-09-11 21:11:21,317 [DEBUG] Truck: Time:<31.644444444444442> Truck:[XHTruck14] Start moving to ORDER(4): NorthPitMine-DumpSite5, move distance is 4.812896040746469, speed: 25
2025-09-11 21:11:21,317 [INFO] Truck: Time:<8> Truck:[XHTruck14] breakdown for 15.031232408266664 minutes at 8
2025-09-11 21:11:21,317 [DEBUG] Truck: Time:<31.644444444444442> Truck:[XHTruck23] Start moving to ORDER(4): NorthPitMine-DumpSite5, move distance is 4.871040786650885, speed: 25
2025-09-11 21:11:21,317 [INFO] Truck: Time:<31.644444444444442> Truck:[XHTruck23] is facing 2.2355736172819247 mins delay caused by 1 pre-existing jam events on Road from LoadSite1 to NorthPitMine-DumpSite5
2025-09-11 21:11:21,328 [INFO] Truck: Time:<31.8876012702004> Truck:[OfficalTruck5] is facing 5.22981837326715 mins delay caused by 1 pre-existing jam events on Road from NorthPitMine-LoadSite5 to NorthPitMine-DumpSite1
2025-09-11 21:11:21,328 [INFO] Truck: Time:<32.79590551181103> Truck:[XHTruck6] Finish loading at shovel NorthPitMine-LoadSite5-Shovel-2
2025-09-11 21:11:21,337 [DEBUG] Truck: Time:<32.79590551181103> Truck:[XHTruck6] Start moving to ORDER(0): NorthPitMine-DumpSite1, move distance is 7.232114581150339, speed: 25
2025-09-11 21:11:21,337 [INFO] Truck: Time:<32.79590551181103> Truck:[XHTruck6] is facing 4.875349714505139 mins delay caused by 1 pre-existing jam events on Road from NorthPitMine-LoadSite5 to NorthPitMine-DumpSite1
2025-09-11 21:11:21,337 [INFO] Truck: Time:<32.79590551181103> Truck:[XHTruck13] Start loading at shovel NorthPitMine-LoadSite5-Shovel-2, load time is 4.060039370078741
2025-09-11 21:11:21,337 [DEBUG] Truck: Time:<33.5198093538648> Truck:[OfficalTruck4] Arrived at NorthPitMine-DumpSite1 at 33.5198093538648
2025-09-11 21:11:21,337 [DEBUG] Truck: Time:<33.56138498901407> Truck:[CLTruck29] Arrived at NorthPitMine-DumpSite5 at 33.56138498901407
2025-09-11 21:11:21,337 [INFO] Truck: Time:<33.86222791984944> Truck:[XHTruck26] Arrived at NorthPitMine-LoadSite3 at 33.86222791984944
2025-09-11 21:11:21,349 [INFO] Truck: Time:<34.35166141732283> Truck:[CLTruck8] Arrived at NorthPitMine-LoadSite4 at 34.35166141732283
2025-09-11 21:11:21,349 [INFO] Truck: Time:<34.35166141732283> Truck:[CLTruck8] Start loading at shovel NorthPitMine-LoadSite4-Shovel-1, load time is 2.5836614173228347
2025-09-11 21:11:21,349 [INFO] Truck: Time:<34.5198093538648> Truck:[OfficalTruck4] Finish unloading at dumper NorthPitMine-DumpSite1-点位0, dumper tons is 224.38444524132143
2025-09-11 21:11:21,349 [DEBUG] Truck: Time:<34.5198093538648> Truck:[OfficalTruck4] Start moving to ORDER(2):NorthPitMine-LoadSite3, move distance is 2.98, speed: 25
2025-09-11 21:11:21,349 [INFO] Truck: Time:<32> Truck:[OfficalTruck4] breakdown for 8.392902631309898 minutes at 32
2025-09-11 21:11:21,358 [INFO] Truck: Time:<34.56138498901407> Truck:[CLTruck29] Finish unloading at dumper NorthPitMine-DumpSite5-点位0, dumper tons is 280.45944971446494
2025-09-11 21:11:21,358 [DEBUG] Truck: Time:<34.56138498901407> Truck:[CLTruck29] Start moving to ORDER(3):NorthPitMine-LoadSite4, move distance is 7.41588323510613, speed: 25
2025-09-11 21:11:21,358 [INFO] Truck: Time:<26> Truck:[CLTruck29] breakdown for 12.73291326783323 minutes at 26
2025-09-11 21:11:21,358 [INFO] Truck: Time:<34.747641478020796> Truck:[CLTruck2] Arrived at NorthPitMine-LoadSite3 at 34.747641478020796
2025-09-11 21:11:21,358 [INFO] Truck: Time:<34.80213596955552> Truck:[CLTruck4] Arrived at NorthPitMine-LoadSite3 at 34.80213596955552
2025-09-11 21:11:21,368 [DEBUG] Truck: Time:<35.124169110338926> Truck:[XHTruck25] Arrived at NorthPitMine-DumpSite5 at 35.124169110338926
2025-09-11 21:11:21,368 [DEBUG] Truck: Time:<35.184116366840435> Truck:[XHTruck5] Arrived at NorthPitMine-DumpSite5 at 35.184116366840435
2025-09-11 21:11:21,368 [INFO] Truck: Time:<35.37956692913386> Truck:[XHTruck10] Finish loading at shovel NorthPitMine-LoadSite5-Shovel-1
2025-09-11 21:11:21,368 [DEBUG] Truck: Time:<35.37956692913386> Truck:[XHTruck10] Start moving to ORDER(0): NorthPitMine-DumpSite1, move distance is 7.509099701938213, speed: 25
2025-09-11 21:11:21,368 [INFO] Truck: Time:<27> Truck:[XHTruck10] breakdown for 6.396950677134869 minutes at 27
2025-09-11 21:11:21,368 [INFO] Truck: Time:<35.37956692913386> Truck:[XHTruck18] Start loading at shovel NorthPitMine-LoadSite5-Shovel-1, load time is 4.060039370078741
2025-09-11 21:11:21,368 [DEBUG] Truck: Time:<35.908455159959374> Truck:[CLTruck9] Arrived at NorthPitMine-DumpSite5 at 35.908455159959374
2025-09-11 21:11:21,378 [DEBUG] Truck: Time:<36.10874370520923> Truck:[CLTruck12] Arrived at NorthPitMine-DumpSite5 at 36.10874370520923
2025-09-11 21:11:21,378 [INFO] Truck: Time:<36.124169110338926> Truck:[XHTruck25] Finish unloading at dumper NorthPitMine-DumpSite5-点位0, dumper tons is 336.8880477325853
2025-09-11 21:11:21,378 [DEBUG] Truck: Time:<36.124169110338926> Truck:[XHTruck25] Start moving to ORDER(3):NorthPitMine-LoadSite4, move distance is 7.650821471450738, speed: 25
2025-09-11 21:11:21,378 [INFO] Truck: Time:<33> Truck:[XHTruck25] breakdown for 8.451382055534381 minutes at 33
2025-09-11 21:11:21,378 [INFO] Truck: Time:<36.125031970356574> Truck:[CLTruck1] Arrived at NorthPitMine-LoadSite3 at 36.125031970356574
2025-09-11 21:11:21,378 [INFO] Truck: Time:<36.184116366840435> Truck:[XHTruck5] Finish unloading at dumper NorthPitMine-DumpSite5-点位1, dumper tons is 91.26971475364496
2025-09-11 21:11:21,389 [DEBUG] Truck: Time:<36.184116366840435> Truck:[XHTruck5] Start moving to ORDER(3):NorthPitMine-LoadSite4, move distance is 6.842499969671259, speed: 25
2025-09-11 21:11:21,389 [INFO] Truck: Time:<36> Truck:[XHTruck5] breakdown for 8.077428885811717 minutes at 36
2025-09-11 21:11:21,389 [INFO] Truck: Time:<36.535111111111114> Truck:[CLTruck7] Finish loading at shovel NorthPitMine-LoadSite4-Shovel-2
2025-09-11 21:11:21,389 [INFO] Truck: Time:<36.535111111111114> Truck:[CLTruck17] Finish loading at shovel NorthPitMine-LoadSite4-Shovel-3
2025-09-11 21:11:21,389 [INFO] Truck: Time:<36.535111111111114> Truck:[CLTruck20] Finish loading at shovel NorthPitMine-LoadSite4-Shovel-4
2025-09-11 21:11:21,389 [INFO] Truck: Time:<36.535111111111114> Truck:[CLTruck24] Finish loading at shovel NorthPitMine-LoadSite4-Shovel-5
2025-09-11 21:11:21,389 [DEBUG] Truck: Time:<36.535111111111114> Truck:[CLTruck7] Start moving to ORDER(1): NorthPitMine-DumpSite2, move distance is 1.17, speed: 25
2025-09-11 21:11:21,389 [INFO] Truck: Time:<18> Truck:[CLTruck7] breakdown for 13.068889174129282 minutes at 18
2025-09-11 21:11:21,401 [DEBUG] Truck: Time:<36.535111111111114> Truck:[CLTruck17] Start moving to ORDER(1): NorthPitMine-DumpSite2, move distance is 1.17, speed: 25
2025-09-11 21:11:21,402 [DEBUG] Truck: Time:<36.535111111111114> Truck:[CLTruck20] Start moving to ORDER(1): NorthPitMine-DumpSite2, move distance is 1.17, speed: 25
2025-09-11 21:11:21,403 [INFO] Truck: Time:<30> Truck:[CLTruck20] breakdown for 8.93764004318429 minutes at 30
2025-09-11 21:11:21,404 [DEBUG] Truck: Time:<36.535111111111114> Truck:[CLTruck24] Start moving to ORDER(1): NorthPitMine-DumpSite2, move distance is 1.17, speed: 25
2025-09-11 21:11:21,404 [INFO] Truck: Time:<15> Truck:[CLTruck24] breakdown for 11.243223082601823 minutes at 15
2025-09-11 21:11:21,406 [INFO] Truck: Time:<36.535111111111114> Truck:[XHTruck8] Start loading at shovel NorthPitMine-LoadSite4-Shovel-2, load time is 24.444444444444443
2025-09-11 21:11:21,407 [INFO] Truck: Time:<36.535111111111114> Truck:[XHTruck12] Start loading at shovel NorthPitMine-LoadSite4-Shovel-3, load time is 24.444444444444443
2025-09-11 21:11:21,408 [INFO] Truck: Time:<36.535111111111114> Truck:[XHTruck17] Start loading at shovel NorthPitMine-LoadSite4-Shovel-4, load time is 24.444444444444443
2025-09-11 21:11:21,408 [INFO] Truck: Time:<36.535111111111114> Truck:[XHTruck22] Start loading at shovel NorthPitMine-LoadSite4-Shovel-5, load time is 24.444444444444443
2025-09-11 21:11:21,408 [INFO] Truck: Time:<36.85594488188977> Truck:[XHTruck13] Finish loading at shovel NorthPitMine-LoadSite5-Shovel-2
2025-09-11 21:11:21,409 [DEBUG] Truck: Time:<36.85594488188977> Truck:[XHTruck13] Start moving to ORDER(0): NorthPitMine-DumpSite1, move distance is 7.772949913130815, speed: 25
2025-09-11 21:11:21,410 [INFO] Truck: Time:<33> Truck:[XHTruck13] breakdown for 9.123610838063 minutes at 33
2025-09-11 21:11:21,410 [INFO] Truck: Time:<36.85594488188977> Truck:[XHTruck20] Start loading at shovel NorthPitMine-LoadSite5-Shovel-2, load time is 4.060039370078741
2025-09-11 21:11:21,411 [INFO] Truck: Time:<36.908455159959374> Truck:[CLTruck9] Finish unloading at dumper NorthPitMine-DumpSite5-点位2, dumper tons is 32.78793699778282
2025-09-11 21:11:21,413 [DEBUG] Truck: Time:<36.908455159959374> Truck:[CLTruck9] Start moving to ORDER(3):NorthPitMine-LoadSite4, move distance is 7.56309929168322, speed: 25
2025-09-11 21:11:21,414 [INFO] Truck: Time:<36.908455159959374> Truck:[CLTruck9] is facing 0 mins delay caused by 1 pre-existing jam events on Road from NorthPitMine-DumpSite5 to NorthPitMine-LoadSite4
2025-09-11 21:11:21,415 [INFO] Truck: Time:<36.920110236220474> Truck:[OfficalTruck1] Finish loading at shovel NorthPitMine-LoadSite3-Shovel-1
2025-09-11 21:11:21,417 [DEBUG] Truck: Time:<36.920110236220474> Truck:[OfficalTruck1] Start moving to ORDER(4): NorthPitMine-DumpSite5, move distance is 1.86, speed: 25
2025-09-11 21:11:21,418 [INFO] Truck: Time:<25> Truck:[OfficalTruck1] breakdown for 10.48312793380169 minutes at 25
2025-09-11 21:11:21,419 [INFO] Truck: Time:<36.920110236220474> Truck:[OfficalTruck2] Start loading at shovel NorthPitMine-LoadSite3-Shovel-1, load time is 5.684055118110236
2025-09-11 21:11:21,420 [INFO] Truck: Time:<36.93532283464567> Truck:[CLTruck8] Finish loading at shovel NorthPitMine-LoadSite4-Shovel-1
2025-09-11 21:11:21,420 [INFO] Truck: Time:<36.93532283464567> Truck:[CLTruck13] Arrived at NorthPitMine-LoadSite4 at 36.93532283464567
2025-09-11 21:11:21,423 [DEBUG] Truck: Time:<36.93532283464567> Truck:[CLTruck8] Start moving to ORDER(1): NorthPitMine-DumpSite2, move distance is 1.17, speed: 25
2025-09-11 21:11:21,423 [INFO] Truck: Time:<22> Truck:[CLTruck8] breakdown for 14.091415463151666 minutes at 22
2025-09-11 21:11:21,423 [INFO] Truck: Time:<36.93532283464567> Truck:[CLTruck13] Start loading at shovel NorthPitMine-LoadSite4-Shovel-1, load time is 2.5836614173228347
2025-09-11 21:11:21,429 [INFO] Truck: Time:<37.10874370520923> Truck:[CLTruck12] Finish unloading at dumper NorthPitMine-DumpSite5-点位3, dumper tons is 34.98442297244081
2025-09-11 21:11:21,432 [DEBUG] Truck: Time:<37.10874370520923> Truck:[CLTruck12] Start moving to ORDER(3):NorthPitMine-LoadSite4, move distance is 7.9216565896507065, speed: 25
2025-09-11 21:11:21,432 [INFO] Truck: Time:<30> Truck:[CLTruck12] breakdown for 13.697859369336012 minutes at 30
2025-09-11 21:11:21,433 [DEBUG] Truck: Time:<37.64963294474287> Truck:[CLTruck5] Arrived at NorthPitMine-DumpSite2 at 37.64963294474287
2025-09-11 21:11:21,439 [INFO] Truck: Time:<38.47523158667978> Truck:[CLTruck11] is facing 0 mins delay caused by 1 pre-existing jam events on Road from NorthPitMine-LoadSite2 to NorthPitMine-DumpSite5
2025-09-11 21:11:21,439 [INFO] Truck: Time:<38.64963294474287> Truck:[CLTruck5] Finish unloading at dumper NorthPitMine-DumpSite2-点位0, dumper tons is 213.750969294404
2025-09-11 21:11:21,439 [DEBUG] Truck: Time:<38.64963294474287> Truck:[CLTruck5] Start moving to ORDER(4):NorthPitMine-LoadSite5, move distance is 5.59, speed: 25
2025-09-11 21:11:21,447 [DEBUG] Truck: Time:<39.075049245512865> Truck:[CLTruck3] Arrived at NorthPitMine-DumpSite2 at 39.075049245512865
2025-09-11 21:11:21,447 [DEBUG] Truck: Time:<39.343111111111114> Truck:[CLTruck17] Arrived at NorthPitMine-DumpSite2 at 39.343111111111114
2025-09-11 21:11:21,447 [INFO] Truck: Time:<39.37961129472413> Truck:[CLTruck18] is facing 0 mins delay caused by 2 pre-existing jam events on Road from NorthPitMine-LoadSite5 to NorthPitMine-DumpSite1
2025-09-11 21:11:21,449 [INFO] Truck: Time:<39.4396062992126> Truck:[XHTruck18] Finish loading at shovel NorthPitMine-LoadSite5-Shovel-1
2025-09-11 21:11:21,449 [DEBUG] Truck: Time:<39.4396062992126> Truck:[XHTruck18] Start moving to ORDER(0): NorthPitMine-DumpSite1, move distance is 8.142880286691003, speed: 25
2025-09-11 21:11:21,449 [INFO] Truck: Time:<20> Truck:[XHTruck18] breakdown for 8.462455848515212 minutes at 20
2025-09-11 21:11:21,449 [INFO] Truck: Time:<39.4396062992126> Truck:[XHTruck24] Start loading at shovel NorthPitMine-LoadSite5-Shovel-1, load time is 4.060039370078741
2025-09-11 21:11:21,449 [INFO] Truck: Time:<39.518984251968504> Truck:[CLTruck13] Finish loading at shovel NorthPitMine-LoadSite4-Shovel-1
2025-09-11 21:11:21,449 [DEBUG] Truck: Time:<39.518984251968504> Truck:[CLTruck13] Start moving to ORDER(1): NorthPitMine-DumpSite2, move distance is 1.17, speed: 25
2025-09-11 21:11:21,459 [INFO] Truck: Time:<40.008587474495> Truck:[XHTruck2] is facing 0 mins delay caused by 2 pre-existing jam events on Road from NorthPitMine-LoadSite5 to NorthPitMine-DumpSite1
2025-09-11 21:11:21,459 [INFO] Truck: Time:<40.075049245512865> Truck:[CLTruck3] Finish unloading at dumper NorthPitMine-DumpSite2-点位0, dumper tons is 247.97453581223587
2025-09-11 21:11:21,459 [DEBUG] Truck: Time:<40.075049245512865> Truck:[CLTruck3] Start moving to ORDER(4):NorthPitMine-LoadSite5, move distance is 5.59, speed: 25
2025-09-11 21:11:21,459 [INFO] Truck: Time:<39> Truck:[CLTruck3] breakdown for 14.256394483087176 minutes at 39
2025-09-11 21:11:21,459 [INFO] Truck: Time:<40.257088845112115> Truck:[XHTruck4] Arrived at NorthPitMine-LoadSite3 at 40.257088845112115
2025-09-11 21:11:21,459 [DEBUG] Truck: Time:<40.3064907406164> Truck:[CLTruck6] Arrived at NorthPitMine-DumpSite5 at 40.3064907406164
2025-09-11 21:11:21,459 [INFO] Truck: Time:<40.343111111111114> Truck:[CLTruck17] Finish unloading at dumper NorthPitMine-DumpSite2-点位1, dumper tons is 69.76997257963839
2025-09-11 21:11:21,459 [DEBUG] Truck: Time:<40.343111111111114> Truck:[CLTruck17] Start moving to ORDER(4):NorthPitMine-LoadSite5, move distance is 5.59, speed: 25
2025-09-11 21:11:21,459 [INFO] Truck: Time:<40.83574371471896> Truck:[CLTruck22] is facing 0 mins delay caused by 2 pre-existing jam events on Road from NorthPitMine-LoadSite5 to NorthPitMine-DumpSite1
2025-09-11 21:11:21,459 [INFO] Truck: Time:<40.91598425196851> Truck:[XHTruck20] Finish loading at shovel NorthPitMine-LoadSite5-Shovel-2
2025-09-11 21:11:21,459 [DEBUG] Truck: Time:<40.91598425196851> Truck:[XHTruck20] Start moving to ORDER(0): NorthPitMine-DumpSite1, move distance is 7.321543756841662, speed: 25
2025-09-11 21:11:21,459 [INFO] Truck: Time:<40.91598425196851> Truck:[XHTruck20] is facing 0 mins delay caused by 2 pre-existing jam events on Road from NorthPitMine-LoadSite5 to NorthPitMine-DumpSite1
2025-09-11 21:11:21,469 [INFO] Truck: Time:<40.91598425196851> Truck:[XHTruck28] Start loading at shovel NorthPitMine-LoadSite5-Shovel-2, load time is 4.060039370078741
2025-09-11 21:11:21,479 [INFO] Truck: Time:<41.3064907406164> Truck:[CLTruck6] Finish unloading at dumper NorthPitMine-DumpSite5-点位0, dumper tons is 375.2791170774852
2025-09-11 21:11:21,479 [DEBUG] Truck: Time:<41.3064907406164> Truck:[CLTruck6] Start moving to ORDER(3):NorthPitMine-LoadSite4, move distance is 7.757648158251864, speed: 25
2025-09-11 21:11:21,479 [INFO] Truck: Time:<41.43111111111111> Truck:[CLTruck14] Finish loading at shovel NorthPitMine-LoadSite2-Shovel-2
2025-09-11 21:11:21,479 [INFO] Truck: Time:<41.43111111111111> Truck:[CLTruck16] Finish loading at shovel NorthPitMine-LoadSite2-Shovel-3
2025-09-11 21:11:21,479 [INFO] Truck: Time:<41.43111111111111> Truck:[CLTruck19] Finish loading at shovel NorthPitMine-LoadSite2-Shovel-4
2025-09-11 21:11:21,479 [INFO] Truck: Time:<41.43111111111111> Truck:[CLTruck23] Finish loading at shovel NorthPitMine-LoadSite2-Shovel-5
2025-09-11 21:11:21,489 [DEBUG] Truck: Time:<41.43111111111111> Truck:[CLTruck14] Start moving to ORDER(4): NorthPitMine-DumpSite5, move distance is 4.628775049122125, speed: 25
2025-09-11 21:11:21,489 [INFO] Truck: Time:<29> Truck:[CLTruck14] breakdown for 6.116075037951109 minutes at 29
2025-09-11 21:11:21,489 [INFO] Truck: Time:<41.43111111111111> Shovel NorthPitMine-LoadSite2-Shovel-3 under maintenance for 47.63 minutes
2025-09-11 21:11:21,489 [DEBUG] Truck: Time:<41.43111111111111> Truck:[CLTruck19] Start moving to ORDER(4): NorthPitMine-DumpSite5, move distance is 4.031225578903474, speed: 25
2025-09-11 21:11:21,489 [INFO] Truck: Time:<31> Truck:[CLTruck19] breakdown for 12.164977249131033 minutes at 31
2025-09-11 21:11:21,489 [DEBUG] Truck: Time:<41.43111111111111> Truck:[CLTruck23] Start moving to ORDER(4): NorthPitMine-DumpSite5, move distance is 4.736508323320367, speed: 25
2025-09-11 21:11:21,489 [INFO] Truck: Time:<16> Truck:[CLTruck23] breakdown for 16.705130843378353 minutes at 16
2025-09-11 21:11:21,500 [INFO] Truck: Time:<41.43111111111111> Truck:[XHTruck7] Start loading at shovel NorthPitMine-LoadSite2-Shovel-2, load time is 24.444444444444443
2025-09-11 21:11:21,500 [INFO] Truck: Time:<41.43111111111111> Truck:[XHTruck16] Start loading at shovel NorthPitMine-LoadSite2-Shovel-4, load time is 24.444444444444443
2025-09-11 21:11:21,500 [INFO] Truck: Time:<41.43111111111111> Truck:[XHTruck21] Start loading at shovel NorthPitMine-LoadSite2-Shovel-5, load time is 24.444444444444443
2025-09-11 21:11:21,500 [INFO] Truck: Time:<41.75822222222222> Truck:[OfficalTruck8] Finish loading at shovel NorthPitMine-LoadSite3-Shovel-2
2025-09-11 21:11:21,500 [INFO] Truck: Time:<41.75822222222222> Truck:[OfficalTruck9] Finish loading at shovel NorthPitMine-LoadSite3-Shovel-3
2025-09-11 21:11:21,500 [DEBUG] Truck: Time:<41.75822222222222> Truck:[OfficalTruck8] Start moving to ORDER(4): NorthPitMine-DumpSite5, move distance is 1.86, speed: 25
2025-09-11 21:11:21,500 [DEBUG] Truck: Time:<41.75822222222222> Truck:[OfficalTruck9] Start moving to ORDER(4): NorthPitMine-DumpSite5, move distance is 1.86, speed: 25
2025-09-11 21:11:21,500 [INFO] Truck: Time:<29> Truck:[OfficalTruck9] breakdown for 8.000649946514368 minutes at 29
2025-09-11 21:11:21,500 [INFO] Truck: Time:<41.75822222222222> Truck:[CLTruck21] Start loading at shovel NorthPitMine-LoadSite3-Shovel-2, load time is 15.555555555555555
2025-09-11 21:11:21,500 [INFO] Truck: Time:<41.75822222222222> Truck:[CLTruck26] Start loading at shovel NorthPitMine-LoadSite3-Shovel-3, load time is 15.555555555555555
2025-09-11 21:11:21,500 [INFO] Truck: Time:<41.776517606268726> Truck:[XHTruck10] is facing 0 mins delay caused by 3 pre-existing jam events on Road from NorthPitMine-LoadSite5 to NorthPitMine-DumpSite1
2025-09-11 21:11:21,528 [DEBUG] Truck: Time:<42.326984251968504> Truck:[CLTruck13] Arrived at NorthPitMine-DumpSite2 at 42.326984251968504
2025-09-11 21:11:21,528 [INFO] Truck: Time:<42.60416535433071> Truck:[OfficalTruck2] Finish loading at shovel NorthPitMine-LoadSite3-Shovel-1
2025-09-11 21:11:21,533 [DEBUG] Truck: Time:<42.60416535433071> Truck:[OfficalTruck2] Start moving to ORDER(4): NorthPitMine-DumpSite5, move distance is 1.86, speed: 25
2025-09-11 21:11:21,533 [INFO] Truck: Time:<32> Truck:[OfficalTruck2] breakdown for 8.164873456343551 minutes at 32
2025-09-11 21:11:21,534 [INFO] Truck: Time:<42.60416535433071> Truck:[XHTruck26] Start loading at shovel NorthPitMine-LoadSite3-Shovel-1, load time is 4.060039370078741
2025-09-11 21:11:21,534 [DEBUG] Truck: Time:<42.629510624533964> Truck:[XHTruck3] Arrived at NorthPitMine-DumpSite5 at 42.629510624533964
2025-09-11 21:11:21,546 [INFO] Truck: Time:<43.326984251968504> Truck:[CLTruck13] Finish unloading at dumper NorthPitMine-DumpSite2-点位0, dumper tons is 280.06413157805486
2025-09-11 21:11:21,546 [DEBUG] Truck: Time:<43.326984251968504> Truck:[CLTruck13] Start moving to ORDER(4):NorthPitMine-LoadSite5, move distance is 5.59, speed: 25
2025-09-11 21:11:21,546 [INFO] Truck: Time:<43.408902188813315> Truck:[CLTruck15] Arrived at NorthPitMine-LoadSite4 at 43.408902188813315
2025-09-11 21:11:21,546 [INFO] Truck: Time:<43.408902188813315> Truck:[CLTruck15] Start loading at shovel NorthPitMine-LoadSite4-Shovel-1, load time is 2.5836614173228347
2025-09-11 21:11:21,546 [INFO] Truck: Time:<43.49964566929134> Truck:[XHTruck24] Finish loading at shovel NorthPitMine-LoadSite5-Shovel-1
2025-09-11 21:11:21,556 [DEBUG] Truck: Time:<43.49964566929134> Truck:[XHTruck24] Start moving to ORDER(0): NorthPitMine-DumpSite1, move distance is 6.659453425787385, speed: 25
2025-09-11 21:11:21,556 [INFO] Truck: Time:<27> Truck:[XHTruck24] breakdown for 6.439827322933684 minutes at 27
2025-09-11 21:11:21,556 [INFO] Truck: Time:<43.49964566929134> Truck:[XHTruck32] Start loading at shovel NorthPitMine-LoadSite5-Shovel-1, load time is 4.060039370078741
2025-09-11 21:11:21,556 [INFO] Truck: Time:<43.629510624533964> Truck:[XHTruck3] Finish unloading at dumper NorthPitMine-DumpSite5-点位0, dumper tons is 431.33598944641847
2025-09-11 21:11:21,556 [DEBUG] Truck: Time:<43.629510624533964> Truck:[XHTruck3] Start moving to ORDER(3):NorthPitMine-LoadSite4, move distance is 8.360975873136061, speed: 25
2025-09-11 21:11:21,578 [INFO] Truck: Time:<44.2899129215654> Truck:[OfficalTruck7] Arrived at NorthPitMine-LoadSite4 at 44.2899129215654
2025-09-11 21:11:21,580 [INFO] Truck: Time:<44.97602362204725> Truck:[XHTruck28] Finish loading at shovel NorthPitMine-LoadSite5-Shovel-2
2025-09-11 21:11:21,583 [DEBUG] Truck: Time:<44.97602362204725> Truck:[XHTruck28] Start moving to ORDER(0): NorthPitMine-DumpSite1, move distance is 7.062452558838777, speed: 25
2025-09-11 21:11:21,583 [INFO] Truck: Time:<42> Truck:[XHTruck28] breakdown for 6.148512814593731 minutes at 42
2025-09-11 21:11:21,594 [DEBUG] Truck: Time:<45.57051594968849> Truck:[XHTruck23] Arrived at NorthPitMine-DumpSite5 at 45.57051594968849
2025-09-11 21:11:21,595 [DEBUG] Truck: Time:<45.711742898096176> Truck:[CLTruck28] Arrived at NorthPitMine-DumpSite5 at 45.711742898096176
2025-09-11 21:11:21,595 [INFO] Truck: Time:<45.97955571995277> Truck:[XHTruck13] is facing 0 mins delay caused by 2 pre-existing jam events on Road from NorthPitMine-LoadSite5 to NorthPitMine-DumpSite1
2025-09-11 21:11:21,596 [INFO] Truck: Time:<45.99256360613615> Truck:[CLTruck15] Finish loading at shovel NorthPitMine-LoadSite4-Shovel-1
2025-09-11 21:11:21,598 [DEBUG] Truck: Time:<45.99256360613615> Truck:[CLTruck15] Start moving to ORDER(1): NorthPitMine-DumpSite2, move distance is 1.17, speed: 25
2025-09-11 21:11:21,598 [INFO] Truck: Time:<38> Truck:[CLTruck15] breakdown for 10.69536351139958 minutes at 38
2025-09-11 21:11:21,598 [INFO] Truck: Time:<45.99256360613615> Truck:[OfficalTruck7] Start loading at shovel NorthPitMine-LoadSite4-Shovel-1, load time is 5.684055118110236
2025-09-11 21:11:21,610 [DEBUG] Truck: Time:<46.08344928755273> Truck:[CLTruck10] Arrived at NorthPitMine-DumpSite5 at 46.08344928755273
2025-09-11 21:11:21,611 [DEBUG] Truck: Time:<46.22222222222222> Truck:[OfficalTruck8] Arrived at NorthPitMine-DumpSite5 at 46.22222222222222
2025-09-11 21:11:21,611 [DEBUG] Truck: Time:<46.29835309357402> Truck:[CLTruck25] Arrived at NorthPitMine-DumpSite1 at 46.29835309357402
2025-09-11 21:11:21,611 [DEBUG] Truck: Time:<46.30389468526592> Truck:[XHTruck1] Arrived at NorthPitMine-DumpSite1 at 46.30389468526592
2025-09-11 21:11:21,611 [INFO] Truck: Time:<46.57051594968849> Truck:[XHTruck23] Finish unloading at dumper NorthPitMine-DumpSite5-点位0, dumper tons is 486.54772040081207
2025-09-11 21:11:21,614 [DEBUG] Truck: Time:<46.57051594968849> Truck:[XHTruck23] Start moving to ORDER(3):NorthPitMine-LoadSite4, move distance is 6.863852945928624, speed: 25
2025-09-11 21:11:21,614 [INFO] Truck: Time:<39> Truck:[XHTruck23] breakdown for 9.367405381352047 minutes at 39
2025-09-11 21:11:21,615 [INFO] Truck: Time:<46.66420472440945> Truck:[XHTruck26] Finish loading at shovel NorthPitMine-LoadSite3-Shovel-1
2025-09-11 21:11:21,617 [INFO] Road: [RoadEvent] Road from NorthPitMine-LoadSite3 to NorthPitMine-DumpSite5 is in repair，the repair will last for 49.35 mins, and will end at 96.02, vehicle on this road will have to suffer punish_distance.
2025-09-11 21:11:21,617 [DEBUG] Truck: Time:<46.66420472440945> Truck:[XHTruck26] Start moving to ORDER(4): NorthPitMine-DumpSite5, move distance is 2.499245622224967, speed: 25
2025-09-11 21:11:21,617 [INFO] Truck: Time:<29> Truck:[XHTruck26] breakdown for 13.688941759900754 minutes at 29
2025-09-11 21:11:21,618 [INFO] Truck: Time:<46.66420472440945> Truck:[CLTruck2] Start loading at shovel NorthPitMine-LoadSite3-Shovel-1, load time is 2.5836614173228347
2025-09-11 21:11:21,618 [INFO] Truck: Time:<46.711742898096176> Truck:[CLTruck28] Finish unloading at dumper NorthPitMine-DumpSite5-点位1, dumper tons is 125.90205805628335
2025-09-11 21:11:21,620 [DEBUG] Truck: Time:<46.711742898096176> Truck:[CLTruck28] Start moving to ORDER(3):NorthPitMine-LoadSite4, move distance is 7.304727028199426, speed: 25
2025-09-11 21:11:21,620 [INFO] Truck: Time:<46.711742898096176> Truck:[CLTruck28] is facing 0 mins delay caused by 1 pre-existing jam events on Road from NorthPitMine-DumpSite5 to NorthPitMine-LoadSite4
2025-09-11 21:11:21,621 [INFO] Truck: Time:<46.909513428518906> Truck:[OfficalTruck3] Arrived at NorthPitMine-LoadSite3 at 46.909513428518906
2025-09-11 21:11:21,625 [INFO] Truck: Time:<47.08344928755273> Truck:[CLTruck10] Finish unloading at dumper NorthPitMine-DumpSite5-点位2, dumper tons is 70.16425373844598
2025-09-11 21:11:21,625 [DEBUG] Truck: Time:<47.08344928755273> Truck:[CLTruck10] Start moving to ORDER(3):NorthPitMine-LoadSite4, move distance is 7.698057582740858, speed: 25
2025-09-11 21:11:21,625 [INFO] Truck: Time:<47.08344928755273> Truck:[CLTruck10] is facing 0 mins delay caused by 1 pre-existing jam events on Road from NorthPitMine-DumpSite5 to NorthPitMine-LoadSite4
2025-09-11 21:11:21,625 [INFO] Truck: Time:<47.199999999999996> Truck:[XHTruck33] Finish loading at shovel LoadSite1-Shovel-1
2025-09-11 21:11:21,635 [DEBUG] Truck: Time:<47.199999999999996> Truck:[XHTruck33] Start moving to ORDER(4): NorthPitMine-DumpSite5, move distance is 4.249233677915533, speed: 25
2025-09-11 21:11:21,635 [INFO] Truck: Time:<34> Truck:[XHTruck33] breakdown for 8.494263080079527 minutes at 34
2025-09-11 21:11:21,638 [INFO] Truck: Time:<47.22222222222222> Truck:[OfficalTruck8] Finish unloading at dumper NorthPitMine-DumpSite5-点位3, dumper tons is 116.77955988901029
2025-09-11 21:11:21,638 [DEBUG] Truck: Time:<47.22222222222222> Truck:[OfficalTruck8] Start moving to ORDER(3):NorthPitMine-LoadSite4, move distance is 6.918974543851773, speed: 25
2025-09-11 21:11:21,638 [INFO] Truck: Time:<46> Truck:[OfficalTruck8] breakdown for 4.077637293286779 minutes at 46
2025-09-11 21:11:21,638 [INFO] Truck: Time:<47.2942982568473> Truck:[CLTruck29] is facing 0 mins delay caused by 1 pre-existing jam events on Road from NorthPitMine-DumpSite5 to NorthPitMine-LoadSite4
2025-09-11 21:11:21,638 [INFO] Truck: Time:<47.29835309357402> Truck:[CLTruck25] Finish unloading at dumper NorthPitMine-DumpSite1-点位0, dumper tons is 259.9082105617618
2025-09-11 21:11:21,638 [DEBUG] Truck: Time:<47.29835309357402> Truck:[CLTruck25] Start moving to ORDER(3):NorthPitMine-LoadSite4, move distance is 3.41, speed: 25
2025-09-11 21:11:21,638 [INFO] Truck: Time:<44> Truck:[CLTruck25] breakdown for 9.733483566754266 minutes at 44
2025-09-11 21:11:21,638 [INFO] Truck: Time:<47.30389468526592> Truck:[XHTruck1] Finish unloading at dumper NorthPitMine-DumpSite1-点位1, dumper tons is 122.34291346118248
2025-09-11 21:11:21,646 [DEBUG] Truck: Time:<47.30389468526592> Truck:[XHTruck1] Start moving to ORDER(3):NorthPitMine-LoadSite4, move distance is 3.41, speed: 25
2025-09-11 21:11:21,646 [INFO] Truck: Time:<37> Truck:[XHTruck1] breakdown for 8.24863505803327 minutes at 37
2025-09-11 21:11:21,646 [INFO] Truck: Time:<47.54718614906221> Truck:[CLTruck14] is facing 0 mins delay caused by 1 pre-existing jam events on Road from NorthPitMine-LoadSite2 to NorthPitMine-DumpSite5
2025-09-11 21:11:21,646 [INFO] Truck: Time:<47.55968503937008> Truck:[XHTruck32] Finish loading at shovel NorthPitMine-LoadSite5-Shovel-1
2025-09-11 21:11:21,646 [DEBUG] Truck: Time:<47.55968503937008> Truck:[XHTruck32] Start moving to ORDER(0): NorthPitMine-DumpSite1, move distance is 6.269183713054316, speed: 25
2025-09-11 21:11:21,646 [INFO] Truck: Time:<29> Truck:[XHTruck32] breakdown for 10.173860901949997 minutes at 29
2025-09-11 21:11:21,646 [INFO] Truck: Time:<47.90206214772781> Truck:[XHTruck18] is facing 0 mins delay caused by 3 pre-existing jam events on Road from NorthPitMine-LoadSite5 to NorthPitMine-DumpSite1
2025-09-11 21:11:21,656 [DEBUG] Truck: Time:<48.2807511542954> Truck:[CLTruck20] Arrived at NorthPitMine-DumpSite2 at 48.2807511542954
2025-09-11 21:11:21,656 [DEBUG] Truck: Time:<48.59203754235031> Truck:[CLTruck11] Arrived at NorthPitMine-DumpSite5 at 48.59203754235031
2025-09-11 21:11:21,656 [INFO] Truck: Time:<48.72198293821335> Truck:[CLTruck27] Arrived at NorthPitMine-LoadSite4 at 48.72198293821335
2025-09-11 21:11:21,666 [INFO] Truck: Time:<49.24786614173229> Truck:[CLTruck2] Finish loading at shovel NorthPitMine-LoadSite3-Shovel-1
2025-09-11 21:11:21,666 [DEBUG] Truck: Time:<49.24786614173229> Truck:[CLTruck2] Start moving to ORDER(4): NorthPitMine-DumpSite5, move distance is 2.8495862764178086, speed: 25
2025-09-11 21:11:21,666 [INFO] Truck: Time:<48> Truck:[CLTruck2] breakdown for 14.260291812983755 minutes at 48
2025-09-11 21:11:21,666 [INFO] Truck: Time:<49.24786614173229> Truck:[CLTruck4] Start loading at shovel NorthPitMine-LoadSite3-Shovel-1, load time is 2.5836614173228347
2025-09-11 21:11:21,666 [INFO] Truck: Time:<49.2807511542954> Truck:[CLTruck20] Finish unloading at dumper NorthPitMine-DumpSite2-点位0, dumper tons is 315.5959420532119
2025-09-11 21:11:21,677 [DEBUG] Truck: Time:<49.2807511542954> Truck:[CLTruck20] Start moving to ORDER(4):NorthPitMine-LoadSite5, move distance is 5.59, speed: 25
2025-09-11 21:11:21,677 [INFO] Truck: Time:<49.2807511542954> Truck:[CLTruck20] is facing 2.9761557999166293 mins delay caused by 1 pre-existing jam events on Road from NorthPitMine-DumpSite2 to NorthPitMine-LoadSite5
2025-09-11 21:11:21,677 [INFO] Truck: Time:<49.59203754235031> Truck:[CLTruck11] Finish unloading at dumper NorthPitMine-DumpSite5-点位0, dumper tons is 523.5830414930174
2025-09-11 21:11:21,677 [DEBUG] Truck: Time:<49.59203754235031> Truck:[CLTruck11] Start moving to ORDER(3):NorthPitMine-LoadSite4, move distance is 6.495238727977279, speed: 25
2025-09-11 21:11:21,677 [INFO] Truck: Time:<49.59203754235031> Truck:[CLTruck11] is facing 0 mins delay caused by 1 pre-existing jam events on Road from NorthPitMine-DumpSite5 to NorthPitMine-LoadSite4
2025-09-11 21:11:21,677 [INFO] Truck: Time:<49.93947299222502> Truck:[XHTruck24] is facing 0 mins delay caused by 5 pre-existing jam events on Road from NorthPitMine-LoadSite5 to NorthPitMine-DumpSite1
2025-09-11 21:11:21,687 [INFO] Truck: Time:<50.0647119851747> Truck:[OfficalTruck4] Arrived at NorthPitMine-LoadSite3 at 50.0647119851747
2025-09-11 21:11:21,687 [DEBUG] Truck: Time:<50.586334193712936> Truck:[CLTruck24] Arrived at NorthPitMine-DumpSite2 at 50.586334193712936
2025-09-11 21:11:21,697 [INFO] Truck: Time:<51.12453643664098> Truck:[XHTruck28] is facing 0 mins delay caused by 5 pre-existing jam events on Road from NorthPitMine-LoadSite5 to NorthPitMine-DumpSite1
2025-09-11 21:11:21,697 [INFO] Truck: Time:<51.299859515509> Truck:[OfficalTruck8] is facing 7.0463592836176066 mins delay caused by 1 pre-existing jam events on Road from NorthPitMine-DumpSite5 to NorthPitMine-LoadSite4
2025-09-11 21:11:21,697 [INFO] Truck: Time:<51.586334193712936> Truck:[CLTruck24] Finish unloading at dumper NorthPitMine-DumpSite2-点位0, dumper tons is 347.4568695410482
2025-09-11 21:11:21,707 [INFO] Road: [RoadEvent] Road from NorthPitMine-DumpSite2 to NorthPitMine-LoadSite5 is in repair，the repair will last for 44.33 mins, and will end at 95.91, vehicle on this road will have to suffer punish_distance.
2025-09-11 21:11:21,707 [DEBUG] Truck: Time:<51.586334193712936> Truck:[CLTruck24] Start moving to ORDER(4):NorthPitMine-LoadSite5, move distance is 8.377336968886917, speed: 25
2025-09-11 21:11:21,707 [INFO] Truck: Time:<51.586334193712936> Truck:[CLTruck24] is facing 8.643964638912932 mins delay caused by 2 pre-existing jam events on Road from NorthPitMine-DumpSite2 to NorthPitMine-LoadSite5
2025-09-11 21:11:21,707 [INFO] Truck: Time:<51.67661872424639> Truck:[OfficalTruck7] Finish loading at shovel NorthPitMine-LoadSite4-Shovel-1
2025-09-11 21:11:21,714 [INFO] Road: [RoadEvent] Road from NorthPitMine-LoadSite4 to NorthPitMine-DumpSite2 is in repair，the repair will last for 41.74 mins, and will end at 93.41, vehicle on this road will have to suffer punish_distance.
2025-09-11 21:11:21,714 [DEBUG] Truck: Time:<51.67661872424639> Truck:[OfficalTruck7] Start moving to ORDER(1): NorthPitMine-DumpSite2, move distance is 1.4989063156278286, speed: 25
2025-09-11 21:11:21,718 [INFO] Truck: Time:<36> Truck:[OfficalTruck7] breakdown for 7.388490861193533 minutes at 36
2025-09-11 21:11:21,718 [INFO] Truck: Time:<51.67661872424639> Truck:[CLTruck27] Start loading at shovel NorthPitMine-LoadSite4-Shovel-1, load time is 2.5836614173228347
2025-09-11 21:11:21,718 [INFO] Truck: Time:<51.831527559055125> Truck:[CLTruck4] Finish loading at shovel NorthPitMine-LoadSite3-Shovel-1
2025-09-11 21:11:21,718 [DEBUG] Truck: Time:<51.831527559055125> Truck:[CLTruck4] Start moving to ORDER(4): NorthPitMine-DumpSite5, move distance is 2.7862763196546374, speed: 25
2025-09-11 21:11:21,718 [INFO] Truck: Time:<47> Truck:[CLTruck4] breakdown for 9.581659063304508 minutes at 47
2025-09-11 21:11:21,718 [INFO] Truck: Time:<51.831527559055125> Truck:[XHTruck4] Start loading at shovel NorthPitMine-LoadSite3-Shovel-1, load time is 4.060039370078741
2025-09-11 21:11:21,728 [DEBUG] Truck: Time:<51.86723817002216> Truck:[OfficalTruck1] Arrived at NorthPitMine-DumpSite5 at 51.86723817002216
2025-09-11 21:11:21,741 [INFO] Truck: Time:<52.06563294474287> Truck:[CLTruck5] Arrived at NorthPitMine-LoadSite5 at 52.06563294474287
2025-09-11 21:11:21,744 [INFO] Truck: Time:<52.06563294474287> Truck:[CLTruck5] Start loading at shovel NorthPitMine-LoadSite5-Shovel-1, load time is 2.5836614173228347
2025-09-11 21:11:21,745 [DEBUG] Truck: Time:<52.412000285240396> Truck:[CLTruck7] Arrived at NorthPitMine-DumpSite2 at 52.412000285240396
2025-09-11 21:11:21,745 [INFO] Truck: Time:<52.86723817002216> Truck:[OfficalTruck1] Finish unloading at dumper NorthPitMine-DumpSite5-点位0, dumper tons is 593.3060622089403
2025-09-11 21:11:21,747 [DEBUG] Truck: Time:<52.86723817002216> Truck:[OfficalTruck1] Start moving to ORDER(3):NorthPitMine-LoadSite4, move distance is 7.841728885335961, speed: 25
2025-09-11 21:11:21,747 [INFO] Truck: Time:<51> Truck:[OfficalTruck1] breakdown for 11.707679508456579 minutes at 51
2025-09-11 21:11:21,761 [INFO] Truck: Time:<53.412000285240396> Truck:[CLTruck7] Finish unloading at dumper NorthPitMine-DumpSite2-点位0, dumper tons is 381.04971948081084
2025-09-11 21:11:21,762 [DEBUG] Truck: Time:<53.412000285240396> Truck:[CLTruck7] Start moving to ORDER(4):NorthPitMine-LoadSite5, move distance is 7.021665756075072, speed: 25
2025-09-11 21:11:21,762 [INFO] Truck: Time:<52> Truck:[CLTruck7] breakdown for 13.758315442220654 minutes at 52
2025-09-11 21:11:21,763 [INFO] Truck: Time:<53.75911111111111> Truck:[CLTruck17] Arrived at NorthPitMine-LoadSite5 at 53.75911111111111
2025-09-11 21:11:21,764 [INFO] Truck: Time:<53.75911111111111> Truck:[CLTruck17] Start loading at shovel NorthPitMine-LoadSite5-Shovel-2, load time is 2.5836614173228347
2025-09-11 21:11:21,764 [DEBUG] Truck: Time:<53.83473829779734> Truck:[CLTruck8] Arrived at NorthPitMine-DumpSite2 at 53.83473829779734
2025-09-11 21:11:21,769 [DEBUG] Truck: Time:<54.10629893945097> Truck:[CLTruck18] Arrived at NorthPitMine-DumpSite1 at 54.10629893945097
2025-09-11 21:11:21,769 [DEBUG] Truck: Time:<54.222872168736586> Truck:[OfficalTruck9] Arrived at NorthPitMine-DumpSite5 at 54.222872168736586
2025-09-11 21:11:21,769 [INFO] Truck: Time:<54.260280141569226> Truck:[CLTruck27] Finish loading at shovel NorthPitMine-LoadSite4-Shovel-1
2025-09-11 21:11:21,769 [DEBUG] Truck: Time:<54.260280141569226> Truck:[CLTruck27] Start moving to ORDER(1): NorthPitMine-DumpSite2, move distance is 1.7689242953613749, speed: 25
2025-09-11 21:11:21,769 [INFO] Truck: Time:<48> Truck:[CLTruck27] breakdown for 5.789903871255488 minutes at 48
2025-09-11 21:11:21,769 [INFO] Truck: Time:<54.33144372860004> Truck:[CLTruck3] is facing 5.703720000682217 mins delay caused by 1 pre-existing jam events on Road from NorthPitMine-DumpSite2 to NorthPitMine-LoadSite5
2025-09-11 21:11:21,769 [INFO] Truck: Time:<54.64929436206571> Truck:[CLTruck5] Finish loading at shovel NorthPitMine-LoadSite5-Shovel-1
2025-09-11 21:11:21,779 [DEBUG] Truck: Time:<54.64929436206571> Truck:[CLTruck5] Start moving to ORDER(0): NorthPitMine-DumpSite1, move distance is 6.4809334412625, speed: 25
2025-09-11 21:11:21,779 [INFO] Truck: Time:<48> Truck:[CLTruck5] breakdown for 10.262354909353228 minutes at 48
2025-09-11 21:11:21,779 [INFO] Truck: Time:<54.83473829779734> Truck:[CLTruck8] Finish unloading at dumper NorthPitMine-DumpSite2-点位0, dumper tons is 416.2291014203876
2025-09-11 21:11:21,779 [DEBUG] Truck: Time:<54.83473829779734> Truck:[CLTruck8] Start moving to ORDER(4):NorthPitMine-LoadSite5, move distance is 7.109955663364133, speed: 25
2025-09-11 21:11:21,779 [INFO] Truck: Time:<54> Truck:[CLTruck8] breakdown for 10.845300674553371 minutes at 54
2025-09-11 21:11:21,800 [DEBUG] Truck: Time:<55.02833022107698> Truck:[XHTruck6] Arrived at NorthPitMine-DumpSite1 at 55.02833022107698
2025-09-11 21:11:21,800 [INFO] Truck: Time:<55.0598934599991> Truck:[CLTruck9] Arrived at NorthPitMine-LoadSite4 at 55.0598934599991
2025-09-11 21:11:21,800 [INFO] Truck: Time:<55.0598934599991> Truck:[CLTruck9] Start loading at shovel NorthPitMine-LoadSite4-Shovel-1, load time is 2.5836614173228347
2025-09-11 21:11:21,804 [INFO] Truck: Time:<55.10629893945097> Truck:[CLTruck18] Finish unloading at dumper NorthPitMine-DumpSite1-点位0, dumper tons is 292.56947653406485
2025-09-11 21:11:21,805 [DEBUG] Truck: Time:<55.10629893945097> Truck:[CLTruck18] Start moving to ORDER(3):NorthPitMine-LoadSite4, move distance is 3.41, speed: 25
2025-09-11 21:11:21,805 [INFO] Truck: Time:<55.222872168736586> Truck:[OfficalTruck9] Finish unloading at dumper NorthPitMine-DumpSite5-点位0, dumper tons is 669.7701869554323
2025-09-11 21:11:21,809 [DEBUG] Truck: Time:<55.222872168736586> Truck:[OfficalTruck9] Start moving to ORDER(3):NorthPitMine-LoadSite4, move distance is 6.614787199663339, speed: 25
2025-09-11 21:11:21,810 [INFO] Truck: Time:<55.222872168736586> Truck:[OfficalTruck9] is facing 3.2636564684300895 mins delay caused by 3 pre-existing jam events on Road from NorthPitMine-DumpSite5 to NorthPitMine-LoadSite4
2025-09-11 21:11:21,810 [DEBUG] Truck: Time:<55.23303881067426> Truck:[OfficalTruck2] Arrived at NorthPitMine-DumpSite5 at 55.23303881067426
2025-09-11 21:11:21,812 [DEBUG] Truck: Time:<55.28266518322597> Truck:[OfficalTruck6] Arrived at NorthPitMine-DumpSite1 at 55.28266518322597
2025-09-11 21:11:21,812 [INFO] Truck: Time:<55.891566929133866> Truck:[XHTruck4] Finish loading at shovel NorthPitMine-LoadSite3-Shovel-1
2025-09-11 21:11:21,813 [DEBUG] Truck: Time:<55.891566929133866> Truck:[XHTruck4] Start moving to ORDER(4): NorthPitMine-DumpSite5, move distance is 2.7322153819759416, speed: 25
2025-09-11 21:11:21,813 [INFO] Truck: Time:<31> Truck:[XHTruck4] breakdown for 6.419071798160097 minutes at 31
2025-09-11 21:11:21,814 [INFO] Truck: Time:<55.891566929133866> Truck:[OfficalTruck3] Start loading at shovel NorthPitMine-LoadSite3-Shovel-1, load time is 5.684055118110236
2025-09-11 21:11:21,815 [INFO] Truck: Time:<55.93792133104054> Truck:[XHTruck23] is facing 2.4337229258668307 mins delay caused by 3 pre-existing jam events on Road from NorthPitMine-DumpSite5 to NorthPitMine-LoadSite4
2025-09-11 21:11:21,823 [INFO] Truck: Time:<56.02833022107698> Truck:[XHTruck6] Finish unloading at dumper NorthPitMine-DumpSite1-点位1, dumper tons is 174.00792114428748
2025-09-11 21:11:21,825 [DEBUG] Truck: Time:<56.02833022107698> Truck:[XHTruck6] Start moving to ORDER(2):NorthPitMine-LoadSite3, move distance is 2.98, speed: 25
2025-09-11 21:11:21,825 [INFO] Truck: Time:<43> Truck:[XHTruck6] breakdown for 10.816932770645966 minutes at 43
2025-09-11 21:11:21,826 [DEBUG] Truck: Time:<56.07820984769436> Truck:[OfficalTruck5] Arrived at NorthPitMine-DumpSite1 at 56.07820984769436
2025-09-11 21:11:21,827 [INFO] Truck: Time:<56.23303881067426> Truck:[OfficalTruck2] Finish unloading at dumper NorthPitMine-DumpSite5-点位0, dumper tons is 743.0338186402237
2025-09-11 21:11:21,829 [DEBUG] Truck: Time:<56.23303881067426> Truck:[OfficalTruck2] Start moving to ORDER(3):NorthPitMine-LoadSite4, move distance is 7.542455675875228, speed: 25
2025-09-11 21:11:21,829 [INFO] Truck: Time:<56.23303881067426> Truck:[OfficalTruck2] is facing 1.8255922951226085 mins delay caused by 3 pre-existing jam events on Road from NorthPitMine-DumpSite5 to NorthPitMine-LoadSite4
2025-09-11 21:11:21,830 [INFO] Truck: Time:<56.28266518322597> Truck:[OfficalTruck6] Finish unloading at dumper NorthPitMine-DumpSite1-点位0, dumper tons is 372.33777147353436
2025-09-11 21:11:21,831 [DEBUG] Truck: Time:<56.28266518322597> Truck:[OfficalTruck6] Start moving to ORDER(2):NorthPitMine-LoadSite3, move distance is 2.98, speed: 25
2025-09-11 21:11:21,832 [INFO] Truck: Time:<55> Truck:[OfficalTruck6] breakdown for 9.99101602808376 minutes at 55
2025-09-11 21:11:21,834 [INFO] Truck: Time:<56.34277252843395> Truck:[CLTruck17] Finish loading at shovel NorthPitMine-LoadSite5-Shovel-2
2025-09-11 21:11:21,837 [DEBUG] Truck: Time:<56.34277252843395> Truck:[CLTruck17] Start moving to ORDER(0): NorthPitMine-DumpSite1, move distance is 7.779392440464409, speed: 25
2025-09-11 21:11:21,837 [INFO] Truck: Time:<56.34277252843395> Truck:[CLTruck17] is facing 0 mins delay caused by 5 pre-existing jam events on Road from NorthPitMine-LoadSite5 to NorthPitMine-DumpSite1
2025-09-11 21:11:21,837 [INFO] Truck: Time:<56.37338929563987> Truck:[XHTruck19] Arrived at NorthPitMine-LoadSite4 at 56.37338929563987
2025-09-11 21:11:21,838 [INFO] Truck: Time:<56.74298425196851> Truck:[CLTruck13] Arrived at NorthPitMine-LoadSite5 at 56.74298425196851
2025-09-11 21:11:21,839 [INFO] Truck: Time:<56.74298425196851> Truck:[CLTruck13] Start loading at shovel NorthPitMine-LoadSite5-Shovel-1, load time is 2.5836614173228347
2025-09-11 21:11:21,839 [INFO] Truck: Time:<57.03183666032829> Truck:[CLTruck25] is facing 13.315197298071968 mins delay caused by 2 pre-existing jam events on Road from NorthPitMine-DumpSite1 to NorthPitMine-LoadSite4
2025-09-11 21:11:21,849 [INFO] Truck: Time:<57.07820984769436> Truck:[OfficalTruck5] Finish unloading at dumper NorthPitMine-DumpSite1-点位1, dumper tons is 248.36522465830052
2025-09-11 21:11:21,849 [DEBUG] Truck: Time:<57.07820984769436> Truck:[OfficalTruck5] Start moving to ORDER(2):NorthPitMine-LoadSite3, move distance is 2.98, speed: 25
2025-09-11 21:11:21,849 [INFO] Truck: Time:<57.31377777777778> Truck:[CLTruck21] Finish loading at shovel NorthPitMine-LoadSite3-Shovel-2
2025-09-11 21:11:21,849 [INFO] Truck: Time:<57.31377777777778> Truck:[CLTruck26] Finish loading at shovel NorthPitMine-LoadSite3-Shovel-3
2025-09-11 21:11:21,849 [DEBUG] Truck: Time:<57.31377777777778> Truck:[CLTruck21] Start moving to ORDER(4): NorthPitMine-DumpSite5, move distance is 2.8417722661556635, speed: 25
2025-09-11 21:11:21,849 [INFO] Truck: Time:<57> Truck:[CLTruck21] breakdown for 13.389199842104517 minutes at 57
2025-09-11 21:11:21,849 [DEBUG] Truck: Time:<57.31377777777778> Truck:[CLTruck26] Start moving to ORDER(4): NorthPitMine-DumpSite5, move distance is 2.5270256827694113, speed: 25
2025-09-11 21:11:21,849 [INFO] Truck: Time:<56> Truck:[CLTruck26] breakdown for 10.796276072885782 minutes at 56
2025-09-11 21:11:21,849 [INFO] Truck: Time:<57.31377777777778> Truck:[XHTruck9] Start loading at shovel NorthPitMine-LoadSite3-Shovel-2, load time is 24.444444444444443
2025-09-11 21:11:21,849 [INFO] Truck: Time:<57.31377777777778> Truck:[XHTruck15] Start loading at shovel NorthPitMine-LoadSite3-Shovel-3, load time is 24.444444444444443
2025-09-11 21:11:21,849 [DEBUG] Truck: Time:<57.568347088625785> Truck:[XHTruck2] Arrived at NorthPitMine-DumpSite1 at 57.568347088625785
2025-09-11 21:11:21,849 [INFO] Truck: Time:<57.64355487732194> Truck:[CLTruck9] Finish loading at shovel NorthPitMine-LoadSite4-Shovel-1
2025-09-11 21:11:21,860 [DEBUG] Truck: Time:<57.64355487732194> Truck:[CLTruck9] Start moving to ORDER(1): NorthPitMine-DumpSite2, move distance is 1.4858059602374645, speed: 25
2025-09-11 21:11:21,860 [INFO] Truck: Time:<51> Truck:[CLTruck9] breakdown for 13.844461835555492 minutes at 51
2025-09-11 21:11:21,860 [INFO] Truck: Time:<57.64355487732194> Truck:[XHTruck19] Start loading at shovel NorthPitMine-LoadSite4-Shovel-1, load time is 4.060039370078741
2025-09-11 21:11:21,860 [INFO] Truck: Time:<57.733545941320074> Truck:[XHTruck32] is facing 0 mins delay caused by 4 pre-existing jam events on Road from NorthPitMine-LoadSite5 to NorthPitMine-DumpSite1
2025-09-11 21:11:21,870 [DEBUG] Truck: Time:<58.22662735050263> Truck:[XHTruck14] Arrived at NorthPitMine-DumpSite5 at 58.22662735050263
2025-09-11 21:11:21,870 [DEBUG] Truck: Time:<58.4876892683885> Truck:[XHTruck20] Arrived at NorthPitMine-DumpSite1 at 58.4876892683885
2025-09-11 21:11:21,870 [INFO] Truck: Time:<58.568347088625785> Truck:[XHTruck2] Finish unloading at dumper NorthPitMine-DumpSite1-点位0, dumper tons is 429.13677224422923
2025-09-11 21:11:21,870 [DEBUG] Truck: Time:<58.568347088625785> Truck:[XHTruck2] Start moving to ORDER(2):NorthPitMine-LoadSite3, move distance is 2.98, speed: 25
2025-09-11 21:11:21,870 [DEBUG] Truck: Time:<58.656246266955314> Truck:[CLTruck14] Arrived at NorthPitMine-DumpSite5 at 58.656246266955314
2025-09-11 21:11:21,870 [INFO] Truck: Time:<59.22662735050263> Truck:[XHTruck14] Finish unloading at dumper NorthPitMine-DumpSite5-点位0, dumper tons is 797.1887920924224
2025-09-11 21:11:21,881 [DEBUG] Truck: Time:<59.22662735050263> Truck:[XHTruck14] Start moving to ORDER(3):NorthPitMine-LoadSite4, move distance is 7.227912856693444, speed: 25
2025-09-11 21:11:21,881 [INFO] Truck: Time:<55> Truck:[XHTruck14] breakdown for 12.542647235626593 minutes at 55
2025-09-11 21:11:21,881 [INFO] Truck: Time:<59.326645669291345> Truck:[CLTruck13] Finish loading at shovel NorthPitMine-LoadSite5-Shovel-1
2025-09-11 21:11:21,881 [DEBUG] Truck: Time:<59.326645669291345> Truck:[CLTruck13] Start moving to ORDER(0): NorthPitMine-DumpSite1, move distance is 7.989979280224267, speed: 25
2025-09-11 21:11:21,881 [INFO] Truck: Time:<47> Truck:[CLTruck13] breakdown for 7.466666647958027 minutes at 47
2025-09-11 21:11:21,881 [INFO] Truck: Time:<59.4876892683885> Truck:[XHTruck20] Finish unloading at dumper NorthPitMine-DumpSite1-点位1, dumper tons is 307.21892407603235
2025-09-11 21:11:21,881 [DEBUG] Truck: Time:<59.4876892683885> Truck:[XHTruck20] Start moving to ORDER(2):NorthPitMine-LoadSite3, move distance is 2.98, speed: 25
2025-09-11 21:11:21,881 [INFO] Truck: Time:<44> Truck:[XHTruck20] breakdown for 9.848750364090668 minutes at 44
2025-09-11 21:11:21,881 [DEBUG] Truck: Time:<59.495927117535736> Truck:[CLTruck15] Arrived at NorthPitMine-DumpSite2 at 59.495927117535736
2025-09-11 21:11:21,881 [INFO] Truck: Time:<59.656246266955314> Truck:[CLTruck14] Finish unloading at dumper NorthPitMine-DumpSite5-点位1, dumper tons is 163.66922015326332
2025-09-11 21:11:21,891 [DEBUG] Truck: Time:<59.656246266955314> Truck:[CLTruck14] Start moving to ORDER(3):NorthPitMine-LoadSite4, move distance is 7.213505614526989, speed: 25
2025-09-11 21:11:21,891 [INFO] Truck: Time:<59.656246266955314> Truck:[CLTruck14] is facing 0 mins delay caused by 2 pre-existing jam events on Road from NorthPitMine-DumpSite5 to NorthPitMine-LoadSite4
2025-09-11 21:11:21,891 [DEBUG] Truck: Time:<59.79835689092044> Truck:[XHTruck10] Arrived at NorthPitMine-DumpSite1 at 59.79835689092044
2025-09-11 21:11:21,891 [DEBUG] Truck: Time:<59.82619520601129> Truck:[CLTruck22] Arrived at NorthPitMine-DumpSite1 at 59.82619520601129
2025-09-11 21:11:21,891 [INFO] Truck: Time:<59.92484632042087> Truck:[CLTruck6] Arrived at NorthPitMine-LoadSite4 at 59.92484632042087
2025-09-11 21:11:21,891 [INFO] Truck: Time:<60.495927117535736> Truck:[CLTruck15] Finish unloading at dumper NorthPitMine-DumpSite2-点位0, dumper tons is 453.9045542984594
2025-09-11 21:11:21,901 [DEBUG] Truck: Time:<60.495927117535736> Truck:[CLTruck15] Start moving to ORDER(2):NorthPitMine-LoadSite3, move distance is 4.241707096162487, speed: 25
2025-09-11 21:11:21,901 [INFO] Truck: Time:<60.683545179863174> Truck:[XHTruck5] Arrived at NorthPitMine-LoadSite4 at 60.683545179863174
2025-09-11 21:11:21,901 [INFO] Truck: Time:<60.79835689092044> Truck:[XHTruck10] Finish unloading at dumper NorthPitMine-DumpSite1-点位0, dumper tons is 482.3626228825377
2025-09-11 21:11:21,901 [INFO] Road: [RoadEvent] Road from NorthPitMine-DumpSite1 to NorthPitMine-LoadSite3 is in repair，the repair will last for 43.51 mins, and will end at 104.31, vehicle on this road will have to suffer punish_distance.
2025-09-11 21:11:21,901 [DEBUG] Truck: Time:<60.79835689092044> Truck:[XHTruck10] Start moving to ORDER(2):NorthPitMine-LoadSite3, move distance is 3.6703557744580073, speed: 25
2025-09-11 21:11:21,901 [INFO] Truck: Time:<57> Truck:[XHTruck10] breakdown for 5.248553184350326 minutes at 57
2025-09-11 21:11:21,901 [INFO] Truck: Time:<60.82619520601129> Truck:[CLTruck22] Finish unloading at dumper NorthPitMine-DumpSite1-点位1, dumper tons is 340.45455675408647
2025-09-11 21:11:21,901 [DEBUG] Truck: Time:<60.82619520601129> Truck:[CLTruck22] Start moving to ORDER(2):NorthPitMine-LoadSite3, move distance is 3.9265270654898465, speed: 25
2025-09-11 21:11:21,901 [INFO] Truck: Time:<50> Truck:[CLTruck22] breakdown for 6.006881417153931 minutes at 50
2025-09-11 21:11:21,901 [INFO] Truck: Time:<60.97955555555556> Truck:[XHTruck8] Finish loading at shovel NorthPitMine-LoadSite4-Shovel-2
2025-09-11 21:11:21,901 [INFO] Truck: Time:<60.97955555555556> Truck:[XHTruck12] Finish loading at shovel NorthPitMine-LoadSite4-Shovel-3
2025-09-11 21:11:21,912 [INFO] Truck: Time:<60.97955555555556> Truck:[XHTruck17] Finish loading at shovel NorthPitMine-LoadSite4-Shovel-4
2025-09-11 21:11:21,912 [INFO] Truck: Time:<60.97955555555556> Truck:[XHTruck22] Finish loading at shovel NorthPitMine-LoadSite4-Shovel-5
2025-09-11 21:11:21,912 [DEBUG] Truck: Time:<60.97955555555556> Truck:[XHTruck8] Start moving to ORDER(1): NorthPitMine-DumpSite2, move distance is 1.7436359044077259, speed: 25
2025-09-11 21:11:21,912 [INFO] Truck: Time:<42> Truck:[XHTruck8] breakdown for 12.496657276498839 minutes at 42
2025-09-11 21:11:21,912 [DEBUG] Truck: Time:<60.97955555555556> Truck:[XHTruck12] Start moving to ORDER(1): NorthPitMine-DumpSite2, move distance is 1.6123649147851715, speed: 25
2025-09-11 21:11:21,912 [INFO] Truck: Time:<52> Truck:[XHTruck12] breakdown for 9.094541036013927 minutes at 52
2025-09-11 21:11:21,912 [DEBUG] Truck: Time:<60.97955555555556> Truck:[XHTruck17] Start moving to ORDER(1): NorthPitMine-DumpSite2, move distance is 1.5373988536806484, speed: 25
2025-09-11 21:11:21,912 [INFO] Truck: Time:<40> Truck:[XHTruck17] breakdown for 11.228435734146547 minutes at 40
2025-09-11 21:11:21,922 [DEBUG] Truck: Time:<60.97955555555556> Truck:[XHTruck22] Start moving to ORDER(1): NorthPitMine-DumpSite2, move distance is 1.5346992375887014, speed: 25
2025-09-11 21:11:21,922 [INFO] Truck: Time:<22> Truck:[XHTruck22] breakdown for 10.587704419365181 minutes at 22
2025-09-11 21:11:21,922 [INFO] Truck: Time:<60.97955555555556> Truck:[XHTruck30] Start loading at shovel NorthPitMine-LoadSite4-Shovel-2, load time is 24.444444444444443
2025-09-11 21:11:21,922 [INFO] Truck: Time:<60.97955555555556> Truck:[XHTruck5] Start loading at shovel NorthPitMine-LoadSite4-Shovel-3, load time is 24.444444444444443
2025-09-11 21:11:21,933 [INFO] Truck: Time:<61.5756220472441> Truck:[OfficalTruck3] Finish loading at shovel NorthPitMine-LoadSite3-Shovel-1
2025-09-11 21:11:21,938 [DEBUG] Truck: Time:<61.5756220472441> Truck:[OfficalTruck3] Start moving to ORDER(4): NorthPitMine-DumpSite5, move distance is 2.6871576964637587, speed: 25
2025-09-11 21:11:21,938 [INFO] Truck: Time:<46> Truck:[OfficalTruck3] breakdown for 8.690300277698123 minutes at 46
2025-09-11 21:11:21,938 [INFO] Truck: Time:<61.5756220472441> Truck:[OfficalTruck4] Start loading at shovel NorthPitMine-LoadSite3-Shovel-1, load time is 5.684055118110236
2025-09-11 21:11:21,938 [INFO] Truck: Time:<61.70359424740068> Truck:[XHTruck19] Finish loading at shovel NorthPitMine-LoadSite4-Shovel-1
2025-09-11 21:11:21,938 [DEBUG] Truck: Time:<61.70359424740068> Truck:[XHTruck19] Start moving to ORDER(1): NorthPitMine-DumpSite2, move distance is 1.4668998548925436, speed: 25
2025-09-11 21:11:21,943 [INFO] Truck: Time:<50> Truck:[XHTruck19] breakdown for 7.635385597328423 minutes at 50
2025-09-11 21:11:21,943 [INFO] Truck: Time:<61.70359424740068> Truck:[CLTruck6] Start loading at shovel NorthPitMine-LoadSite4-Shovel-1, load time is 2.5836614173228347
2025-09-11 21:11:21,954 [DEBUG] Truck: Time:<62.66248474294671> Truck:[OfficalTruck7] Arrived at NorthPitMine-DumpSite2 at 62.66248474294671
2025-09-11 21:11:21,954 [INFO] Truck: Time:<62.93752269735508> Truck:[XHTruck25] Arrived at NorthPitMine-LoadSite4 at 62.93752269735508
2025-09-11 21:11:21,954 [INFO] Truck: Time:<62.93752269735508> Truck:[XHTruck25] Start loading at shovel NorthPitMine-LoadSite4-Shovel-4, load time is 24.444444444444443
2025-09-11 21:11:21,977 [DEBUG] Truck: Time:<63.27102974961048> Truck:[CLTruck19] Arrived at NorthPitMine-DumpSite5 at 63.27102974961048
2025-09-11 21:11:21,978 [INFO] Truck: Time:<63.29029893945097> Truck:[CLTruck18] Arrived at NorthPitMine-LoadSite4 at 63.29029893945097
2025-09-11 21:11:21,979 [INFO] Truck: Time:<63.29029893945097> Truck:[CLTruck18] Start loading at shovel NorthPitMine-LoadSite4-Shovel-5, load time is 15.555555555555555
2025-09-11 21:11:21,981 [INFO] Truck: Time:<63.66248474294671> Truck:[OfficalTruck7] Finish unloading at dumper NorthPitMine-DumpSite2-点位0, dumper tons is 527.5365499665492
2025-09-11 21:11:21,983 [DEBUG] Truck: Time:<63.66248474294671> Truck:[OfficalTruck7] Start moving to ORDER(4):NorthPitMine-LoadSite5, move distance is 8.093389672690094, speed: 25
2025-09-11 21:11:21,983 [INFO] Truck: Time:<63.66248474294671> Truck:[OfficalTruck7] is facing 2.084420504638654 mins delay caused by 2 pre-existing jam events on Road from NorthPitMine-DumpSite2 to NorthPitMine-LoadSite5
2025-09-11 21:11:21,985 [INFO] Truck: Time:<63.695852720060515> Truck:[XHTruck3] Arrived at NorthPitMine-LoadSite4 at 63.695852720060515
2025-09-11 21:11:21,986 [INFO] Truck: Time:<63.73652974329919> Truck:[XHTruck1] Arrived at NorthPitMine-LoadSite4 at 63.73652974329919
2025-09-11 21:11:22,014 [INFO] Truck: Time:<64.23020984769435> Truck:[OfficalTruck5] Arrived at NorthPitMine-LoadSite3 at 64.23020984769435
2025-09-11 21:11:22,016 [INFO] Truck: Time:<64.2430877657748> Truck:[CLTruck28] Arrived at NorthPitMine-LoadSite4 at 64.2430877657748
2025-09-11 21:11:22,016 [INFO] Truck: Time:<64.27102974961048> Truck:[CLTruck19] Finish unloading at dumper NorthPitMine-DumpSite5-点位0, dumper tons is 828.8698908305465
2025-09-11 21:11:22,016 [DEBUG] Truck: Time:<64.27102974961048> Truck:[CLTruck19] Start moving to ORDER(3):NorthPitMine-LoadSite4, move distance is 6.411693705211232, speed: 25
2025-09-11 21:11:22,016 [INFO] Truck: Time:<64.27102974961048> Truck:[CLTruck19] is facing 3.1494912517208222 mins delay caused by 5 pre-existing jam events on Road from NorthPitMine-DumpSite5 to NorthPitMine-LoadSite4
2025-09-11 21:11:22,016 [INFO] Truck: Time:<64.28725566472352> Truck:[CLTruck6] Finish loading at shovel NorthPitMine-LoadSite4-Shovel-1
2025-09-11 21:11:22,016 [DEBUG] Truck: Time:<64.28725566472352> Truck:[CLTruck6] Start moving to ORDER(1): NorthPitMine-DumpSite2, move distance is 1.6778408109836649, speed: 25
2025-09-11 21:11:22,016 [INFO] Truck: Time:<60> Truck:[CLTruck6] breakdown for 9.76642563668889 minutes at 60
2025-09-11 21:11:22,024 [INFO] Truck: Time:<64.28725566472352> Truck:[XHTruck3] Start loading at shovel NorthPitMine-LoadSite4-Shovel-1, load time is 4.060039370078741
2025-09-11 21:11:22,024 [DEBUG] Truck: Time:<64.29560232169202> Truck:[CLTruck27] Arrived at NorthPitMine-DumpSite2 at 64.29560232169202
2025-09-11 21:11:22,024 [INFO] Truck: Time:<64.57491767847874> Truck:[OfficalTruck1] is facing 1.7153172585617824 mins delay caused by 4 pre-existing jam events on Road from NorthPitMine-DumpSite5 to NorthPitMine-LoadSite4
2025-09-11 21:11:22,024 [DEBUG] Truck: Time:<64.63463551146673> Truck:[XHTruck13] Arrived at NorthPitMine-DumpSite1 at 64.63463551146673
2025-09-11 21:11:22,024 [INFO] Truck: Time:<64.91164927141894> Truck:[CLTruck5] is facing 0.2802150832884662 mins delay caused by 1 pre-existing jam events on Road from NorthPitMine-LoadSite5 to NorthPitMine-DumpSite1
2025-09-11 21:11:22,035 [INFO] Truck: Time:<65.092418021102> Truck:[CLTruck29] Arrived at NorthPitMine-LoadSite4 at 65.092418021102
2025-09-11 21:11:22,038 [INFO] Truck: Time:<65.18061048949578> Truck:[CLTruck11] Arrived at NorthPitMine-LoadSite4 at 65.18061048949578
2025-09-11 21:11:22,038 [INFO] Truck: Time:<65.29560232169202> Truck:[CLTruck27] Finish unloading at dumper NorthPitMine-DumpSite2-点位0, dumper tons is 565.3585165796103
2025-09-11 21:11:22,038 [DEBUG] Truck: Time:<65.29560232169202> Truck:[CLTruck27] Start moving to ORDER(2):NorthPitMine-LoadSite3, move distance is 4.585135164201921, speed: 25
2025-09-11 21:11:22,045 [INFO] Truck: Time:<65.5587874861308> Truck:[CLTruck10] Arrived at NorthPitMine-LoadSite4 at 65.5587874861308
2025-09-11 21:11:22,045 [INFO] Truck: Time:<65.63463551146673> Truck:[XHTruck13] Finish unloading at dumper NorthPitMine-DumpSite1-点位0, dumper tons is 532.5562107070126
2025-09-11 21:11:22,045 [DEBUG] Truck: Time:<65.63463551146673> Truck:[XHTruck13] Start moving to ORDER(2):NorthPitMine-LoadSite3, move distance is 4.448274486709045, speed: 25
2025-09-11 21:11:22,045 [INFO] Truck: Time:<65.67290695421204> Truck:[CLTruck20] Arrived at NorthPitMine-LoadSite5 at 65.67290695421204
2025-09-11 21:11:22,045 [INFO] Truck: Time:<65.67290695421204> Truck:[CLTruck20] Start loading at shovel NorthPitMine-LoadSite5-Shovel-1, load time is 2.5836614173228347
2025-09-11 21:11:22,045 [INFO] Truck: Time:<65.6800389723507> Truck:[CLTruck8] is facing 1.5718451675845415 mins delay caused by 2 pre-existing jam events on Road from NorthPitMine-DumpSite2 to NorthPitMine-LoadSite5
2025-09-11 21:11:22,045 [INFO] Truck: Time:<65.72034708862579> Truck:[XHTruck2] Arrived at NorthPitMine-LoadSite3 at 65.72034708862579
2025-09-11 21:11:22,055 [INFO] Truck: Time:<65.87555555555555> Truck:[XHTruck7] Finish loading at shovel NorthPitMine-LoadSite2-Shovel-2
2025-09-11 21:11:22,055 [INFO] Truck: Time:<65.87555555555555> Truck:[XHTruck16] Finish loading at shovel NorthPitMine-LoadSite2-Shovel-4
2025-09-11 21:11:22,055 [INFO] Truck: Time:<65.87555555555555> Truck:[XHTruck21] Finish loading at shovel NorthPitMine-LoadSite2-Shovel-5
2025-09-11 21:11:22,066 [DEBUG] Truck: Time:<65.87555555555555> Truck:[XHTruck7] Start moving to ORDER(4): NorthPitMine-DumpSite5, move distance is 3.18, speed: 25
2025-09-11 21:11:22,066 [INFO] Truck: Time:<36> Truck:[XHTruck7] breakdown for 9.245126818377695 minutes at 36
2025-09-11 21:11:22,066 [DEBUG] Truck: Time:<65.87555555555555> Truck:[XHTruck16] Start moving to ORDER(4): NorthPitMine-DumpSite5, move distance is 3.18, speed: 25
2025-09-11 21:11:22,066 [INFO] Truck: Time:<65> Truck:[XHTruck16] breakdown for 14.041790770123857 minutes at 65
2025-09-11 21:11:22,066 [INFO] Road: [RoadEvent] Road from NorthPitMine-LoadSite2 to NorthPitMine-DumpSite5 is in repair，the repair will last for 42.86 mins, and will end at 108.73, vehicle on this road will have to suffer punish_distance.
2025-09-11 21:11:22,066 [DEBUG] Truck: Time:<65.87555555555555> Truck:[XHTruck21] Start moving to ORDER(4): NorthPitMine-DumpSite5, move distance is 4.3003715269812535, speed: 25
2025-09-11 21:11:22,066 [INFO] Truck: Time:<54> Truck:[XHTruck21] breakdown for 11.116522484385467 minutes at 54
2025-09-11 21:11:22,066 [INFO] Truck: Time:<65.87555555555555> Truck:[XHTruck29] Start loading at shovel NorthPitMine-LoadSite2-Shovel-2, load time is 24.444444444444443
2025-09-11 21:11:22,066 [DEBUG] Truck: Time:<65.8924239070768> Truck:[XHTruck33] Arrived at NorthPitMine-DumpSite5 at 65.8924239070768
2025-09-11 21:11:22,076 [DEBUG] Truck: Time:<65.92216121411474> Truck:[XHTruck24] Arrived at NorthPitMine-DumpSite1 at 65.92216121411474
2025-09-11 21:11:22,099 [DEBUG] Truck: Time:<66.35133597765012> Truck:[XHTruck26] Arrived at NorthPitMine-DumpSite5 at 66.35133597765012
2025-09-11 21:11:22,102 [INFO] Truck: Time:<66.8924239070768> Truck:[XHTruck33] Finish unloading at dumper NorthPitMine-DumpSite5-点位0, dumper tons is 885.4435359414204
2025-09-11 21:11:22,104 [DEBUG] Truck: Time:<66.8924239070768> Truck:[XHTruck33] Start moving to ORDER(3):NorthPitMine-LoadSite4, move distance is 8.561205218699039, speed: 25
2025-09-11 21:11:22,105 [INFO] Truck: Time:<66.8924239070768> Truck:[XHTruck33] is facing 2.4944333190732753 mins delay caused by 3 pre-existing jam events on Road from NorthPitMine-DumpSite5 to NorthPitMine-LoadSite4
2025-09-11 21:11:22,106 [INFO] Truck: Time:<66.92216121411474> Truck:[XHTruck24] Finish unloading at dumper NorthPitMine-DumpSite1-点位0, dumper tons is 587.0678935026523
2025-09-11 21:11:22,110 [DEBUG] Truck: Time:<66.92216121411474> Truck:[XHTruck24] Start moving to ORDER(2):NorthPitMine-LoadSite3, move distance is 3.60148329525011, speed: 25
2025-09-11 21:11:22,110 [INFO] Truck: Time:<55> Truck:[XHTruck24] breakdown for 6.686743241366801 minutes at 55
2025-09-11 21:11:22,148 [INFO] Truck: Time:<67.17031572746104> Truck:[CLTruck7] is facing 1.3253374353641316 mins delay caused by 2 pre-existing jam events on Road from NorthPitMine-DumpSite2 to NorthPitMine-LoadSite5
2025-09-11 21:11:22,148 [INFO] Truck: Time:<67.25967716535433> Truck:[OfficalTruck4] Finish loading at shovel NorthPitMine-LoadSite3-Shovel-1
2025-09-11 21:11:22,159 [DEBUG] Truck: Time:<67.25967716535433> Truck:[OfficalTruck4] Start moving to ORDER(4): NorthPitMine-DumpSite5, move distance is 2.62024254049438, speed: 25
2025-09-11 21:11:22,159 [INFO] Truck: Time:<51> Truck:[OfficalTruck4] breakdown for 7.356091202145764 minutes at 51
2025-09-11 21:11:22,159 [INFO] Truck: Time:<67.25967716535433> Truck:[OfficalTruck5] Start loading at shovel NorthPitMine-LoadSite3-Shovel-1, load time is 5.684055118110236
2025-09-11 21:11:22,163 [INFO] Truck: Time:<67.35133597765012> Truck:[XHTruck26] Finish unloading at dumper NorthPitMine-DumpSite5-点位1, dumper tons is 219.33893930704204
2025-09-11 21:11:22,163 [DEBUG] Truck: Time:<67.35133597765012> Truck:[XHTruck26] Start moving to ORDER(3):NorthPitMine-LoadSite4, move distance is 7.233926475162853, speed: 25
2025-09-11 21:11:22,169 [INFO] Truck: Time:<67.35133597765012> Truck:[XHTruck26] is facing 2.9697979376437456 mins delay caused by 3 pre-existing jam events on Road from NorthPitMine-DumpSite5 to NorthPitMine-LoadSite4
2025-09-11 21:11:22,169 [DEBUG] Truck: Time:<67.44497483578621> Truck:[XHTruck18] Arrived at NorthPitMine-DumpSite1 at 67.44497483578621
2025-09-11 21:11:22,180 [DEBUG] Truck: Time:<68.07442257785405> Truck:[XHTruck28] Arrived at NorthPitMine-DumpSite1 at 68.07442257785405
2025-09-11 21:11:22,180 [DEBUG] Truck: Time:<68.10024978953076> Truck:[CLTruck4] Arrived at NorthPitMine-DumpSite5 at 68.10024978953076
2025-09-11 21:11:22,180 [INFO] Truck: Time:<68.11005385066356> Truck:[CLTruck26] is facing 2.862783279264529 mins delay caused by 2 pre-existing jam events on Road from NorthPitMine-LoadSite3 to NorthPitMine-DumpSite5
2025-09-11 21:11:22,180 [INFO] Truck: Time:<68.25656837153487> Truck:[CLTruck20] Finish loading at shovel NorthPitMine-LoadSite5-Shovel-1
2025-09-11 21:11:22,190 [DEBUG] Truck: Time:<68.25656837153487> Truck:[CLTruck20] Start moving to ORDER(0): NorthPitMine-DumpSite1, move distance is 7.746371098340271, speed: 25
2025-09-11 21:11:22,190 [INFO] Truck: Time:<53> Truck:[CLTruck20] breakdown for 12.905094049104838 minutes at 53
2025-09-11 21:11:22,192 [INFO] Truck: Time:<68.34729503480226> Truck:[XHTruck3] Finish loading at shovel NorthPitMine-LoadSite4-Shovel-1
2025-09-11 21:11:22,192 [DEBUG] Truck: Time:<68.34729503480226> Truck:[XHTruck3] Start moving to ORDER(1): NorthPitMine-DumpSite2, move distance is 1.5381526435736579, speed: 25
2025-09-11 21:11:22,192 [INFO] Truck: Time:<45> Truck:[XHTruck3] breakdown for 12.483201801333244 minutes at 45
2025-09-11 21:11:22,194 [INFO] Truck: Time:<68.34729503480226> Truck:[CLTruck29] Start loading at shovel NorthPitMine-LoadSite4-Shovel-1, load time is 2.5836614173228347
2025-09-11 21:11:22,196 [INFO] Truck: Time:<68.44497483578621> Truck:[XHTruck18] Finish unloading at dumper NorthPitMine-DumpSite1-点位0, dumper tons is 641.8258226644074
2025-09-11 21:11:22,199 [DEBUG] Truck: Time:<68.44497483578621> Truck:[XHTruck18] Start moving to ORDER(2):NorthPitMine-LoadSite3, move distance is 4.4511599628275675, speed: 25
2025-09-11 21:11:22,200 [INFO] Truck: Time:<50> Truck:[XHTruck18] breakdown for 17.55638860694171 minutes at 50
2025-09-11 21:11:22,200 [DEBUG] Truck: Time:<68.86795564403621> Truck:[XHTruck4] Arrived at NorthPitMine-DumpSite5 at 68.86795564403621
2025-09-11 21:11:22,205 [INFO] Truck: Time:<69.07442257785405> Truck:[XHTruck28] Finish unloading at dumper NorthPitMine-DumpSite1-点位1, dumper tons is 397.5821938414638
2025-09-11 21:11:22,209 [DEBUG] Truck: Time:<69.07442257785405> Truck:[XHTruck28] Start moving to ORDER(2):NorthPitMine-LoadSite3, move distance is 4.3251225837150935, speed: 25
2025-09-11 21:11:22,210 [INFO] Truck: Time:<66> Truck:[XHTruck28] breakdown for 8.312044831966828 minutes at 66
2025-09-11 21:11:22,210 [INFO] Truck: Time:<69.10024978953076> Truck:[CLTruck4] Finish unloading at dumper NorthPitMine-DumpSite5-点位0, dumper tons is 923.0949151076672
2025-09-11 21:11:22,213 [DEBUG] Truck: Time:<69.10024978953076> Truck:[CLTruck4] Start moving to ORDER(3):NorthPitMine-LoadSite4, move distance is 7.399716905964222, speed: 25
2025-09-11 21:11:22,213 [INFO] Truck: Time:<66> Truck:[CLTruck4] breakdown for 6.1141572165676745 minutes at 66
2025-09-11 21:11:22,214 [DEBUG] Truck: Time:<69.50386193045834> Truck:[CLTruck23] Arrived at NorthPitMine-DumpSite5 at 69.50386193045834
2025-09-11 21:11:22,214 [INFO] Truck: Time:<69.81857888970693> Truck:[CLTruck12] Arrived at NorthPitMine-LoadSite4 at 69.81857888970693
2025-09-11 21:11:22,214 [INFO] Truck: Time:<69.86795564403621> Truck:[XHTruck4] Finish unloading at dumper NorthPitMine-DumpSite5-点位1, dumper tons is 272.77679610869126
2025-09-11 21:11:22,215 [DEBUG] Truck: Time:<69.86795564403621> Truck:[XHTruck4] Start moving to ORDER(3):NorthPitMine-LoadSite4, move distance is 7.2459606372358625, speed: 25
2025-09-11 21:11:22,217 [INFO] Truck: Time:<68> Truck:[XHTruck4] breakdown for 9.549379043307775 minutes at 68
2025-09-11 21:11:22,224 [INFO] Truck: Time:<70.26592232494222> Truck:[OfficalTruck3] is facing 0 mins delay caused by 2 pre-existing jam events on Road from NorthPitMine-LoadSite3 to NorthPitMine-DumpSite5
2025-09-11 21:11:22,225 [DEBUG] Truck: Time:<70.34716501811879> Truck:[CLTruck2] Arrived at NorthPitMine-DumpSite5 at 70.34716501811879
2025-09-11 21:11:22,225 [INFO] Truck: Time:<70.50386193045834> Truck:[CLTruck23] Finish unloading at dumper NorthPitMine-DumpSite5-点位0, dumper tons is 954.9412326302071
2025-09-11 21:11:22,230 [DEBUG] Truck: Time:<70.50386193045834> Truck:[CLTruck23] Start moving to ORDER(3):NorthPitMine-LoadSite4, move distance is 8.160725115985366, speed: 25
2025-09-11 21:11:22,230 [INFO] Truck: Time:<70.50386193045834> Truck:[CLTruck23] is facing 0 mins delay caused by 2 pre-existing jam events on Road from NorthPitMine-DumpSite5 to NorthPitMine-LoadSite4
2025-09-11 21:11:22,231 [INFO] Truck: Time:<70.67602414832571> Truck:[CLTruck15] Arrived at NorthPitMine-LoadSite3 at 70.67602414832571
2025-09-11 21:11:22,231 [INFO] Truck: Time:<70.70297761988229> Truck:[CLTruck21] is facing 0 mins delay caused by 2 pre-existing jam events on Road from NorthPitMine-LoadSite3 to NorthPitMine-DumpSite5
2025-09-11 21:11:22,231 [INFO] Truck: Time:<70.93095645212509> Truck:[CLTruck29] Finish loading at shovel NorthPitMine-LoadSite4-Shovel-1
2025-09-11 21:11:22,231 [DEBUG] Truck: Time:<70.93095645212509> Truck:[CLTruck29] Start moving to ORDER(1): NorthPitMine-DumpSite2, move distance is 1.4437352778095704, speed: 25
2025-09-11 21:11:22,231 [INFO] Truck: Time:<65> Truck:[CLTruck29] breakdown for 13.925270774020024 minutes at 65
2025-09-11 21:11:22,239 [INFO] Truck: Time:<70.93095645212509> Truck:[CLTruck12] Start loading at shovel NorthPitMine-LoadSite4-Shovel-1, load time is 2.5836614173228347
2025-09-11 21:11:22,251 [INFO] Truck: Time:<71.34716501811879> Truck:[CLTruck2] Finish unloading at dumper NorthPitMine-DumpSite5-点位1, dumper tons is 308.4293534509593
2025-09-11 21:11:22,251 [DEBUG] Truck: Time:<71.34716501811879> Truck:[CLTruck2] Start moving to ORDER(3):NorthPitMine-LoadSite4, move distance is 6.674964188404854, speed: 25
2025-09-11 21:11:22,251 [INFO] Truck: Time:<66> Truck:[CLTruck2] breakdown for 8.971813398953577 minutes at 66
2025-09-11 21:11:22,251 [INFO] Truck: Time:<71.76927458612923> Truck:[XHTruck14] is facing 0 mins delay caused by 2 pre-existing jam events on Road from NorthPitMine-DumpSite5 to NorthPitMine-LoadSite4
2025-09-11 21:11:22,291 [DEBUG] Truck: Time:<72.77958685265043> Truck:[XHTruck32] Arrived at NorthPitMine-DumpSite1 at 72.77958685265043
2025-09-11 21:11:22,292 [DEBUG] Truck: Time:<72.8595394964712> Truck:[XHTruck19] Arrived at NorthPitMine-DumpSite2 at 72.8595394964712
2025-09-11 21:11:22,293 [INFO] Truck: Time:<72.94373228346457> Truck:[OfficalTruck5] Finish loading at shovel NorthPitMine-LoadSite3-Shovel-1
2025-09-11 21:11:22,295 [DEBUG] Truck: Time:<72.94373228346457> Truck:[OfficalTruck5] Start moving to ORDER(4): NorthPitMine-DumpSite5, move distance is 2.4406396822333174, speed: 25
2025-09-11 21:11:22,295 [INFO] Truck: Time:<60> Truck:[OfficalTruck5] breakdown for 15.954310257885991 minutes at 60
2025-09-11 21:11:22,295 [INFO] Truck: Time:<72.94373228346457> Truck:[XHTruck2] Start loading at shovel NorthPitMine-LoadSite3-Shovel-1, load time is 4.060039370078741
2025-09-11 21:11:22,323 [INFO] Truck: Time:<73.42568121130974> Truck:[OfficalTruck6] Arrived at NorthPitMine-LoadSite3 at 73.42568121130974
2025-09-11 21:11:22,326 [INFO] Truck: Time:<73.45116372928226> Truck:[CLTruck3] Arrived at NorthPitMine-LoadSite5 at 73.45116372928226
2025-09-11 21:11:22,328 [INFO] Truck: Time:<73.45116372928226> Truck:[CLTruck3] Start loading at shovel NorthPitMine-LoadSite5-Shovel-1, load time is 2.5836614173228347
2025-09-11 21:11:22,328 [INFO] Truck: Time:<73.51461786944792> Truck:[CLTruck12] Finish loading at shovel NorthPitMine-LoadSite4-Shovel-1
2025-09-11 21:11:22,328 [DEBUG] Truck: Time:<73.51461786944792> Truck:[CLTruck12] Start moving to ORDER(1): NorthPitMine-DumpSite2, move distance is 1.515680798486135, speed: 25
2025-09-11 21:11:22,328 [INFO] Truck: Time:<68> Truck:[CLTruck12] breakdown for 8.242633670919144 minutes at 68
2025-09-11 21:11:22,328 [INFO] Truck: Time:<73.60890445548154> Truck:[XHTruck24] is facing 5.238903789056765 mins delay caused by 1 pre-existing jam events on Road from NorthPitMine-DumpSite1 to NorthPitMine-LoadSite3
2025-09-11 21:11:22,328 [INFO] Truck: Time:<73.77958685265043> Truck:[XHTruck32] Finish unloading at dumper NorthPitMine-DumpSite1-点位0, dumper tons is 698.1014120239656
2025-09-11 21:11:22,328 [INFO] Road: [RoadEvent] Road from NorthPitMine-DumpSite1 to NorthPitMine-LoadSite4 is in repair，the repair will last for 64.47 mins, and will end at 138.25, vehicle on this road will have to suffer punish_distance.
2025-09-11 21:11:22,328 [DEBUG] Truck: Time:<73.77958685265043> Truck:[XHTruck32] Start moving to ORDER(3):NorthPitMine-LoadSite4, move distance is 4.473163807064283, speed: 25
2025-09-11 21:11:22,328 [INFO] Truck: Time:<70> Truck:[XHTruck32] breakdown for 6.226395134057052 minutes at 70
2025-09-11 21:11:22,339 [INFO] Truck: Time:<73.8595394964712> Truck:[XHTruck19] Finish unloading at dumper NorthPitMine-DumpSite2-点位0, dumper tons is 624.1197252922908
2025-09-11 21:11:22,339 [DEBUG] Truck: Time:<73.8595394964712> Truck:[XHTruck19] Start moving to ORDER(4):NorthPitMine-LoadSite5, move distance is 7.085029411662007, speed: 25
2025-09-11 21:11:22,339 [INFO] Truck: Time:<73> Truck:[XHTruck19] breakdown for 14.127946685007517 minutes at 73
2025-09-11 21:11:22,339 [DEBUG] Truck: Time:<73.9437723870539> Truck:[XHTruck12] Arrived at NorthPitMine-DumpSite2 at 73.9437723870539
2025-09-11 21:11:22,339 [INFO] Truck: Time:<73.99726299172295> Truck:[XHTruck6] Arrived at NorthPitMine-LoadSite3 at 73.99726299172295
2025-09-11 21:11:22,350 [INFO] Truck: Time:<74.05368130141241> Truck:[CLTruck6] is facing 9.705234067746103 mins delay caused by 1 pre-existing jam events on Road from NorthPitMine-LoadSite4 to NorthPitMine-DumpSite2
2025-09-11 21:11:22,350 [INFO] Truck: Time:<74.3620179163587> Truck:[OfficalTruck9] Arrived at NorthPitMine-LoadSite4 at 74.3620179163587
2025-09-11 21:11:22,350 [INFO] Truck: Time:<74.3620179163587> Truck:[OfficalTruck9] Start loading at shovel NorthPitMine-LoadSite4-Shovel-1, load time is 5.684055118110236
2025-09-11 21:11:22,350 [INFO] Truck: Time:<74.6157683675001> Truck:[OfficalTruck4] is facing 0 mins delay caused by 1 pre-existing jam events on Road from NorthPitMine-LoadSite3 to NorthPitMine-DumpSite5
2025-09-11 21:11:22,350 [INFO] Truck: Time:<74.84489132713607> Truck:[XHTruck23] Arrived at NorthPitMine-LoadSite4 at 74.84489132713607
2025-09-11 21:11:22,350 [INFO] Truck: Time:<74.85576393396998> Truck:[XHTruck10] Arrived at NorthPitMine-LoadSite3 at 74.85576393396998
2025-09-11 21:11:22,360 [INFO] Truck: Time:<74.9437723870539> Truck:[XHTruck12] Finish unloading at dumper NorthPitMine-DumpSite2-点位0, dumper tons is 683.8609157530028
2025-09-11 21:11:22,360 [DEBUG] Truck: Time:<74.9437723870539> Truck:[XHTruck12] Start moving to ORDER(4):NorthPitMine-LoadSite5, move distance is 8.534623081223137, speed: 25
2025-09-11 21:11:22,360 [INFO] Truck: Time:<74.9437723870539> Truck:[XHTruck12] is facing 0 mins delay caused by 4 pre-existing jam events on Road from NorthPitMine-DumpSite2 to NorthPitMine-LoadSite5
2025-09-11 21:11:22,360 [INFO] Truck: Time:<74.95175770437086> Truck:[OfficalTruck8] Arrived at NorthPitMine-LoadSite4 at 74.95175770437086
2025-09-11 21:11:22,370 [DEBUG] Truck: Time:<75.01331438554853> Truck:[CLTruck17] Arrived at NorthPitMine-DumpSite1 at 75.01331438554853
2025-09-11 21:11:22,370 [DEBUG] Truck: Time:<75.05395101744733> Truck:[CLTruck9] Arrived at NorthPitMine-DumpSite2 at 75.05395101744733
2025-09-11 21:11:22,370 [INFO] Truck: Time:<75.21440700609844> Truck:[CLTruck4] is facing 6.93356661884295 mins delay caused by 3 pre-existing jam events on Road from NorthPitMine-DumpSite5 to NorthPitMine-LoadSite4
2025-09-11 21:11:22,370 [DEBUG] Truck: Time:<75.25053814513363> Truck:[XHTruck22] Arrived at NorthPitMine-DumpSite2 at 75.25053814513363
2025-09-11 21:11:22,370 [DEBUG] Truck: Time:<75.89774853853567> Truck:[XHTruck17] Arrived at NorthPitMine-DumpSite2 at 75.89774853853567
2025-09-11 21:11:22,381 [INFO] Truck: Time:<76.01331438554853> Truck:[CLTruck17] Finish unloading at dumper NorthPitMine-DumpSite1-点位0, dumper tons is 730.5224308455508
2025-09-11 21:11:22,381 [DEBUG] Truck: Time:<76.01331438554853> Truck:[CLTruck17] Start moving to ORDER(2):NorthPitMine-LoadSite3, move distance is 4.326801790531842, speed: 25
2025-09-11 21:11:22,381 [INFO] Truck: Time:<57> Truck:[CLTruck17] breakdown for 8.080404772639412 minutes at 57
2025-09-11 21:11:22,381 [INFO] Truck: Time:<76.03482514660509> Truck:[CLTruck3] Finish loading at shovel NorthPitMine-LoadSite5-Shovel-1
2025-09-11 21:11:22,391 [DEBUG] Truck: Time:<76.03482514660509> Truck:[CLTruck3] Start moving to ORDER(0): NorthPitMine-DumpSite1, move distance is 6.576434658134817, speed: 25
2025-09-11 21:11:22,391 [INFO] Truck: Time:<72> Truck:[CLTruck3] breakdown for 10.7013300905187 minutes at 72
2025-09-11 21:11:22,391 [INFO] Truck: Time:<76.05395101744733> Truck:[CLTruck9] Finish unloading at dumper NorthPitMine-DumpSite2-点位0, dumper tons is 719.4823043343687
2025-09-11 21:11:22,391 [DEBUG] Truck: Time:<76.05395101744733> Truck:[CLTruck9] Start moving to ORDER(4):NorthPitMine-LoadSite5, move distance is 8.749074996415683, speed: 25
2025-09-11 21:11:22,391 [INFO] Truck: Time:<76.05395101744733> Truck:[CLTruck9] is facing 0 mins delay caused by 4 pre-existing jam events on Road from NorthPitMine-DumpSite2 to NorthPitMine-LoadSite5
2025-09-11 21:11:22,391 [INFO] Truck: Time:<76.16052472789741> Truck:[OfficalTruck2] Arrived at NorthPitMine-LoadSite4 at 76.16052472789741
2025-09-11 21:11:22,391 [INFO] Truck: Time:<76.25053814513363> Truck:[XHTruck22] Finish unloading at dumper NorthPitMine-DumpSite2-点位1, dumper tons is 119.63601117490018
2025-09-11 21:11:22,391 [DEBUG] Truck: Time:<76.25053814513363> Truck:[XHTruck22] Start moving to ORDER(4):NorthPitMine-LoadSite5, move distance is 7.892230159105927, speed: 25
2025-09-11 21:11:22,391 [INFO] Truck: Time:<76.25053814513363> Truck:[XHTruck22] is facing 0 mins delay caused by 4 pre-existing jam events on Road from NorthPitMine-DumpSite2 to NorthPitMine-LoadSite5
2025-09-11 21:11:22,391 [INFO] Truck: Time:<76.25674158034086> Truck:[CLTruck22] Arrived at NorthPitMine-LoadSite3 at 76.25674158034086
2025-09-11 21:11:22,402 [INFO] Truck: Time:<76.29992671577662> Truck:[CLTruck27] Arrived at NorthPitMine-LoadSite3 at 76.29992671577662
2025-09-11 21:11:22,402 [INFO] Truck: Time:<76.31049427956843> Truck:[XHTruck13] Arrived at NorthPitMine-LoadSite3 at 76.31049427956843
2025-09-11 21:11:22,402 [INFO] Truck: Time:<76.48843963247917> Truck:[XHTruck20] Arrived at NorthPitMine-LoadSite3 at 76.48843963247917
2025-09-11 21:11:22,402 [DEBUG] Truck: Time:<76.71510079645525> Truck:[OfficalTruck3] Arrived at NorthPitMine-DumpSite5 at 76.71510079645525
2025-09-11 21:11:22,402 [INFO] Truck: Time:<76.89774853853567> Truck:[XHTruck17] Finish unloading at dumper NorthPitMine-DumpSite2-点位2, dumper tons is 91.88079548048569
2025-09-11 21:11:22,402 [DEBUG] Truck: Time:<76.89774853853567> Truck:[XHTruck17] Start moving to ORDER(4):NorthPitMine-LoadSite5, move distance is 7.672575416169736, speed: 25
2025-09-11 21:11:22,402 [INFO] Truck: Time:<76.89774853853567> Truck:[XHTruck17] is facing 0 mins delay caused by 4 pre-existing jam events on Road from NorthPitMine-DumpSite2 to NorthPitMine-LoadSite5
2025-09-11 21:11:22,402 [INFO] Truck: Time:<76.96865974182009> Truck:[CLTruck14] Arrived at NorthPitMine-LoadSite4 at 76.96865974182009
2025-09-11 21:11:22,422 [INFO] Truck: Time:<77.00377165354331> Truck:[XHTruck2] Finish loading at shovel NorthPitMine-LoadSite3-Shovel-1
2025-09-11 21:11:22,422 [DEBUG] Truck: Time:<77.00377165354331> Truck:[XHTruck2] Start moving to ORDER(4): NorthPitMine-DumpSite5, move distance is 2.612561158853223, speed: 25
2025-09-11 21:11:22,422 [INFO] Truck: Time:<65> Truck:[XHTruck2] breakdown for 4.291846603214888 minutes at 65
2025-09-11 21:11:22,432 [INFO] Truck: Time:<77.00377165354331> Truck:[CLTruck15] Start loading at shovel NorthPitMine-LoadSite3-Shovel-1, load time is 2.5836614173228347
2025-09-11 21:11:22,432 [DEBUG] Truck: Time:<77.03769876857467> Truck:[CLTruck26] Arrived at NorthPitMine-DumpSite5 at 77.03769876857467
2025-09-11 21:11:22,432 [INFO] Truck: Time:<77.38646740982088> Truck:[XHTruck28] is facing 0.8754755128851093 mins delay caused by 1 pre-existing jam events on Road from NorthPitMine-DumpSite1 to NorthPitMine-LoadSite3
2025-09-11 21:11:22,432 [DEBUG] Truck: Time:<77.52323105865588> Truck:[CLTruck21] Arrived at NorthPitMine-DumpSite5 at 77.52323105865588
2025-09-11 21:11:22,432 [DEBUG] Truck: Time:<77.66093900263294> Truck:[XHTruck8] Arrived at NorthPitMine-DumpSite2 at 77.66093900263294
2025-09-11 21:11:22,432 [INFO] Truck: Time:<77.71510079645525> Truck:[OfficalTruck3] Finish unloading at dumper NorthPitMine-DumpSite5-点位0, dumper tons is 1037.7416289878727
2025-09-11 21:11:22,439 [DEBUG] Truck: Time:<77.71510079645525> Truck:[OfficalTruck3] Start moving to ORDER(3):NorthPitMine-LoadSite4, move distance is 7.370585172718625, speed: 25
2025-09-11 21:11:22,439 [INFO] Truck: Time:<77.71510079645525> Truck:[OfficalTruck3] is facing 4.445050417878898 mins delay caused by 3 pre-existing jam events on Road from NorthPitMine-DumpSite5 to NorthPitMine-LoadSite4
2025-09-11 21:11:22,453 [INFO] Truck: Time:<78.03769876857467> Truck:[CLTruck26] Finish unloading at dumper NorthPitMine-DumpSite5-点位1, dumper tons is 343.1485100308179
2025-09-11 21:11:22,455 [DEBUG] Truck: Time:<78.03769876857467> Truck:[CLTruck26] Start moving to ORDER(3):NorthPitMine-LoadSite4, move distance is 7.00509358370623, speed: 25
2025-09-11 21:11:22,455 [INFO] Truck: Time:<76> Truck:[CLTruck26] breakdown for 7.028983594224821 minutes at 76
2025-09-11 21:11:22,455 [INFO] Truck: Time:<78.52323105865588> Truck:[CLTruck21] Finish unloading at dumper NorthPitMine-DumpSite5-点位2, dumper tons is 106.43431350823171
2025-09-11 21:11:22,455 [DEBUG] Truck: Time:<78.52323105865588> Truck:[CLTruck21] Start moving to ORDER(3):NorthPitMine-LoadSite4, move distance is 5.34, speed: 25
2025-09-11 21:11:22,455 [INFO] Truck: Time:<78.52323105865588> Truck:[CLTruck21] is facing 4.855927299399657 mins delay caused by 3 pre-existing jam events on Road from NorthPitMine-DumpSite5 to NorthPitMine-LoadSite4
2025-09-11 21:11:22,463 [INFO] Truck: Time:<78.53103395840026> Truck:[CLTruck25] Arrived at NorthPitMine-LoadSite4 at 78.53103395840026
2025-09-11 21:11:22,463 [INFO] Truck: Time:<78.66093900263294> Truck:[XHTruck8] Finish unloading at dumper NorthPitMine-DumpSite2-点位0, dumper tons is 770.3046813617086
2025-09-11 21:11:22,463 [DEBUG] Truck: Time:<78.66093900263294> Truck:[XHTruck8] Start moving to ORDER(4):NorthPitMine-LoadSite5, move distance is 8.37723060875987, speed: 25
2025-09-11 21:11:22,471 [INFO] Truck: Time:<78.66093900263294> Truck:[XHTruck8] is facing 0 mins delay caused by 3 pre-existing jam events on Road from NorthPitMine-DumpSite2 to NorthPitMine-LoadSite5
2025-09-11 21:11:22,475 [INFO] Truck: Time:<78.84585449500652> Truck:[CLTruck18] Finish loading at shovel NorthPitMine-LoadSite4-Shovel-5
2025-09-11 21:11:22,476 [DEBUG] Truck: Time:<78.84585449500652> Truck:[CLTruck18] Start moving to ORDER(1): NorthPitMine-DumpSite2, move distance is 1.743167617970029, speed: 25
2025-09-11 21:11:22,476 [INFO] Truck: Time:<77> Truck:[CLTruck18] breakdown for 11.564772843469939 minutes at 77
2025-09-11 21:11:22,485 [INFO] Truck: Time:<78.84585449500652> Truck:[CLTruck10] Start loading at shovel NorthPitMine-LoadSite4-Shovel-5, load time is 15.555555555555555
2025-09-11 21:11:22,497 [INFO] Truck: Time:<79.417334687344> Truck:[XHTruck4] is facing 2.7949118283090693 mins delay caused by 3 pre-existing jam events on Road from NorthPitMine-DumpSite5 to NorthPitMine-LoadSite4
2025-09-11 21:11:22,498 [INFO] Truck: Time:<79.58743307086614> Truck:[CLTruck15] Finish loading at shovel NorthPitMine-LoadSite3-Shovel-1
2025-09-11 21:11:22,500 [DEBUG] Truck: Time:<79.58743307086614> Truck:[CLTruck15] Start moving to ORDER(4): NorthPitMine-DumpSite5, move distance is 2.548207663637288, speed: 25
2025-09-11 21:11:22,501 [INFO] Truck: Time:<71> Truck:[CLTruck15] breakdown for 11.597048951774923 minutes at 71
2025-09-11 21:11:22,502 [INFO] Truck: Time:<79.58743307086614> Truck:[OfficalTruck6] Start loading at shovel NorthPitMine-LoadSite3-Shovel-1, load time is 5.684055118110236
2025-09-11 21:11:22,508 [INFO] Truck: Time:<80.04607303446893> Truck:[OfficalTruck9] Finish loading at shovel NorthPitMine-LoadSite4-Shovel-1
2025-09-11 21:11:22,509 [DEBUG] Truck: Time:<80.04607303446893> Truck:[OfficalTruck9] Start moving to ORDER(1): NorthPitMine-DumpSite2, move distance is 1.6667865369581494, speed: 25
2025-09-11 21:11:22,509 [INFO] Truck: Time:<80.04607303446893> Truck:[OfficalTruck9] is facing 3.736477899572965 mins delay caused by 1 pre-existing jam events on Road from NorthPitMine-LoadSite4 to NorthPitMine-DumpSite2
2025-09-11 21:11:22,510 [INFO] Truck: Time:<80.04607303446893> Truck:[XHTruck23] Start loading at shovel NorthPitMine-LoadSite4-Shovel-1, load time is 4.060039370078741
2025-09-11 21:11:22,510 [INFO] Truck: Time:<80.31897841707236> Truck:[CLTruck2] is facing 2.1319549024163713 mins delay caused by 3 pre-existing jam events on Road from NorthPitMine-DumpSite5 to NorthPitMine-LoadSite4
2025-09-11 21:11:22,510 [INFO] Truck: Time:<80.33590755795447> Truck:[CLTruck24] Arrived at NorthPitMine-LoadSite5 at 80.33590755795447
2025-09-11 21:11:22,511 [INFO] Truck: Time:<80.33590755795447> Truck:[CLTruck24] Start loading at shovel NorthPitMine-LoadSite5-Shovel-1, load time is 2.5836614173228347
2025-09-11 21:11:22,511 [DEBUG] Truck: Time:<80.7461046137374> Truck:[CLTruck5] Arrived at NorthPitMine-DumpSite1 at 80.7461046137374
2025-09-11 21:11:22,511 [INFO] Truck: Time:<80.8304968361355> Truck:[XHTruck3] is facing 3.2270911312089794 mins delay caused by 1 pre-existing jam events on Road from NorthPitMine-LoadSite4 to NorthPitMine-DumpSite2
2025-09-11 21:11:22,512 [DEBUG] Truck: Time:<80.90435046468662> Truck:[OfficalTruck4] Arrived at NorthPitMine-DumpSite5 at 80.90435046468662
2025-09-11 21:11:22,515 [INFO] Truck: Time:<81.1616624206397> Truck:[CLTruck20] is facing 0 mins delay caused by 1 pre-existing jam events on Road from NorthPitMine-LoadSite5 to NorthPitMine-DumpSite1
2025-09-11 21:11:22,515 [INFO] Truck: Time:<81.7461046137374> Truck:[CLTruck5] Finish unloading at dumper NorthPitMine-DumpSite1-点位0, dumper tons is 766.4842084971608
2025-09-11 21:11:22,516 [DEBUG] Truck: Time:<81.7461046137374> Truck:[CLTruck5] Start moving to ORDER(3):NorthPitMine-LoadSite4, move distance is 4.687622812213626, speed: 25
2025-09-11 21:11:22,516 [INFO] Truck: Time:<81.75725154036706> Truck:[CLTruck12] is facing 2.3483843359933743 mins delay caused by 1 pre-existing jam events on Road from NorthPitMine-LoadSite4 to NorthPitMine-DumpSite2
2025-09-11 21:11:22,517 [INFO] Truck: Time:<81.75822222222223> Truck:[XHTruck9] Finish loading at shovel NorthPitMine-LoadSite3-Shovel-2
2025-09-11 21:11:22,517 [INFO] Truck: Time:<81.75822222222223> Truck:[XHTruck15] Finish loading at shovel NorthPitMine-LoadSite3-Shovel-3
2025-09-11 21:11:22,518 [DEBUG] Truck: Time:<81.75822222222223> Truck:[XHTruck9] Start moving to ORDER(4): NorthPitMine-DumpSite5, move distance is 2.3990911802744757, speed: 25
2025-09-11 21:11:22,518 [INFO] Truck: Time:<62> Truck:[XHTruck9] breakdown for 8.696951825136113 minutes at 62
2025-09-11 21:11:22,521 [DEBUG] Truck: Time:<81.75822222222223> Truck:[XHTruck15] Start moving to ORDER(4): NorthPitMine-DumpSite5, move distance is 2.752529900516671, speed: 25
2025-09-11 21:11:22,522 [INFO] Truck: Time:<77> Truck:[XHTruck15] breakdown for 9.300781585707256 minutes at 77
2025-09-11 21:11:22,522 [INFO] Truck: Time:<81.75822222222223> Truck:[XHTruck27] Start loading at shovel NorthPitMine-LoadSite3-Shovel-2, load time is 24.444444444444443
2025-09-11 21:11:22,522 [INFO] Truck: Time:<81.75822222222223> Truck:[XHTruck31] Start loading at shovel NorthPitMine-LoadSite3-Shovel-3, load time is 24.444444444444443
2025-09-11 21:11:22,526 [INFO] Truck: Time:<81.90435046468662> Truck:[OfficalTruck4] Finish unloading at dumper NorthPitMine-DumpSite5-点位0, dumper tons is 1115.1735214044593
2025-09-11 21:11:22,528 [DEBUG] Truck: Time:<81.90435046468662> Truck:[OfficalTruck4] Start moving to ORDER(3):NorthPitMine-LoadSite4, move distance is 5.34, speed: 25
2025-09-11 21:11:22,529 [INFO] Truck: Time:<81> Truck:[OfficalTruck4] breakdown for 14.031879684454223 minutes at 81
2025-09-11 21:11:22,549 [DEBUG] Truck: Time:<82.75268237393325> Truck:[XHTruck7] Arrived at NorthPitMine-DumpSite5 at 82.75268237393325
2025-09-11 21:11:22,550 [INFO] Truck: Time:<82.80858589383826> Truck:[CLTruck19] Arrived at NorthPitMine-LoadSite4 at 82.80858589383826
2025-09-11 21:11:22,550 [INFO] Truck: Time:<82.9195689752773> Truck:[CLTruck24] Finish loading at shovel NorthPitMine-LoadSite5-Shovel-1
2025-09-11 21:11:22,550 [DEBUG] Truck: Time:<82.9195689752773> Truck:[CLTruck24] Start moving to ORDER(0): NorthPitMine-DumpSite1, move distance is 6.910659606846385, speed: 25
2025-09-11 21:11:22,556 [INFO] Truck: Time:<83.75268237393325> Truck:[XHTruck7] Finish unloading at dumper NorthPitMine-DumpSite5-点位0, dumper tons is 1172.343615492584
2025-09-11 21:11:22,558 [INFO] Road: [RoadEvent] Road from NorthPitMine-DumpSite5 to NorthPitMine-LoadSite4 is in repair，the repair will last for 53.61 mins, and will end at 137.36, vehicle on this road will have to suffer punish_distance.
2025-09-11 21:11:22,559 [DEBUG] Truck: Time:<83.75268237393325> Truck:[XHTruck7] Start moving to ORDER(3):NorthPitMine-LoadSite4, move distance is 8.370277973356533, speed: 25
2025-09-11 21:11:22,559 [INFO] Truck: Time:<81> Truck:[XHTruck7] breakdown for 12.38307931960846 minutes at 81
2025-09-11 21:11:22,566 [INFO] Truck: Time:<84.09371915818794> Truck:[CLTruck17] is facing 1.807778205325489 mins delay caused by 2 pre-existing jam events on Road from NorthPitMine-DumpSite1 to NorthPitMine-LoadSite3
2025-09-11 21:11:22,567 [INFO] Truck: Time:<84.10611240454767> Truck:[XHTruck23] Finish loading at shovel NorthPitMine-LoadSite4-Shovel-1
2025-09-11 21:11:22,569 [DEBUG] Truck: Time:<84.10611240454767> Truck:[XHTruck23] Start moving to ORDER(1): NorthPitMine-DumpSite2, move distance is 1.2436465153039606, speed: 25
2025-09-11 21:11:22,570 [INFO] Truck: Time:<82> Truck:[XHTruck23] breakdown for 9.345616522556 minutes at 82
2025-09-11 21:11:22,570 [INFO] Truck: Time:<84.10611240454767> Truck:[OfficalTruck8] Start loading at shovel NorthPitMine-LoadSite4-Shovel-1, load time is 5.684055118110236
2025-09-11 21:11:22,570 [INFO] Truck: Time:<84.31577773200917> Truck:[CLTruck8] Arrived at NorthPitMine-LoadSite5 at 84.31577773200917
2025-09-11 21:11:22,571 [INFO] Truck: Time:<84.31577773200917> Truck:[CLTruck8] Start loading at shovel NorthPitMine-LoadSite5-Shovel-1, load time is 2.5836614173228347
2025-09-11 21:11:22,571 [INFO] Truck: Time:<84.85622722614511> Truck:[CLTruck29] is facing 4.049057764126337 mins delay caused by 2 pre-existing jam events on Road from NorthPitMine-LoadSite4 to NorthPitMine-DumpSite2
2025-09-11 21:11:22,580 [INFO] Truck: Time:<85.0666823627995> Truck:[CLTruck26] is facing 0 mins delay caused by 2 pre-existing jam events on Road from NorthPitMine-DumpSite5 to NorthPitMine-LoadSite4
2025-09-11 21:11:22,581 [INFO] Truck: Time:<85.11038426184683> Truck:[OfficalTruck1] Arrived at NorthPitMine-LoadSite4 at 85.11038426184683
2025-09-11 21:11:22,581 [INFO] Truck: Time:<85.17104046204159> Truck:[OfficalTruck7] Arrived at NorthPitMine-LoadSite5 at 85.17104046204159
2025-09-11 21:11:22,582 [INFO] Truck: Time:<85.17104046204159> Truck:[OfficalTruck7] Start loading at shovel NorthPitMine-LoadSite5-Shovel-2, load time is 5.684055118110236
2025-09-11 21:11:22,582 [INFO] Truck: Time:<85.27148818897638> Truck:[OfficalTruck6] Finish loading at shovel NorthPitMine-LoadSite3-Shovel-1
2025-09-11 21:11:22,584 [DEBUG] Truck: Time:<85.27148818897638> Truck:[OfficalTruck6] Start moving to ORDER(4): NorthPitMine-DumpSite5, move distance is 2.9623678241999083, speed: 25
2025-09-11 21:11:22,584 [INFO] Truck: Time:<72> Truck:[OfficalTruck6] breakdown for 9.090657922432246 minutes at 72
2025-09-11 21:11:22,585 [INFO] Truck: Time:<85.27148818897638> Truck:[XHTruck10] Start loading at shovel NorthPitMine-LoadSite3-Shovel-1, load time is 4.060039370078741
2025-09-11 21:11:22,585 [INFO] Truck: Time:<85.34765097740535> Truck:[CLTruck7] Arrived at NorthPitMine-LoadSite5 at 85.34765097740535
2025-09-11 21:11:22,586 [INFO] Truck: Time:<85.424> Truck:[XHTruck30] Finish loading at shovel NorthPitMine-LoadSite4-Shovel-2
2025-09-11 21:11:22,586 [INFO] Truck: Time:<85.424> Truck:[XHTruck5] Finish loading at shovel NorthPitMine-LoadSite4-Shovel-3
2025-09-11 21:11:22,586 [DEBUG] Truck: Time:<85.424> Truck:[XHTruck30] Start moving to ORDER(1): NorthPitMine-DumpSite2, move distance is 1.8140052701144727, speed: 25
2025-09-11 21:11:22,586 [INFO] Truck: Time:<63> Truck:[XHTruck30] breakdown for 8.578790486375759 minutes at 63
2025-09-11 21:11:22,586 [DEBUG] Truck: Time:<85.424> Truck:[XHTruck5] Start moving to ORDER(1): NorthPitMine-DumpSite2, move distance is 1.6144399005883538, speed: 25
2025-09-11 21:11:22,586 [INFO] Truck: Time:<78> Truck:[XHTruck5] breakdown for 10.284773772900788 minutes at 78
2025-09-11 21:11:22,586 [INFO] Truck: Time:<85.424> Truck:[XHTruck1] Start loading at shovel NorthPitMine-LoadSite4-Shovel-2, load time is 24.444444444444443
2025-09-11 21:11:22,586 [INFO] Truck: Time:<85.424> Truck:[CLTruck28] Start loading at shovel NorthPitMine-LoadSite4-Shovel-3, load time is 15.555555555555555
2025-09-11 21:11:22,586 [DEBUG] Truck: Time:<85.96926258978762> Truck:[CLTruck13] Arrived at NorthPitMine-DumpSite1 at 85.96926258978762
2025-09-11 21:11:22,596 [INFO] Truck: Time:<86.00136344272792> Truck:[XHTruck18] is facing 0 mins delay caused by 2 pre-existing jam events on Road from NorthPitMine-DumpSite1 to NorthPitMine-LoadSite3
2025-09-11 21:11:22,596 [INFO] Truck: Time:<86.899439149332> Truck:[CLTruck8] Finish loading at shovel NorthPitMine-LoadSite5-Shovel-1
2025-09-11 21:11:22,596 [DEBUG] Truck: Time:<86.899439149332> Truck:[CLTruck8] Start moving to ORDER(0): NorthPitMine-DumpSite1, move distance is 5.15, speed: 25
2025-09-11 21:11:22,596 [INFO] Truck: Time:<77> Truck:[CLTruck8] breakdown for 5.396631608090386 minutes at 77
2025-09-11 21:11:22,606 [INFO] Truck: Time:<86.899439149332> Truck:[CLTruck7] Start loading at shovel NorthPitMine-LoadSite5-Shovel-1, load time is 2.5836614173228347
2025-09-11 21:11:22,606 [INFO] Truck: Time:<86.96926258978762> Truck:[CLTruck13] Finish unloading at dumper NorthPitMine-DumpSite1-点位0, dumper tons is 799.344512047865
2025-09-11 21:11:22,606 [DEBUG] Truck: Time:<86.96926258978762> Truck:[CLTruck13] Start moving to ORDER(2):NorthPitMine-LoadSite3, move distance is 4.094377283295155, speed: 25
2025-09-11 21:11:22,606 [INFO] Truck: Time:<86.96926258978762> Truck:[CLTruck13] is facing 0 mins delay caused by 2 pre-existing jam events on Road from NorthPitMine-DumpSite1 to NorthPitMine-LoadSite3
2025-09-11 21:11:22,626 [DEBUG] Truck: Time:<87.31296970469603> Truck:[XHTruck21] Arrived at NorthPitMine-DumpSite5 at 87.31296970469603
2025-09-11 21:11:22,626 [INFO] Truck: Time:<87.38196714179952> Truck:[XHTruck25] Finish loading at shovel NorthPitMine-LoadSite4-Shovel-4
2025-09-11 21:11:22,626 [DEBUG] Truck: Time:<87.38196714179952> Truck:[XHTruck25] Start moving to ORDER(1): NorthPitMine-DumpSite2, move distance is 1.6585586714558525, speed: 25
2025-09-11 21:11:22,626 [INFO] Truck: Time:<77> Truck:[XHTruck25] breakdown for 8.033753351857051 minutes at 77
2025-09-11 21:11:22,626 [INFO] Truck: Time:<87.38196714179952> Truck:[CLTruck11] Start loading at shovel NorthPitMine-LoadSite4-Shovel-4, load time is 15.555555555555555
2025-09-11 21:11:22,626 [INFO] Truck: Time:<87.49136815313857> Truck:[XHTruck24] Arrived at NorthPitMine-LoadSite3 at 87.49136815313857
2025-09-11 21:11:22,626 [DEBUG] Truck: Time:<87.54934632567941> Truck:[XHTruck16] Arrived at NorthPitMine-DumpSite5 at 87.54934632567941
2025-09-11 21:11:22,626 [DEBUG] Truck: Time:<87.56576503800594> Truck:[XHTruck2] Arrived at NorthPitMine-DumpSite5 at 87.56576503800594
2025-09-11 21:11:22,626 [INFO] Truck: Time:<87.68255745568472> Truck:[XHTruck26] Arrived at NorthPitMine-LoadSite4 at 87.68255745568472
2025-09-11 21:11:22,626 [DEBUG] Truck: Time:<87.74326979272716> Truck:[CLTruck12] Arrived at NorthPitMine-DumpSite2 at 87.74326979272716
2025-09-11 21:11:22,626 [DEBUG] Truck: Time:<87.74915431192126> Truck:[XHTruck3] Arrived at NorthPitMine-DumpSite2 at 87.74915431192126
2025-09-11 21:11:22,626 [DEBUG] Truck: Time:<87.78283862274145> Truck:[OfficalTruck9] Arrived at NorthPitMine-DumpSite2 at 87.78283862274145
2025-09-11 21:11:22,626 [DEBUG] Truck: Time:<87.78573331551931> Truck:[CLTruck6] Arrived at NorthPitMine-DumpSite2 at 87.78573331551931
2025-09-11 21:11:22,646 [INFO] Truck: Time:<88.31296970469603> Truck:[XHTruck21] Finish unloading at dumper NorthPitMine-DumpSite5-点位0, dumper tons is 1226.14479834819
2025-09-11 21:11:22,646 [DEBUG] Truck: Time:<88.31296970469603> Truck:[XHTruck21] Start moving to ORDER(3):NorthPitMine-LoadSite4, move distance is 8.202288984638198, speed: 25
2025-09-11 21:11:22,656 [INFO] Truck: Time:<88.31296970469603> Truck:[XHTruck21] is facing 0 mins delay caused by 2 pre-existing jam events on Road from NorthPitMine-DumpSite5 to NorthPitMine-LoadSite4
2025-09-11 21:11:22,656 [INFO] Truck: Time:<88.54934632567941> Truck:[XHTruck16] Finish unloading at dumper NorthPitMine-DumpSite5-点位1, dumper tons is 402.4644397575283
2025-09-11 21:11:22,656 [DEBUG] Truck: Time:<88.54934632567941> Truck:[XHTruck16] Start moving to ORDER(3):NorthPitMine-LoadSite4, move distance is 7.154107143150065, speed: 25
2025-09-11 21:11:22,656 [INFO] Truck: Time:<88.54934632567941> Truck:[XHTruck16] is facing 0 mins delay caused by 2 pre-existing jam events on Road from NorthPitMine-DumpSite5 to NorthPitMine-LoadSite4
2025-09-11 21:11:22,666 [INFO] Truck: Time:<88.56576503800594> Truck:[XHTruck2] Finish unloading at dumper NorthPitMine-DumpSite5-点位2, dumper tons is 166.55760180490512
2025-09-11 21:11:22,666 [DEBUG] Truck: Time:<88.56576503800594> Truck:[XHTruck2] Start moving to ORDER(3):NorthPitMine-LoadSite4, move distance is 7.1697965656218985, speed: 25
2025-09-11 21:11:22,666 [INFO] Truck: Time:<88.56576503800594> Truck:[XHTruck2] is facing 0 mins delay caused by 2 pre-existing jam events on Road from NorthPitMine-DumpSite5 to NorthPitMine-LoadSite4
2025-09-11 21:11:22,666 [INFO] Truck: Time:<88.64223712362221> Truck:[XHTruck28] Arrived at NorthPitMine-LoadSite3 at 88.64223712362221
2025-09-11 21:11:22,666 [INFO] Truck: Time:<88.74326979272716> Truck:[CLTruck12] Finish unloading at dumper NorthPitMine-DumpSite2-点位0, dumper tons is 806.7405606329482
2025-09-11 21:11:22,666 [DEBUG] Truck: Time:<88.74326979272716> Truck:[CLTruck12] Start moving to ORDER(4):NorthPitMine-LoadSite5, move distance is 7.932741023716876, speed: 25
2025-09-11 21:11:22,666 [INFO] Truck: Time:<88.74326979272716> Truck:[CLTruck12] is facing 0 mins delay caused by 1 pre-existing jam events on Road from NorthPitMine-DumpSite2 to NorthPitMine-LoadSite5
2025-09-11 21:11:22,666 [INFO] Truck: Time:<88.74915431192126> Truck:[XHTruck3] Finish unloading at dumper NorthPitMine-DumpSite2-点位1, dumper tons is 170.55653077533634
2025-09-11 21:11:22,676 [DEBUG] Truck: Time:<88.74915431192126> Truck:[XHTruck3] Start moving to ORDER(4):NorthPitMine-LoadSite5, move distance is 8.036966323087258, speed: 25
2025-09-11 21:11:22,676 [INFO] Truck: Time:<83> Truck:[XHTruck3] breakdown for 13.208501166047464 minutes at 83
2025-09-11 21:11:22,676 [INFO] Truck: Time:<88.78283862274145> Truck:[OfficalTruck9] Finish unloading at dumper NorthPitMine-DumpSite2-点位2, dumper tons is 164.80133205544422
2025-09-11 21:11:22,676 [DEBUG] Truck: Time:<88.78283862274145> Truck:[OfficalTruck9] Start moving to ORDER(4):NorthPitMine-LoadSite5, move distance is 8.306280018974059, speed: 25
2025-09-11 21:11:22,686 [INFO] Truck: Time:<88.78283862274145> Truck:[OfficalTruck9] is facing 0 mins delay caused by 1 pre-existing jam events on Road from NorthPitMine-DumpSite2 to NorthPitMine-LoadSite5
2025-09-11 21:11:22,686 [INFO] Truck: Time:<88.78573331551931> Truck:[CLTruck6] Finish unloading at dumper NorthPitMine-DumpSite2-点位3, dumper tons is 32.74806832596259
2025-09-11 21:11:22,686 [DEBUG] Truck: Time:<88.78573331551931> Truck:[CLTruck6] Start moving to ORDER(4):NorthPitMine-LoadSite5, move distance is 7.045274802636283, speed: 25
2025-09-11 21:11:22,686 [INFO] Truck: Time:<85> Truck:[CLTruck6] breakdown for 10.584048255599749 minutes at 85
2025-09-11 21:11:22,696 [INFO] Truck: Time:<89.06020296782225> Shovel NorthPitMine-LoadSite2-Shovel-3 maintenance completed
2025-09-11 21:11:22,696 [DEBUG] Truck: Time:<89.06020296782225> Truck:[CLTruck16] Start moving to ORDER(4): NorthPitMine-DumpSite5, move distance is 4.171048955071413, speed: 25
2025-09-11 21:11:22,696 [INFO] Truck: Time:<74> Truck:[CLTruck16] breakdown for 7.97805637084067 minutes at 74
2025-09-11 21:11:22,696 [INFO] Truck: Time:<89.06020296782225> Truck:[XHTruck11] Start loading at shovel NorthPitMine-LoadSite2-Shovel-3, load time is 24.444444444444443
2025-09-11 21:11:22,696 [INFO] Truck: Time:<89.1162654421935> Truck:[XHTruck14] Arrived at NorthPitMine-LoadSite4 at 89.1162654421935
2025-09-11 21:11:22,706 [INFO] Truck: Time:<89.33152755905512> Truck:[XHTruck10] Finish loading at shovel NorthPitMine-LoadSite3-Shovel-1
2025-09-11 21:11:22,720 [DEBUG] Truck: Time:<89.33152755905512> Truck:[XHTruck10] Start moving to ORDER(4): NorthPitMine-DumpSite5, move distance is 2.2040211112061057, speed: 25
2025-09-11 21:11:22,720 [INFO] Truck: Time:<89.33152755905512> Truck:[XHTruck13] Start loading at shovel NorthPitMine-LoadSite3-Shovel-1, load time is 4.060039370078741
2025-09-11 21:11:22,723 [INFO] Truck: Time:<89.48310056665483> Truck:[CLTruck7] Finish loading at shovel NorthPitMine-LoadSite5-Shovel-1
2025-09-11 21:11:22,725 [DEBUG] Truck: Time:<89.48310056665483> Truck:[CLTruck7] Start moving to ORDER(0): NorthPitMine-DumpSite1, move distance is 5.15, speed: 25
2025-09-11 21:11:22,725 [INFO] Truck: Time:<84> Truck:[CLTruck7] breakdown for 15.961433487067172 minutes at 84
2025-09-11 21:11:22,734 [INFO] Truck: Time:<89.79016752265791> Truck:[OfficalTruck8] Finish loading at shovel NorthPitMine-LoadSite4-Shovel-1
2025-09-11 21:11:22,734 [INFO] Truck: Time:<89.79016752265791> Shovel NorthPitMine-LoadSite4-Shovel-1 under maintenance for 42.05 minutes
2025-09-11 21:11:22,734 [INFO] Truck: Time:<89.93374975102778> Truck:[XHTruck33] Arrived at NorthPitMine-LoadSite4 at 89.93374975102778
2025-09-11 21:11:22,744 [INFO] Truck: Time:<90.08960220882322> Truck:[CLTruck23] Arrived at NorthPitMine-LoadSite4 at 90.08960220882322
2025-09-11 21:11:22,744 [INFO] Truck: Time:<90.32> Truck:[XHTruck29] Finish loading at shovel NorthPitMine-LoadSite2-Shovel-2
2025-09-11 21:11:22,744 [DEBUG] Truck: Time:<90.32> Truck:[XHTruck29] Start moving to ORDER(4): NorthPitMine-DumpSite5, move distance is 4.307510099387331, speed: 25
2025-09-11 21:11:22,744 [INFO] Truck: Time:<70> Truck:[XHTruck29] breakdown for 8.198703070285255 minutes at 70
2025-09-11 21:11:22,756 [INFO] Truck: Time:<90.41062733847646> Truck:[CLTruck18] is facing 8.343410636847569 mins delay caused by 1 pre-existing jam events on Road from NorthPitMine-LoadSite4 to NorthPitMine-DumpSite2
2025-09-11 21:11:22,757 [INFO] Truck: Time:<90.74157512366176> Truck:[XHTruck32] Arrived at NorthPitMine-LoadSite4 at 90.74157512366176
2025-09-11 21:11:22,758 [INFO] Truck: Time:<90.85509558015183> Truck:[OfficalTruck7] Finish loading at shovel NorthPitMine-LoadSite5-Shovel-2
2025-09-11 21:11:22,762 [DEBUG] Truck: Time:<90.85509558015183> Truck:[OfficalTruck7] Start moving to ORDER(0): NorthPitMine-DumpSite1, move distance is 5.15, speed: 25
2025-09-11 21:11:22,762 [INFO] Truck: Time:<89> Truck:[OfficalTruck7] breakdown for 9.036506690495328 minutes at 89
2025-09-11 21:11:22,776 [DEBUG] Truck: Time:<92.37024965701441> Truck:[CLTruck29] Arrived at NorthPitMine-DumpSite2 at 92.37024965701441
2025-09-11 21:11:22,778 [INFO] Truck: Time:<92.9963993630501> Truck:[CLTruck5] Arrived at NorthPitMine-LoadSite4 at 92.9963993630501
2025-09-11 21:11:22,783 [INFO] Truck: Time:<93.37024965701441> Truck:[CLTruck29] Finish unloading at dumper NorthPitMine-DumpSite2-点位0, dumper tons is 840.6549758959796
2025-09-11 21:11:22,787 [DEBUG] Truck: Time:<93.37024965701441> Truck:[CLTruck29] Start moving to ORDER(2):NorthPitMine-LoadSite3, move distance is 3.41, speed: 25
2025-09-11 21:11:22,787 [INFO] Truck: Time:<93.39156692913386> Truck:[XHTruck13] Finish loading at shovel NorthPitMine-LoadSite3-Shovel-1
2025-09-11 21:11:22,788 [INFO] Truck: Time:<93.39156692913386> Shovel NorthPitMine-LoadSite3-Shovel-1 under maintenance for 48.09 minutes
2025-09-11 21:11:22,790 [INFO] Truck: Time:<93.45172892710367> Truck:[XHTruck23] is facing 6.495159441133439 mins delay caused by 1 pre-existing jam events on Road from NorthPitMine-LoadSite4 to NorthPitMine-DumpSite2
2025-09-11 21:11:22,799 [INFO] Truck: Time:<94.00279048637577> Truck:[XHTruck30] is facing 4.582088026530051 mins delay caused by 1 pre-existing jam events on Road from NorthPitMine-LoadSite4 to NorthPitMine-DumpSite2
2025-09-11 21:11:22,800 [INFO] Truck: Time:<94.40141005056208> Truck:[CLTruck10] Finish loading at shovel NorthPitMine-LoadSite4-Shovel-5
2025-09-11 21:11:22,801 [DEBUG] Truck: Time:<94.40141005056208> Truck:[CLTruck10] Start moving to ORDER(1): NorthPitMine-DumpSite2, move distance is 1.17, speed: 25
2025-09-11 21:11:22,801 [INFO] Truck: Time:<60> Truck:[CLTruck10] breakdown for 7.71510246522397 minutes at 60
2025-09-11 21:11:22,801 [INFO] Truck: Time:<94.40141005056208> Truck:[CLTruck19] Start loading at shovel NorthPitMine-LoadSite4-Shovel-5, load time is 15.555555555555555
2025-09-11 21:11:22,801 [DEBUG] Truck: Time:<94.62117822594978> Truck:[XHTruck10] Arrived at NorthPitMine-DumpSite5 at 94.62117822594978
2025-09-11 21:11:22,801 [DEBUG] Truck: Time:<94.75557777871052> Truck:[OfficalTruck5] Arrived at NorthPitMine-DumpSite5 at 94.75557777871052
2025-09-11 21:11:22,812 [INFO] Truck: Time:<95.19189052698786> Truck:[XHTruck22] Arrived at NorthPitMine-LoadSite5 at 95.19189052698786
2025-09-11 21:11:22,812 [INFO] Truck: Time:<95.19189052698786> Truck:[XHTruck22] Start loading at shovel NorthPitMine-LoadSite5-Shovel-1, load time is 4.060039370078741
2025-09-11 21:11:22,812 [INFO] Truck: Time:<95.31192953734303> Truck:[XHTruck17] Arrived at NorthPitMine-LoadSite5 at 95.31192953734303
2025-09-11 21:11:22,814 [INFO] Truck: Time:<95.31192953734303> Truck:[XHTruck17] Start loading at shovel NorthPitMine-LoadSite5-Shovel-2, load time is 4.060039370078741
2025-09-11 21:11:22,814 [INFO] Truck: Time:<95.41572049365658> Truck:[XHTruck25] is facing 3.5403626296196196 mins delay caused by 1 pre-existing jam events on Road from NorthPitMine-LoadSite4 to NorthPitMine-DumpSite2
2025-09-11 21:11:22,814 [INFO] Truck: Time:<95.42686778198942> Truck:[XHTruck12] Arrived at NorthPitMine-LoadSite5 at 95.42686778198942
2025-09-11 21:11:22,814 [INFO] Truck: Time:<95.62117822594978> Truck:[XHTruck10] Finish unloading at dumper NorthPitMine-DumpSite5-点位0, dumper tons is 1279.4679260050414
2025-09-11 21:11:22,814 [DEBUG] Truck: Time:<95.62117822594978> Truck:[XHTruck10] Start moving to ORDER(3):NorthPitMine-LoadSite4, move distance is 7.701879736532422, speed: 25
2025-09-11 21:11:22,814 [INFO] Truck: Time:<95.62117822594978> Truck:[XHTruck10] is facing 0 mins delay caused by 1 pre-existing jam events on Road from NorthPitMine-DumpSite5 to NorthPitMine-LoadSite4
2025-09-11 21:11:22,814 [INFO] Truck: Time:<95.7087737729008> Truck:[XHTruck5] is facing 3.3526644452517815 mins delay caused by 1 pre-existing jam events on Road from NorthPitMine-LoadSite4 to NorthPitMine-DumpSite2
2025-09-11 21:11:22,822 [INFO] Truck: Time:<95.75557777871052> Truck:[OfficalTruck5] Finish unloading at dumper NorthPitMine-DumpSite5-点位1, dumper tons is 485.906961762009
2025-09-11 21:11:22,822 [DEBUG] Truck: Time:<95.75557777871052> Truck:[OfficalTruck5] Start moving to ORDER(3):NorthPitMine-LoadSite4, move distance is 7.633242056795588, speed: 25
2025-09-11 21:11:22,822 [INFO] Truck: Time:<95.75557777871052> Truck:[OfficalTruck5] is facing 0 mins delay caused by 1 pre-existing jam events on Road from NorthPitMine-DumpSite5 to NorthPitMine-LoadSite4
2025-09-11 21:11:22,822 [INFO] Truck: Time:<95.93623014914084> Truck:[OfficalTruck4] is facing 0 mins delay caused by 1 pre-existing jam events on Road from NorthPitMine-DumpSite5 to NorthPitMine-LoadSite4
2025-09-11 21:11:22,833 [INFO] Truck: Time:<96.13576169354171> Truck:[XHTruck7] is facing 0 mins delay caused by 2 pre-existing jam events on Road from NorthPitMine-DumpSite5 to NorthPitMine-LoadSite4
2025-09-11 21:11:22,840 [INFO] Truck: Time:<96.19515835805554> Truck:[CLTruck21] Arrived at NorthPitMine-LoadSite4 at 96.19515835805554
2025-09-11 21:11:22,840 [DEBUG] Truck: Time:<96.21299288001708> Truck:[XHTruck9] Arrived at NorthPitMine-DumpSite5 at 96.21299288001708
2025-09-11 21:11:22,840 [INFO] Truck: Time:<96.28582166078985> Truck:[CLTruck17] Arrived at NorthPitMine-LoadSite3 at 96.28582166078985
2025-09-11 21:11:22,843 [INFO] Truck: Time:<96.68414735351408> Truck:[XHTruck18] Arrived at NorthPitMine-LoadSite3 at 96.68414735351408
2025-09-11 21:11:22,843 [INFO] Truck: Time:<96.795768069696> Truck:[CLTruck13] Arrived at NorthPitMine-LoadSite3 at 96.795768069696
2025-09-11 21:11:22,853 [INFO] Truck: Time:<97.05173100884497> Truck:[CLTruck9] Arrived at NorthPitMine-LoadSite5 at 97.05173100884497
2025-09-11 21:11:22,853 [INFO] Truck: Time:<97.21299288001708> Truck:[XHTruck9] Finish unloading at dumper NorthPitMine-DumpSite5-点位0, dumper tons is 1336.2070826014808
2025-09-11 21:11:22,853 [DEBUG] Truck: Time:<97.21299288001708> Truck:[XHTruck9] Start moving to ORDER(3):NorthPitMine-LoadSite4, move distance is 7.8514146869549, speed: 25
2025-09-11 21:11:22,853 [INFO] Truck: Time:<97.21299288001708> Truck:[XHTruck9] is facing 0 mins delay caused by 2 pre-existing jam events on Road from NorthPitMine-DumpSite5 to NorthPitMine-LoadSite4
2025-09-11 21:11:22,853 [DEBUG] Truck: Time:<97.30018041537055> Truck:[CLTruck15] Arrived at NorthPitMine-DumpSite5 at 97.30018041537055
2025-09-11 21:11:22,853 [DEBUG] Truck: Time:<97.6650755691695> Truck:[XHTruck15] Arrived at NorthPitMine-DumpSite5 at 97.6650755691695
2025-09-11 21:11:22,864 [INFO] Truck: Time:<98.30018041537055> Truck:[CLTruck15] Finish unloading at dumper NorthPitMine-DumpSite5-点位0, dumper tons is 1371.3514629402134
2025-09-11 21:11:22,872 [DEBUG] Truck: Time:<98.30018041537055> Truck:[CLTruck15] Start moving to ORDER(3):NorthPitMine-LoadSite4, move distance is 7.459007774981225, speed: 25
2025-09-11 21:11:22,874 [INFO] Truck: Time:<98.30018041537055> Truck:[CLTruck15] is facing 3.6252939169088547 mins delay caused by 3 pre-existing jam events on Road from NorthPitMine-DumpSite5 to NorthPitMine-LoadSite4
2025-09-11 21:11:22,874 [INFO] Truck: Time:<98.47084737166038> Truck:[CLTruck2] Arrived at NorthPitMine-LoadSite4 at 98.47084737166038
2025-09-11 21:11:22,875 [INFO] Truck: Time:<98.6650755691695> Truck:[XHTruck15] Finish unloading at dumper NorthPitMine-DumpSite5-点位1, dumper tons is 538.2351617414873
2025-09-11 21:11:22,876 [DEBUG] Truck: Time:<98.6650755691695> Truck:[XHTruck15] Start moving to ORDER(3):NorthPitMine-LoadSite4, move distance is 7.7397299485769455, speed: 25
2025-09-11 21:11:22,876 [INFO] Truck: Time:<98> Truck:[XHTruck15] breakdown for 13.340976194657713 minutes at 98
2025-09-11 21:11:22,877 [INFO] Truck: Time:<98.76629246365663> Truck:[XHTruck8] Arrived at NorthPitMine-LoadSite5 at 98.76629246365663
2025-09-11 21:11:22,882 [INFO] Truck: Time:<99.2519298970666> Truck:[XHTruck22] Finish loading at shovel NorthPitMine-LoadSite5-Shovel-1
2025-09-11 21:11:22,884 [DEBUG] Truck: Time:<99.2519298970666> Truck:[XHTruck22] Start moving to ORDER(0): NorthPitMine-DumpSite1, move distance is 5.15, speed: 25
2025-09-11 21:11:22,884 [INFO] Truck: Time:<95> Truck:[XHTruck22] breakdown for 7.318123509450707 minutes at 95
2025-09-11 21:11:22,884 [INFO] Truck: Time:<99.2519298970666> Truck:[XHTruck12] Start loading at shovel NorthPitMine-LoadSite5-Shovel-1, load time is 4.060039370078741
2025-09-11 21:11:22,884 [INFO] Truck: Time:<99.36978157111906> Truck:[CLTruck6] is facing 0 mins delay caused by 1 pre-existing jam events on Road from NorthPitMine-DumpSite2 to NorthPitMine-LoadSite5
2025-09-11 21:11:22,885 [INFO] Truck: Time:<99.37196890742177> Truck:[XHTruck17] Finish loading at shovel NorthPitMine-LoadSite5-Shovel-2
2025-09-11 21:11:22,886 [DEBUG] Truck: Time:<99.37196890742177> Truck:[XHTruck17] Start moving to ORDER(0): NorthPitMine-DumpSite1, move distance is 5.15, speed: 25
2025-09-11 21:11:22,887 [INFO] Truck: Time:<79> Truck:[XHTruck17] breakdown for 8.793967724670464 minutes at 79
2025-09-11 21:11:22,887 [INFO] Truck: Time:<99.37196890742177> Truck:[CLTruck9] Start loading at shovel NorthPitMine-LoadSite5-Shovel-2, load time is 2.5836614173228347
2025-09-11 21:11:22,888 [DEBUG] Truck: Time:<99.50515203170863> Truck:[CLTruck24] Arrived at NorthPitMine-DumpSite1 at 99.50515203170863
2025-09-11 21:11:22,888 [INFO] Truck: Time:<99.60255204501914> Truck:[XHTruck4] Arrived at NorthPitMine-LoadSite4 at 99.60255204501914
2025-09-11 21:11:22,889 [DEBUG] Truck: Time:<99.75295305665635> Truck:[CLTruck20] Arrived at NorthPitMine-DumpSite1 at 99.75295305665635
2025-09-11 21:11:22,889 [INFO] Truck: Time:<99.84955562885884> Truck:[OfficalTruck3] Arrived at NorthPitMine-LoadSite4 at 99.84955562885884
2025-09-11 21:11:22,894 [INFO] Truck: Time:<99.89160227064716> Truck:[OfficalTruck7] is facing 0 mins delay caused by 3 pre-existing jam events on Road from NorthPitMine-LoadSite5 to NorthPitMine-DumpSite1
2025-09-11 21:11:22,896 [INFO] Truck: Time:<99.90729419925552> Truck:[CLTruck4] Arrived at NorthPitMine-LoadSite4 at 99.90729419925552
2025-09-11 21:11:22,905 [INFO] Truck: Time:<100.50515203170863> Truck:[CLTruck24] Finish unloading at dumper NorthPitMine-DumpSite1-点位0, dumper tons is 837.417796130022
2025-09-11 21:11:22,911 [DEBUG] Truck: Time:<100.50515203170863> Truck:[CLTruck24] Start moving to ORDER(3):NorthPitMine-LoadSite4, move distance is 5.045435672463976, speed: 25
2025-09-11 21:11:22,913 [INFO] Truck: Time:<93> Truck:[CLTruck24] breakdown for 12.04322023661785 minutes at 93
2025-09-11 21:11:22,915 [INFO] Truck: Time:<100.75295305665635> Truck:[CLTruck20] Finish unloading at dumper NorthPitMine-DumpSite1-点位1, dumper tons is 435.2780629322209
2025-09-11 21:11:22,919 [DEBUG] Truck: Time:<100.75295305665635> Truck:[CLTruck20] Start moving to ORDER(2):NorthPitMine-LoadSite3, move distance is 4.442586567276295, speed: 25
2025-09-11 21:11:22,919 [INFO] Truck: Time:<91> Truck:[CLTruck20] breakdown for 13.735936671505154 minutes at 91
2025-09-11 21:11:22,919 [INFO] Truck: Time:<100.97955555555556> Truck:[CLTruck28] Finish loading at shovel NorthPitMine-LoadSite4-Shovel-3
2025-09-11 21:11:22,919 [DEBUG] Truck: Time:<100.97955555555556> Truck:[CLTruck28] Start moving to ORDER(1): NorthPitMine-DumpSite2, move distance is 1.17, speed: 25
2025-09-11 21:11:22,919 [INFO] Truck: Time:<96> Truck:[CLTruck28] breakdown for 14.137156414653166 minutes at 96
2025-09-11 21:11:22,930 [INFO] Truck: Time:<100.97955555555556> Truck:[CLTruck14] Start loading at shovel NorthPitMine-LoadSite4-Shovel-3, load time is 15.555555555555555
2025-09-11 21:11:22,950 [DEBUG] Truck: Time:<101.4718288894884> Truck:[OfficalTruck6] Arrived at NorthPitMine-DumpSite5 at 101.4718288894884
2025-09-11 21:11:22,950 [INFO] Truck: Time:<101.55424965701441> Truck:[CLTruck29] Arrived at NorthPitMine-LoadSite3 at 101.55424965701441
2025-09-11 21:11:22,950 [INFO] Truck: Time:<101.87890696369445> Truck:[CLTruck26] Arrived at NorthPitMine-LoadSite4 at 101.87890696369445
2025-09-11 21:11:22,960 [INFO] Truck: Time:<101.9556303247446> Truck:[CLTruck9] Finish loading at shovel NorthPitMine-LoadSite5-Shovel-2
2025-09-11 21:11:22,960 [INFO] Road: [RoadEvent] Road from NorthPitMine-LoadSite5 to NorthPitMine-DumpSite1 is in repair，the repair will last for 44.78 mins, and will end at 146.73, vehicle on this road will have to suffer punish_distance.
2025-09-11 21:11:22,968 [DEBUG] Truck: Time:<101.9556303247446> Truck:[CLTruck9] Start moving to ORDER(0): NorthPitMine-DumpSite1, move distance is 7.931082839497688, speed: 25
2025-09-11 21:11:22,969 [INFO] Truck: Time:<96> Truck:[CLTruck9] breakdown for 7.4188831002799285 minutes at 96
2025-09-11 21:11:22,984 [INFO] Truck: Time:<102.11651251578604> Truck:[CLTruck10] is facing 1.7536700264805023 mins delay caused by 2 pre-existing jam events on Road from NorthPitMine-LoadSite4 to NorthPitMine-DumpSite2
2025-09-11 21:11:22,984 [INFO] Truck: Time:<102.4718288894884> Truck:[OfficalTruck6] Finish unloading at dumper NorthPitMine-DumpSite5-点位0, dumper tons is 1447.5353364266139
2025-09-11 21:11:22,984 [DEBUG] Truck: Time:<102.4718288894884> Truck:[OfficalTruck6] Start moving to ORDER(3):NorthPitMine-LoadSite4, move distance is 7.338900515186317, speed: 25
2025-09-11 21:11:22,984 [INFO] Truck: Time:<102.4718288894884> Truck:[OfficalTruck6] is facing 10.97409964497835 mins delay caused by 4 pre-existing jam events on Road from NorthPitMine-DumpSite5 to NorthPitMine-LoadSite4
2025-09-11 21:11:22,984 [DEBUG] Truck: Time:<102.51959841664734> Truck:[CLTruck3] Arrived at NorthPitMine-DumpSite1 at 102.51959841664734
2025-09-11 21:11:22,984 [DEBUG] Truck: Time:<102.93164000496662> Truck:[XHTruck23] Arrived at NorthPitMine-DumpSite2 at 102.93164000496662
2025-09-11 21:11:22,984 [DEBUG] Truck: Time:<102.93609397956463> Truck:[XHTruck5] Arrived at NorthPitMine-DumpSite2 at 102.93609397956463
2025-09-11 21:11:22,984 [DEBUG] Truck: Time:<102.93662393477024> Truck:[XHTruck25] Arrived at NorthPitMine-DumpSite2 at 102.93662393477024
2025-09-11 21:11:22,984 [INFO] Truck: Time:<102.93752269735508> Truck:[CLTruck11] Finish loading at shovel NorthPitMine-LoadSite4-Shovel-4
2025-09-11 21:11:22,995 [DEBUG] Truck: Time:<102.93752269735508> Truck:[CLTruck11] Start moving to ORDER(1): NorthPitMine-DumpSite2, move distance is 1.17, speed: 25
2025-09-11 21:11:22,995 [INFO] Truck: Time:<96> Truck:[CLTruck11] breakdown for 11.265225523808484 minutes at 96
2025-09-11 21:11:22,995 [INFO] Truck: Time:<102.93752269735508> Truck:[CLTruck25] Start loading at shovel NorthPitMine-LoadSite4-Shovel-4, load time is 15.555555555555555
2025-09-11 21:11:22,995 [DEBUG] Truck: Time:<102.93764025845209> Truck:[CLTruck18] Arrived at NorthPitMine-DumpSite2 at 102.93764025845209
2025-09-11 21:11:22,995 [DEBUG] Truck: Time:<102.93849116118056> Truck:[XHTruck30] Arrived at NorthPitMine-DumpSite2 at 102.93849116118056
2025-09-11 21:11:23,018 [INFO] Truck: Time:<103.31196926714534> Truck:[XHTruck12] Finish loading at shovel NorthPitMine-LoadSite5-Shovel-1
2025-09-11 21:11:23,025 [DEBUG] Truck: Time:<103.31196926714534> Truck:[XHTruck12] Start moving to ORDER(0): NorthPitMine-DumpSite1, move distance is 7.2800003260744175, speed: 25
2025-09-11 21:11:23,025 [INFO] Truck: Time:<97> Truck:[XHTruck12] breakdown for 7.05000676594148 minutes at 97
2025-09-11 21:11:23,026 [INFO] Truck: Time:<103.31196926714534> Truck:[XHTruck8] Start loading at shovel NorthPitMine-LoadSite5-Shovel-1, load time is 4.060039370078741
2025-09-11 21:11:23,027 [INFO] Truck: Time:<103.51959841664734> Truck:[CLTruck3] Finish unloading at dumper NorthPitMine-DumpSite1-点位0, dumper tons is 870.4050790026043
2025-09-11 21:11:23,030 [DEBUG] Truck: Time:<103.51959841664734> Truck:[CLTruck3] Start moving to ORDER(2):NorthPitMine-LoadSite3, move distance is 4.100003820505005, speed: 25
2025-09-11 21:11:23,030 [INFO] Truck: Time:<101> Truck:[CLTruck3] breakdown for 10.815185540052981 minutes at 101
2025-09-11 21:11:23,031 [INFO] Truck: Time:<103.93164000496662> Truck:[XHTruck23] Finish unloading at dumper NorthPitMine-DumpSite2-点位0, dumper tons is 897.0504485657007
2025-09-11 21:11:23,032 [DEBUG] Truck: Time:<103.93164000496662> Truck:[XHTruck23] Start moving to ORDER(2):NorthPitMine-LoadSite3, move distance is 3.41, speed: 25
2025-09-11 21:11:23,034 [INFO] Truck: Time:<103.93609397956463> Truck:[XHTruck5] Finish unloading at dumper NorthPitMine-DumpSite2-点位1, dumper tons is 230.1086896729146
2025-09-11 21:11:23,038 [DEBUG] Truck: Time:<103.93609397956463> Truck:[XHTruck5] Start moving to ORDER(2):NorthPitMine-LoadSite3, move distance is 3.41, speed: 25
2025-09-11 21:11:23,039 [INFO] Truck: Time:<103.93662393477024> Truck:[XHTruck25] Finish unloading at dumper NorthPitMine-DumpSite2-点位2, dumper tons is 222.13120464801736
2025-09-11 21:11:23,041 [DEBUG] Truck: Time:<103.93662393477024> Truck:[XHTruck25] Start moving to ORDER(2):NorthPitMine-LoadSite3, move distance is 3.41, speed: 25
2025-09-11 21:11:23,041 [INFO] Truck: Time:<103.93764025845209> Truck:[CLTruck18] Finish unloading at dumper NorthPitMine-DumpSite2-点位3, dumper tons is 65.84911930284666
2025-09-11 21:11:23,043 [DEBUG] Truck: Time:<103.93764025845209> Truck:[CLTruck18] Start moving to ORDER(2):NorthPitMine-LoadSite3, move distance is 3.41, speed: 25
2025-09-11 21:11:23,043 [INFO] Truck: Time:<101> Truck:[CLTruck18] breakdown for 10.321556449298988 minutes at 101
2025-09-11 21:11:23,043 [INFO] Truck: Time:<103.93849116118056> Truck:[XHTruck30] Finish unloading at dumper NorthPitMine-DumpSite2-点位4, dumper tons is 56.09285973990762
2025-09-11 21:11:23,046 [DEBUG] Truck: Time:<103.93849116118056> Truck:[XHTruck30] Start moving to ORDER(2):NorthPitMine-LoadSite3, move distance is 3.41, speed: 25
2025-09-11 21:11:23,060 [DEBUG] Truck: Time:<104.65607075742238> Truck:[CLTruck8] Arrived at NorthPitMine-DumpSite1 at 104.65607075742238
2025-09-11 21:11:23,060 [INFO] Truck: Time:<104.99155676946754> Truck:[XHTruck19] Arrived at NorthPitMine-LoadSite5 at 104.99155676946754
2025-09-11 21:11:23,061 [INFO] Truck: Time:<104.99155676946754> Truck:[XHTruck19] Start loading at shovel NorthPitMine-LoadSite5-Shovel-2, load time is 4.060039370078741
2025-09-11 21:11:23,064 [INFO] Truck: Time:<105.444534053722> Truck:[CLTruck7] is facing 0 mins delay caused by 2 pre-existing jam events on Road from NorthPitMine-LoadSite5 to NorthPitMine-DumpSite1
2025-09-11 21:11:23,064 [INFO] Truck: Time:<105.65607075742238> Truck:[CLTruck8] Finish unloading at dumper NorthPitMine-DumpSite1-点位0, dumper tons is 907.99051903846
2025-09-11 21:11:23,074 [DEBUG] Truck: Time:<105.65607075742238> Truck:[CLTruck8] Start moving to ORDER(2):NorthPitMine-LoadSite3, move distance is 2.98, speed: 25
2025-09-11 21:11:23,074 [INFO] Truck: Time:<104> Truck:[CLTruck8] breakdown for 8.123482968548547 minutes at 104
2025-09-11 21:11:23,074 [INFO] Truck: Time:<105.71920346923957> Truck:[XHTruck16] Arrived at NorthPitMine-LoadSite4 at 105.71920346923957
2025-09-11 21:11:23,074 [INFO] Truck: Time:<105.77327679549849> Truck:[XHTruck2] Arrived at NorthPitMine-LoadSite4 at 105.77327679549849
2025-09-11 21:11:23,085 [INFO] Truck: Time:<106.20266666666667> Truck:[XHTruck27] Finish loading at shovel NorthPitMine-LoadSite3-Shovel-2
2025-09-11 21:11:23,085 [INFO] Truck: Time:<106.20266666666667> Truck:[XHTruck31] Finish loading at shovel NorthPitMine-LoadSite3-Shovel-3
2025-09-11 21:11:23,095 [DEBUG] Truck: Time:<106.20266666666667> Truck:[XHTruck27] Start moving to ORDER(4): NorthPitMine-DumpSite5, move distance is 1.86, speed: 25
2025-09-11 21:11:23,096 [INFO] Truck: Time:<90> Truck:[XHTruck27] breakdown for 8.215078948288555 minutes at 90
2025-09-11 21:11:23,096 [DEBUG] Truck: Time:<106.20266666666667> Truck:[XHTruck31] Start moving to ORDER(4): NorthPitMine-DumpSite5, move distance is 1.86, speed: 25
2025-09-11 21:11:23,096 [INFO] Truck: Time:<88> Truck:[XHTruck31] breakdown for 14.872250214031778 minutes at 88
2025-09-11 21:11:23,096 [INFO] Truck: Time:<106.20266666666667> Truck:[CLTruck1] Start loading at shovel NorthPitMine-LoadSite3-Shovel-2, load time is 15.555555555555555
2025-09-11 21:11:23,096 [INFO] Truck: Time:<106.20266666666667> Truck:[XHTruck6] Start loading at shovel NorthPitMine-LoadSite3-Shovel-3, load time is 24.444444444444443
2025-09-11 21:11:23,096 [INFO] Truck: Time:<106.5700534065173> Truck:[XHTruck22] is facing 0 mins delay caused by 1 pre-existing jam events on Road from NorthPitMine-LoadSite5 to NorthPitMine-DumpSite1
2025-09-11 21:11:23,096 [DEBUG] Truck: Time:<106.67818254226654> Truck:[CLTruck10] Arrived at NorthPitMine-DumpSite2 at 106.67818254226654
2025-09-11 21:11:23,109 [DEBUG] Truck: Time:<107.04877683083431> Truck:[CLTruck16] Arrived at NorthPitMine-DumpSite5 at 107.04877683083431
2025-09-11 21:11:23,110 [INFO] Truck: Time:<107.37200863722408> Truck:[XHTruck8] Finish loading at shovel NorthPitMine-LoadSite5-Shovel-1
2025-09-11 21:11:23,112 [DEBUG] Truck: Time:<107.37200863722408> Truck:[XHTruck8] Start moving to ORDER(0): NorthPitMine-DumpSite1, move distance is 6.905950727195768, speed: 25
2025-09-11 21:11:23,112 [INFO] Truck: Time:<101> Truck:[XHTruck8] breakdown for 10.930141046821861 minutes at 101
2025-09-11 21:11:23,113 [INFO] Truck: Time:<107.67818254226654> Truck:[CLTruck10] Finish unloading at dumper NorthPitMine-DumpSite2-点位0, dumper tons is 929.5003508075697
2025-09-11 21:11:23,114 [INFO] Road: [RoadEvent] Road from NorthPitMine-DumpSite2 to NorthPitMine-LoadSite3 is in repair，the repair will last for 51.11 mins, and will end at 158.79, vehicle on this road will have to suffer punish_distance.
2025-09-11 21:11:23,115 [DEBUG] Truck: Time:<107.67818254226654> Truck:[CLTruck10] Start moving to ORDER(2):NorthPitMine-LoadSite3, move distance is 4.658270228455697, speed: 25
2025-09-11 21:11:23,116 [INFO] Truck: Time:<107.78184824964767> Truck:[CLTruck12] Arrived at NorthPitMine-LoadSite5 at 107.78184824964767
2025-09-11 21:11:23,116 [INFO] Truck: Time:<107.78184824964767> Truck:[CLTruck12] Start loading at shovel NorthPitMine-LoadSite5-Shovel-1, load time is 2.5836614173228347
2025-09-11 21:11:23,119 [INFO] Truck: Time:<107.9984632678277> Truck:[XHTruck21] Arrived at NorthPitMine-LoadSite4 at 107.9984632678277
2025-09-11 21:11:23,129 [INFO] Truck: Time:<108.04877683083431> Truck:[CLTruck16] Finish unloading at dumper NorthPitMine-DumpSite5-点位0, dumper tons is 1484.255763459269
2025-09-11 21:11:23,132 [DEBUG] Truck: Time:<108.04877683083431> Truck:[CLTruck16] Start moving to ORDER(3):NorthPitMine-LoadSite4, move distance is 7.069787849752176, speed: 25
2025-09-11 21:11:23,132 [INFO] Truck: Time:<108.04877683083431> Truck:[CLTruck16] is facing 3.388554993998458 mins delay caused by 4 pre-existing jam events on Road from NorthPitMine-DumpSite5 to NorthPitMine-LoadSite4
2025-09-11 21:11:23,134 [INFO] Truck: Time:<108.71791066827919> Truck:[OfficalTruck9] Arrived at NorthPitMine-LoadSite5 at 108.71791066827919
2025-09-11 21:11:23,136 [INFO] Truck: Time:<108.75223014914084> Truck:[OfficalTruck4] Arrived at NorthPitMine-LoadSite4 at 108.75223014914084
2025-09-11 21:11:23,137 [DEBUG] Truck: Time:<108.85672730881485> Truck:[XHTruck29] Arrived at NorthPitMine-DumpSite5 at 108.85672730881485
2025-09-11 21:11:23,144 [INFO] Truck: Time:<109.05159613954628> Truck:[XHTruck19] Finish loading at shovel NorthPitMine-LoadSite5-Shovel-2
2025-09-11 21:11:23,144 [DEBUG] Truck: Time:<109.05159613954628> Truck:[XHTruck19] Start moving to ORDER(0): NorthPitMine-DumpSite1, move distance is 7.559896161524072, speed: 25
2025-09-11 21:11:23,144 [INFO] Truck: Time:<92> Truck:[XHTruck19] breakdown for 8.898791474518838 minutes at 92
2025-09-11 21:11:23,144 [INFO] Truck: Time:<109.85672730881485> Truck:[XHTruck29] Finish unloading at dumper NorthPitMine-DumpSite5-点位0, dumper tons is 1537.2351873327473
2025-09-11 21:11:23,144 [DEBUG] Truck: Time:<109.85672730881485> Truck:[XHTruck29] Start moving to ORDER(3):NorthPitMine-LoadSite4, move distance is 7.477583875868906, speed: 25
2025-09-11 21:11:23,144 [INFO] Truck: Time:<102> Truck:[XHTruck29] breakdown for 9.4256690741155 minutes at 102
2025-09-11 21:11:23,155 [INFO] Truck: Time:<109.86844444444445> Truck:[XHTruck1] Finish loading at shovel NorthPitMine-LoadSite4-Shovel-2
2025-09-11 21:11:23,155 [DEBUG] Truck: Time:<109.86844444444445> Truck:[XHTruck1] Start moving to ORDER(1): NorthPitMine-DumpSite2, move distance is 1.17, speed: 25
2025-09-11 21:11:23,155 [INFO] Truck: Time:<105> Truck:[XHTruck1] breakdown for 8.905302300098176 minutes at 105
2025-09-11 21:11:23,155 [INFO] Truck: Time:<109.86844444444445> Truck:[OfficalTruck2] Start loading at shovel NorthPitMine-LoadSite4-Shovel-2, load time is 34.22222222222222
2025-09-11 21:11:23,155 [INFO] Truck: Time:<109.95696560611763> Truck:[CLTruck19] Finish loading at shovel NorthPitMine-LoadSite4-Shovel-5
2025-09-11 21:11:23,155 [DEBUG] Truck: Time:<109.95696560611763> Truck:[CLTruck19] Start moving to ORDER(1): NorthPitMine-DumpSite2, move distance is 1.17, speed: 25
2025-09-11 21:11:23,165 [INFO] Truck: Time:<98> Truck:[CLTruck19] breakdown for 11.619253940285478 minutes at 98
2025-09-11 21:11:23,165 [INFO] Truck: Time:<109.95696560611763> Truck:[XHTruck32] Start loading at shovel NorthPitMine-LoadSite4-Shovel-5, load time is 24.444444444444443
2025-09-11 21:11:23,184 [INFO] Truck: Time:<110.36197603308682> Truck:[XHTruck12] is facing 0 mins delay caused by 1 pre-existing jam events on Road from NorthPitMine-LoadSite5 to NorthPitMine-DumpSite1
2025-09-11 21:11:23,186 [INFO] Truck: Time:<110.3655096669705> Truck:[CLTruck12] Finish loading at shovel NorthPitMine-LoadSite5-Shovel-1
2025-09-11 21:11:23,186 [DEBUG] Truck: Time:<110.3655096669705> Truck:[CLTruck12] Start moving to ORDER(0): NorthPitMine-DumpSite1, move distance is 8.001636912525958, speed: 25
2025-09-11 21:11:23,186 [INFO] Truck: Time:<99> Truck:[CLTruck12] breakdown for 8.810016075507122 minutes at 99
2025-09-11 21:11:23,186 [INFO] Truck: Time:<110.3655096669705> Truck:[OfficalTruck9] Start loading at shovel NorthPitMine-LoadSite5-Shovel-1, load time is 5.684055118110236
2025-09-11 21:11:23,204 [INFO] Truck: Time:<112.00605176382722> Truck:[XHTruck15] is facing 0 mins delay caused by 3 pre-existing jam events on Road from NorthPitMine-DumpSite5 to NorthPitMine-LoadSite4
2025-09-11 21:11:23,205 [INFO] Truck: Time:<112.11564000496662> Truck:[XHTruck23] Arrived at NorthPitMine-LoadSite3 at 112.11564000496662
2025-09-11 21:11:23,206 [INFO] Truck: Time:<112.12009397956463> Truck:[XHTruck5] Arrived at NorthPitMine-LoadSite3 at 112.12009397956463
2025-09-11 21:11:23,206 [INFO] Truck: Time:<112.12062393477024> Truck:[XHTruck25] Arrived at NorthPitMine-LoadSite3 at 112.12062393477024
2025-09-11 21:11:23,211 [INFO] Truck: Time:<112.12249116118056> Truck:[XHTruck30] Arrived at NorthPitMine-LoadSite3 at 112.12249116118056
2025-09-11 21:11:23,213 [DEBUG] Truck: Time:<112.25160227064715> Truck:[OfficalTruck7] Arrived at NorthPitMine-DumpSite1 at 112.25160227064715
2025-09-11 21:11:23,221 [INFO] Truck: Time:<113.25160227064715> Truck:[OfficalTruck7] Finish unloading at dumper NorthPitMine-DumpSite1-点位0, dumper tons is 986.8800379047683
2025-09-11 21:11:23,225 [DEBUG] Truck: Time:<113.25160227064715> Truck:[OfficalTruck7] Start moving to ORDER(2):NorthPitMine-LoadSite3, move distance is 2.98, speed: 25
2025-09-11 21:11:23,225 [INFO] Truck: Time:<113.50464741226669> Truck:[XHTruck11] Finish loading at shovel NorthPitMine-LoadSite2-Shovel-3
2025-09-11 21:11:23,226 [DEBUG] Truck: Time:<113.50464741226669> Truck:[XHTruck11] Start moving to ORDER(4): NorthPitMine-DumpSite5, move distance is 3.18, speed: 25
2025-09-11 21:11:23,228 [INFO] Truck: Time:<107> Truck:[XHTruck11] breakdown for 11.013231106226895 minutes at 107
2025-09-11 21:11:23,230 [INFO] Truck: Time:<114.07535871501993> Truck:[OfficalTruck5] Arrived at NorthPitMine-LoadSite4 at 114.07535871501993
2025-09-11 21:11:23,230 [INFO] Truck: Time:<114.10568959362759> Truck:[XHTruck10] Arrived at NorthPitMine-LoadSite4 at 114.10568959362759
2025-09-11 21:11:23,230 [INFO] Truck: Time:<114.25919670775107> Truck:[CLTruck18] is facing 10.222196498923983 mins delay caused by 1 pre-existing jam events on Road from NorthPitMine-DumpSite2 to NorthPitMine-LoadSite3
2025-09-11 21:11:23,251 [INFO] Truck: Time:<116.04956478508073> Truck:[OfficalTruck9] Finish loading at shovel NorthPitMine-LoadSite5-Shovel-1
2025-09-11 21:11:23,252 [DEBUG] Truck: Time:<116.04956478508073> Truck:[OfficalTruck9] Start moving to ORDER(0): NorthPitMine-DumpSite1, move distance is 7.354472775913971, speed: 25
2025-09-11 21:11:23,252 [INFO] Truck: Time:<112> Truck:[OfficalTruck9] breakdown for 6.597792751755478 minutes at 112
2025-09-11 21:11:23,252 [INFO] Truck: Time:<116.05638812870885> Truck:[XHTruck9] Arrived at NorthPitMine-LoadSite4 at 116.05638812870885
2025-09-11 21:11:23,252 [INFO] Truck: Time:<116.22442882959739> Truck:[XHTruck7] Arrived at NorthPitMine-LoadSite4 at 116.22442882959739
2025-09-11 21:11:23,252 [INFO] Truck: Time:<116.27844109744615> Truck:[CLTruck6] Arrived at NorthPitMine-LoadSite5 at 116.27844109744615
2025-09-11 21:11:23,252 [INFO] Truck: Time:<116.27844109744615> Truck:[CLTruck6] Start loading at shovel NorthPitMine-LoadSite5-Shovel-1, load time is 2.5836614173228347
2025-09-11 21:11:23,252 [INFO] Truck: Time:<116.53511111111112> Truck:[CLTruck14] Finish loading at shovel NorthPitMine-LoadSite4-Shovel-3
2025-09-11 21:11:23,260 [DEBUG] Truck: Time:<116.53511111111112> Truck:[CLTruck14] Start moving to ORDER(1): NorthPitMine-DumpSite2, move distance is 1.17, speed: 25
2025-09-11 21:11:23,260 [INFO] Truck: Time:<110> Truck:[CLTruck14] breakdown for 11.801782958354906 minutes at 110
2025-09-11 21:11:23,260 [INFO] Truck: Time:<116.53511111111112> Truck:[XHTruck33] Start loading at shovel NorthPitMine-LoadSite4-Shovel-3, load time is 24.444444444444443
2025-09-11 21:11:23,270 [DEBUG] Truck: Time:<117.01074822116357> Truck:[CLTruck11] Arrived at NorthPitMine-DumpSite2 at 117.01074822116357
2025-09-11 21:11:23,270 [DEBUG] Truck: Time:<117.804534053722> Truck:[CLTruck7] Arrived at NorthPitMine-DumpSite1 at 117.804534053722
2025-09-11 21:11:23,270 [DEBUG] Truck: Time:<117.92471197020873> Truck:[CLTruck28] Arrived at NorthPitMine-DumpSite2 at 117.92471197020873
2025-09-11 21:11:23,284 [INFO] Truck: Time:<118.01074822116357> Truck:[CLTruck11] Finish unloading at dumper NorthPitMine-DumpSite2-点位0, dumper tons is 966.5113895581541
2025-09-11 21:11:23,287 [DEBUG] Truck: Time:<118.01074822116357> Truck:[CLTruck11] Start moving to ORDER(2):NorthPitMine-LoadSite3, move distance is 4.685374515645904, speed: 25
2025-09-11 21:11:23,287 [INFO] Truck: Time:<117> Truck:[CLTruck11] breakdown for 10.071107977926236 minutes at 117
2025-09-11 21:11:23,289 [INFO] Truck: Time:<118.49307825291064> Truck:[CLTruck25] Finish loading at shovel NorthPitMine-LoadSite4-Shovel-4
2025-09-11 21:11:23,292 [DEBUG] Truck: Time:<118.49307825291064> Truck:[CLTruck25] Start moving to ORDER(1): NorthPitMine-DumpSite2, move distance is 1.17, speed: 25
2025-09-11 21:11:23,293 [INFO] Truck: Time:<106> Truck:[CLTruck25] breakdown for 11.710603151002855 minutes at 106
2025-09-11 21:11:23,293 [INFO] Truck: Time:<118.49307825291064> Truck:[CLTruck23] Start loading at shovel NorthPitMine-LoadSite4-Shovel-4, load time is 15.555555555555555
2025-09-11 21:11:23,294 [INFO] Truck: Time:<118.804534053722> Truck:[CLTruck7] Finish unloading at dumper NorthPitMine-DumpSite1-点位0, dumper tons is 1022.6598894683938
2025-09-11 21:11:23,297 [DEBUG] Truck: Time:<118.804534053722> Truck:[CLTruck7] Start moving to ORDER(2):NorthPitMine-LoadSite3, move distance is 2.98, speed: 25
2025-09-11 21:11:23,297 [INFO] Truck: Time:<112> Truck:[CLTruck7] breakdown for 13.157803727756965 minutes at 112
2025-09-11 21:11:23,299 [INFO] Truck: Time:<118.85803109056022> Truck:[CLTruck10] Arrived at NorthPitMine-LoadSite3 at 118.85803109056022
2025-09-11 21:11:23,300 [INFO] Truck: Time:<118.86210251476898> Truck:[CLTruck6] Finish loading at shovel NorthPitMine-LoadSite5-Shovel-1
2025-09-11 21:11:23,304 [DEBUG] Truck: Time:<118.86210251476898> Truck:[CLTruck6] Start moving to ORDER(0): NorthPitMine-DumpSite1, move distance is 7.744668736682719, speed: 25
2025-09-11 21:11:23,305 [DEBUG] Truck: Time:<118.88174561495522> Truck:[XHTruck27] Arrived at NorthPitMine-DumpSite5 at 118.88174561495522
2025-09-11 21:11:23,305 [INFO] Truck: Time:<118.92471197020873> Truck:[CLTruck28] Finish unloading at dumper NorthPitMine-DumpSite2-点位1, dumper tons is 266.18866196429445
2025-09-11 21:11:23,308 [DEBUG] Truck: Time:<118.92471197020873> Truck:[CLTruck28] Start moving to ORDER(2):NorthPitMine-LoadSite3, move distance is 4.523623561652267, speed: 25
2025-09-11 21:11:23,308 [INFO] Truck: Time:<118.92471197020873> Truck:[CLTruck28] is facing 4.762473606108785 mins delay caused by 2 pre-existing jam events on Road from NorthPitMine-DumpSite2 to NorthPitMine-LoadSite3
2025-09-11 21:11:23,311 [DEBUG] Truck: Time:<118.9300534065173> Truck:[XHTruck22] Arrived at NorthPitMine-DumpSite1 at 118.9300534065173
2025-09-11 21:11:23,315 [INFO] Truck: Time:<119.28239638293036> Truck:[XHTruck29] is facing 0 mins delay caused by 1 pre-existing jam events on Road from NorthPitMine-DumpSite5 to NorthPitMine-LoadSite4
2025-09-11 21:11:23,315 [INFO] Truck: Time:<119.82709299223434> Truck:[CLTruck15] Arrived at NorthPitMine-LoadSite4 at 119.82709299223434
2025-09-11 21:11:23,315 [INFO] Truck: Time:<119.88174561495522> Truck:[XHTruck27] Finish unloading at dumper NorthPitMine-DumpSite5-点位0, dumper tons is 1591.092825489221
2025-09-11 21:11:23,315 [DEBUG] Truck: Time:<119.88174561495522> Truck:[XHTruck27] Start moving to ORDER(3):NorthPitMine-LoadSite4, move distance is 7.6172610608505185, speed: 25
2025-09-11 21:11:23,315 [INFO] Truck: Time:<119.88174561495522> Truck:[XHTruck27] is facing 0 mins delay caused by 1 pre-existing jam events on Road from NorthPitMine-DumpSite5 to NorthPitMine-LoadSite4
2025-09-11 21:11:23,326 [INFO] Truck: Time:<119.9300534065173> Truck:[XHTruck22] Finish unloading at dumper NorthPitMine-DumpSite1-点位0, dumper tons is 1082.1523902792785
2025-09-11 21:11:23,326 [DEBUG] Truck: Time:<119.9300534065173> Truck:[XHTruck22] Start moving to ORDER(2):NorthPitMine-LoadSite3, move distance is 2.98, speed: 25
2025-09-11 21:11:23,326 [INFO] Truck: Time:<111> Truck:[XHTruck22] breakdown for 7.298824800226255 minutes at 111
2025-09-11 21:11:23,336 [INFO] Truck: Time:<120.40360227064716> Truck:[OfficalTruck7] Arrived at NorthPitMine-LoadSite3 at 120.40360227064716
2025-09-11 21:11:23,336 [DEBUG] Truck: Time:<120.52593663209224> Truck:[XHTruck17] Arrived at NorthPitMine-DumpSite1 at 120.52593663209224
2025-09-11 21:11:23,336 [INFO] Truck: Time:<120.93155372597093> Truck:[CLTruck8] Arrived at NorthPitMine-LoadSite3 at 120.93155372597093
2025-09-11 21:11:23,347 [INFO] Truck: Time:<121.24637465337815> Truck:[XHTruck3] Arrived at NorthPitMine-LoadSite5 at 121.24637465337815
2025-09-11 21:11:23,347 [INFO] Truck: Time:<121.24637465337815> Truck:[XHTruck3] Start loading at shovel NorthPitMine-LoadSite5-Shovel-1, load time is 4.060039370078741
2025-09-11 21:11:23,347 [INFO] Truck: Time:<121.52593663209224> Truck:[XHTruck17] Finish unloading at dumper NorthPitMine-DumpSite1-点位0, dumper tons is 1136.5945409218539
2025-09-11 21:11:23,347 [DEBUG] Truck: Time:<121.52593663209224> Truck:[XHTruck17] Start moving to ORDER(2):NorthPitMine-LoadSite3, move distance is 2.98, speed: 25
2025-09-11 21:11:23,347 [INFO] Truck: Time:<114> Truck:[XHTruck17] breakdown for 13.956932175108953 minutes at 114
2025-09-11 21:11:23,347 [DEBUG] Truck: Time:<121.58174674454261> Truck:[XHTruck1] Arrived at NorthPitMine-DumpSite2 at 121.58174674454261
2025-09-11 21:11:23,347 [INFO] Truck: Time:<121.75822222222223> Truck:[CLTruck1] Finish loading at shovel NorthPitMine-LoadSite3-Shovel-2
2025-09-11 21:11:23,357 [DEBUG] Truck: Time:<121.75822222222223> Truck:[CLTruck1] Start moving to ORDER(4): NorthPitMine-DumpSite5, move distance is 1.86, speed: 25
2025-09-11 21:11:23,357 [INFO] Truck: Time:<62> Truck:[CLTruck1] breakdown for 11.487130220895263 minutes at 62
2025-09-11 21:11:23,357 [INFO] Truck: Time:<121.75822222222223> Truck:[CLTruck22] Start loading at shovel NorthPitMine-LoadSite3-Shovel-2, load time is 15.555555555555555
2025-09-11 21:11:23,357 [INFO] Truck: Time:<122.58174674454261> Truck:[XHTruck1] Finish unloading at dumper NorthPitMine-DumpSite2-点位0, dumper tons is 1019.7146328837711
2025-09-11 21:11:23,357 [DEBUG] Truck: Time:<122.58174674454261> Truck:[XHTruck1] Start moving to ORDER(2):NorthPitMine-LoadSite3, move distance is 4.6467516172296985, speed: 25
2025-09-11 21:11:23,368 [INFO] Truck: Time:<122.58174674454261> Truck:[XHTruck1] is facing 0.9280722186871304 mins delay caused by 2 pre-existing jam events on Road from NorthPitMine-DumpSite2 to NorthPitMine-LoadSite3
2025-09-11 21:11:23,368 [INFO] Truck: Time:<122.64735753683621> Truck:[OfficalTruck9] is facing 1.9658482259218284 mins delay caused by 2 pre-existing jam events on Road from NorthPitMine-LoadSite5 to NorthPitMine-DumpSite1
2025-09-11 21:11:23,389 [INFO] Truck: Time:<124.17479312591233> Truck:[CLTruck3] Arrived at NorthPitMine-LoadSite3 at 124.17479312591233
2025-09-11 21:11:23,392 [DEBUG] Truck: Time:<124.3842195464031> Truck:[CLTruck19] Arrived at NorthPitMine-DumpSite2 at 124.3842195464031
2025-09-11 21:11:23,393 [INFO] Truck: Time:<124.65741788224003> Truck:[CLTruck24] Arrived at NorthPitMine-LoadSite4 at 124.65741788224003
2025-09-11 21:11:23,405 [INFO] Truck: Time:<125.15109748962462> Truck:[CLTruck20] Arrived at NorthPitMine-LoadSite3 at 125.15109748962462
2025-09-11 21:11:23,407 [INFO] Truck: Time:<125.3064140234569> Truck:[XHTruck3] Finish loading at shovel NorthPitMine-LoadSite5-Shovel-1
2025-09-11 21:11:23,410 [DEBUG] Truck: Time:<125.3064140234569> Truck:[XHTruck3] Start moving to ORDER(0): NorthPitMine-DumpSite1, move distance is 6.710486656908435, speed: 25
2025-09-11 21:11:23,410 [INFO] Truck: Time:<119> Truck:[XHTruck3] breakdown for 12.024971106845388 minutes at 119
2025-09-11 21:11:23,414 [INFO] Truck: Time:<125.3842195464031> Truck:[CLTruck19] Finish unloading at dumper NorthPitMine-DumpSite2-点位0, dumper tons is 1051.407625649241
2025-09-11 21:11:23,415 [DEBUG] Truck: Time:<125.3842195464031> Truck:[CLTruck19] Start moving to ORDER(2):NorthPitMine-LoadSite3, move distance is 4.622578220215508, speed: 25
2025-09-11 21:11:23,415 [INFO] Truck: Time:<125.3842195464031> Truck:[CLTruck19] is facing 0 mins delay caused by 2 pre-existing jam events on Road from NorthPitMine-DumpSite2 to NorthPitMine-LoadSite3
2025-09-11 21:11:23,415 [DEBUG] Truck: Time:<125.53891688069845> Truck:[XHTruck31] Arrived at NorthPitMine-DumpSite5 at 125.53891688069845
2025-09-11 21:11:23,425 [INFO] Truck: Time:<126.53891688069845> Truck:[XHTruck31] Finish unloading at dumper NorthPitMine-DumpSite5-点位0, dumper tons is 1645.0950955050223
2025-09-11 21:11:23,435 [DEBUG] Truck: Time:<126.53891688069845> Truck:[XHTruck31] Start moving to ORDER(3):NorthPitMine-LoadSite4, move distance is 6.462287583080149, speed: 25
2025-09-11 21:11:23,442 [DEBUG] Truck: Time:<127.83397681566542> Truck:[XHTruck12] Arrived at NorthPitMine-DumpSite1 at 127.83397681566542
2025-09-11 21:11:23,445 [INFO] Truck: Time:<128.0818561990898> Truck:[CLTruck11] is facing 4.256127730256872 mins delay caused by 1 pre-existing jam events on Road from NorthPitMine-DumpSite2 to NorthPitMine-LoadSite3
2025-09-11 21:11:23,445 [INFO] Truck: Time:<128.404822664238> Truck:[CLTruck16] Arrived at NorthPitMine-LoadSite4 at 128.404822664238
2025-09-11 21:11:23,445 [DEBUG] Truck: Time:<128.409112239819> Truck:[CLTruck9] Arrived at NorthPitMine-DumpSite1 at 128.409112239819
2025-09-11 21:11:23,445 [INFO] Truck: Time:<128.83397681566544> Truck:[XHTruck12] Finish unloading at dumper NorthPitMine-DumpSite1-点位0, dumper tons is 1191.8885428906046
2025-09-11 21:11:23,445 [DEBUG] Truck: Time:<128.83397681566544> Truck:[XHTruck12] Start moving to ORDER(2):NorthPitMine-LoadSite3, move distance is 2.98, speed: 25
2025-09-11 21:11:23,456 [INFO] Truck: Time:<129.409112239819> Truck:[CLTruck9] Finish unloading at dumper NorthPitMine-DumpSite1-点位1, dumper tons is 469.2275217998118
2025-09-11 21:11:23,466 [DEBUG] Truck: Time:<129.409112239819> Truck:[CLTruck9] Start moving to ORDER(2):NorthPitMine-LoadSite3, move distance is 2.98, speed: 25
2025-09-11 21:11:23,466 [INFO] Truck: Time:<116> Truck:[CLTruck9] breakdown for 7.649305723260168 minutes at 116
2025-09-11 21:11:23,476 [INFO] Truck: Time:<130.58140364041188> Truck:[XHTruck15] Arrived at NorthPitMine-LoadSite4 at 130.58140364041188
2025-09-11 21:11:23,476 [INFO] Truck: Time:<130.64711111111112> Truck:[XHTruck6] Finish loading at shovel NorthPitMine-LoadSite3-Shovel-3
2025-09-11 21:11:23,476 [DEBUG] Truck: Time:<130.64711111111112> Truck:[XHTruck6] Start moving to ORDER(4): NorthPitMine-DumpSite5, move distance is 1.86, speed: 25
2025-09-11 21:11:23,476 [INFO] Truck: Time:<121> Truck:[XHTruck6] breakdown for 5.155550342927388 minutes at 121
2025-09-11 21:11:23,476 [INFO] Truck: Time:<130.64711111111112> Truck:[CLTruck27] Start loading at shovel NorthPitMine-LoadSite3-Shovel-3, load time is 15.555555555555555
2025-09-11 21:11:23,486 [INFO] Truck: Time:<131.05928977091392> Truck:[OfficalTruck6] Arrived at NorthPitMine-LoadSite4 at 131.05928977091392
2025-09-11 21:11:23,486 [DEBUG] Truck: Time:<131.14489406946603> Truck:[CLTruck14] Arrived at NorthPitMine-DumpSite2 at 131.14489406946603
2025-09-11 21:11:23,486 [INFO] Truck: Time:<131.8425349947322> Shovel NorthPitMine-LoadSite4-Shovel-1 maintenance completed
2025-09-11 21:11:23,486 [DEBUG] Truck: Time:<131.8425349947322> Truck:[OfficalTruck8] Start moving to ORDER(1): NorthPitMine-DumpSite2, move distance is 1.17, speed: 25
2025-09-11 21:11:23,486 [INFO] Truck: Time:<129> Truck:[OfficalTruck8] breakdown for 7.609043762594223 minutes at 129
2025-09-11 21:11:23,486 [INFO] Truck: Time:<131.8425349947322> Truck:[OfficalTruck1] Start loading at shovel NorthPitMine-LoadSite4-Shovel-1, load time is 5.684055118110236
2025-09-11 21:11:23,506 [INFO] Truck: Time:<132.14489406946603> Truck:[CLTruck14] Finish unloading at dumper NorthPitMine-DumpSite2-点位0, dumper tons is 1087.1785888418804
2025-09-11 21:11:23,516 [DEBUG] Truck: Time:<132.14489406946603> Truck:[CLTruck14] Start moving to ORDER(2):NorthPitMine-LoadSite3, move distance is 4.412021262489013, speed: 25
2025-09-11 21:11:23,516 [INFO] Truck: Time:<132> Truck:[CLTruck14] breakdown for 13.582987484617895 minutes at 132
2025-09-11 21:11:23,516 [DEBUG] Truck: Time:<132.14987851849358> Truck:[XHTruck11] Arrived at NorthPitMine-DumpSite5 at 132.14987851849358
2025-09-11 21:11:23,516 [INFO] Truck: Time:<132.66539320667505> Truck:[CLTruck18] Arrived at NorthPitMine-LoadSite3 at 132.66539320667505
2025-09-11 21:11:23,529 [DEBUG] Truck: Time:<133.01168140391349> Truck:[CLTruck25] Arrived at NorthPitMine-DumpSite2 at 133.01168140391349
2025-09-11 21:11:23,530 [INFO] Truck: Time:<133.14987851849358> Truck:[XHTruck11] Finish unloading at dumper NorthPitMine-DumpSite5-点位0, dumper tons is 1702.4873346398736
2025-09-11 21:11:23,534 [DEBUG] Truck: Time:<133.14987851849358> Truck:[XHTruck11] Start moving to ORDER(3):NorthPitMine-LoadSite4, move distance is 7.476709788190076, speed: 25
2025-09-11 21:11:23,534 [INFO] Truck: Time:<132> Truck:[XHTruck11] breakdown for 9.275219023236312 minutes at 132
2025-09-11 21:11:23,546 [INFO] Truck: Time:<134.01168140391349> Truck:[CLTruck25] Finish unloading at dumper NorthPitMine-DumpSite2-点位0, dumper tons is 1125.3082562081772
2025-09-11 21:11:23,549 [DEBUG] Truck: Time:<134.01168140391349> Truck:[CLTruck25] Start moving to ORDER(2):NorthPitMine-LoadSite3, move distance is 4.26903474845717, speed: 25
2025-09-11 21:11:23,550 [INFO] Truck: Time:<134.01168140391349> Truck:[CLTruck25] is facing 0 mins delay caused by 2 pre-existing jam events on Road from NorthPitMine-DumpSite2 to NorthPitMine-LoadSite3
2025-09-11 21:11:23,551 [INFO] Truck: Time:<134.04863380846618> Truck:[CLTruck23] Finish loading at shovel NorthPitMine-LoadSite4-Shovel-4
2025-09-11 21:11:23,553 [DEBUG] Truck: Time:<134.04863380846618> Truck:[CLTruck23] Start moving to ORDER(1): NorthPitMine-DumpSite2, move distance is 1.17, speed: 25
2025-09-11 21:11:23,553 [INFO] Truck: Time:<118> Truck:[CLTruck23] breakdown for 7.07401950691311 minutes at 118
2025-09-11 21:11:23,554 [INFO] Truck: Time:<134.04863380846618> Truck:[OfficalTruck3] Start loading at shovel NorthPitMine-LoadSite4-Shovel-4, load time is 34.22222222222222
2025-09-11 21:11:23,555 [INFO] Truck: Time:<134.38087820674355> Truck:[XHTruck22] Arrived at NorthPitMine-LoadSite3 at 134.38087820674355
2025-09-11 21:11:23,556 [INFO] Truck: Time:<134.40141005056208> Truck:[XHTruck32] Finish loading at shovel NorthPitMine-LoadSite4-Shovel-5
2025-09-11 21:11:23,558 [DEBUG] Truck: Time:<134.40141005056208> Truck:[XHTruck32] Start moving to ORDER(1): NorthPitMine-DumpSite2, move distance is 1.17, speed: 25
2025-09-11 21:11:23,560 [INFO] Truck: Time:<100> Truck:[XHTruck32] breakdown for 10.953486408406176 minutes at 100
2025-09-11 21:11:23,562 [INFO] Truck: Time:<134.40141005056208> Truck:[CLTruck21] Start loading at shovel NorthPitMine-LoadSite4-Shovel-5, load time is 15.555555555555555
2025-09-11 21:11:23,562 [INFO] Truck: Time:<134.54388212428296> Truck:[CLTruck28] Arrived at NorthPitMine-LoadSite3 at 134.54388212428296
2025-09-11 21:11:23,563 [INFO] Truck: Time:<134.66202284458103> Truck:[XHTruck1] Arrived at NorthPitMine-LoadSite3 at 134.66202284458103
2025-09-11 21:11:23,563 [DEBUG] Truck: Time:<134.8764314293158> Truck:[XHTruck8] Arrived at NorthPitMine-DumpSite1 at 134.8764314293158
2025-09-11 21:11:23,566 [INFO] Truck: Time:<135.48286880720119> Truck:[XHTruck17] is facing 0 mins delay caused by 1 pre-existing jam events on Road from NorthPitMine-DumpSite1 to NorthPitMine-LoadSite3
2025-09-11 21:11:23,566 [INFO] Truck: Time:<135.8764314293158> Truck:[XHTruck8] Finish unloading at dumper NorthPitMine-DumpSite1-点位0, dumper tons is 1245.3961972132242
2025-09-11 21:11:23,566 [DEBUG] Truck: Time:<135.8764314293158> Truck:[XHTruck8] Start moving to ORDER(2):NorthPitMine-LoadSite3, move distance is 2.98, speed: 25
2025-09-11 21:11:23,566 [INFO] Truck: Time:<122> Truck:[XHTruck8] breakdown for 14.29937565047479 minutes at 122
2025-09-11 21:11:23,566 [INFO] Truck: Time:<135.98597681566542> Truck:[XHTruck12] Arrived at NorthPitMine-LoadSite3 at 135.98597681566542
2025-09-11 21:11:23,577 [DEBUG] Truck: Time:<136.0941384017229> Truck:[XHTruck19] Arrived at NorthPitMine-DumpSite1 at 136.0941384017229
2025-09-11 21:11:23,577 [INFO] Truck: Time:<136.47840727492033> Truck:[CLTruck19] Arrived at NorthPitMine-LoadSite3 at 136.47840727492033
2025-09-11 21:11:23,587 [INFO] Truck: Time:<137.05841796307917> Truck:[CLTruck9] is facing 1.453042014471869 mins delay caused by 1 pre-existing jam events on Road from NorthPitMine-DumpSite1 to NorthPitMine-LoadSite3
2025-09-11 21:11:23,587 [INFO] Truck: Time:<137.0941384017229> Truck:[XHTruck19] Finish unloading at dumper NorthPitMine-DumpSite1-点位0, dumper tons is 1302.3881441039712
2025-09-11 21:11:23,598 [DEBUG] Truck: Time:<137.0941384017229> Truck:[XHTruck19] Start moving to ORDER(2):NorthPitMine-LoadSite3, move distance is 2.98, speed: 25
2025-09-11 21:11:23,598 [INFO] Truck: Time:<137.0941384017229> Truck:[XHTruck19] is facing 1.4173215758281472 mins delay caused by 1 pre-existing jam events on Road from NorthPitMine-DumpSite1 to NorthPitMine-LoadSite3
2025-09-11 21:11:23,598 [INFO] Truck: Time:<137.22859768501573> Truck:[XHTruck29] Arrived at NorthPitMine-LoadSite4 at 137.22859768501573
2025-09-11 21:11:23,598 [INFO] Truck: Time:<137.31377777777777> Truck:[CLTruck22] Finish loading at shovel NorthPitMine-LoadSite3-Shovel-2
2025-09-11 21:11:23,598 [DEBUG] Truck: Time:<137.31377777777777> Truck:[CLTruck22] Start moving to ORDER(4): NorthPitMine-DumpSite5, move distance is 1.86, speed: 25
2025-09-11 21:11:23,598 [INFO] Truck: Time:<108> Truck:[CLTruck22] breakdown for 6.888406265837613 minutes at 108
2025-09-11 21:11:23,598 [INFO] Truck: Time:<137.31377777777777> Truck:[XHTruck20] Start loading at shovel NorthPitMine-LoadSite3-Shovel-2, load time is 24.444444444444443
2025-09-11 21:11:23,598 [INFO] Truck: Time:<137.3313851303023> Truck:[XHTruck3] is facing 3.8155600416399773 mins delay caused by 6 pre-existing jam events on Road from NorthPitMine-LoadSite5 to NorthPitMine-DumpSite1
2025-09-11 21:11:23,598 [DEBUG] Truck: Time:<137.4493074828075> Truck:[CLTruck6] Arrived at NorthPitMine-DumpSite1 at 137.4493074828075
2025-09-11 21:11:23,598 [INFO] Truck: Time:<137.52659011284243> Truck:[OfficalTruck1] Finish loading at shovel NorthPitMine-LoadSite4-Shovel-1
2025-09-11 21:11:23,608 [DEBUG] Truck: Time:<137.52659011284243> Truck:[OfficalTruck1] Start moving to ORDER(1): NorthPitMine-DumpSite2, move distance is 1.17, speed: 25
2025-09-11 21:11:23,608 [INFO] Truck: Time:<120> Truck:[OfficalTruck1] breakdown for 10.72877207037626 minutes at 120
2025-09-11 21:11:23,608 [INFO] Truck: Time:<137.52659011284243> Truck:[XHTruck26] Start loading at shovel NorthPitMine-LoadSite4-Shovel-1, load time is 4.060039370078741
2025-09-11 21:11:23,608 [DEBUG] Truck: Time:<137.7093524431175> Truck:[CLTruck1] Arrived at NorthPitMine-DumpSite5 at 137.7093524431175
2025-09-11 21:11:23,608 [INFO] Truck: Time:<138.16317216099645> Truck:[XHTruck27] Arrived at NorthPitMine-LoadSite4 at 138.16317216099645
2025-09-11 21:11:23,608 [DEBUG] Truck: Time:<138.37945433253992> Truck:[CLTruck12] Arrived at NorthPitMine-DumpSite1 at 138.37945433253992
2025-09-11 21:11:23,618 [INFO] Truck: Time:<138.4493074828075> Truck:[CLTruck6] Finish unloading at dumper NorthPitMine-DumpSite1-点位0, dumper tons is 1339.2014233462633
2025-09-11 21:11:23,618 [INFO] Road: [RoadEvent] Road from NorthPitMine-DumpSite1 to NorthPitMine-LoadSite3 is in repair，the repair will last for 58.69 mins, and will end at 197.14, vehicle on this road will have to suffer punish_distance.
2025-09-11 21:11:23,618 [DEBUG] Truck: Time:<138.4493074828075> Truck:[CLTruck6] Start moving to ORDER(2):NorthPitMine-LoadSite3, move distance is 4.181842832600245, speed: 25
2025-09-11 21:11:23,618 [INFO] Truck: Time:<130> Truck:[CLTruck6] breakdown for 14.322219310270347 minutes at 130
2025-09-11 21:11:23,618 [INFO] Truck: Time:<138.7093524431175> Truck:[CLTruck1] Finish unloading at dumper NorthPitMine-DumpSite5-点位0, dumper tons is 1734.9046167926654
2025-09-11 21:11:23,618 [DEBUG] Truck: Time:<138.7093524431175> Truck:[CLTruck1] Start moving to ORDER(3):NorthPitMine-LoadSite4, move distance is 5.34, speed: 25
2025-09-11 21:11:23,628 [INFO] Truck: Time:<139.11433778147895> Truck:[CLTruck7] Arrived at NorthPitMine-LoadSite3 at 139.11433778147895
2025-09-11 21:11:23,628 [INFO] Truck: Time:<139.37945433253992> Truck:[CLTruck12] Finish unloading at dumper NorthPitMine-DumpSite1-点位1, dumper tons is 504.758622963667
2025-09-11 21:11:23,631 [DEBUG] Truck: Time:<139.37945433253992> Truck:[CLTruck12] Start moving to ORDER(2):NorthPitMine-LoadSite3, move distance is 3.9230004938988032, speed: 25
2025-09-11 21:11:23,632 [INFO] Truck: Time:<124> Truck:[CLTruck12] breakdown for 12.341852164747987 minutes at 124
2025-09-11 21:11:23,638 [DEBUG] Truck: Time:<140.2666614540385> Truck:[XHTruck6] Arrived at NorthPitMine-DumpSite5 at 140.2666614540385
2025-09-11 21:11:23,638 [INFO] Truck: Time:<140.97955555555558> Truck:[XHTruck33] Finish loading at shovel NorthPitMine-LoadSite4-Shovel-3
2025-09-11 21:11:23,640 [DEBUG] Truck: Time:<140.97955555555558> Truck:[XHTruck33] Start moving to ORDER(1): NorthPitMine-DumpSite2, move distance is 1.17, speed: 25
2025-09-11 21:11:23,642 [INFO] Truck: Time:<128> Truck:[XHTruck33] breakdown for 10.467722671678754 minutes at 128
2025-09-11 21:11:23,643 [INFO] Truck: Time:<140.97955555555558> Truck:[XHTruck4] Start loading at shovel NorthPitMine-LoadSite4-Shovel-3, load time is 24.444444444444443
2025-09-11 21:11:23,653 [INFO] Truck: Time:<141.2666614540385> Truck:[XHTruck6] Finish unloading at dumper NorthPitMine-DumpSite5-点位0, dumper tons is 1792.6121398862165
2025-09-11 21:11:23,654 [DEBUG] Truck: Time:<141.2666614540385> Truck:[XHTruck6] Start moving to ORDER(3):NorthPitMine-LoadSite4, move distance is 5.34, speed: 25
2025-09-11 21:11:23,655 [INFO] Truck: Time:<141.4818841098641> Shovel NorthPitMine-LoadSite3-Shovel-1 maintenance completed
2025-09-11 21:11:23,657 [INFO] Road: [RoadEvent] Road from NorthPitMine-LoadSite3 to NorthPitMine-DumpSite5 is in repair，the repair will last for 43.42 mins, and will end at 184.90, vehicle on this road will have to suffer punish_distance.
2025-09-11 21:11:23,657 [DEBUG] Truck: Time:<141.4818841098641> Truck:[XHTruck13] Start moving to ORDER(4): NorthPitMine-DumpSite5, move distance is 2.9854016332538404, speed: 25
2025-09-11 21:11:23,658 [INFO] Truck: Time:<88> Truck:[XHTruck13] breakdown for 13.343286741540773 minutes at 88
2025-09-11 21:11:23,658 [INFO] Truck: Time:<141.4818841098641> Truck:[XHTruck24] Start loading at shovel NorthPitMine-LoadSite3-Shovel-1, load time is 4.060039370078741
2025-09-11 21:11:23,659 [INFO] Truck: Time:<141.58662948292118> Truck:[XHTruck26] Finish loading at shovel NorthPitMine-LoadSite4-Shovel-1
2025-09-11 21:11:23,663 [DEBUG] Truck: Time:<141.58662948292118> Truck:[XHTruck26] Start moving to ORDER(1): NorthPitMine-DumpSite2, move distance is 1.17, speed: 25
2025-09-11 21:11:23,664 [INFO] Truck: Time:<131> Truck:[XHTruck26] breakdown for 7.943343840054777 minutes at 131
2025-09-11 21:11:23,666 [INFO] Truck: Time:<141.58662948292118> Truck:[CLTruck5] Start loading at shovel NorthPitMine-LoadSite4-Shovel-1, load time is 2.5836614173228347
2025-09-11 21:11:23,678 [INFO] Truck: Time:<142.0484070800908> Truck:[XHTruck31] Arrived at NorthPitMine-LoadSite4 at 142.0484070800908
2025-09-11 21:11:23,679 [DEBUG] Truck: Time:<142.2595787573264> Truck:[OfficalTruck8] Arrived at NorthPitMine-DumpSite2 at 142.2595787573264
2025-09-11 21:11:23,679 [DEBUG] Truck: Time:<142.26394042495156> Truck:[OfficalTruck9] Arrived at NorthPitMine-DumpSite1 at 142.26394042495156
2025-09-11 21:11:23,680 [INFO] Truck: Time:<142.63486880720117> Truck:[XHTruck17] Arrived at NorthPitMine-LoadSite3 at 142.63486880720117
2025-09-11 21:11:23,680 [INFO] Truck: Time:<143.2595787573264> Truck:[OfficalTruck8] Finish unloading at dumper NorthPitMine-DumpSite2-点位0, dumper tons is 1207.0671066039101
2025-09-11 21:11:23,691 [INFO] Road: [RoadEvent] Road from NorthPitMine-DumpSite2 to NorthPitMine-LoadSite5 is in repair，the repair will last for 52.75 mins, and will end at 196.01, vehicle on this road will have to suffer punish_distance.
2025-09-11 21:11:23,691 [DEBUG] Truck: Time:<143.2595787573264> Truck:[OfficalTruck8] Start moving to ORDER(4):NorthPitMine-LoadSite5, move distance is 8.473940612823757, speed: 25
2025-09-11 21:11:23,691 [INFO] Truck: Time:<142> Truck:[OfficalTruck8] breakdown for 9.330493437991489 minutes at 142
2025-09-11 21:11:23,691 [INFO] Truck: Time:<143.26394042495156> Truck:[OfficalTruck9] Finish unloading at dumper NorthPitMine-DumpSite1-点位0, dumper tons is 1412.976084071657
2025-09-11 21:11:23,691 [INFO] Road: [RoadEvent] Road from NorthPitMine-DumpSite1 to NorthPitMine-LoadSite2 is in repair，the repair will last for 54.50 mins, and will end at 197.76, vehicle on this road will have to suffer punish_distance.
2025-09-11 21:11:23,691 [DEBUG] Truck: Time:<143.26394042495156> Truck:[OfficalTruck9] Start moving to ORDER(1):NorthPitMine-LoadSite2, move distance is 7.124732864110024, speed: 25
2025-09-11 21:11:23,691 [INFO] Truck: Time:<136> Truck:[OfficalTruck9] breakdown for 15.002766389112466 minutes at 136
2025-09-11 21:11:23,691 [INFO] Truck: Time:<143.58288276689683> Truck:[CLTruck11] Arrived at NorthPitMine-LoadSite3 at 143.58288276689683
2025-09-11 21:11:23,703 [DEBUG] Truck: Time:<143.9306533153793> Truck:[CLTruck23] Arrived at NorthPitMine-DumpSite2 at 143.9306533153793
2025-09-11 21:11:23,703 [INFO] Truck: Time:<144.09066666666666> Truck:[OfficalTruck2] Finish loading at shovel NorthPitMine-LoadSite4-Shovel-2
2025-09-11 21:11:23,703 [INFO] Truck: Time:<144.09066666666666> Shovel NorthPitMine-LoadSite4-Shovel-2 under maintenance for 50.38 minutes
2025-09-11 21:11:23,703 [INFO] Truck: Time:<144.17029090024403> Truck:[CLTruck5] Finish loading at shovel NorthPitMine-LoadSite4-Shovel-1
2025-09-11 21:11:23,711 [INFO] Road: [RoadEvent] Road from NorthPitMine-LoadSite4 to NorthPitMine-DumpSite2 is in repair，the repair will last for 55.58 mins, and will end at 199.75, vehicle on this road will have to suffer punish_distance.
2025-09-11 21:11:23,711 [DEBUG] Truck: Time:<144.17029090024403> Truck:[CLTruck5] Start moving to ORDER(1): NorthPitMine-DumpSite2, move distance is 1.856913922177913, speed: 25
2025-09-11 21:11:23,711 [INFO] Truck: Time:<143> Truck:[CLTruck5] breakdown for 11.32147274274928 minutes at 143
2025-09-11 21:11:23,711 [INFO] Truck: Time:<144.17029090024403> Truck:[XHTruck2] Start loading at shovel NorthPitMine-LoadSite4-Shovel-1, load time is 4.060039370078741
2025-09-11 21:11:23,711 [INFO] Truck: Time:<144.2573648002107> Truck:[CLTruck25] Arrived at NorthPitMine-LoadSite3 at 144.2573648002107
2025-09-11 21:11:23,711 [INFO] Truck: Time:<144.9306533153793> Truck:[CLTruck23] Finish unloading at dumper NorthPitMine-DumpSite2-点位0, dumper tons is 1243.9918276931717
2025-09-11 21:11:23,711 [DEBUG] Truck: Time:<144.9306533153793> Truck:[CLTruck23] Start moving to ORDER(4):NorthPitMine-LoadSite5, move distance is 7.514789633045598, speed: 25
2025-09-11 21:11:23,721 [INFO] Truck: Time:<145.54192347994285> Truck:[XHTruck24] Finish loading at shovel NorthPitMine-LoadSite3-Shovel-1
2025-09-11 21:11:23,721 [DEBUG] Truck: Time:<145.54192347994285> Truck:[XHTruck24] Start moving to ORDER(4): NorthPitMine-DumpSite5, move distance is 2.3316318677230123, speed: 25
2025-09-11 21:11:23,721 [INFO] Truck: Time:<121> Truck:[XHTruck24] breakdown for 10.170652966738624 minutes at 121
2025-09-11 21:11:23,721 [INFO] Truck: Time:<145.54192347994285> Truck:[XHTruck28] Start loading at shovel NorthPitMine-LoadSite3-Shovel-1, load time is 4.060039370078741
2025-09-11 21:11:23,721 [INFO] Truck: Time:<145.66345997755104> Truck:[CLTruck9] Arrived at NorthPitMine-LoadSite3 at 145.66345997755104
2025-09-11 21:11:23,731 [INFO] Truck: Time:<145.66345997755104> Truck:[XHTruck19] Arrived at NorthPitMine-LoadSite3 at 145.66345997755104
2025-09-11 21:11:23,731 [INFO] Truck: Time:<145.72788155408392> Truck:[CLTruck14] is facing 6.0758789020813815 mins delay caused by 1 pre-existing jam events on Road from NorthPitMine-DumpSite2 to NorthPitMine-LoadSite3
2025-09-11 21:11:23,742 [INFO] Truck: Time:<146.20266666666666> Truck:[CLTruck27] Finish loading at shovel NorthPitMine-LoadSite3-Shovel-3
2025-09-11 21:11:23,742 [DEBUG] Truck: Time:<146.20266666666666> Truck:[CLTruck27] Start moving to ORDER(4): NorthPitMine-DumpSite5, move distance is 2.7518642871469217, speed: 25
2025-09-11 21:11:23,742 [INFO] Truck: Time:<118> Truck:[CLTruck27] breakdown for 8.725415540340933 minutes at 118
2025-09-11 21:11:23,742 [INFO] Truck: Time:<146.20266666666666> Truck:[XHTruck18] Start loading at shovel NorthPitMine-LoadSite3-Shovel-3, load time is 24.444444444444443
2025-09-11 21:11:23,761 [DEBUG] Truck: Time:<148.16289645896825> Truck:[XHTruck32] Arrived at NorthPitMine-DumpSite2 at 148.16289645896825
2025-09-11 21:11:23,762 [INFO] Truck: Time:<148.23033027032278> Truck:[XHTruck2] Finish loading at shovel NorthPitMine-LoadSite4-Shovel-1
2025-09-11 21:11:23,766 [DEBUG] Truck: Time:<148.23033027032278> Truck:[XHTruck2] Start moving to ORDER(1): NorthPitMine-DumpSite2, move distance is 1.706438565733677, speed: 25
2025-09-11 21:11:23,766 [INFO] Truck: Time:<119> Truck:[XHTruck2] breakdown for 7.283002170692917 minutes at 119
2025-09-11 21:11:23,770 [INFO] Truck: Time:<148.23033027032278> Truck:[CLTruck16] Start loading at shovel NorthPitMine-LoadSite4-Shovel-1, load time is 2.5836614173228347
2025-09-11 21:11:23,771 [DEBUG] Truck: Time:<148.66618404361537> Truck:[CLTruck22] Arrived at NorthPitMine-DumpSite5 at 148.66618404361537
2025-09-11 21:11:23,776 [INFO] Truck: Time:<149.16289645896825> Truck:[XHTruck32] Finish unloading at dumper NorthPitMine-DumpSite2-点位0, dumper tons is 1299.6044831024672
2025-09-11 21:11:23,780 [DEBUG] Truck: Time:<149.16289645896825> Truck:[XHTruck32] Start moving to ORDER(4):NorthPitMine-LoadSite5, move distance is 7.261132675745443, speed: 25
2025-09-11 21:11:23,781 [INFO] Truck: Time:<149.6019628500216> Truck:[XHTruck28] Finish loading at shovel NorthPitMine-LoadSite3-Shovel-1
2025-09-11 21:11:23,782 [DEBUG] Truck: Time:<149.6019628500216> Truck:[XHTruck28] Start moving to ORDER(4): NorthPitMine-DumpSite5, move distance is 2.6803152775069434, speed: 25
2025-09-11 21:11:23,782 [INFO] Truck: Time:<146> Truck:[XHTruck28] breakdown for 6.500723786947409 minutes at 146
2025-09-11 21:11:23,782 [INFO] Truck: Time:<149.6019628500216> Truck:[CLTruck17] Start loading at shovel NorthPitMine-LoadSite3-Shovel-1, load time is 2.5836614173228347
2025-09-11 21:11:23,782 [INFO] Truck: Time:<149.66618404361537> Truck:[CLTruck22] Finish unloading at dumper NorthPitMine-DumpSite5-点位0, dumper tons is 1830.9110998816768
2025-09-11 21:11:23,782 [DEBUG] Truck: Time:<149.66618404361537> Truck:[CLTruck22] Start moving to ORDER(3):NorthPitMine-LoadSite4, move distance is 5.34, speed: 25
2025-09-11 21:11:23,782 [INFO] Truck: Time:<146> Truck:[CLTruck22] breakdown for 9.959448111077524 minutes at 146
2025-09-11 21:11:23,792 [INFO] Truck: Time:<149.95696560611762> Truck:[CLTruck21] Finish loading at shovel NorthPitMine-LoadSite4-Shovel-5
2025-09-11 21:11:23,792 [DEBUG] Truck: Time:<149.95696560611762> Truck:[CLTruck21] Start moving to ORDER(1): NorthPitMine-DumpSite2, move distance is 1.6847948746364945, speed: 25
2025-09-11 21:11:23,792 [INFO] Truck: Time:<113> Truck:[CLTruck21] breakdown for 10.75750644527135 minutes at 113
2025-09-11 21:11:23,792 [INFO] Truck: Time:<149.95696560611762> Truck:[CLTruck4] Start loading at shovel NorthPitMine-LoadSite4-Shovel-5, load time is 15.555555555555555
2025-09-11 21:11:23,802 [INFO] Truck: Time:<150.81399168764563> Truck:[CLTruck16] Finish loading at shovel NorthPitMine-LoadSite4-Shovel-1
2025-09-11 21:11:23,812 [DEBUG] Truck: Time:<150.81399168764563> Truck:[CLTruck16] Start moving to ORDER(1): NorthPitMine-DumpSite2, move distance is 1.5900530984177859, speed: 25
2025-09-11 21:11:23,812 [INFO] Truck: Time:<126> Truck:[CLTruck16] breakdown for 10.009423213395957 minutes at 126
2025-09-11 21:11:23,812 [INFO] Truck: Time:<150.81399168764563> Truck:[XHTruck27] Start loading at shovel NorthPitMine-LoadSite4-Shovel-1, load time is 4.060039370078741
2025-09-11 21:11:23,820 [DEBUG] Truck: Time:<151.0633621832187> Truck:[OfficalTruck1] Arrived at NorthPitMine-DumpSite2 at 151.0633621832187
2025-09-11 21:11:23,821 [INFO] Truck: Time:<151.5253524431175> Truck:[CLTruck1] Arrived at NorthPitMine-LoadSite4 at 151.5253524431175
2025-09-11 21:11:23,825 [INFO] Truck: Time:<152.0633621832187> Truck:[OfficalTruck1] Finish unloading at dumper NorthPitMine-DumpSite2-点位0, dumper tons is 1381.6927102695397
2025-09-11 21:11:23,828 [DEBUG] Truck: Time:<152.0633621832187> Truck:[OfficalTruck1] Start moving to ORDER(4):NorthPitMine-LoadSite5, move distance is 7.9915258904601085, speed: 25
2025-09-11 21:11:23,828 [INFO] Truck: Time:<152.0633621832187> Truck:[OfficalTruck1] is facing 10.609244620417268 mins delay caused by 1 pre-existing jam events on Road from NorthPitMine-DumpSite2 to NorthPitMine-LoadSite5
2025-09-11 21:11:23,828 [INFO] Truck: Time:<152.18562426734445> Truck:[CLTruck17] Finish loading at shovel NorthPitMine-LoadSite3-Shovel-1
2025-09-11 21:11:23,828 [DEBUG] Truck: Time:<152.18562426734445> Truck:[CLTruck17] Start moving to ORDER(4): NorthPitMine-DumpSite5, move distance is 2.705953926594516, speed: 25
2025-09-11 21:11:23,828 [INFO] Truck: Time:<148> Truck:[CLTruck17] breakdown for 9.001702437771645 minutes at 148
2025-09-11 21:11:23,834 [INFO] Truck: Time:<152.18562426734445> Truck:[CLTruck13] Start loading at shovel NorthPitMine-LoadSite3-Shovel-1, load time is 2.5836614173228347
2025-09-11 21:11:23,834 [DEBUG] Truck: Time:<152.33797332297596> Truck:[XHTruck26] Arrived at NorthPitMine-DumpSite2 at 152.33797332297596
2025-09-11 21:11:23,835 [INFO] Truck: Time:<152.5900721953179> Truck:[OfficalTruck8] is facing 9.863492247893477 mins delay caused by 1 pre-existing jam events on Road from NorthPitMine-DumpSite2 to NorthPitMine-LoadSite5
2025-09-11 21:11:23,842 [INFO] Truck: Time:<153.33797332297596> Truck:[XHTruck26] Finish unloading at dumper NorthPitMine-DumpSite2-点位0, dumper tons is 1436.3660767215881
2025-09-11 21:11:23,848 [DEBUG] Truck: Time:<153.33797332297596> Truck:[XHTruck26] Start moving to ORDER(4):NorthPitMine-LoadSite5, move distance is 7.444978870473204, speed: 25
2025-09-11 21:11:23,848 [INFO] Truck: Time:<153.33797332297596> Truck:[XHTruck26] is facing 15.2862993790801 mins delay caused by 2 pre-existing jam events on Road from NorthPitMine-DumpSite2 to NorthPitMine-LoadSite5
2025-09-11 21:11:23,856 [INFO] Truck: Time:<154.08266145403852> Truck:[XHTruck6] Arrived at NorthPitMine-LoadSite4 at 154.08266145403852
2025-09-11 21:11:23,857 [DEBUG] Truck: Time:<154.25527822723433> Truck:[XHTruck33] Arrived at NorthPitMine-DumpSite2 at 154.25527822723433
2025-09-11 21:11:23,857 [INFO] Truck: Time:<154.7692856846673> Truck:[CLTruck13] Finish loading at shovel NorthPitMine-LoadSite3-Shovel-1
2025-09-11 21:11:23,859 [DEBUG] Truck: Time:<154.7692856846673> Truck:[CLTruck13] Start moving to ORDER(4): NorthPitMine-DumpSite5, move distance is 2.6810130744372707, speed: 25
2025-09-11 21:11:23,859 [INFO] Truck: Time:<151> Truck:[CLTruck13] breakdown for 14.810097508323476 minutes at 151
2025-09-11 21:11:23,860 [INFO] Truck: Time:<154.7692856846673> Truck:[XHTruck30] Start loading at shovel NorthPitMine-LoadSite3-Shovel-1, load time is 4.060039370078741
2025-09-11 21:11:23,860 [INFO] Truck: Time:<154.87403105772438> Truck:[XHTruck27] Finish loading at shovel NorthPitMine-LoadSite4-Shovel-1
2025-09-11 21:11:23,863 [DEBUG] Truck: Time:<154.87403105772438> Truck:[XHTruck27] Start moving to ORDER(1): NorthPitMine-DumpSite2, move distance is 1.816262462345681, speed: 25
2025-09-11 21:11:23,863 [INFO] Truck: Time:<145> Truck:[XHTruck27] breakdown for 14.35538111986381 minutes at 145
2025-09-11 21:11:23,864 [INFO] Truck: Time:<154.87403105772438> Truck:[XHTruck31] Start loading at shovel NorthPitMine-LoadSite4-Shovel-1, load time is 4.060039370078741
2025-09-11 21:11:23,866 [INFO] Truck: Time:<155.25527822723433> Truck:[XHTruck33] Finish unloading at dumper NorthPitMine-DumpSite2-点位0, dumper tons is 1490.0856422210109
2025-09-11 21:11:23,866 [DEBUG] Truck: Time:<155.25527822723433> Truck:[XHTruck33] Start moving to ORDER(4):NorthPitMine-LoadSite5, move distance is 7.030028114482652, speed: 25
2025-09-11 21:11:23,866 [INFO] Truck: Time:<155.25527822723433> Truck:[XHTruck33] is facing 15.748309429996004 mins delay caused by 3 pre-existing jam events on Road from NorthPitMine-DumpSite2 to NorthPitMine-LoadSite5
2025-09-11 21:11:23,876 [DEBUG] Truck: Time:<157.2521131485225> Truck:[XHTruck3] Arrived at NorthPitMine-DumpSite1 at 157.2521131485225
2025-09-11 21:11:23,876 [INFO] Truck: Time:<157.32780707979057> Truck:[XHTruck8] Arrived at NorthPitMine-LoadSite3 at 157.32780707979057
2025-09-11 21:11:23,886 [INFO] Truck: Time:<158.2521131485225> Truck:[XHTruck3] Finish unloading at dumper NorthPitMine-DumpSite1-点位0, dumper tons is 1472.7181338236333
2025-09-11 21:11:23,886 [DEBUG] Truck: Time:<158.2521131485225> Truck:[XHTruck3] Start moving to ORDER(3):NorthPitMine-LoadSite4, move distance is 3.41, speed: 25
2025-09-11 21:11:23,886 [INFO] Truck: Time:<156> Truck:[XHTruck3] breakdown for 9.458377611930167 minutes at 156
2025-09-11 21:11:23,886 [INFO] Truck: Time:<158.82932505474605> Truck:[XHTruck30] Finish loading at shovel NorthPitMine-LoadSite3-Shovel-1
2025-09-11 21:11:23,886 [DEBUG] Truck: Time:<158.82932505474605> Truck:[XHTruck30] Start moving to ORDER(4): NorthPitMine-DumpSite5, move distance is 2.7560434652487005, speed: 25
2025-09-11 21:11:23,886 [INFO] Truck: Time:<153> Truck:[XHTruck30] breakdown for 8.514160969212384 minutes at 153
2025-09-11 21:11:23,886 [INFO] Truck: Time:<158.82932505474605> Truck:[CLTruck8] Start loading at shovel NorthPitMine-LoadSite3-Shovel-1, load time is 2.5836614173228347
2025-09-11 21:11:23,886 [INFO] Truck: Time:<158.93407042780314> Truck:[XHTruck31] Finish loading at shovel NorthPitMine-LoadSite4-Shovel-1
2025-09-11 21:11:23,896 [DEBUG] Truck: Time:<158.93407042780314> Truck:[XHTruck31] Start moving to ORDER(1): NorthPitMine-DumpSite2, move distance is 1.712265987585064, speed: 25
2025-09-11 21:11:23,896 [INFO] Truck: Time:<158.93407042780314> Truck:[CLTruck1] Start loading at shovel NorthPitMine-LoadSite4-Shovel-1, load time is 2.5836614173228347
2025-09-11 21:11:23,896 [DEBUG] Truck: Time:<159.60878499877654> Truck:[XHTruck2] Arrived at NorthPitMine-DumpSite2 at 159.60878499877654
2025-09-11 21:11:23,896 [INFO] Truck: Time:<159.6256321546929> Truck:[CLTruck22] is facing 0 mins delay caused by 1 pre-existing jam events on Road from NorthPitMine-DumpSite5 to NorthPitMine-LoadSite4
2025-09-11 21:11:23,896 [DEBUG] Truck: Time:<159.9483570562203> Truck:[CLTruck5] Arrived at NorthPitMine-DumpSite2 at 159.9483570562203
2025-09-11 21:11:23,906 [INFO] Truck: Time:<160.36920103338608> Truck:[XHTruck11] Arrived at NorthPitMine-LoadSite4 at 160.36920103338608
2025-09-11 21:11:23,906 [INFO] Truck: Time:<160.60878499877654> Truck:[XHTruck2] Finish unloading at dumper NorthPitMine-DumpSite2-点位0, dumper tons is 1541.5042243512155
2025-09-11 21:11:23,906 [DEBUG] Truck: Time:<160.60878499877654> Truck:[XHTruck2] Start moving to ORDER(4):NorthPitMine-LoadSite5, move distance is 7.422537510515221, speed: 25
2025-09-11 21:11:23,906 [INFO] Truck: Time:<160.60878499877654> Truck:[XHTruck2] is facing 2.322173285483036 mins delay caused by 3 pre-existing jam events on Road from NorthPitMine-DumpSite2 to NorthPitMine-LoadSite5
2025-09-11 21:11:23,906 [INFO] Truck: Time:<160.9483570562203> Truck:[CLTruck5] Finish unloading at dumper NorthPitMine-DumpSite2-点位1, dumper tons is 303.44287257831087
2025-09-11 21:11:23,906 [DEBUG] Truck: Time:<160.9483570562203> Truck:[CLTruck5] Start moving to ORDER(4):NorthPitMine-LoadSite5, move distance is 7.62967952691458, speed: 25
2025-09-11 21:11:23,906 [INFO] Truck: Time:<160.9483570562203> Truck:[CLTruck5] is facing 1.8885475557282296 mins delay caused by 3 pre-existing jam events on Road from NorthPitMine-DumpSite2 to NorthPitMine-LoadSite5
2025-09-11 21:11:23,916 [INFO] Truck: Time:<161.13650768264503> Truck:[CLTruck12] Arrived at NorthPitMine-LoadSite3 at 161.13650768264503
2025-09-11 21:11:23,916 [DEBUG] Truck: Time:<161.3084929292167> Truck:[XHTruck24] Arrived at NorthPitMine-DumpSite5 at 161.3084929292167
2025-09-11 21:11:23,916 [INFO] Truck: Time:<161.4129864720689> Truck:[CLTruck8] Finish loading at shovel NorthPitMine-LoadSite3-Shovel-1
2025-09-11 21:11:23,926 [DEBUG] Truck: Time:<161.4129864720689> Truck:[CLTruck8] Start moving to ORDER(4): NorthPitMine-DumpSite5, move distance is 2.6691537810026373, speed: 25
2025-09-11 21:11:23,926 [INFO] Truck: Time:<127> Truck:[CLTruck8] breakdown for 6.033304736191323 minutes at 127
2025-09-11 21:11:23,926 [INFO] Truck: Time:<161.4129864720689> Truck:[CLTruck28] Start loading at shovel NorthPitMine-LoadSite3-Shovel-1, load time is 2.5836614173228347
2025-09-11 21:11:23,926 [INFO] Truck: Time:<161.51773184512598> Truck:[CLTruck1] Finish loading at shovel NorthPitMine-LoadSite4-Shovel-1
2025-09-11 21:11:23,926 [DEBUG] Truck: Time:<161.51773184512598> Truck:[CLTruck1] Start moving to ORDER(1): NorthPitMine-DumpSite2, move distance is 1.637393541859739, speed: 25
2025-09-11 21:11:23,926 [INFO] Truck: Time:<155> Truck:[CLTruck1] breakdown for 6.272769295289274 minutes at 155
2025-09-11 21:11:23,926 [INFO] Truck: Time:<161.51773184512598> Truck:[XHTruck6] Start loading at shovel NorthPitMine-LoadSite4-Shovel-1, load time is 4.060039370078741
2025-09-11 21:11:23,926 [DEBUG] Truck: Time:<161.53255649616023> Truck:[CLTruck27] Arrived at NorthPitMine-DumpSite5 at 161.53255649616023
2025-09-11 21:11:23,926 [INFO] Truck: Time:<161.75822222222223> Truck:[XHTruck20] Finish loading at shovel NorthPitMine-LoadSite3-Shovel-2
2025-09-11 21:11:23,926 [INFO] Truck: Time:<161.75822222222223> Shovel NorthPitMine-LoadSite3-Shovel-2 under maintenance for 45.60 minutes
2025-09-11 21:11:23,926 [DEBUG] Truck: Time:<161.9901347712141> Truck:[XHTruck13] Arrived at NorthPitMine-DumpSite5 at 161.9901347712141
2025-09-11 21:11:23,936 [INFO] Truck: Time:<162.3084929292167> Truck:[XHTruck24] Finish unloading at dumper NorthPitMine-DumpSite5-点位0, dumper tons is 1889.8442289409782
2025-09-11 21:11:23,942 [DEBUG] Truck: Time:<162.3084929292167> Truck:[XHTruck24] Start moving to ORDER(3):NorthPitMine-LoadSite4, move distance is 5.34, speed: 25
2025-09-11 21:11:23,942 [INFO] Truck: Time:<159> Truck:[XHTruck24] breakdown for 7.7878612286707565 minutes at 159
2025-09-11 21:11:23,942 [INFO] Truck: Time:<162.39261148613895> Truck:[CLTruck14] Arrived at NorthPitMine-LoadSite3 at 162.39261148613895
2025-09-11 21:11:23,942 [INFO] Truck: Time:<162.53255649616023> Truck:[CLTruck27] Finish unloading at dumper NorthPitMine-DumpSite5-点位1, dumper tons is 571.2916031008299
2025-09-11 21:11:23,947 [DEBUG] Truck: Time:<162.53255649616023> Truck:[CLTruck27] Start moving to ORDER(3):NorthPitMine-LoadSite4, move distance is 5.34, speed: 25
2025-09-11 21:11:23,947 [DEBUG] Truck: Time:<162.5354433029857> Truck:[XHTruck28] Arrived at NorthPitMine-DumpSite5 at 162.5354433029857
2025-09-11 21:11:23,947 [INFO] Truck: Time:<162.80794959131845> Truck:[CLTruck6] Arrived at NorthPitMine-LoadSite3 at 162.80794959131845
2025-09-11 21:11:23,957 [INFO] Truck: Time:<162.96614843468873> Truck:[CLTruck23] Arrived at NorthPitMine-LoadSite5 at 162.96614843468873
2025-09-11 21:11:23,957 [INFO] Truck: Time:<162.96614843468873> Truck:[CLTruck23] Start loading at shovel NorthPitMine-LoadSite5-Shovel-1, load time is 2.5836614173228347
2025-09-11 21:11:23,957 [INFO] Truck: Time:<162.9901347712141> Truck:[XHTruck13] Finish unloading at dumper NorthPitMine-DumpSite5-点位2, dumper tons is 217.86595247885217
2025-09-11 21:11:23,957 [DEBUG] Truck: Time:<162.9901347712141> Truck:[XHTruck13] Start moving to ORDER(3):NorthPitMine-LoadSite4, move distance is 5.34, speed: 25
2025-09-11 21:11:23,957 [INFO] Truck: Time:<155> Truck:[XHTruck13] breakdown for 10.326434198375592 minutes at 155
2025-09-11 21:11:23,967 [DEBUG] Truck: Time:<163.04350879800728> Truck:[XHTruck31] Arrived at NorthPitMine-DumpSite2 at 163.04350879800728
2025-09-11 21:11:23,967 [INFO] Truck: Time:<163.5354433029857> Truck:[XHTruck28] Finish unloading at dumper NorthPitMine-DumpSite5-点位0, dumper tons is 1948.3333692617
2025-09-11 21:11:23,967 [DEBUG] Truck: Time:<163.5354433029857> Truck:[XHTruck28] Start moving to ORDER(3):NorthPitMine-LoadSite4, move distance is 5.34, speed: 25
2025-09-11 21:11:23,967 [INFO] Truck: Time:<163.99664788939174> Truck:[CLTruck28] Finish loading at shovel NorthPitMine-LoadSite3-Shovel-1
2025-09-11 21:11:23,967 [DEBUG] Truck: Time:<163.99664788939174> Truck:[CLTruck28] Start moving to ORDER(4): NorthPitMine-DumpSite5, move distance is 2.7602208876366983, speed: 25
2025-09-11 21:11:23,967 [INFO] Truck: Time:<157> Truck:[CLTruck28] breakdown for 15.950722859323342 minutes at 157
2025-09-11 21:11:23,967 [INFO] Truck: Time:<163.99664788939174> Truck:[CLTruck19] Start loading at shovel NorthPitMine-LoadSite3-Shovel-1, load time is 2.5836614173228347
2025-09-11 21:11:23,977 [INFO] Truck: Time:<164.04350879800728> Truck:[XHTruck31] Finish unloading at dumper NorthPitMine-DumpSite2-点位0, dumper tons is 1598.6236127901489
2025-09-11 21:11:23,987 [DEBUG] Truck: Time:<164.04350879800728> Truck:[XHTruck31] Start moving to ORDER(4):NorthPitMine-LoadSite5, move distance is 7.178369054604719, speed: 25
2025-09-11 21:11:23,987 [INFO] Truck: Time:<164.04350879800728> Truck:[XHTruck31] is facing 19.696691841655916 mins delay caused by 4 pre-existing jam events on Road from NorthPitMine-DumpSite2 to NorthPitMine-LoadSite5
2025-09-11 21:11:23,987 [DEBUG] Truck: Time:<164.63954233724428> Truck:[CLTruck16] Arrived at NorthPitMine-DumpSite2 at 164.63954233724428
2025-09-11 21:11:23,987 [DEBUG] Truck: Time:<164.75797975051657> Truck:[CLTruck21] Arrived at NorthPitMine-DumpSite2 at 164.75797975051657
2025-09-11 21:11:23,998 [INFO] Truck: Time:<165.42400000000004> Truck:[XHTruck4] Finish loading at shovel NorthPitMine-LoadSite4-Shovel-3
2025-09-11 21:11:23,999 [DEBUG] Truck: Time:<165.42400000000004> Truck:[XHTruck4] Start moving to ORDER(1): NorthPitMine-DumpSite2, move distance is 1.457682872881041, speed: 25
2025-09-11 21:11:23,999 [INFO] Truck: Time:<142> Truck:[XHTruck4] breakdown for 9.032057247484907 minutes at 142
2025-09-11 21:11:24,000 [INFO] Truck: Time:<165.42400000000004> Truck:[CLTruck26] Start loading at shovel NorthPitMine-LoadSite4-Shovel-3, load time is 15.555555555555555
2025-09-11 21:11:24,001 [INFO] Truck: Time:<165.51252116167316> Truck:[CLTruck4] Finish loading at shovel NorthPitMine-LoadSite4-Shovel-5
2025-09-11 21:11:24,004 [DEBUG] Truck: Time:<165.51252116167316> Truck:[CLTruck4] Start moving to ORDER(1): NorthPitMine-DumpSite2, move distance is 1.415805740771018, speed: 25
2025-09-11 21:11:24,005 [INFO] Truck: Time:<159> Truck:[CLTruck4] breakdown for 13.999369705551848 minutes at 159
2025-09-11 21:11:24,006 [INFO] Truck: Time:<165.51252116167316> Truck:[OfficalTruck5] Start loading at shovel NorthPitMine-LoadSite4-Shovel-5, load time is 34.22222222222222
2025-09-11 21:11:24,007 [INFO] Truck: Time:<165.54980985201158> Truck:[CLTruck23] Finish loading at shovel NorthPitMine-LoadSite5-Shovel-1
2025-09-11 21:11:24,008 [INFO] Truck: Time:<165.54980985201158> Shovel NorthPitMine-LoadSite5-Shovel-1 under maintenance for 44.53 minutes
2025-09-11 21:11:24,010 [INFO] Truck: Time:<165.57777121520473> Truck:[XHTruck6] Finish loading at shovel NorthPitMine-LoadSite4-Shovel-1
2025-09-11 21:11:24,010 [DEBUG] Truck: Time:<165.57777121520473> Truck:[XHTruck6] Start moving to ORDER(1): NorthPitMine-DumpSite2, move distance is 1.6994183138132517, speed: 25
2025-09-11 21:11:24,010 [INFO] Truck: Time:<165> Truck:[XHTruck6] breakdown for 15.225911711793145 minutes at 165
2025-09-11 21:11:24,010 [INFO] Truck: Time:<165.57777121520473> Truck:[XHTruck11] Start loading at shovel NorthPitMine-LoadSite4-Shovel-1, load time is 4.060039370078741
2025-09-11 21:11:24,010 [INFO] Truck: Time:<165.63954233724428> Truck:[CLTruck16] Finish unloading at dumper NorthPitMine-DumpSite2-点位0, dumper tons is 1636.2458182480043
2025-09-11 21:11:24,010 [DEBUG] Truck: Time:<165.63954233724428> Truck:[CLTruck16] Start moving to ORDER(4):NorthPitMine-LoadSite5, move distance is 9.030877579222212, speed: 25
2025-09-11 21:11:24,010 [INFO] Truck: Time:<165.63954233724428> Truck:[CLTruck16] is facing 16.173750924572452 mins delay caused by 5 pre-existing jam events on Road from NorthPitMine-DumpSite2 to NorthPitMine-LoadSite5
2025-09-11 21:11:24,019 [INFO] Truck: Time:<165.75797975051657> Truck:[CLTruck21] Finish unloading at dumper NorthPitMine-DumpSite2-点位1, dumper tons is 337.5828508433296
2025-09-11 21:11:24,019 [DEBUG] Truck: Time:<165.75797975051657> Truck:[CLTruck21] Start moving to ORDER(4):NorthPitMine-LoadSite5, move distance is 8.517247557871618, speed: 25
2025-09-11 21:11:24,019 [INFO] Truck: Time:<165.75797975051657> Truck:[CLTruck21] is facing 16.51310747627571 mins delay caused by 5 pre-existing jam events on Road from NorthPitMine-DumpSite2 to NorthPitMine-LoadSite5
2025-09-11 21:11:24,029 [INFO] Truck: Time:<166.58030930671458> Truck:[CLTruck19] Finish loading at shovel NorthPitMine-LoadSite3-Shovel-1
2025-09-11 21:11:24,029 [DEBUG] Truck: Time:<166.58030930671458> Truck:[CLTruck19] Start moving to ORDER(4): NorthPitMine-DumpSite5, move distance is 2.364309470011575, speed: 25
2025-09-11 21:11:24,029 [INFO] Truck: Time:<144> Truck:[CLTruck19] breakdown for 15.867168782364338 minutes at 144
2025-09-11 21:11:24,029 [INFO] Truck: Time:<166.58030930671458> Truck:[XHTruck17] Start loading at shovel NorthPitMine-LoadSite3-Shovel-1, load time is 4.060039370078741
2025-09-11 21:11:24,029 [INFO] Truck: Time:<166.58961488075732> Truck:[XHTruck32] Arrived at NorthPitMine-LoadSite5 at 166.58961488075732
2025-09-11 21:11:24,029 [INFO] Truck: Time:<166.58961488075732> Truck:[XHTruck32] Start loading at shovel NorthPitMine-LoadSite5-Shovel-2, load time is 4.060039370078741
2025-09-11 21:11:24,043 [DEBUG] Truck: Time:<167.68161612894295> Truck:[CLTruck17] Arrived at NorthPitMine-DumpSite5 at 167.68161612894295
2025-09-11 21:11:24,051 [INFO] Truck: Time:<168.2708560306884> Truck:[OfficalTruck3] Finish loading at shovel NorthPitMine-LoadSite4-Shovel-4
2025-09-11 21:11:24,051 [DEBUG] Truck: Time:<168.2708560306884> Truck:[OfficalTruck3] Start moving to ORDER(1): NorthPitMine-DumpSite2, move distance is 1.5598338383150554, speed: 25
2025-09-11 21:11:24,051 [INFO] Truck: Time:<145> Truck:[OfficalTruck3] breakdown for 10.468095875310977 minutes at 145
2025-09-11 21:11:24,051 [INFO] Truck: Time:<168.2708560306884> Truck:[XHTruck16] Start loading at shovel NorthPitMine-LoadSite4-Shovel-4, load time is 24.444444444444443
2025-09-11 21:11:24,059 [INFO] Truck: Time:<168.68161612894295> Truck:[CLTruck17] Finish unloading at dumper NorthPitMine-DumpSite5-点位0, dumper tons is 1983.789879121293
2025-09-11 21:11:24,059 [DEBUG] Truck: Time:<168.68161612894295> Truck:[CLTruck17] Start moving to ORDER(3):NorthPitMine-LoadSite4, move distance is 5.34, speed: 25
2025-09-11 21:11:24,059 [INFO] Truck: Time:<167> Truck:[CLTruck17] breakdown for 13.606632669475246 minutes at 167
2025-09-11 21:11:24,079 [INFO] Truck: Time:<169.6378105852835> Truck:[XHTruck11] Finish loading at shovel NorthPitMine-LoadSite4-Shovel-1
2025-09-11 21:11:24,079 [DEBUG] Truck: Time:<169.6378105852835> Truck:[XHTruck11] Start moving to ORDER(1): NorthPitMine-DumpSite2, move distance is 1.7654531873489208, speed: 25
2025-09-11 21:11:24,090 [INFO] Truck: Time:<170.09635415788745> Truck:[XHTruck24] is facing 6.146226926209073 mins delay caused by 2 pre-existing jam events on Road from NorthPitMine-DumpSite5 to NorthPitMine-LoadSite4
2025-09-11 21:11:24,099 [INFO] Truck: Time:<170.64034867679334> Truck:[XHTruck17] Finish loading at shovel NorthPitMine-LoadSite3-Shovel-1
2025-09-11 21:11:24,099 [DEBUG] Truck: Time:<170.64034867679334> Truck:[XHTruck17] Start moving to ORDER(4): NorthPitMine-DumpSite5, move distance is 2.6594431279631343, speed: 25
2025-09-11 21:11:24,099 [INFO] Truck: Time:<155> Truck:[XHTruck17] breakdown for 6.01865589858135 minutes at 155
2025-09-11 21:11:24,099 [INFO] Truck: Time:<170.64034867679334> Truck:[CLTruck9] Start loading at shovel NorthPitMine-LoadSite3-Shovel-1, load time is 2.5836614173228347
2025-09-11 21:11:24,099 [INFO] Truck: Time:<170.6471111111111> Truck:[XHTruck18] Finish loading at shovel NorthPitMine-LoadSite3-Shovel-3
2025-09-11 21:11:24,099 [DEBUG] Truck: Time:<170.6471111111111> Truck:[XHTruck18] Start moving to ORDER(4): NorthPitMine-DumpSite5, move distance is 2.3317361407229638, speed: 25
2025-09-11 21:11:24,099 [INFO] Truck: Time:<157> Truck:[XHTruck18] breakdown for 8.709450704335575 minutes at 157
2025-09-11 21:11:24,099 [INFO] Truck: Time:<170.6471111111111> Truck:[XHTruck23] Start loading at shovel NorthPitMine-LoadSite3-Shovel-3, load time is 24.444444444444443
2025-09-11 21:11:24,109 [INFO] Truck: Time:<170.64965425083608> Truck:[XHTruck32] Finish loading at shovel NorthPitMine-LoadSite5-Shovel-2
2025-09-11 21:11:24,109 [DEBUG] Truck: Time:<170.64965425083608> Truck:[XHTruck32] Start moving to ORDER(0): NorthPitMine-DumpSite1, move distance is 5.15, speed: 25
2025-09-11 21:11:24,109 [INFO] Truck: Time:<159> Truck:[XHTruck32] breakdown for 17.613750324426633 minutes at 159
2025-09-11 21:11:24,112 [DEBUG] Truck: Time:<171.72024564087863> Truck:[CLTruck1] Arrived at NorthPitMine-DumpSite2 at 171.72024564087863
2025-09-11 21:11:24,112 [INFO] Truck: Time:<172.4416321546929> Truck:[CLTruck22] Arrived at NorthPitMine-LoadSite4 at 172.4416321546929
2025-09-11 21:11:24,119 [INFO] Truck: Time:<172.4416321546929> Truck:[CLTruck22] Start loading at shovel NorthPitMine-LoadSite4-Shovel-1, load time is 2.5836614173228347
2025-09-11 21:11:24,119 [INFO] Truck: Time:<172.72024564087863> Truck:[CLTruck1] Finish unloading at dumper NorthPitMine-DumpSite2-点位0, dumper tons is 1667.8855567695955
2025-09-11 21:11:24,119 [DEBUG] Truck: Time:<172.72024564087863> Truck:[CLTruck1] Start moving to ORDER(4):NorthPitMine-LoadSite5, move distance is 7.939519182191976, speed: 25
2025-09-11 21:11:24,119 [INFO] Truck: Time:<172.72024564087863> Truck:[CLTruck1] is facing 11.888498209845679 mins delay caused by 5 pre-existing jam events on Road from NorthPitMine-DumpSite2 to NorthPitMine-LoadSite5
2025-09-11 21:11:24,119 [INFO] Truck: Time:<173.22401009411618> Truck:[CLTruck9] Finish loading at shovel NorthPitMine-LoadSite3-Shovel-1
2025-09-11 21:11:24,129 [DEBUG] Truck: Time:<173.22401009411618> Truck:[CLTruck9] Start moving to ORDER(4): NorthPitMine-DumpSite5, move distance is 2.5306677111785065, speed: 25
2025-09-11 21:11:24,129 [INFO] Truck: Time:<164> Truck:[CLTruck9] breakdown for 10.593111532715136 minutes at 164
2025-09-11 21:11:24,129 [INFO] Truck: Time:<173.22401009411618> Truck:[XHTruck19] Start loading at shovel NorthPitMine-LoadSite3-Shovel-1, load time is 4.060039370078741
2025-09-11 21:11:24,129 [INFO] Truck: Time:<173.31656896958967> Truck:[XHTruck13] is facing 2.0641882913424165 mins delay caused by 2 pre-existing jam events on Road from NorthPitMine-DumpSite5 to NorthPitMine-LoadSite4
2025-09-11 21:11:24,129 [DEBUG] Truck: Time:<173.58844208721783> Truck:[XHTruck27] Arrived at NorthPitMine-DumpSite2 at 173.58844208721783
2025-09-11 21:11:24,129 [DEBUG] Truck: Time:<173.85226028266655> Truck:[CLTruck8] Arrived at NorthPitMine-DumpSite5 at 173.85226028266655
2025-09-11 21:11:24,129 [DEBUG] Truck: Time:<173.8748982349209> Truck:[XHTruck11] Arrived at NorthPitMine-DumpSite2 at 173.8748982349209
2025-09-11 21:11:24,129 [DEBUG] Truck: Time:<173.9579903405553> Truck:[XHTruck30] Arrived at NorthPitMine-DumpSite5 at 173.9579903405553
2025-09-11 21:11:24,143 [INFO] Truck: Time:<174.58844208721783> Truck:[XHTruck27] Finish unloading at dumper NorthPitMine-DumpSite2-点位0, dumper tons is 1720.284321420937
2025-09-11 21:11:24,143 [DEBUG] Truck: Time:<174.58844208721783> Truck:[XHTruck27] Start moving to ORDER(4):NorthPitMine-LoadSite5, move distance is 7.895427182412593, speed: 25
2025-09-11 21:11:24,143 [INFO] Truck: Time:<170> Truck:[XHTruck27] breakdown for 10.131069545690249 minutes at 170
2025-09-11 21:11:24,143 [INFO] Truck: Time:<174.85226028266655> Truck:[CLTruck8] Finish unloading at dumper NorthPitMine-DumpSite5-点位0, dumper tons is 2017.1599352884168
2025-09-11 21:11:24,143 [DEBUG] Truck: Time:<174.85226028266655> Truck:[CLTruck8] Start moving to ORDER(3):NorthPitMine-LoadSite4, move distance is 5.34, speed: 25
2025-09-11 21:11:24,150 [INFO] Truck: Time:<174.85226028266655> Truck:[CLTruck8] is facing 0.5284969782655349 mins delay caused by 2 pre-existing jam events on Road from NorthPitMine-DumpSite5 to NorthPitMine-LoadSite4
2025-09-11 21:11:24,150 [INFO] Truck: Time:<174.8748982349209> Truck:[XHTruck11] Finish unloading at dumper NorthPitMine-DumpSite2-点位1, dumper tons is 391.265796940147
2025-09-11 21:11:24,150 [DEBUG] Truck: Time:<174.8748982349209> Truck:[XHTruck11] Start moving to ORDER(4):NorthPitMine-LoadSite5, move distance is 8.024064250043699, speed: 25
2025-09-11 21:11:24,150 [INFO] Truck: Time:<174.8748982349209> Truck:[XHTruck11] is facing 7.835758979148642 mins delay caused by 3 pre-existing jam events on Road from NorthPitMine-DumpSite2 to NorthPitMine-LoadSite5
2025-09-11 21:11:24,150 [INFO] Truck: Time:<174.9579903405553> Truck:[XHTruck30] Finish unloading at dumper NorthPitMine-DumpSite5-点位1, dumper tons is 630.9607645656654
2025-09-11 21:11:24,150 [DEBUG] Truck: Time:<174.9579903405553> Truck:[XHTruck30] Start moving to ORDER(3):NorthPitMine-LoadSite4, move distance is 5.34, speed: 25
2025-09-11 21:11:24,150 [INFO] Truck: Time:<170> Truck:[XHTruck30] breakdown for 11.120547915275186 minutes at 170
2025-09-11 21:11:24,160 [INFO] Truck: Time:<175.02529357201576> Truck:[CLTruck22] Finish loading at shovel NorthPitMine-LoadSite4-Shovel-1
2025-09-11 21:11:24,160 [DEBUG] Truck: Time:<175.02529357201576> Truck:[CLTruck22] Start moving to ORDER(1): NorthPitMine-DumpSite2, move distance is 1.6679245828237779, speed: 25
2025-09-11 21:11:24,160 [INFO] Truck: Time:<175.34855649616023> Truck:[CLTruck27] Arrived at NorthPitMine-LoadSite4 at 175.34855649616023
2025-09-11 21:11:24,160 [INFO] Truck: Time:<175.34855649616023> Truck:[CLTruck27] Start loading at shovel NorthPitMine-LoadSite4-Shovel-1, load time is 2.5836614173228347
2025-09-11 21:11:24,160 [INFO] Truck: Time:<175.36606568792809> Truck:[OfficalTruck9] Arrived at NorthPitMine-LoadSite2 at 175.36606568792809
2025-09-11 21:11:24,171 [INFO] Truck: Time:<175.36606568792809> Truck:[OfficalTruck9] Start loading at shovel NorthPitMine-LoadSite2-Shovel-1, load time is 5.684055118110236
2025-09-11 21:11:24,171 [INFO] Truck: Time:<175.89449076045267> Truck:[XHTruck3] Arrived at NorthPitMine-LoadSite4 at 175.89449076045267
2025-09-11 21:11:24,171 [DEBUG] Truck: Time:<176.01381457164024> Truck:[CLTruck13] Arrived at NorthPitMine-DumpSite5 at 176.01381457164024
2025-09-11 21:11:24,171 [INFO] Truck: Time:<176.3514433029857> Truck:[XHTruck28] Arrived at NorthPitMine-LoadSite4 at 176.3514433029857
2025-09-11 21:11:24,181 [INFO] Truck: Time:<177.01381457164024> Truck:[CLTruck13] Finish unloading at dumper NorthPitMine-DumpSite5-点位0, dumper tons is 2050.649294540802
2025-09-11 21:11:24,181 [DEBUG] Truck: Time:<177.01381457164024> Truck:[CLTruck13] Start moving to ORDER(3):NorthPitMine-LoadSite4, move distance is 5.34, speed: 25
2025-09-11 21:11:24,181 [INFO] Truck: Time:<177.01381457164024> Truck:[CLTruck13] is facing 6.39479428760823 mins delay caused by 3 pre-existing jam events on Road from NorthPitMine-DumpSite5 to NorthPitMine-LoadSite4
2025-09-11 21:11:24,181 [INFO] Truck: Time:<177.28404946419494> Truck:[XHTruck19] Finish loading at shovel NorthPitMine-LoadSite3-Shovel-1
2025-09-11 21:11:24,191 [DEBUG] Truck: Time:<177.28404946419494> Truck:[XHTruck19] Start moving to ORDER(4): NorthPitMine-DumpSite5, move distance is 2.6199218194210165, speed: 25
2025-09-11 21:11:24,191 [INFO] Truck: Time:<173> Truck:[XHTruck19] breakdown for 15.768595081826295 minutes at 173
2025-09-11 21:11:24,191 [INFO] Truck: Time:<177.28404946419494> Truck:[XHTruck8] Start loading at shovel NorthPitMine-LoadSite3-Shovel-1, load time is 4.060039370078741
2025-09-11 21:11:24,191 [INFO] Truck: Time:<177.93221791348307> Truck:[CLTruck27] Finish loading at shovel NorthPitMine-LoadSite4-Shovel-1
2025-09-11 21:11:24,191 [DEBUG] Truck: Time:<177.93221791348307> Truck:[CLTruck27] Start moving to ORDER(1): NorthPitMine-DumpSite2, move distance is 1.6160442388069736, speed: 25
2025-09-11 21:11:24,191 [INFO] Truck: Time:<175> Truck:[CLTruck27] breakdown for 9.91954085147822 minutes at 175
2025-09-11 21:11:24,191 [INFO] Truck: Time:<177.93221791348307> Truck:[XHTruck3] Start loading at shovel NorthPitMine-LoadSite4-Shovel-1, load time is 4.060039370078741
2025-09-11 21:11:24,191 [DEBUG] Truck: Time:<177.95449614239945> Truck:[XHTruck4] Arrived at NorthPitMine-DumpSite2 at 177.95449614239945
2025-09-11 21:11:24,201 [INFO] Truck: Time:<178.95449614239945> Truck:[XHTruck4] Finish unloading at dumper NorthPitMine-DumpSite2-点位0, dumper tons is 1771.622720713497
2025-09-11 21:11:24,201 [DEBUG] Truck: Time:<178.95449614239945> Truck:[XHTruck4] Start moving to ORDER(4):NorthPitMine-LoadSite5, move distance is 7.686968489855709, speed: 25
2025-09-11 21:11:24,201 [INFO] Truck: Time:<175> Truck:[XHTruck4] breakdown for 6.647646201128958 minutes at 175
2025-09-11 21:11:24,212 [DEBUG] Truck: Time:<179.02831257079282> Truck:[CLTruck22] Arrived at NorthPitMine-DumpSite2 at 179.02831257079282
2025-09-11 21:11:24,212 [INFO] Truck: Time:<180.02831257079282> Truck:[CLTruck22] Finish unloading at dumper NorthPitMine-DumpSite2-点位0, dumper tons is 1805.6760185342644
2025-09-11 21:11:24,222 [DEBUG] Truck: Time:<180.02831257079282> Truck:[CLTruck22] Start moving to ORDER(2):NorthPitMine-LoadSite3, move distance is 3.41, speed: 25
2025-09-11 21:11:24,222 [INFO] Truck: Time:<179> Truck:[CLTruck22] breakdown for 7.733304897156181 minutes at 179
2025-09-11 21:11:24,222 [INFO] Truck: Time:<180.7450483094961> Truck:[XHTruck2] Arrived at NorthPitMine-LoadSite5 at 180.7450483094961
2025-09-11 21:11:24,222 [INFO] Truck: Time:<180.7450483094961> Truck:[XHTruck2] Start loading at shovel NorthPitMine-LoadSite5-Shovel-2, load time is 4.060039370078741
2025-09-11 21:11:24,222 [INFO] Truck: Time:<180.97955555555558> Truck:[CLTruck26] Finish loading at shovel NorthPitMine-LoadSite4-Shovel-3
2025-09-11 21:11:24,222 [DEBUG] Truck: Time:<180.97955555555558> Truck:[CLTruck26] Start moving to ORDER(1): NorthPitMine-DumpSite2, move distance is 1.517298810941877, speed: 25
2025-09-11 21:11:24,222 [INFO] Truck: Time:<170> Truck:[CLTruck26] breakdown for 10.654918564231115 minutes at 170
2025-09-11 21:11:24,222 [INFO] Truck: Time:<180.97955555555558> Truck:[OfficalTruck4] Start loading at shovel NorthPitMine-LoadSite4-Shovel-3, load time is 34.22222222222222
2025-09-11 21:11:24,232 [INFO] Truck: Time:<181.0501208060383> Truck:[OfficalTruck9] Finish loading at shovel NorthPitMine-LoadSite2-Shovel-1
2025-09-11 21:11:24,232 [INFO] Road: [RoadEvent] Road from NorthPitMine-LoadSite2 to NorthPitMine-DumpSite5 is in repair，the repair will last for 53.17 mins, and will end at 234.22, vehicle on this road will have to suffer punish_distance.
2025-09-11 21:11:24,232 [DEBUG] Truck: Time:<181.0501208060383> Truck:[OfficalTruck9] Start moving to ORDER(4): NorthPitMine-DumpSite5, move distance is 4.241208727537328, speed: 25
2025-09-11 21:11:24,232 [INFO] Truck: Time:<163> Truck:[OfficalTruck9] breakdown for 9.132727003354734 minutes at 163
2025-09-11 21:11:24,232 [INFO] Truck: Time:<181.1481354765435> Truck:[CLTruck5] Arrived at NorthPitMine-LoadSite5 at 181.1481354765435
2025-09-11 21:11:24,242 [INFO] Truck: Time:<181.3440888342737> Truck:[XHTruck8] Finish loading at shovel NorthPitMine-LoadSite3-Shovel-1
2025-09-11 21:11:24,243 [DEBUG] Truck: Time:<181.3440888342737> Truck:[XHTruck8] Start moving to ORDER(4): NorthPitMine-DumpSite5, move distance is 2.2728923036157354, speed: 25
2025-09-11 21:11:24,243 [INFO] Truck: Time:<181.3440888342737> Truck:[CLTruck12] Start loading at shovel NorthPitMine-LoadSite3-Shovel-1, load time is 2.5836614173228347
2025-09-11 21:11:24,243 [INFO] Truck: Time:<181.8522689407402> Truck:[OfficalTruck1] Arrived at NorthPitMine-LoadSite5 at 181.8522689407402
2025-09-11 21:11:24,243 [INFO] Truck: Time:<181.9922572835618> Truck:[XHTruck3] Finish loading at shovel NorthPitMine-LoadSite4-Shovel-1
2025-09-11 21:11:24,243 [DEBUG] Truck: Time:<181.9922572835618> Truck:[XHTruck3] Start moving to ORDER(1): NorthPitMine-DumpSite2, move distance is 1.570662379382502, speed: 25
2025-09-11 21:11:24,243 [INFO] Truck: Time:<169> Truck:[XHTruck3] breakdown for 11.08140542433095 minutes at 169
2025-09-11 21:11:24,243 [INFO] Truck: Time:<181.9922572835618> Truck:[XHTruck28] Start loading at shovel NorthPitMine-LoadSite4-Shovel-1, load time is 4.060039370078741
2025-09-11 21:11:24,252 [INFO] Truck: Time:<182.28824879841818> Truck:[CLTruck17] is facing 1.1203600608302882 mins delay caused by 3 pre-existing jam events on Road from NorthPitMine-DumpSite5 to NorthPitMine-LoadSite4
2025-09-11 21:11:24,252 [INFO] Truck: Time:<182.4474780890789> Truck:[CLTruck19] is facing 14.39690000042895 mins delay caused by 1 pre-existing jam events on Road from NorthPitMine-LoadSite3 to NorthPitMine-DumpSite5
2025-09-11 21:11:24,252 [DEBUG] Truck: Time:<182.48255311795552> Truck:[OfficalTruck3] Arrived at NorthPitMine-DumpSite2 at 182.48255311795552
2025-09-11 21:11:24,252 [INFO] Truck: Time:<182.7910219139884> Truck:[OfficalTruck8] Arrived at NorthPitMine-LoadSite5 at 182.7910219139884
2025-09-11 21:11:24,262 [DEBUG] Truck: Time:<182.90982464507547> Truck:[CLTruck4] Arrived at NorthPitMine-DumpSite2 at 182.90982464507547
2025-09-11 21:11:24,262 [DEBUG] Truck: Time:<183.0416680824862> Truck:[XHTruck17] Arrived at NorthPitMine-DumpSite5 at 183.0416680824862
2025-09-11 21:11:24,262 [INFO] Truck: Time:<183.48255311795552> Truck:[OfficalTruck3] Finish unloading at dumper NorthPitMine-DumpSite2-点位0, dumper tons is 1888.3251433989356
2025-09-11 21:11:24,262 [DEBUG] Truck: Time:<183.48255311795552> Truck:[OfficalTruck3] Start moving to ORDER(4):NorthPitMine-LoadSite5, move distance is 6.661333204539842, speed: 25
2025-09-11 21:11:24,262 [INFO] Truck: Time:<183.48255311795552> Truck:[OfficalTruck3] is facing 0.44269440934388005 mins delay caused by 3 pre-existing jam events on Road from NorthPitMine-DumpSite2 to NorthPitMine-LoadSite5
2025-09-11 21:11:24,262 [INFO] Truck: Time:<183.81712162683132> Truck:[CLTruck9] is facing 12.645182039720176 mins delay caused by 1 pre-existing jam events on Road from NorthPitMine-LoadSite3 to NorthPitMine-DumpSite5
2025-09-11 21:11:24,262 [INFO] Truck: Time:<183.90982464507547> Truck:[CLTruck4] Finish unloading at dumper NorthPitMine-DumpSite2-点位1, dumper tons is 423.4670986887655
2025-09-11 21:11:24,273 [DEBUG] Truck: Time:<183.90982464507547> Truck:[CLTruck4] Start moving to ORDER(2):NorthPitMine-LoadSite3, move distance is 3.41, speed: 25
2025-09-11 21:11:24,273 [INFO] Truck: Time:<183.92775025159654> Truck:[CLTruck12] Finish loading at shovel NorthPitMine-LoadSite3-Shovel-1
2025-09-11 21:11:24,273 [DEBUG] Truck: Time:<183.92775025159654> Truck:[CLTruck12] Start moving to ORDER(4): NorthPitMine-DumpSite5, move distance is 2.7991012988374986, speed: 25
2025-09-11 21:11:24,273 [INFO] Truck: Time:<170> Truck:[CLTruck12] breakdown for 8.937670659216364 minutes at 170
2025-09-11 21:11:24,273 [INFO] Truck: Time:<183.92775025159654> Truck:[CLTruck14] Start loading at shovel NorthPitMine-LoadSite3-Shovel-1, load time is 2.5836614173228347
2025-09-11 21:11:24,283 [INFO] Truck: Time:<184.0416680824862> Truck:[XHTruck17] Finish unloading at dumper NorthPitMine-DumpSite5-点位0, dumper tons is 2103.291184758518
2025-09-11 21:11:24,283 [DEBUG] Truck: Time:<184.0416680824862> Truck:[XHTruck17] Start moving to ORDER(3):NorthPitMine-LoadSite4, move distance is 5.34, speed: 25
2025-09-11 21:11:24,283 [INFO] Truck: Time:<184.0416680824862> Truck:[XHTruck17] is facing 0 mins delay caused by 3 pre-existing jam events on Road from NorthPitMine-DumpSite5 to NorthPitMine-LoadSite4
2025-09-11 21:11:24,283 [INFO] Truck: Time:<184.71951163290808> Truck:[XHTruck27] is facing 0 mins delay caused by 4 pre-existing jam events on Road from NorthPitMine-DumpSite2 to NorthPitMine-LoadSite5
2025-09-11 21:11:24,294 [INFO] Truck: Time:<184.80508767957485> Truck:[XHTruck2] Finish loading at shovel NorthPitMine-LoadSite5-Shovel-2
2025-09-11 21:11:24,294 [DEBUG] Truck: Time:<184.80508767957485> Truck:[XHTruck2] Start moving to ORDER(0): NorthPitMine-DumpSite1, move distance is 5.15, speed: 25
2025-09-11 21:11:24,294 [INFO] Truck: Time:<175> Truck:[XHTruck2] breakdown for 8.252843000235238 minutes at 175
2025-09-11 21:11:24,294 [INFO] Truck: Time:<184.80508767957485> Truck:[OfficalTruck1] Start loading at shovel NorthPitMine-LoadSite5-Shovel-2, load time is 5.684055118110236
2025-09-11 21:11:24,294 [DEBUG] Truck: Time:<184.88228688014968> Truck:[XHTruck6] Arrived at NorthPitMine-DumpSite2 at 184.88228688014968
2025-09-11 21:11:24,294 [DEBUG] Truck: Time:<184.95272855318177> Truck:[XHTruck18] Arrived at NorthPitMine-DumpSite5 at 184.95272855318177
2025-09-11 21:11:24,294 [INFO] Truck: Time:<185.6021423435284> Truck:[XHTruck4] is facing 0 mins delay caused by 3 pre-existing jam events on Road from NorthPitMine-DumpSite2 to NorthPitMine-LoadSite5
2025-09-11 21:11:24,304 [INFO] Truck: Time:<185.88228688014968> Truck:[XHTruck6] Finish unloading at dumper NorthPitMine-DumpSite2-点位0, dumper tons is 1946.565644165743
2025-09-11 21:11:24,305 [INFO] Road: [RoadEvent] Road from NorthPitMine-DumpSite2 to NorthPitMine-LoadSite3 is in repair，the repair will last for 41.66 mins, and will end at 227.54, vehicle on this road will have to suffer punish_distance.
2025-09-11 21:11:24,305 [DEBUG] Truck: Time:<185.88228688014968> Truck:[XHTruck6] Start moving to ORDER(2):NorthPitMine-LoadSite3, move distance is 5.263330590148467, speed: 25
2025-09-11 21:11:24,305 [INFO] Truck: Time:<185.95272855318177> Truck:[XHTruck18] Finish unloading at dumper NorthPitMine-DumpSite5-点位0, dumper tons is 2154.441565517513
2025-09-11 21:11:24,305 [DEBUG] Truck: Time:<185.95272855318177> Truck:[XHTruck18] Start moving to ORDER(3):NorthPitMine-LoadSite4, move distance is 5.34, speed: 25
2025-09-11 21:11:24,305 [INFO] Truck: Time:<185.95272855318177> Truck:[XHTruck18] is facing 0 mins delay caused by 2 pre-existing jam events on Road from NorthPitMine-DumpSite5 to NorthPitMine-LoadSite4
2025-09-11 21:11:24,314 [INFO] Truck: Time:<186.05229665364055> Truck:[XHTruck28] Finish loading at shovel NorthPitMine-LoadSite4-Shovel-1
2025-09-11 21:11:24,314 [DEBUG] Truck: Time:<186.05229665364055> Truck:[XHTruck28] Start moving to ORDER(1): NorthPitMine-DumpSite2, move distance is 1.673522213113322, speed: 25
2025-09-11 21:11:24,324 [INFO] Truck: Time:<186.05229665364055> Truck:[XHTruck28] is facing 0 mins delay caused by 1 pre-existing jam events on Road from NorthPitMine-LoadSite4 to NorthPitMine-DumpSite2
2025-09-11 21:11:24,324 [INFO] Truck: Time:<186.0785382558305> Truck:[XHTruck30] is facing 0 mins delay caused by 2 pre-existing jam events on Road from NorthPitMine-DumpSite5 to NorthPitMine-LoadSite4
2025-09-11 21:11:24,324 [INFO] Truck: Time:<186.49222199119174> Truck:[XHTruck26] Arrived at NorthPitMine-LoadSite5 at 186.49222199119174
2025-09-11 21:11:24,324 [INFO] Truck: Time:<186.51141166891938> Truck:[CLTruck14] Finish loading at shovel NorthPitMine-LoadSite3-Shovel-1
2025-09-11 21:11:24,324 [DEBUG] Truck: Time:<186.51141166891938> Truck:[CLTruck14] Start moving to ORDER(4): NorthPitMine-DumpSite5, move distance is 1.86, speed: 25
2025-09-11 21:11:24,324 [INFO] Truck: Time:<186> Truck:[CLTruck14] breakdown for 9.85062945883624 minutes at 186
2025-09-11 21:11:24,324 [INFO] Truck: Time:<186.51141166891938> Truck:[CLTruck6] Start loading at shovel NorthPitMine-LoadSite3-Shovel-1, load time is 2.5836614173228347
2025-09-11 21:11:24,324 [DEBUG] Truck: Time:<186.57190087904317> Truck:[CLTruck28] Arrived at NorthPitMine-DumpSite5 at 186.57190087904317
2025-09-11 21:11:24,324 [DEBUG] Truck: Time:<186.79903036295144> Truck:[XHTruck8] Arrived at NorthPitMine-DumpSite5 at 186.79903036295144
2025-09-11 21:11:24,335 [INFO] Truck: Time:<187.57190087904317> Truck:[CLTruck28] Finish unloading at dumper NorthPitMine-DumpSite5-点位0, dumper tons is 2187.599802848669
2025-09-11 21:11:24,335 [INFO] Road: [RoadEvent] Road from NorthPitMine-DumpSite5 to NorthPitMine-LoadSite4 is in repair，the repair will last for 45.50 mins, and will end at 233.08, vehicle on this road will have to suffer punish_distance.
2025-09-11 21:11:24,335 [DEBUG] Truck: Time:<187.57190087904317> Truck:[CLTruck28] Start moving to ORDER(3):NorthPitMine-LoadSite4, move distance is 6.848400657554026, speed: 25
2025-09-11 21:11:24,335 [INFO] Truck: Time:<184> Truck:[CLTruck28] breakdown for 13.66813964661279 minutes at 184
2025-09-11 21:11:24,335 [INFO] Truck: Time:<187.79903036295144> Truck:[XHTruck8] Finish unloading at dumper NorthPitMine-DumpSite5-点位1, dumper tons is 685.896911399611
2025-09-11 21:11:24,343 [DEBUG] Truck: Time:<187.79903036295144> Truck:[XHTruck8] Start moving to ORDER(3):NorthPitMine-LoadSite4, move distance is 6.908699139904912, speed: 25
2025-09-11 21:11:24,343 [INFO] Truck: Time:<184> Truck:[XHTruck8] breakdown for 6.291656583695382 minutes at 184
2025-09-11 21:11:24,343 [INFO] Truck: Time:<187.8517587649613> Truck:[CLTruck27] is facing 0 mins delay caused by 1 pre-existing jam events on Road from NorthPitMine-LoadSite4 to NorthPitMine-DumpSite2
2025-09-11 21:11:24,343 [INFO] Truck: Time:<187.8756551319887> Truck:[XHTruck33] Arrived at NorthPitMine-LoadSite5 at 187.8756551319887
2025-09-11 21:11:24,346 [INFO] Truck: Time:<188.1967572609321> Truck:[XHTruck13] Arrived at NorthPitMine-LoadSite4 at 188.1967572609321
2025-09-11 21:11:24,346 [INFO] Truck: Time:<188.1967572609321> Truck:[CLTruck8] Arrived at NorthPitMine-LoadSite4 at 188.1967572609321
2025-09-11 21:11:24,356 [INFO] Truck: Time:<188.1967572609321> Truck:[XHTruck13] Start loading at shovel NorthPitMine-LoadSite4-Shovel-1, load time is 4.060039370078741
2025-09-11 21:11:24,357 [INFO] Truck: Time:<189.05858108409652> Truck:[XHTruck24] Arrived at NorthPitMine-LoadSite4 at 189.05858108409652
2025-09-11 21:11:24,357 [INFO] Truck: Time:<189.09507308624222> Truck:[CLTruck6] Finish loading at shovel NorthPitMine-LoadSite3-Shovel-1
2025-09-11 21:11:24,357 [DEBUG] Truck: Time:<189.09507308624222> Truck:[CLTruck6] Start moving to ORDER(4): NorthPitMine-DumpSite5, move distance is 1.86, speed: 25
2025-09-11 21:11:24,357 [INFO] Truck: Time:<168> Truck:[CLTruck6] breakdown for 7.584852028920983 minutes at 168
2025-09-11 21:11:24,366 [DEBUG] Truck: Time:<190.06874996511252> Truck:[XHTruck28] Arrived at NorthPitMine-DumpSite2 at 190.06874996511252
2025-09-11 21:11:24,366 [INFO] Truck: Time:<190.48914279768508> Truck:[OfficalTruck1] Finish loading at shovel NorthPitMine-LoadSite5-Shovel-2
2025-09-11 21:11:24,366 [DEBUG] Truck: Time:<190.48914279768508> Truck:[OfficalTruck1] Start moving to ORDER(0): NorthPitMine-DumpSite1, move distance is 5.15, speed: 25
2025-09-11 21:11:24,366 [INFO] Truck: Time:<159> Truck:[OfficalTruck1] breakdown for 10.311260363332112 minutes at 159
2025-09-11 21:11:24,366 [INFO] Truck: Time:<190.48914279768508> Truck:[XHTruck26] Start loading at shovel NorthPitMine-LoadSite5-Shovel-2, load time is 4.060039370078741
2025-09-11 21:11:24,377 [INFO] Truck: Time:<191.06874996511252> Truck:[XHTruck28] Finish unloading at dumper NorthPitMine-DumpSite2-点位0, dumper tons is 2002.4097807037172
2025-09-11 21:11:24,381 [DEBUG] Truck: Time:<191.06874996511252> Truck:[XHTruck28] Start moving to ORDER(2):NorthPitMine-LoadSite3, move distance is 4.3143259371878635, speed: 25
2025-09-11 21:11:24,381 [DEBUG] Truck: Time:<191.73026493809803> Truck:[CLTruck27] Arrived at NorthPitMine-DumpSite2 at 191.73026493809803
2025-09-11 21:11:24,389 [INFO] Truck: Time:<192.09382464507547> Truck:[CLTruck4] Arrived at NorthPitMine-LoadSite3 at 192.09382464507547
2025-09-11 21:11:24,391 [INFO] Truck: Time:<192.09382464507547> Truck:[CLTruck4] Start loading at shovel NorthPitMine-LoadSite3-Shovel-1, load time is 2.5836614173228347
2025-09-11 21:11:24,392 [INFO] Truck: Time:<192.25679663101084> Truck:[XHTruck13] Finish loading at shovel NorthPitMine-LoadSite4-Shovel-1
2025-09-11 21:11:24,394 [DEBUG] Truck: Time:<192.25679663101084> Truck:[XHTruck13] Start moving to ORDER(1): NorthPitMine-DumpSite2, move distance is 1.5971809518876285, speed: 25
2025-09-11 21:11:24,395 [INFO] Truck: Time:<192.25679663101084> Truck:[CLTruck8] Start loading at shovel NorthPitMine-LoadSite4-Shovel-1, load time is 2.5836614173228347
2025-09-11 21:11:24,395 [INFO] Truck: Time:<192.71530047513284> Truck:[XHTruck16] Finish loading at shovel NorthPitMine-LoadSite4-Shovel-4
2025-09-11 21:11:24,398 [DEBUG] Truck: Time:<192.71530047513284> Truck:[XHTruck16] Start moving to ORDER(1): NorthPitMine-DumpSite2, move distance is 1.491201139019414, speed: 25
2025-09-11 21:11:24,398 [INFO] Truck: Time:<191> Truck:[XHTruck16] breakdown for 9.10823699007064 minutes at 191
2025-09-11 21:11:24,398 [INFO] Truck: Time:<192.71530047513284> Truck:[XHTruck9] Start loading at shovel NorthPitMine-LoadSite4-Shovel-4, load time is 24.444444444444443
2025-09-11 21:11:24,398 [INFO] Truck: Time:<192.73026493809803> Truck:[CLTruck27] Finish unloading at dumper NorthPitMine-DumpSite2-点位0, dumper tons is 2039.550262948412
2025-09-11 21:11:24,398 [DEBUG] Truck: Time:<192.73026493809803> Truck:[CLTruck27] Start moving to ORDER(2):NorthPitMine-LoadSite3, move distance is 5.004940780364028, speed: 25
2025-09-11 21:11:24,398 [INFO] Truck: Time:<192> Truck:[CLTruck27] breakdown for 14.443496010947843 minutes at 192
2025-09-11 21:11:24,398 [INFO] Truck: Time:<192.8654209108129> Truck:[CLTruck12] is facing 2.9803722216797492 mins delay caused by 2 pre-existing jam events on Road from NorthPitMine-LoadSite3 to NorthPitMine-DumpSite5
2025-09-11 21:11:24,408 [INFO] Truck: Time:<193.05264454602124> Truck:[XHTruck19] is facing 3.2046695049630767 mins delay caused by 2 pre-existing jam events on Road from NorthPitMine-LoadSite3 to NorthPitMine-DumpSite5
2025-09-11 21:11:24,408 [INFO] Truck: Time:<194.09068694664683> Truck:[XHTruck8] is facing 0 mins delay caused by 1 pre-existing jam events on Road from NorthPitMine-DumpSite5 to NorthPitMine-LoadSite4
2025-09-11 21:11:24,408 [INFO] Truck: Time:<194.47273274445143> Shovel NorthPitMine-LoadSite4-Shovel-2 maintenance completed
2025-09-11 21:11:24,418 [DEBUG] Truck: Time:<194.47273274445143> Truck:[OfficalTruck2] Start moving to ORDER(1): NorthPitMine-DumpSite2, move distance is 1.4645589696080075, speed: 25
2025-09-11 21:11:24,418 [INFO] Truck: Time:<185> Truck:[OfficalTruck2] breakdown for 9.815948339081263 minutes at 185
2025-09-11 21:11:24,418 [INFO] Truck: Time:<194.47273274445143> Truck:[XHTruck14] Start loading at shovel NorthPitMine-LoadSite4-Shovel-2, load time is 24.444444444444443
2025-09-11 21:11:24,418 [INFO] Truck: Time:<194.54918216776383> Truck:[XHTruck26] Finish loading at shovel NorthPitMine-LoadSite5-Shovel-2
2025-09-11 21:11:24,418 [INFO] Truck: Time:<194.54918216776383> Shovel NorthPitMine-LoadSite5-Shovel-2 under maintenance for 46.99 minutes
2025-09-11 21:11:24,418 [INFO] Truck: Time:<194.67748606239832> Truck:[CLTruck4] Finish loading at shovel NorthPitMine-LoadSite3-Shovel-1
2025-09-11 21:11:24,418 [DEBUG] Truck: Time:<194.67748606239832> Truck:[CLTruck4] Start moving to ORDER(4): NorthPitMine-DumpSite5, move distance is 1.86, speed: 25
2025-09-11 21:11:24,418 [INFO] Truck: Time:<194.67748606239832> Truck:[CLTruck4] is facing 3.325137920997994 mins delay caused by 1 pre-existing jam events on Road from NorthPitMine-LoadSite3 to NorthPitMine-DumpSite5
2025-09-11 21:11:24,418 [INFO] Truck: Time:<194.8404580483337> Truck:[CLTruck8] Finish loading at shovel NorthPitMine-LoadSite4-Shovel-1
2025-09-11 21:11:24,418 [DEBUG] Truck: Time:<194.8404580483337> Truck:[CLTruck8] Start moving to ORDER(1): NorthPitMine-DumpSite2, move distance is 1.815932557669035, speed: 25
2025-09-11 21:11:24,418 [INFO] Truck: Time:<190> Truck:[CLTruck8] breakdown for 10.165466258152325 minutes at 190
2025-09-11 21:11:24,418 [INFO] Truck: Time:<194.8404580483337> Truck:[XHTruck24] Start loading at shovel NorthPitMine-LoadSite4-Shovel-1, load time is 4.060039370078741
2025-09-11 21:11:24,429 [INFO] Truck: Time:<195.09155555555554> Truck:[XHTruck23] Finish loading at shovel NorthPitMine-LoadSite3-Shovel-3
2025-09-11 21:11:24,429 [DEBUG] Truck: Time:<195.09155555555554> Truck:[XHTruck23] Start moving to ORDER(4): NorthPitMine-DumpSite5, move distance is 1.86, speed: 25
2025-09-11 21:11:24,439 [INFO] Truck: Time:<178> Truck:[XHTruck23] breakdown for 6.312240786988766 minutes at 178
2025-09-11 21:11:24,439 [INFO] Truck: Time:<195.09155555555554> Truck:[XHTruck25] Start loading at shovel NorthPitMine-LoadSite3-Shovel-3, load time is 24.444444444444443
2025-09-11 21:11:24,439 [DEBUG] Truck: Time:<195.27599126604719> Truck:[CLTruck26] Arrived at NorthPitMine-DumpSite2 at 195.27599126604719
2025-09-11 21:11:24,439 [INFO] Truck: Time:<195.945617467949> Truck:[CLTruck22] Arrived at NorthPitMine-LoadSite3 at 195.945617467949
2025-09-11 21:11:24,439 [INFO] Truck: Time:<195.945617467949> Truck:[CLTruck22] Start loading at shovel NorthPitMine-LoadSite3-Shovel-1, load time is 2.5836614173228347
2025-09-11 21:11:24,449 [DEBUG] Truck: Time:<196.09003091554115> Truck:[XHTruck13] Arrived at NorthPitMine-DumpSite2 at 196.09003091554115
2025-09-11 21:11:24,449 [INFO] Truck: Time:<196.22460885924846> Truck:[CLTruck13] Arrived at NorthPitMine-LoadSite4 at 196.22460885924846
2025-09-11 21:11:24,449 [INFO] Truck: Time:<196.22460885924846> Truck:[CLTruck17] Arrived at NorthPitMine-LoadSite4 at 196.22460885924846
2025-09-11 21:11:24,449 [INFO] Truck: Time:<196.27599126604719> Truck:[CLTruck26] Finish unloading at dumper NorthPitMine-DumpSite2-点位0, dumper tons is 2071.264430454599
2025-09-11 21:11:24,449 [DEBUG] Truck: Time:<196.27599126604719> Truck:[CLTruck26] Start moving to ORDER(2):NorthPitMine-LoadSite3, move distance is 4.495515016698501, speed: 25
2025-09-11 21:11:24,449 [INFO] Truck: Time:<196.36204112775562> Truck:[CLTruck14] is facing 1.6405828556406927 mins delay caused by 1 pre-existing jam events on Road from NorthPitMine-LoadSite3 to NorthPitMine-DumpSite5
2025-09-11 21:11:24,449 [INFO] Truck: Time:<196.6799251151632> Truck:[CLTruck6] is facing 1.3226988682331093 mins delay caused by 1 pre-existing jam events on Road from NorthPitMine-LoadSite3 to NorthPitMine-DumpSite5
2025-09-11 21:11:24,449 [DEBUG] Truck: Time:<196.84325241841074> Truck:[XHTruck3] Arrived at NorthPitMine-DumpSite2 at 196.84325241841074
2025-09-11 21:11:24,449 [INFO] Truck: Time:<196.8576680824862> Truck:[XHTruck17] Arrived at NorthPitMine-LoadSite4 at 196.8576680824862
2025-09-11 21:11:24,460 [INFO] Truck: Time:<197.09003091554115> Truck:[XHTruck13] Finish unloading at dumper NorthPitMine-DumpSite2-点位1, dumper tons is 477.58852655517023
2025-09-11 21:11:24,464 [DEBUG] Truck: Time:<197.09003091554115> Truck:[XHTruck13] Start moving to ORDER(2):NorthPitMine-LoadSite3, move distance is 5.00998989752074, speed: 25
2025-09-11 21:11:24,464 [INFO] Truck: Time:<197.09003091554115> Truck:[XHTruck13] is facing 5.9229702757270015 mins delay caused by 1 pre-existing jam events on Road from NorthPitMine-DumpSite2 to NorthPitMine-LoadSite3
2025-09-11 21:11:24,464 [INFO] Truck: Time:<197.84325241841074> Truck:[XHTruck3] Finish unloading at dumper NorthPitMine-DumpSite2-点位0, dumper tons is 2130.4755439788505
2025-09-11 21:11:24,464 [DEBUG] Truck: Time:<197.84325241841074> Truck:[XHTruck3] Start moving to ORDER(2):NorthPitMine-LoadSite3, move distance is 4.834871034875759, speed: 25
2025-09-11 21:11:24,464 [INFO] Truck: Time:<197.84325241841074> Truck:[XHTruck3] is facing 5.178162892383894 mins delay caused by 1 pre-existing jam events on Road from NorthPitMine-DumpSite2 to NorthPitMine-LoadSite3
2025-09-11 21:11:24,477 [INFO] Truck: Time:<198.514280296506> Truck:[XHTruck6] Arrived at NorthPitMine-LoadSite3 at 198.514280296506
2025-09-11 21:11:24,477 [INFO] Truck: Time:<198.52927888527185> Truck:[CLTruck22] Finish loading at shovel NorthPitMine-LoadSite3-Shovel-1
2025-09-11 21:11:24,479 [INFO] Road: [RoadEvent] Road from NorthPitMine-LoadSite3 to NorthPitMine-DumpSite5 is in repair，the repair will last for 45.01 mins, and will end at 243.54, vehicle on this road will have to suffer punish_distance.
2025-09-11 21:11:24,479 [DEBUG] Truck: Time:<198.52927888527185> Truck:[CLTruck22] Start moving to ORDER(4): NorthPitMine-DumpSite5, move distance is 2.446685140392151, speed: 25
2025-09-11 21:11:24,479 [INFO] Truck: Time:<198.52927888527185> Truck:[CLTruck22] is facing 0 mins delay caused by 1 pre-existing jam events on Road from NorthPitMine-LoadSite3 to NorthPitMine-DumpSite5
2025-09-11 21:11:24,479 [INFO] Truck: Time:<198.52927888527185> Truck:[XHTruck6] Start loading at shovel NorthPitMine-LoadSite3-Shovel-1, load time is 4.060039370078741
2025-09-11 21:11:24,479 [INFO] Truck: Time:<198.76872855318177> Truck:[XHTruck18] Arrived at NorthPitMine-LoadSite4 at 198.76872855318177
2025-09-11 21:11:24,479 [INFO] Truck: Time:<198.8945382558305> Truck:[XHTruck30] Arrived at NorthPitMine-LoadSite4 at 198.8945382558305
2025-09-11 21:11:24,479 [INFO] Truck: Time:<198.90049741841244> Truck:[XHTruck24] Finish loading at shovel NorthPitMine-LoadSite4-Shovel-1
2025-09-11 21:11:24,490 [DEBUG] Truck: Time:<198.90049741841244> Truck:[XHTruck24] Start moving to ORDER(1): NorthPitMine-DumpSite2, move distance is 1.437673548520399, speed: 25
2025-09-11 21:11:24,490 [INFO] Truck: Time:<191> Truck:[XHTruck24] breakdown for 11.5407230726174 minutes at 191
2025-09-11 21:11:24,490 [INFO] Truck: Time:<198.90049741841244> Truck:[CLTruck13] Start loading at shovel NorthPitMine-LoadSite4-Shovel-1, load time is 2.5836614173228347
2025-09-11 21:11:24,497 [INFO] Truck: Time:<199.7347433838954> Truck:[OfficalTruck5] Finish loading at shovel NorthPitMine-LoadSite4-Shovel-5
2025-09-11 21:11:24,497 [DEBUG] Truck: Time:<199.7347433838954> Truck:[OfficalTruck5] Start moving to ORDER(1): NorthPitMine-DumpSite2, move distance is 1.7051501429333213, speed: 25
2025-09-11 21:11:24,497 [INFO] Truck: Time:<175> Truck:[OfficalTruck5] breakdown for 6.224937349487199 minutes at 175
2025-09-11 21:11:24,497 [INFO] Truck: Time:<199.7347433838954> Truck:[XHTruck7] Start loading at shovel NorthPitMine-LoadSite4-Shovel-5, load time is 24.444444444444443
2025-09-11 21:11:24,500 [INFO] Truck: Time:<199.912447218195> Truck:[OfficalTruck3] Arrived at NorthPitMine-LoadSite5 at 199.912447218195
2025-09-11 21:11:24,500 [DEBUG] Truck: Time:<200.36174875548264> Truck:[OfficalTruck9] Arrived at NorthPitMine-DumpSite5 at 200.36174875548264
2025-09-11 21:11:24,500 [DEBUG] Truck: Time:<200.62340457526273> Truck:[XHTruck32] Arrived at NorthPitMine-DumpSite1 at 200.62340457526273
2025-09-11 21:11:24,500 [INFO] Truck: Time:<200.9682863707145> Truck:[XHTruck31] Arrived at NorthPitMine-LoadSite5 at 200.9682863707145
2025-09-11 21:11:24,511 [INFO] Truck: Time:<201.24004052565596> Truck:[CLTruck28] is facing 0 mins delay caused by 2 pre-existing jam events on Road from NorthPitMine-DumpSite5 to NorthPitMine-LoadSite4
2025-09-11 21:11:24,511 [INFO] Truck: Time:<201.36174875548264> Truck:[OfficalTruck9] Finish unloading at dumper NorthPitMine-DumpSite5-点位0, dumper tons is 2270.2483866924804
2025-09-11 21:11:24,511 [DEBUG] Truck: Time:<201.36174875548264> Truck:[OfficalTruck9] Start moving to ORDER(3):NorthPitMine-LoadSite4, move distance is 6.773620088766402, speed: 25
2025-09-11 21:11:24,511 [INFO] Truck: Time:<201.36174875548264> Truck:[OfficalTruck9] is facing 0 mins delay caused by 2 pre-existing jam events on Road from NorthPitMine-DumpSite5 to NorthPitMine-LoadSite4
2025-09-11 21:11:24,511 [INFO] Truck: Time:<201.4037963425443> Truck:[XHTruck23] is facing 3.298985135920396 mins delay caused by 3 pre-existing jam events on Road from NorthPitMine-LoadSite3 to NorthPitMine-DumpSite5
2025-09-11 21:11:24,521 [INFO] Truck: Time:<201.4231322143634> Truck:[XHTruck28] Arrived at NorthPitMine-LoadSite3 at 201.4231322143634
2025-09-11 21:11:24,521 [INFO] Truck: Time:<201.4841588357353> Truck:[CLTruck13] Finish loading at shovel NorthPitMine-LoadSite4-Shovel-1
2025-09-11 21:11:24,521 [DEBUG] Truck: Time:<201.4841588357353> Truck:[CLTruck13] Start moving to ORDER(1): NorthPitMine-DumpSite2, move distance is 1.17, speed: 25
2025-09-11 21:11:24,521 [INFO] Truck: Time:<178> Truck:[CLTruck13] breakdown for 11.754069270884369 minutes at 178
2025-09-11 21:11:24,521 [INFO] Truck: Time:<201.4841588357353> Truck:[CLTruck17] Start loading at shovel NorthPitMine-LoadSite4-Shovel-1, load time is 2.5836614173228347
2025-09-11 21:11:24,521 [INFO] Truck: Time:<201.62340457526273> Truck:[XHTruck32] Finish unloading at dumper NorthPitMine-DumpSite1-点位0, dumper tons is 1527.9992351749033
2025-09-11 21:11:24,532 [DEBUG] Truck: Time:<201.62340457526273> Truck:[XHTruck32] Start moving to ORDER(2):NorthPitMine-LoadSite3, move distance is 2.98, speed: 25
2025-09-11 21:11:24,532 [INFO] Truck: Time:<199> Truck:[XHTruck32] breakdown for 7.893994274256237 minutes at 199
2025-09-11 21:11:24,532 [INFO] Truck: Time:<201.9684114141744> Truck:[XHTruck11] Arrived at NorthPitMine-LoadSite5 at 201.9684114141744
2025-09-11 21:11:24,544 [DEBUG] Truck: Time:<202.46662398339632> Truck:[CLTruck4] Arrived at NorthPitMine-DumpSite5 at 202.46662398339632
2025-09-11 21:11:24,544 [DEBUG] Truck: Time:<202.46662398339632> Truck:[CLTruck14] Arrived at NorthPitMine-DumpSite5 at 202.46662398339632
2025-09-11 21:11:24,544 [DEBUG] Truck: Time:<202.46662398339632> Truck:[CLTruck6] Arrived at NorthPitMine-DumpSite5 at 202.46662398339632
2025-09-11 21:11:24,544 [DEBUG] Truck: Time:<202.51872081753564> Truck:[CLTruck19] Arrived at NorthPitMine-DumpSite5 at 202.51872081753564
2025-09-11 21:11:24,544 [DEBUG] Truck: Time:<202.5359061733799> Truck:[CLTruck9] Arrived at NorthPitMine-DumpSite5 at 202.5359061733799
2025-09-11 21:11:24,544 [DEBUG] Truck: Time:<202.54512641759476> Truck:[XHTruck19] Arrived at NorthPitMine-DumpSite5 at 202.54512641759476
2025-09-11 21:11:24,544 [DEBUG] Truck: Time:<202.56363624970265> Truck:[CLTruck12] Arrived at NorthPitMine-DumpSite5 at 202.56363624970265
2025-09-11 21:11:24,544 [INFO] Truck: Time:<202.58931825535058> Truck:[XHTruck6] Finish loading at shovel NorthPitMine-LoadSite3-Shovel-1
2025-09-11 21:11:24,544 [DEBUG] Truck: Time:<202.58931825535058> Truck:[XHTruck6] Start moving to ORDER(4): NorthPitMine-DumpSite5, move distance is 2.6879658817750576, speed: 25
2025-09-11 21:11:24,544 [INFO] Truck: Time:<190> Truck:[XHTruck6] breakdown for 14.591180209212745 minutes at 190
2025-09-11 21:11:24,544 [INFO] Truck: Time:<202.58931825535058> Truck:[XHTruck28] Start loading at shovel NorthPitMine-LoadSite3-Shovel-1, load time is 4.060039370078741
2025-09-11 21:11:24,544 [INFO] Truck: Time:<202.71248136568417> Truck:[CLTruck21] Arrived at NorthPitMine-LoadSite5 at 202.71248136568417
2025-09-11 21:11:24,552 [INFO] Truck: Time:<203.46662398339632> Truck:[CLTruck4] Finish unloading at dumper NorthPitMine-DumpSite5-点位0, dumper tons is 2307.279210682336
2025-09-11 21:11:24,552 [INFO] Truck: Time:<203.46662398339632> Truck:[CLTruck14] Finish unloading at dumper NorthPitMine-DumpSite5-点位1, dumper tons is 717.4491389150825
2025-09-11 21:11:24,552 [INFO] Truck: Time:<203.46662398339632> Truck:[CLTruck6] Finish unloading at dumper NorthPitMine-DumpSite5-点位2, dumper tons is 255.55978075450597
2025-09-11 21:11:24,552 [DEBUG] Truck: Time:<203.46662398339632> Truck:[CLTruck4] Start moving to ORDER(3):NorthPitMine-LoadSite4, move distance is 7.741501823876981, speed: 25
2025-09-11 21:11:24,552 [INFO] Truck: Time:<199> Truck:[CLTruck4] breakdown for 11.879626265984033 minutes at 199
2025-09-11 21:11:24,552 [DEBUG] Truck: Time:<203.46662398339632> Truck:[CLTruck14] Start moving to ORDER(3):NorthPitMine-LoadSite4, move distance is 7.72125737748375, speed: 25
2025-09-11 21:11:24,552 [DEBUG] Truck: Time:<203.46662398339632> Truck:[CLTruck6] Start moving to ORDER(3):NorthPitMine-LoadSite4, move distance is 7.221974780553884, speed: 25
2025-09-11 21:11:24,552 [INFO] Truck: Time:<203.48739945195004> Truck:[CLTruck16] Arrived at NorthPitMine-LoadSite5 at 203.48739945195004
2025-09-11 21:11:24,562 [INFO] Truck: Time:<203.51872081753564> Truck:[CLTruck19] Finish unloading at dumper NorthPitMine-DumpSite5-点位3, dumper tons is 149.15162360069266
2025-09-11 21:11:24,562 [DEBUG] Truck: Time:<203.51872081753564> Truck:[CLTruck19] Start moving to ORDER(3):NorthPitMine-LoadSite4, move distance is 7.684922053411531, speed: 25
2025-09-11 21:11:24,562 [INFO] Truck: Time:<190> Truck:[CLTruck19] breakdown for 7.087208988408458 minutes at 190
2025-09-11 21:11:24,562 [INFO] Truck: Time:<203.5359061733799> Truck:[CLTruck9] Finish unloading at dumper NorthPitMine-DumpSite5-点位4, dumper tons is 34.88937060987887
2025-09-11 21:11:24,562 [DEBUG] Truck: Time:<203.5359061733799> Truck:[CLTruck9] Start moving to ORDER(3):NorthPitMine-LoadSite4, move distance is 8.660599449692077, speed: 25
2025-09-11 21:11:24,562 [INFO] Truck: Time:<199> Truck:[CLTruck9] breakdown for 11.541198111045247 minutes at 199
2025-09-11 21:11:24,562 [INFO] Truck: Time:<203.54512641759476> Truck:[XHTruck19] Finish unloading at dumper NorthPitMine-DumpSite5-点位5, dumper tons is 59.31661324782887
2025-09-11 21:11:24,562 [DEBUG] Truck: Time:<203.54512641759476> Truck:[XHTruck19] Start moving to ORDER(3):NorthPitMine-LoadSite4, move distance is 7.925196665000498, speed: 25
2025-09-11 21:11:24,562 [INFO] Truck: Time:<203.56363624970265> Truck:[CLTruck12] Finish unloading at dumper NorthPitMine-DumpSite5-点位6, dumper tons is 34.72066759162704
2025-09-11 21:11:24,572 [DEBUG] Truck: Time:<203.56363624970265> Truck:[CLTruck12] Start moving to ORDER(3):NorthPitMine-LoadSite4, move distance is 7.0543690930354295, speed: 25
2025-09-11 21:11:24,572 [INFO] Truck: Time:<198> Truck:[CLTruck12] breakdown for 8.106250230738414 minutes at 198
2025-09-11 21:11:24,572 [INFO] Truck: Time:<203.66358988798504> Truck:[CLTruck1] Arrived at NorthPitMine-LoadSite5 at 203.66358988798504
2025-09-11 21:11:24,572 [INFO] Truck: Time:<203.6685368706983> Truck:[XHTruck27] Arrived at NorthPitMine-LoadSite5 at 203.6685368706983
2025-09-11 21:11:24,583 [INFO] Truck: Time:<204.05086671918212> Truck:[XHTruck4] Arrived at NorthPitMine-LoadSite5 at 204.05086671918212
2025-09-11 21:11:24,583 [INFO] Truck: Time:<204.06782025305813> Truck:[CLTruck17] Finish loading at shovel NorthPitMine-LoadSite4-Shovel-1
2025-09-11 21:11:24,583 [DEBUG] Truck: Time:<204.06782025305813> Truck:[CLTruck17] Start moving to ORDER(1): NorthPitMine-DumpSite2, move distance is 1.17, speed: 25
2025-09-11 21:11:24,583 [INFO] Truck: Time:<204.06782025305813> Truck:[XHTruck18] Start loading at shovel NorthPitMine-LoadSite4-Shovel-1, load time is 4.060039370078741
2025-09-11 21:11:24,583 [DEBUG] Truck: Time:<204.40132322221302> Truck:[CLTruck22] Arrived at NorthPitMine-DumpSite5 at 204.40132322221302
2025-09-11 21:11:24,593 [INFO] Truck: Time:<205.40132322221302> Truck:[CLTruck22] Finish unloading at dumper NorthPitMine-DumpSite5-点位0, dumper tons is 2342.0182102054305
2025-09-11 21:11:24,604 [DEBUG] Truck: Time:<205.40132322221302> Truck:[CLTruck22] Start moving to ORDER(3):NorthPitMine-LoadSite4, move distance is 8.070304897570749, speed: 25
2025-09-11 21:11:24,604 [INFO] Truck: Time:<205.40132322221302> Truck:[CLTruck22] is facing 12.343373417137443 mins delay caused by 1 pre-existing jam events on Road from NorthPitMine-DumpSite5 to NorthPitMine-LoadSite4
2025-09-11 21:11:24,604 [DEBUG] Truck: Time:<205.40242019885008> Truck:[XHTruck16] Arrived at NorthPitMine-DumpSite2 at 205.40242019885008
2025-09-11 21:11:24,604 [DEBUG] Truck: Time:<205.4179306798101> Truck:[XHTruck2] Arrived at NorthPitMine-DumpSite1 at 205.4179306798101
2025-09-11 21:11:24,614 [INFO] Truck: Time:<206.40242019885008> Truck:[XHTruck16] Finish unloading at dumper NorthPitMine-DumpSite2-点位0, dumper tons is 2188.8674981576046
2025-09-11 21:11:24,625 [DEBUG] Truck: Time:<206.40242019885008> Truck:[XHTruck16] Start moving to ORDER(2):NorthPitMine-LoadSite3, move distance is 4.809811907857875, speed: 25
2025-09-11 21:11:24,625 [INFO] Truck: Time:<206.4179306798101> Truck:[XHTruck2] Finish unloading at dumper NorthPitMine-DumpSite1-点位0, dumper tons is 1578.8245470416368
2025-09-11 21:11:24,625 [DEBUG] Truck: Time:<206.4179306798101> Truck:[XHTruck2] Start moving to ORDER(2):NorthPitMine-LoadSite3, move distance is 2.98, speed: 25
2025-09-11 21:11:24,625 [INFO] Truck: Time:<206.64935762542933> Truck:[XHTruck28] Finish loading at shovel NorthPitMine-LoadSite3-Shovel-1
2025-09-11 21:11:24,635 [DEBUG] Truck: Time:<206.64935762542933> Truck:[XHTruck28] Start moving to ORDER(4): NorthPitMine-DumpSite5, move distance is 2.230863587022884, speed: 25
2025-09-11 21:11:24,635 [INFO] Truck: Time:<197> Truck:[XHTruck28] breakdown for 12.620729519148082 minutes at 197
2025-09-11 21:11:24,635 [DEBUG] Truck: Time:<206.87582025305812> Truck:[CLTruck17] Arrived at NorthPitMine-DumpSite2 at 206.87582025305812
2025-09-11 21:11:24,645 [INFO] Truck: Time:<207.06522730612357> Truck:[CLTruck26] Arrived at NorthPitMine-LoadSite3 at 207.06522730612357
2025-09-11 21:11:24,645 [INFO] Truck: Time:<207.06522730612357> Truck:[CLTruck26] Start loading at shovel NorthPitMine-LoadSite3-Shovel-1, load time is 2.5836614173228347
2025-09-11 21:11:24,656 [INFO] Truck: Time:<207.36273466959477> Shovel NorthPitMine-LoadSite3-Shovel-2 maintenance completed
2025-09-11 21:11:24,656 [DEBUG] Truck: Time:<207.36273466959477> Truck:[XHTruck20] Start moving to ORDER(4): NorthPitMine-DumpSite5, move distance is 2.7669629888384364, speed: 25
2025-09-11 21:11:24,656 [INFO] Truck: Time:<205> Truck:[XHTruck20] breakdown for 9.537557207236453 minutes at 205
2025-09-11 21:11:24,656 [INFO] Truck: Time:<207.36273466959477> Truck:[CLTruck29] Start loading at shovel NorthPitMine-LoadSite3-Shovel-2, load time is 15.555555555555555
2025-09-11 21:11:24,656 [DEBUG] Truck: Time:<207.80362261059193> Truck:[OfficalTruck2] Arrived at NorthPitMine-DumpSite2 at 207.80362261059193
2025-09-11 21:11:24,656 [INFO] Truck: Time:<207.87582025305812> Truck:[CLTruck17] Finish unloading at dumper NorthPitMine-DumpSite2-点位0, dumper tons is 2221.16642147382
2025-09-11 21:11:24,666 [DEBUG] Truck: Time:<207.87582025305812> Truck:[CLTruck17] Start moving to ORDER(2):NorthPitMine-LoadSite3, move distance is 4.299082387265232, speed: 25
2025-09-11 21:11:24,666 [INFO] Truck: Time:<205> Truck:[CLTruck17] breakdown for 11.43317511876373 minutes at 205
2025-09-11 21:11:24,679 [INFO] Truck: Time:<208.12785962313689> Truck:[XHTruck18] Finish loading at shovel NorthPitMine-LoadSite4-Shovel-1
2025-09-11 21:11:24,686 [DEBUG] Truck: Time:<208.12785962313689> Truck:[XHTruck18] Start moving to ORDER(1): NorthPitMine-DumpSite2, move distance is 1.17, speed: 25
2025-09-11 21:11:24,686 [INFO] Truck: Time:<198> Truck:[XHTruck18] breakdown for 11.09646300162236 minutes at 198
2025-09-11 21:11:24,688 [INFO] Truck: Time:<208.80362261059193> Truck:[OfficalTruck2] Finish unloading at dumper NorthPitMine-DumpSite2-点位1, dumper tons is 560.5353995680334
2025-09-11 21:11:24,690 [DEBUG] Truck: Time:<208.80362261059193> Truck:[OfficalTruck2] Start moving to ORDER(4):NorthPitMine-LoadSite5, move distance is 5.59, speed: 25
2025-09-11 21:11:24,696 [DEBUG] Truck: Time:<209.16678147846469> Truck:[XHTruck23] Arrived at NorthPitMine-DumpSite5 at 209.16678147846469
2025-09-11 21:11:24,696 [DEBUG] Truck: Time:<209.3641624448917> Truck:[CLTruck8] Arrived at NorthPitMine-DumpSite2 at 209.3641624448917
2025-09-11 21:11:24,696 [INFO] Truck: Time:<209.64888872344642> Truck:[CLTruck26] Finish loading at shovel NorthPitMine-LoadSite3-Shovel-1
2025-09-11 21:11:24,696 [DEBUG] Truck: Time:<209.64888872344642> Truck:[CLTruck26] Start moving to ORDER(4): NorthPitMine-DumpSite5, move distance is 2.3179689774618164, speed: 25
2025-09-11 21:11:24,716 [DEBUG] Truck: Time:<210.05204107642257> Truck:[OfficalTruck5] Arrived at NorthPitMine-DumpSite2 at 210.05204107642257
2025-09-11 21:11:24,716 [INFO] Truck: Time:<210.08369189532254> Shovel NorthPitMine-LoadSite5-Shovel-1 maintenance completed
2025-09-11 21:11:24,719 [DEBUG] Truck: Time:<210.08369189532254> Truck:[CLTruck23] Start moving to ORDER(0): NorthPitMine-DumpSite1, move distance is 5.15, speed: 25
2025-09-11 21:11:24,719 [INFO] Truck: Time:<208> Truck:[CLTruck23] breakdown for 2.949318589688147 minutes at 208
2025-09-11 21:11:24,721 [INFO] Truck: Time:<210.08369189532254> Truck:[CLTruck5] Start loading at shovel NorthPitMine-LoadSite5-Shovel-1, load time is 2.5836614173228347
2025-09-11 21:11:24,722 [INFO] Truck: Time:<210.16678147846469> Truck:[XHTruck23] Finish unloading at dumper NorthPitMine-DumpSite5-点位0, dumper tons is 2397.5691968817273
2025-09-11 21:11:24,725 [DEBUG] Truck: Time:<210.16678147846469> Truck:[XHTruck23] Start moving to ORDER(3):NorthPitMine-LoadSite4, move distance is 8.899023192895328, speed: 25
2025-09-11 21:11:24,726 [INFO] Truck: Time:<210.16678147846469> Truck:[XHTruck23] is facing 12.024185628986029 mins delay caused by 2 pre-existing jam events on Road from NorthPitMine-DumpSite5 to NorthPitMine-LoadSite4
2025-09-11 21:11:24,727 [INFO] Truck: Time:<210.3641624448917> Truck:[CLTruck8] Finish unloading at dumper NorthPitMine-DumpSite2-点位0, dumper tons is 2258.855977404834
2025-09-11 21:11:24,731 [DEBUG] Truck: Time:<210.3641624448917> Truck:[CLTruck8] Start moving to ORDER(2):NorthPitMine-LoadSite3, move distance is 3.877664641516809, speed: 25
2025-09-11 21:11:24,731 [INFO] Truck: Time:<210.3641624448917> Truck:[CLTruck8] is facing 1.0247330872086922 mins delay caused by 1 pre-existing jam events on Road from NorthPitMine-DumpSite2 to NorthPitMine-LoadSite3
2025-09-11 21:11:24,732 [INFO] Truck: Time:<210.6059298059441> Truck:[CLTruck19] is facing 11.91883024000487 mins delay caused by 2 pre-existing jam events on Road from NorthPitMine-DumpSite5 to NorthPitMine-LoadSite4
2025-09-11 21:11:24,733 [INFO] Truck: Time:<210.6715648824186> Truck:[XHTruck8] Arrived at NorthPitMine-LoadSite4 at 210.6715648824186
2025-09-11 21:11:24,737 [INFO] Truck: Time:<210.6715648824186> Truck:[XHTruck8] Start loading at shovel NorthPitMine-LoadSite4-Shovel-1, load time is 4.060039370078741
2025-09-11 21:11:24,744 [INFO] Truck: Time:<211.05204107642257> Truck:[OfficalTruck5] Finish unloading at dumper NorthPitMine-DumpSite2-点位1, dumper tons is 639.2911431987111
2025-09-11 21:11:24,748 [DEBUG] Truck: Time:<211.05204107642257> Truck:[OfficalTruck5] Start moving to ORDER(4):NorthPitMine-LoadSite5, move distance is 5.59, speed: 25
2025-09-11 21:11:24,748 [INFO] Truck: Time:<211.66988648044108> Truck:[CLTruck12] is facing 10.192350006926027 mins delay caused by 2 pre-existing jam events on Road from NorthPitMine-DumpSite5 to NorthPitMine-LoadSite4
2025-09-11 21:11:24,758 [INFO] Truck: Time:<212.6673533126454> Truck:[CLTruck5] Finish loading at shovel NorthPitMine-LoadSite5-Shovel-1
2025-09-11 21:11:24,762 [DEBUG] Truck: Time:<212.6673533126454> Truck:[CLTruck5] Start moving to ORDER(0): NorthPitMine-DumpSite1, move distance is 5.15, speed: 25
2025-09-11 21:11:24,763 [INFO] Truck: Time:<210> Truck:[CLTruck5] breakdown for 6.398851484485768 minutes at 210
2025-09-11 21:11:24,764 [INFO] Truck: Time:<212.6673533126454> Truck:[OfficalTruck8] Start loading at shovel NorthPitMine-LoadSite5-Shovel-1, load time is 5.684055118110236
2025-09-11 21:11:24,770 [DEBUG] Truck: Time:<213.1604031610172> Truck:[OfficalTruck1] Arrived at NorthPitMine-DumpSite1 at 213.1604031610172
2025-09-11 21:11:24,771 [INFO] Truck: Time:<213.56993067981008> Truck:[XHTruck2] Arrived at NorthPitMine-LoadSite3 at 213.56993067981008
2025-09-11 21:11:24,771 [INFO] Truck: Time:<213.56993067981008> Truck:[XHTruck2] Start loading at shovel NorthPitMine-LoadSite3-Shovel-1, load time is 4.060039370078741
2025-09-11 21:11:24,772 [DEBUG] Truck: Time:<213.8916370074788> Truck:[XHTruck24] Arrived at NorthPitMine-DumpSite2 at 213.8916370074788
2025-09-11 21:11:24,780 [INFO] Truck: Time:<214.1604031610172> Truck:[OfficalTruck1] Finish unloading at dumper NorthPitMine-DumpSite1-点位0, dumper tons is 1653.959934522652
2025-09-11 21:11:24,781 [DEBUG] Truck: Time:<214.1604031610172> Truck:[OfficalTruck1] Start moving to ORDER(2):NorthPitMine-LoadSite3, move distance is 2.98, speed: 25
2025-09-11 21:11:24,781 [INFO] Truck: Time:<214.62510579449645> Truck:[XHTruck3] Arrived at NorthPitMine-LoadSite3 at 214.62510579449645
2025-09-11 21:11:24,785 [INFO] Truck: Time:<214.73160425249733> Truck:[XHTruck8] Finish loading at shovel NorthPitMine-LoadSite4-Shovel-1
2025-09-11 21:11:24,788 [DEBUG] Truck: Time:<214.73160425249733> Truck:[XHTruck8] Start moving to ORDER(1): NorthPitMine-DumpSite2, move distance is 1.17, speed: 25
2025-09-11 21:11:24,788 [INFO] Truck: Time:<214.8916370074788> Truck:[XHTruck24] Finish unloading at dumper NorthPitMine-DumpSite2-点位0, dumper tons is 2312.7696667608034
2025-09-11 21:11:24,790 [DEBUG] Truck: Time:<214.8916370074788> Truck:[XHTruck24] Start moving to ORDER(2):NorthPitMine-LoadSite3, move distance is 4.297497675273077, speed: 25
2025-09-11 21:11:24,791 [INFO] Truck: Time:<214.8916370074788> Truck:[XHTruck24] is facing 0 mins delay caused by 2 pre-existing jam events on Road from NorthPitMine-DumpSite2 to NorthPitMine-LoadSite3
2025-09-11 21:11:24,798 [INFO] Truck: Time:<215.03697694531792> Truck:[XHTruck13] Arrived at NorthPitMine-LoadSite3 at 215.03697694531792
2025-09-11 21:11:24,800 [INFO] Truck: Time:<215.07710428442516> Truck:[CLTruck9] is facing 2.5271979749613136 mins delay caused by 2 pre-existing jam events on Road from NorthPitMine-DumpSite5 to NorthPitMine-LoadSite4
2025-09-11 21:11:24,800 [INFO] Truck: Time:<215.2017777777778> Truck:[OfficalTruck4] Finish loading at shovel NorthPitMine-LoadSite4-Shovel-3
2025-09-11 21:11:24,801 [DEBUG] Truck: Time:<215.2017777777778> Truck:[OfficalTruck4] Start moving to ORDER(1): NorthPitMine-DumpSite2, move distance is 1.17, speed: 25
2025-09-11 21:11:24,801 [INFO] Truck: Time:<210> Truck:[OfficalTruck4] breakdown for 9.97244030281049 minutes at 210
2025-09-11 21:11:24,802 [INFO] Truck: Time:<215.2017777777778> Truck:[CLTruck15] Start loading at shovel NorthPitMine-LoadSite4-Shovel-3, load time is 15.555555555555555
2025-09-11 21:11:24,802 [DEBUG] Truck: Time:<215.21201426935477> Truck:[CLTruck26] Arrived at NorthPitMine-DumpSite5 at 215.21201426935477
2025-09-11 21:11:24,805 [INFO] Truck: Time:<215.34625024938035> Truck:[CLTruck4] is facing 2.47664820209188 mins delay caused by 2 pre-existing jam events on Road from NorthPitMine-DumpSite5 to NorthPitMine-LoadSite4
2025-09-11 21:11:24,810 [DEBUG] Truck: Time:<216.04622810661965> Truck:[CLTruck13] Arrived at NorthPitMine-DumpSite2 at 216.04622810661965
2025-09-11 21:11:24,820 [INFO] Truck: Time:<216.21201426935477> Truck:[CLTruck26] Finish unloading at dumper NorthPitMine-DumpSite5-点位0, dumper tons is 2430.755497626938
2025-09-11 21:11:24,820 [DEBUG] Truck: Time:<216.21201426935477> Truck:[CLTruck26] Start moving to ORDER(3):NorthPitMine-LoadSite4, move distance is 8.17889539524415, speed: 25
2025-09-11 21:11:24,820 [INFO] Truck: Time:<216.21201426935477> Truck:[CLTruck26] is facing 1.5068554408193218 mins delay caused by 3 pre-existing jam events on Road from NorthPitMine-DumpSite5 to NorthPitMine-LoadSite4
2025-09-11 21:11:24,820 [INFO] Truck: Time:<216.66939884951896> Truck:[XHTruck32] Arrived at NorthPitMine-LoadSite3 at 216.66939884951896
2025-09-11 21:11:24,840 [INFO] Truck: Time:<217.04622810661965> Truck:[CLTruck13] Finish unloading at dumper NorthPitMine-DumpSite2-点位0, dumper tons is 2349.6765441358734
2025-09-11 21:11:24,842 [DEBUG] Truck: Time:<217.04622810661965> Truck:[CLTruck13] Start moving to ORDER(4):NorthPitMine-LoadSite5, move distance is 5.59, speed: 25
2025-09-11 21:11:24,844 [INFO] Truck: Time:<217> Truck:[CLTruck13] breakdown for 9.67677987329116 minutes at 217
2025-09-11 21:11:24,844 [INFO] Truck: Time:<217.1597449195773> Truck:[XHTruck9] Finish loading at shovel NorthPitMine-LoadSite4-Shovel-4
2025-09-11 21:11:24,846 [DEBUG] Truck: Time:<217.1597449195773> Truck:[XHTruck9] Start moving to ORDER(1): NorthPitMine-DumpSite2, move distance is 1.17, speed: 25
2025-09-11 21:11:24,847 [INFO] Truck: Time:<209> Truck:[XHTruck9] breakdown for 14.769873439454516 minutes at 209
2025-09-11 21:11:24,847 [INFO] Truck: Time:<217.1597449195773> Truck:[CLTruck24] Start loading at shovel NorthPitMine-LoadSite4-Shovel-4, load time is 15.555555555555555
2025-09-11 21:11:24,848 [DEBUG] Truck: Time:<217.53960425249733> Truck:[XHTruck8] Arrived at NorthPitMine-DumpSite2 at 217.53960425249733
2025-09-11 21:11:24,848 [INFO] Truck: Time:<217.618436968522> Truck:[OfficalTruck9] Arrived at NorthPitMine-LoadSite4 at 217.618436968522
2025-09-11 21:11:24,849 [INFO] Truck: Time:<217.618436968522> Truck:[OfficalTruck9] Start loading at shovel NorthPitMine-LoadSite4-Shovel-1, load time is 5.684055118110236
2025-09-11 21:11:24,851 [INFO] Truck: Time:<217.6299700498888> Truck:[XHTruck2] Finish loading at shovel NorthPitMine-LoadSite3-Shovel-1
2025-09-11 21:11:24,853 [DEBUG] Truck: Time:<217.6299700498888> Truck:[XHTruck2] Start moving to ORDER(4): NorthPitMine-DumpSite5, move distance is 2.3995263262952005, speed: 25
2025-09-11 21:11:24,853 [INFO] Truck: Time:<214> Truck:[XHTruck2] breakdown for 7.681478604574476 minutes at 214
2025-09-11 21:11:24,854 [INFO] Truck: Time:<217.6299700498888> Truck:[XHTruck3] Start loading at shovel NorthPitMine-LoadSite3-Shovel-1, load time is 4.060039370078741
2025-09-11 21:11:24,854 [INFO] Truck: Time:<217.6762021037856> Truck:[CLTruck28] Arrived at NorthPitMine-LoadSite4 at 217.6762021037856
2025-09-11 21:11:24,856 [INFO] Truck: Time:<217.94596877770897> Truck:[XHTruck16] Arrived at NorthPitMine-LoadSite3 at 217.94596877770897
2025-09-11 21:11:24,864 [INFO] Truck: Time:<218.3514084307556> Truck:[OfficalTruck8] Finish loading at shovel NorthPitMine-LoadSite5-Shovel-1
2025-09-11 21:11:24,867 [DEBUG] Truck: Time:<218.3514084307556> Truck:[OfficalTruck8] Start moving to ORDER(0): NorthPitMine-DumpSite1, move distance is 5.15, speed: 25
2025-09-11 21:11:24,867 [INFO] Truck: Time:<202> Truck:[OfficalTruck8] breakdown for 11.290639029893036 minutes at 202
2025-09-11 21:11:24,870 [INFO] Truck: Time:<218.3514084307556> Truck:[XHTruck31] Start loading at shovel NorthPitMine-LoadSite5-Shovel-1, load time is 4.060039370078741
2025-09-11 21:11:24,872 [INFO] Truck: Time:<218.53960425249733> Truck:[XHTruck8] Finish unloading at dumper NorthPitMine-DumpSite2-点位0, dumper tons is 2404.1896429464023
2025-09-11 21:11:24,874 [INFO] Road: [RoadEvent] Road from NorthPitMine-DumpSite2 to NorthPitMine-LoadSite5 is in repair，the repair will last for 52.10 mins, and will end at 270.64, vehicle on this road will have to suffer punish_distance.
2025-09-11 21:11:24,874 [DEBUG] Truck: Time:<218.53960425249733> Truck:[XHTruck8] Start moving to ORDER(4):NorthPitMine-LoadSite5, move distance is 8.46918484293434, speed: 25
2025-09-11 21:11:24,874 [INFO] Truck: Time:<218.9171771888959> Truck:[XHTruck14] Finish loading at shovel NorthPitMine-LoadSite4-Shovel-2
2025-09-11 21:11:24,874 [INFO] Road: [RoadEvent] Road from NorthPitMine-LoadSite4 to NorthPitMine-DumpSite2 is in repair，the repair will last for 38.83 mins, and will end at 257.74, vehicle on this road will have to suffer punish_distance.
2025-09-11 21:11:24,885 [DEBUG] Truck: Time:<218.9171771888959> Truck:[XHTruck14] Start moving to ORDER(1): NorthPitMine-DumpSite2, move distance is 1.7695893257075839, speed: 25
2025-09-11 21:11:24,885 [INFO] Truck: Time:<209> Truck:[XHTruck14] breakdown for 7.519037208538342 minutes at 209
2025-09-11 21:11:24,885 [INFO] Truck: Time:<218.9171771888959> Truck:[CLTruck2] Start loading at shovel NorthPitMine-LoadSite4-Shovel-2, load time is 15.555555555555555
2025-09-11 21:11:24,895 [INFO] Truck: Time:<219.18561882191955> Truck:[CLTruck27] Arrived at NorthPitMine-LoadSite3 at 219.18561882191955
2025-09-11 21:11:24,905 [INFO] Truck: Time:<219.30899537182185> Truck:[CLTruck17] is facing 0 mins delay caused by 1 pre-existing jam events on Road from NorthPitMine-DumpSite2 to NorthPitMine-LoadSite3
2025-09-11 21:11:24,905 [INFO] Truck: Time:<219.536> Truck:[XHTruck25] Finish loading at shovel NorthPitMine-LoadSite3-Shovel-3
2025-09-11 21:11:24,916 [DEBUG] Truck: Time:<219.536> Truck:[XHTruck25] Start moving to ORDER(4): NorthPitMine-DumpSite5, move distance is 2.4046134318192425, speed: 25
2025-09-11 21:11:24,920 [INFO] Truck: Time:<217> Truck:[XHTruck25] breakdown for 7.657444712959932 minutes at 217
2025-09-11 21:11:24,920 [INFO] Truck: Time:<219.536> Truck:[OfficalTruck7] Start loading at shovel NorthPitMine-LoadSite3-Shovel-3, load time is 34.22222222222222
2025-09-11 21:11:24,926 [INFO] Truck: Time:<220.69529067174074> Truck:[CLTruck8] Arrived at NorthPitMine-LoadSite3 at 220.69529067174074
2025-09-11 21:11:24,926 [INFO] Truck: Time:<220.79936345672564> Truck:[CLTruck6] Arrived at NorthPitMine-LoadSite4 at 220.79936345672564
2025-09-11 21:11:24,936 [INFO] Truck: Time:<221.3124031610172> Truck:[OfficalTruck1] Arrived at NorthPitMine-LoadSite3 at 221.3124031610172
2025-09-11 21:11:24,944 [INFO] Truck: Time:<221.69000941996757> Truck:[XHTruck3] Finish loading at shovel NorthPitMine-LoadSite3-Shovel-1
2025-09-11 21:11:24,947 [DEBUG] Truck: Time:<221.69000941996757> Truck:[XHTruck3] Start moving to ORDER(4): NorthPitMine-DumpSite5, move distance is 2.7779990753309987, speed: 25
2025-09-11 21:11:24,947 [INFO] Truck: Time:<221.69000941996757> Truck:[XHTruck13] Start loading at shovel NorthPitMine-LoadSite3-Shovel-1, load time is 4.060039370078741
2025-09-11 21:11:24,947 [INFO] Truck: Time:<221.99764168935732> Truck:[CLTruck14] Arrived at NorthPitMine-LoadSite4 at 221.99764168935732
2025-09-11 21:11:24,965 [DEBUG] Truck: Time:<222.03232262475925> Truck:[XHTruck18] Arrived at NorthPitMine-DumpSite2 at 222.03232262475925
2025-09-11 21:11:24,965 [INFO] Truck: Time:<222.21962261059193> Truck:[OfficalTruck2] Arrived at NorthPitMine-LoadSite5 at 222.21962261059193
2025-09-11 21:11:24,966 [INFO] Truck: Time:<222.41144780083437> Truck:[XHTruck31] Finish loading at shovel NorthPitMine-LoadSite5-Shovel-1
2025-09-11 21:11:24,968 [INFO] Road: [RoadEvent] Road from NorthPitMine-LoadSite5 to NorthPitMine-DumpSite1 is in repair，the repair will last for 46.97 mins, and will end at 269.39, vehicle on this road will have to suffer punish_distance.
2025-09-11 21:11:24,970 [DEBUG] Truck: Time:<222.41144780083437> Truck:[XHTruck31] Start moving to ORDER(0): NorthPitMine-DumpSite1, move distance is 8.04344483979825, speed: 25
2025-09-11 21:11:24,973 [INFO] Truck: Time:<218> Truck:[XHTruck31] breakdown for 5.393944782696944 minutes at 218
2025-09-11 21:11:24,974 [INFO] Truck: Time:<222.41144780083437> Truck:[CLTruck21] Start loading at shovel NorthPitMine-LoadSite5-Shovel-1, load time is 2.5836614173228347
2025-09-11 21:11:24,974 [INFO] Truck: Time:<222.56559841359595> Truck:[XHTruck19] Arrived at NorthPitMine-LoadSite4 at 222.56559841359595
2025-09-11 21:11:24,975 [INFO] Truck: Time:<222.91829022515032> Truck:[CLTruck29] Finish loading at shovel NorthPitMine-LoadSite3-Shovel-2
2025-09-11 21:11:24,977 [DEBUG] Truck: Time:<222.91829022515032> Truck:[CLTruck29] Start moving to ORDER(4): NorthPitMine-DumpSite5, move distance is 2.7056442115750685, speed: 25
2025-09-11 21:11:24,980 [INFO] Truck: Time:<181> Truck:[CLTruck29] breakdown for 11.81755111929064 minutes at 181
2025-09-11 21:11:24,981 [INFO] Truck: Time:<222.91829022515032> Truck:[XHTruck5] Start loading at shovel NorthPitMine-LoadSite3-Shovel-2, load time is 24.444444444444443
2025-09-11 21:11:24,995 [INFO] Truck: Time:<223.03232262475925> Truck:[XHTruck18] Finish unloading at dumper NorthPitMine-DumpSite2-点位0, dumper tons is 2460.1538853924435
2025-09-11 21:11:24,995 [DEBUG] Truck: Time:<223.03232262475925> Truck:[XHTruck18] Start moving to ORDER(4):NorthPitMine-LoadSite5, move distance is 7.520544266110462, speed: 25
2025-09-11 21:11:24,995 [INFO] Truck: Time:<223.03232262475925> Truck:[XHTruck18] is facing 0 mins delay caused by 2 pre-existing jam events on Road from NorthPitMine-DumpSite2 to NorthPitMine-LoadSite5
2025-09-11 21:11:25,003 [INFO] Truck: Time:<223.3024920866322> Truck:[OfficalTruck9] Finish loading at shovel NorthPitMine-LoadSite4-Shovel-1
2025-09-11 21:11:25,003 [DEBUG] Truck: Time:<223.3024920866322> Truck:[OfficalTruck9] Start moving to ORDER(1): NorthPitMine-DumpSite2, move distance is 1.6328650345230624, speed: 25
2025-09-11 21:11:25,003 [INFO] Truck: Time:<217> Truck:[OfficalTruck9] breakdown for 11.115153866057264 minutes at 217
2025-09-11 21:11:25,013 [INFO] Truck: Time:<223.3024920866322> Truck:[CLTruck28] Start loading at shovel NorthPitMine-LoadSite4-Shovel-1, load time is 2.5836614173228347
2025-09-11 21:11:25,013 [DEBUG] Truck: Time:<223.54100305004349> Truck:[XHTruck20] Arrived at NorthPitMine-DumpSite5 at 223.54100305004349
2025-09-11 21:11:25,013 [DEBUG] Truck: Time:<223.63161658082348> Truck:[XHTruck6] Arrived at NorthPitMine-DumpSite5 at 223.63161658082348
2025-09-11 21:11:25,023 [INFO] Truck: Time:<224.17918782833982> Truck:[XHTruck7] Finish loading at shovel NorthPitMine-LoadSite4-Shovel-5
2025-09-11 21:11:25,023 [INFO] Truck: Time:<224.17918782833982> Shovel NorthPitMine-LoadSite4-Shovel-5 under maintenance for 53.12 minutes
2025-09-11 21:11:25,024 [INFO] Truck: Time:<224.46804107642257> Truck:[OfficalTruck5] Arrived at NorthPitMine-LoadSite5 at 224.46804107642257
2025-09-11 21:11:25,025 [INFO] Truck: Time:<224.54100305004349> Truck:[XHTruck20] Finish unloading at dumper NorthPitMine-DumpSite5-点位0, dumper tons is 2487.5311360900805
2025-09-11 21:11:25,028 [DEBUG] Truck: Time:<224.54100305004349> Truck:[XHTruck20] Start moving to ORDER(3):NorthPitMine-LoadSite4, move distance is 7.946070053382877, speed: 25
2025-09-11 21:11:25,028 [INFO] Truck: Time:<224.54100305004349> Truck:[XHTruck20] is facing 3.949796148395288 mins delay caused by 4 pre-existing jam events on Road from NorthPitMine-DumpSite5 to NorthPitMine-LoadSite4
2025-09-11 21:11:25,029 [DEBUG] Truck: Time:<224.62415975343234> Truck:[XHTruck28] Arrived at NorthPitMine-DumpSite5 at 224.62415975343234
2025-09-11 21:11:25,029 [INFO] Truck: Time:<224.63161658082348> Truck:[XHTruck6] Finish unloading at dumper NorthPitMine-DumpSite5-点位1, dumper tons is 767.2230522828063
2025-09-11 21:11:25,030 [DEBUG] Truck: Time:<224.63161658082348> Truck:[XHTruck6] Start moving to ORDER(3):NorthPitMine-LoadSite4, move distance is 6.980393675931556, speed: 25
2025-09-11 21:11:25,031 [INFO] Truck: Time:<219> Truck:[XHTruck6] breakdown for 13.278122085395225 minutes at 219
2025-09-11 21:11:25,035 [INFO] Truck: Time:<224.9951092181572> Truck:[CLTruck21] Finish loading at shovel NorthPitMine-LoadSite5-Shovel-1
2025-09-11 21:11:25,038 [DEBUG] Truck: Time:<224.9951092181572> Truck:[CLTruck21] Start moving to ORDER(0): NorthPitMine-DumpSite1, move distance is 7.466911136714801, speed: 25
2025-09-11 21:11:25,039 [INFO] Truck: Time:<224> Truck:[CLTruck21] breakdown for 11.024679863964467 minutes at 224
2025-09-11 21:11:25,042 [INFO] Truck: Time:<224.9951092181572> Truck:[CLTruck1] Start loading at shovel NorthPitMine-LoadSite5-Shovel-1, load time is 2.5836614173228347
2025-09-11 21:11:25,053 [INFO] Truck: Time:<225.20563142813418> Truck:[XHTruck24] Arrived at NorthPitMine-LoadSite3 at 225.20563142813418
2025-09-11 21:11:25,053 [INFO] Truck: Time:<225.31144865446328> Truck:[XHTruck2] is facing 1.701990947555383 mins delay caused by 1 pre-existing jam events on Road from NorthPitMine-LoadSite3 to NorthPitMine-DumpSite5
2025-09-11 21:11:25,053 [DEBUG] Truck: Time:<225.3930104850107> Truck:[CLTruck23] Arrived at NorthPitMine-DumpSite1 at 225.3930104850107
2025-09-11 21:11:25,053 [INFO] Truck: Time:<225.62415975343234> Truck:[XHTruck28] Finish unloading at dumper NorthPitMine-DumpSite5-点位0, dumper tons is 2546.3449436408405
2025-09-11 21:11:25,053 [DEBUG] Truck: Time:<225.62415975343234> Truck:[XHTruck28] Start moving to ORDER(3):NorthPitMine-LoadSite4, move distance is 6.948954023192488, speed: 25
2025-09-11 21:11:25,053 [INFO] Truck: Time:<225.62415975343234> Truck:[XHTruck28] is facing 3.738591961497252 mins delay caused by 4 pre-existing jam events on Road from NorthPitMine-DumpSite5 to NorthPitMine-LoadSite4
2025-09-11 21:11:25,053 [INFO] Truck: Time:<225.75004879004632> Truck:[XHTruck13] Finish loading at shovel NorthPitMine-LoadSite3-Shovel-1
2025-09-11 21:11:25,065 [DEBUG] Truck: Time:<225.75004879004632> Truck:[XHTruck13] Start moving to ORDER(4): NorthPitMine-DumpSite5, move distance is 2.826688159147172, speed: 25
2025-09-11 21:11:25,068 [INFO] Truck: Time:<199> Truck:[XHTruck13] breakdown for 8.374323082107356 minutes at 199
2025-09-11 21:11:25,068 [INFO] Truck: Time:<225.75004879004632> Truck:[XHTruck32] Start loading at shovel NorthPitMine-LoadSite3-Shovel-1, load time is 4.060039370078741
2025-09-11 21:11:25,068 [INFO] Truck: Time:<225.88615350395506> Truck:[CLTruck28] Finish loading at shovel NorthPitMine-LoadSite4-Shovel-1
2025-09-11 21:11:25,074 [DEBUG] Truck: Time:<225.88615350395506> Truck:[CLTruck28] Start moving to ORDER(1): NorthPitMine-DumpSite2, move distance is 1.4447292056472452, speed: 25
2025-09-11 21:11:25,084 [INFO] Truck: Time:<205> Truck:[CLTruck28] breakdown for 16.691047482233117 minutes at 205
2025-09-11 21:11:25,084 [INFO] Truck: Time:<225.88615350395506> Truck:[CLTruck6] Start loading at shovel NorthPitMine-LoadSite4-Shovel-1, load time is 2.5836614173228347
2025-09-11 21:11:25,108 [INFO] Truck: Time:<226.3930104850107> Truck:[CLTruck23] Finish unloading at dumper NorthPitMine-DumpSite1-点位0, dumper tons is 1688.6883918115946
2025-09-11 21:11:25,113 [DEBUG] Truck: Time:<226.3930104850107> Truck:[CLTruck23] Start moving to ORDER(3):NorthPitMine-LoadSite4, move distance is 3.41, speed: 25
2025-09-11 21:11:25,114 [INFO] Truck: Time:<219> Truck:[CLTruck23] breakdown for 5.740435104098765 minutes at 219
2025-09-11 21:11:25,115 [INFO] Truck: Time:<226.72300797991082> Truck:[CLTruck13] is facing 0 mins delay caused by 2 pre-existing jam events on Road from NorthPitMine-DumpSite2 to NorthPitMine-LoadSite5
2025-09-11 21:11:25,121 [INFO] Truck: Time:<227.19344471295994> Truck:[XHTruck25] is facing 0 mins delay caused by 1 pre-existing jam events on Road from NorthPitMine-LoadSite3 to NorthPitMine-DumpSite5
2025-09-11 21:11:25,122 [INFO] Truck: Time:<227.57877063548005> Truck:[CLTruck1] Finish loading at shovel NorthPitMine-LoadSite5-Shovel-1
2025-09-11 21:11:25,126 [DEBUG] Truck: Time:<227.57877063548005> Truck:[CLTruck1] Start moving to ORDER(0): NorthPitMine-DumpSite1, move distance is 6.5564935590871105, speed: 25
2025-09-11 21:11:25,126 [INFO] Truck: Time:<218> Truck:[CLTruck1] breakdown for 10.258999903739726 minutes at 218
2025-09-11 21:11:25,127 [INFO] Truck: Time:<227.57877063548005> Truck:[XHTruck4] Start loading at shovel NorthPitMine-LoadSite5-Shovel-1, load time is 4.060039370078741
2025-09-11 21:11:25,127 [INFO] Truck: Time:<227.8053925835313> Truck:[XHTruck31] is facing 0 mins delay caused by 2 pre-existing jam events on Road from NorthPitMine-LoadSite5 to NorthPitMine-DumpSite1
2025-09-11 21:11:25,127 [DEBUG] Truck: Time:<227.9822180805883> Truck:[OfficalTruck4] Arrived at NorthPitMine-DumpSite2 at 227.9822180805883
2025-09-11 21:11:25,137 [DEBUG] Truck: Time:<228.35720720076196> Truck:[XHTruck3] Arrived at NorthPitMine-DumpSite5 at 228.35720720076196
2025-09-11 21:11:25,137 [INFO] Truck: Time:<228.4698149212779> Truck:[CLTruck6] Finish loading at shovel NorthPitMine-LoadSite4-Shovel-1
2025-09-11 21:11:25,145 [DEBUG] Truck: Time:<228.4698149212779> Truck:[CLTruck6] Start moving to ORDER(1): NorthPitMine-DumpSite2, move distance is 1.6982727724249618, speed: 25
2025-09-11 21:11:25,145 [INFO] Truck: Time:<217> Truck:[CLTruck6] breakdown for 10.311917475771832 minutes at 217
2025-09-11 21:11:25,147 [INFO] Truck: Time:<228.9822180805883> Truck:[OfficalTruck4] Finish unloading at dumper NorthPitMine-DumpSite2-点位0, dumper tons is 2533.233513443876
2025-09-11 21:11:25,147 [DEBUG] Truck: Time:<228.9822180805883> Truck:[OfficalTruck4] Start moving to ORDER(4):NorthPitMine-LoadSite5, move distance is 8.191723702617127, speed: 25
2025-09-11 21:11:25,147 [INFO] Truck: Time:<226> Truck:[OfficalTruck4] breakdown for 13.703174955657182 minutes at 226
2025-09-11 21:11:25,158 [INFO] Truck: Time:<229.35720720076196> Truck:[XHTruck3] Finish unloading at dumper NorthPitMine-DumpSite5-点位0, dumper tons is 2603.8388295862924
2025-09-11 21:11:25,165 [DEBUG] Truck: Time:<229.35720720076196> Truck:[XHTruck3] Start moving to ORDER(3):NorthPitMine-LoadSite4, move distance is 7.134273003215769, speed: 25
2025-09-11 21:11:25,166 [INFO] Truck: Time:<227> Truck:[XHTruck3] breakdown for 12.818839184800357 minutes at 227
2025-09-11 21:11:25,168 [INFO] Truck: Time:<229.62679310125841> Truck:[CLTruck17] Arrived at NorthPitMine-LoadSite3 at 229.62679310125841
2025-09-11 21:11:25,170 [INFO] Truck: Time:<229.64204746064866> Truck:[OfficalTruck8] is facing 1.354311832746074 mins delay caused by 2 pre-existing jam events on Road from NorthPitMine-LoadSite5 to NorthPitMine-DumpSite1
2025-09-11 21:11:25,170 [INFO] Truck: Time:<229.81008816012508> Truck:[XHTruck32] Finish loading at shovel NorthPitMine-LoadSite3-Shovel-1
2025-09-11 21:11:25,173 [DEBUG] Truck: Time:<229.81008816012508> Truck:[XHTruck32] Start moving to ORDER(4): NorthPitMine-DumpSite5, move distance is 2.6463115724203847, speed: 25
2025-09-11 21:11:25,173 [INFO] Truck: Time:<229.81008816012508> Truck:[XHTruck32] is facing 0 mins delay caused by 1 pre-existing jam events on Road from NorthPitMine-LoadSite3 to NorthPitMine-DumpSite5
2025-09-11 21:11:25,174 [INFO] Truck: Time:<229.81008816012508> Truck:[XHTruck16] Start loading at shovel NorthPitMine-LoadSite3-Shovel-1, load time is 4.060039370078741
2025-09-11 21:11:25,181 [DEBUG] Truck: Time:<230.68322877913243> Truck:[XHTruck14] Arrived at NorthPitMine-DumpSite2 at 230.68322877913243
2025-09-11 21:11:25,181 [INFO] Truck: Time:<230.75733333333335> Truck:[CLTruck15] Finish loading at shovel NorthPitMine-LoadSite4-Shovel-3
2025-09-11 21:11:25,185 [DEBUG] Truck: Time:<230.75733333333335> Truck:[CLTruck15] Start moving to ORDER(1): NorthPitMine-DumpSite2, move distance is 1.599550166240973, speed: 25
2025-09-11 21:11:25,185 [INFO] Truck: Time:<202> Truck:[CLTruck15] breakdown for 11.087186159147457 minutes at 202
2025-09-11 21:11:25,185 [INFO] Truck: Time:<230.75733333333335> Truck:[OfficalTruck6] Start loading at shovel NorthPitMine-LoadSite4-Shovel-3, load time is 34.22222222222222
2025-09-11 21:11:25,185 [DEBUG] Truck: Time:<231.42620479713116> Truck:[CLTruck5] Arrived at NorthPitMine-DumpSite1 at 231.42620479713116
2025-09-11 21:11:25,185 [INFO] Truck: Time:<231.6388100055588> Truck:[XHTruck4] Finish loading at shovel NorthPitMine-LoadSite5-Shovel-1
2025-09-11 21:11:25,196 [DEBUG] Truck: Time:<231.6388100055588> Truck:[XHTruck4] Start moving to ORDER(0): NorthPitMine-DumpSite1, move distance is 6.806823671736749, speed: 25
2025-09-11 21:11:25,196 [INFO] Truck: Time:<199> Truck:[XHTruck4] breakdown for 10.467373214483152 minutes at 199
2025-09-11 21:11:25,196 [INFO] Truck: Time:<231.6388100055588> Truck:[OfficalTruck2] Start loading at shovel NorthPitMine-LoadSite5-Shovel-1, load time is 5.684055118110236
2025-09-11 21:11:25,196 [INFO] Truck: Time:<231.68322877913243> Truck:[XHTruck14] Finish unloading at dumper NorthPitMine-DumpSite2-点位0, dumper tons is 2592.9948889671036
2025-09-11 21:11:25,196 [DEBUG] Truck: Time:<231.68322877913243> Truck:[XHTruck14] Start moving to ORDER(4):NorthPitMine-LoadSite5, move distance is 7.8511773255443345, speed: 25
2025-09-11 21:11:25,196 [INFO] Truck: Time:<231.68322877913243> Truck:[XHTruck14] is facing 0 mins delay caused by 1 pre-existing jam events on Road from NorthPitMine-DumpSite2 to NorthPitMine-LoadSite5
2025-09-11 21:11:25,206 [INFO] Truck: Time:<232.42620479713116> Truck:[CLTruck5] Finish unloading at dumper NorthPitMine-DumpSite1-点位0, dumper tons is 1725.1927183440896
2025-09-11 21:11:25,206 [DEBUG] Truck: Time:<232.42620479713116> Truck:[CLTruck5] Start moving to ORDER(3):NorthPitMine-LoadSite4, move distance is 3.41, speed: 25
2025-09-11 21:11:25,206 [INFO] Truck: Time:<232.71530047513284> Truck:[CLTruck24] Finish loading at shovel NorthPitMine-LoadSite4-Shovel-4
2025-09-11 21:11:25,217 [DEBUG] Truck: Time:<232.71530047513284> Truck:[CLTruck24] Start moving to ORDER(1): NorthPitMine-DumpSite2, move distance is 1.638220875817453, speed: 25
2025-09-11 21:11:25,217 [INFO] Truck: Time:<217> Truck:[CLTruck24] breakdown for 16.863616195724397 minutes at 217
2025-09-11 21:11:25,217 [INFO] Truck: Time:<232.71530047513284> Truck:[XHTruck29] Start loading at shovel NorthPitMine-LoadSite4-Shovel-4, load time is 24.444444444444443
2025-09-11 21:11:25,217 [DEBUG] Truck: Time:<232.77230278512715> Truck:[XHTruck2] Arrived at NorthPitMine-DumpSite5 at 232.77230278512715
2025-09-11 21:11:25,217 [DEBUG] Truck: Time:<232.96451694932614> Truck:[XHTruck25] Arrived at NorthPitMine-DumpSite5 at 232.96451694932614
2025-09-11 21:11:25,227 [INFO] Truck: Time:<233.77230278512715> Truck:[XHTruck2] Finish unloading at dumper NorthPitMine-DumpSite5-点位0, dumper tons is 2655.8822479235796
2025-09-11 21:11:25,227 [DEBUG] Truck: Time:<233.77230278512715> Truck:[XHTruck2] Start moving to ORDER(3):NorthPitMine-LoadSite4, move distance is 5.34, speed: 25
2025-09-11 21:11:25,227 [INFO] Truck: Time:<233.77230278512715> Truck:[XHTruck2] is facing 0 mins delay caused by 2 pre-existing jam events on Road from NorthPitMine-DumpSite5 to NorthPitMine-LoadSite4
2025-09-11 21:11:25,227 [INFO] Truck: Time:<233.87012753020383> Truck:[XHTruck16] Finish loading at shovel NorthPitMine-LoadSite3-Shovel-1
2025-09-11 21:11:25,238 [DEBUG] Truck: Time:<233.87012753020383> Truck:[XHTruck16] Start moving to ORDER(4): NorthPitMine-DumpSite5, move distance is 2.688638620131626, speed: 25
2025-09-11 21:11:25,238 [INFO] Truck: Time:<224> Truck:[XHTruck16] breakdown for 10.970782105641902 minutes at 224
2025-09-11 21:11:25,238 [INFO] Truck: Time:<233.87012753020383> Truck:[CLTruck27] Start loading at shovel NorthPitMine-LoadSite3-Shovel-1, load time is 2.5836614173228347
2025-09-11 21:11:25,238 [INFO] Truck: Time:<233.96451694932614> Truck:[XHTruck25] Finish unloading at dumper NorthPitMine-DumpSite5-点位1, dumper tons is 825.1669545926416
2025-09-11 21:11:25,248 [DEBUG] Truck: Time:<233.96451694932614> Truck:[XHTruck25] Start moving to ORDER(3):NorthPitMine-LoadSite4, move distance is 5.34, speed: 25
2025-09-11 21:11:25,248 [INFO] Truck: Time:<233.96451694932614> Truck:[XHTruck25] is facing 0 mins delay caused by 2 pre-existing jam events on Road from NorthPitMine-DumpSite5 to NorthPitMine-LoadSite4
2025-09-11 21:11:25,258 [INFO] Truck: Time:<234.47273274445143> Truck:[CLTruck2] Finish loading at shovel NorthPitMine-LoadSite4-Shovel-2
2025-09-11 21:11:25,263 [DEBUG] Truck: Time:<234.47273274445143> Truck:[CLTruck2] Start moving to ORDER(1): NorthPitMine-DumpSite2, move distance is 1.7776620223806714, speed: 25
2025-09-11 21:11:25,264 [INFO] Truck: Time:<211> Truck:[CLTruck2] breakdown for 5.74266775839739 minutes at 211
2025-09-11 21:11:25,265 [INFO] Truck: Time:<234.47273274445143> Truck:[XHTruck21] Start loading at shovel NorthPitMine-LoadSite4-Shovel-2, load time is 24.444444444444443
2025-09-11 21:11:25,266 [DEBUG] Truck: Time:<234.7376183590318> Truck:[XHTruck9] Arrived at NorthPitMine-DumpSite2 at 234.7376183590318
2025-09-11 21:11:25,276 [INFO] Truck: Time:<235.7376183590318> Truck:[XHTruck9] Finish unloading at dumper NorthPitMine-DumpSite2-点位0, dumper tons is 2643.3030854159138
2025-09-11 21:11:25,280 [DEBUG] Truck: Time:<235.7376183590318> Truck:[XHTruck9] Start moving to ORDER(4):NorthPitMine-LoadSite5, move distance is 8.955286672171995, speed: 25
2025-09-11 21:11:25,280 [INFO] Truck: Time:<235.7376183590318> Truck:[XHTruck9] is facing 0 mins delay caused by 2 pre-existing jam events on Road from NorthPitMine-DumpSite2 to NorthPitMine-LoadSite5
2025-09-11 21:11:25,294 [INFO] Truck: Time:<236.0197890821217> Truck:[CLTruck21] is facing 0 mins delay caused by 1 pre-existing jam events on Road from NorthPitMine-LoadSite5 to NorthPitMine-DumpSite1
2025-09-11 21:11:25,295 [DEBUG] Truck: Time:<236.161235933934> Truck:[XHTruck32] Arrived at NorthPitMine-DumpSite5 at 236.161235933934
2025-09-11 21:11:25,296 [INFO] Truck: Time:<236.402502828777> Truck:[CLTruck4] Arrived at NorthPitMine-LoadSite4 at 236.402502828777
2025-09-11 21:11:25,296 [INFO] Truck: Time:<236.402502828777> Truck:[CLTruck4] Start loading at shovel NorthPitMine-LoadSite4-Shovel-1, load time is 2.5836614173228347
2025-09-11 21:11:25,297 [INFO] Truck: Time:<236.45378894752668> Truck:[CLTruck27] Finish loading at shovel NorthPitMine-LoadSite3-Shovel-1
2025-09-11 21:11:25,303 [DEBUG] Truck: Time:<236.45378894752668> Truck:[CLTruck27] Start moving to ORDER(4): NorthPitMine-DumpSite5, move distance is 2.758826383401528, speed: 25
2025-09-11 21:11:25,304 [INFO] Truck: Time:<217> Truck:[CLTruck27] breakdown for 7.909030173003351 minutes at 217
2025-09-11 21:11:25,304 [INFO] Truck: Time:<236.45378894752668> Truck:[CLTruck8] Start loading at shovel NorthPitMine-LoadSite3-Shovel-1, load time is 2.5836614173228347
2025-09-11 21:11:25,322 [INFO] Truck: Time:<237.11342839352025> Truck:[CLTruck22] Arrived at NorthPitMine-LoadSite4 at 237.11342839352025
2025-09-11 21:11:25,339 [INFO] Truck: Time:<237.161235933934> Truck:[XHTruck32] Finish unloading at dumper NorthPitMine-DumpSite5-点位0, dumper tons is 2712.7350485986026
2025-09-11 21:11:25,349 [DEBUG] Truck: Time:<237.161235933934> Truck:[XHTruck32] Start moving to ORDER(3):NorthPitMine-LoadSite4, move distance is 5.34, speed: 25
2025-09-11 21:11:25,349 [INFO] Truck: Time:<231> Truck:[XHTruck32] breakdown for 5.241083366956173 minutes at 231
2025-09-11 21:11:25,358 [INFO] Truck: Time:<237.32286512366903> Truck:[OfficalTruck2] Finish loading at shovel NorthPitMine-LoadSite5-Shovel-1
2025-09-11 21:11:25,368 [DEBUG] Truck: Time:<237.32286512366903> Truck:[OfficalTruck2] Start moving to ORDER(0): NorthPitMine-DumpSite1, move distance is 7.4131623214316535, speed: 25
2025-09-11 21:11:25,368 [INFO] Truck: Time:<222> Truck:[OfficalTruck2] breakdown for 8.447318422744818 minutes at 222
2025-09-11 21:11:25,368 [INFO] Truck: Time:<237.32286512366903> Truck:[OfficalTruck5] Start loading at shovel NorthPitMine-LoadSite5-Shovel-1, load time is 5.684055118110236
2025-09-11 21:11:25,378 [INFO] Truck: Time:<237.34821865876006> Truck:[CLTruck26] Arrived at NorthPitMine-LoadSite4 at 237.34821865876006
2025-09-11 21:11:25,378 [INFO] Truck: Time:<237.83777053921978> Truck:[CLTruck1] is facing 0 mins delay caused by 1 pre-existing jam events on Road from NorthPitMine-LoadSite5 to NorthPitMine-DumpSite1
2025-09-11 21:11:25,399 [DEBUG] Truck: Time:<238.33652203554482> Truck:[OfficalTruck9] Arrived at NorthPitMine-DumpSite2 at 238.33652203554482
2025-09-11 21:11:25,399 [INFO] Truck: Time:<238.38974093864746> Truck:[CLTruck9] Arrived at NorthPitMine-LoadSite4 at 238.38974093864746
2025-09-11 21:11:25,399 [INFO] Truck: Time:<238.79272231065215> Truck:[CLTruck12] Arrived at NorthPitMine-LoadSite4 at 238.79272231065215
2025-09-11 21:11:25,409 [INFO] Truck: Time:<238.86564787553974> Truck:[XHTruck8] Arrived at NorthPitMine-LoadSite5 at 238.86564787553974
2025-09-11 21:11:25,420 [INFO] Truck: Time:<238.98616424609983> Truck:[CLTruck4] Finish loading at shovel NorthPitMine-LoadSite4-Shovel-1
2025-09-11 21:11:25,420 [DEBUG] Truck: Time:<238.98616424609983> Truck:[CLTruck4] Start moving to ORDER(1): NorthPitMine-DumpSite2, move distance is 1.8515159210747307, speed: 25
2025-09-11 21:11:25,420 [INFO] Truck: Time:<219> Truck:[CLTruck4] breakdown for 8.339088510126635 minutes at 219
2025-09-11 21:11:25,430 [INFO] Truck: Time:<238.98616424609983> Truck:[CLTruck22] Start loading at shovel NorthPitMine-LoadSite4-Shovel-1, load time is 2.5836614173228347
2025-09-11 21:11:25,445 [INFO] Truck: Time:<239.03745036484952> Truck:[CLTruck8] Finish loading at shovel NorthPitMine-LoadSite3-Shovel-1
2025-09-11 21:11:25,451 [INFO] Truck: Time:<239.03745036484952> Shovel NorthPitMine-LoadSite3-Shovel-1 under maintenance for 42.12 minutes
2025-09-11 21:11:25,451 [INFO] Truck: Time:<239.33652203554482> Truck:[OfficalTruck9] Finish unloading at dumper NorthPitMine-DumpSite2-点位0, dumper tons is 2714.6794442519576
2025-09-11 21:11:25,461 [DEBUG] Truck: Time:<239.33652203554482> Truck:[OfficalTruck9] Start moving to ORDER(4):NorthPitMine-LoadSite5, move distance is 7.696564870578347, speed: 25
2025-09-11 21:11:25,461 [INFO] Truck: Time:<239.33652203554482> Truck:[OfficalTruck9] is facing 0 mins delay caused by 3 pre-existing jam events on Road from NorthPitMine-DumpSite2 to NorthPitMine-LoadSite5
2025-09-11 21:11:25,471 [INFO] NorthPitMine: simulation finished with dispatcher ShortestTripDispatcher
2025-09-11 21:11:29,077 [INFO] NorthPitMine: simulation started with dispatcher PPODispatcher
